t,actual,T_o,linear,abg
2025-11-02 00:00:00,2.333841666666667,3.5499999999999994,2.1879133178000596,1.9137155682601703
2025-11-02 01:00:00,3.0629416666666662,3.0508333333333333,1.8032755473027617,2.0654589417409834
2025-11-02 02:00:00,1.3461166666666666,2.3333333333333335,2.5558641078046143,2.1813698914147697
2025-11-02 03:00:00,2.4426916666666667,2.1166666666666667,2.570637739554048,2.208501387651461
2025-11-02 04:00:00,2.4991749999999997,1.8324999999999996,2.562666308499418,2.248460913379942
2025-11-02 05:00:00,3.07225,1.6524999999999999,2.7035883179893228,2.289735526260542
2025-11-02 06:00:00,2.5698333333333334,1.4258333333333335,1.6780164167908578,2.337907803803072
2025-11-02 07:00:00,1.9998083333333334,3.0566666666666666,2.157150232343598,2.0507083365051098
2025-11-02 08:00:00,3.241875,4.8566666666666665,1.768330498147333,1.6521003979094697
2025-11-02 09:00:00,1.3330083333333334,5.8549999999999995,1.0480567231657512,1.43773495363691
2025-11-02 10:00:00,0.0,5.655833333333334,0.0,1.4878570964654312
2025-11-02 11:00:00,0.38384999999999997,5.3133333333333335,0.0,1.5583620677132295
2025-11-02 12:00:00,0.0,5.2683333333333335,0.4489403935324051,1.5489522431751568
2025-11-02 13:00:00,0.0,6.3566666666666665,0.12234485441098963,1.316667901994491
2025-11-02 14:00:00,0.0,5.7275,1.1200353296886185,1.4383713674244474
2025-11-02 15:00:00,3.2066583333333334,4.495833333333334,1.3856706464546003,1.6863297650475295
2025-11-02 16:00:00,1.7627666666666666,2.6908333333333334,1.5483256164539143,2.0387472496730434
2025-11-02 17:00:00,3.0305333333333326,2.74,1.7585895876874975,2.0164877145799642
2025-11-02 18:00:00,0.0,3.7741666666666664,1.3604704396523006,1.8372965458989636
2025-11-02 19:00:00,2.0071166666666667,3.6350000000000002,0.668360576424592,1.8493020557518431
2025-11-02 20:00:00,2.072775,3.3049999999999997,2.112819502125173,1.8978217766761796
2025-11-02 21:00:00,0.9885333333333333,3.3341666666666665,1.4349908379338892,1.8966766800099486
2025-11-02 22:00:00,3.233574999999999,3.4725,1.992732259909678,1.8711692352328055
2025-11-02 23:00:00,1.8514666666666668,3.2083333333333335,1.7383190059867983,1.917582514284034
2025-11-03 00:00:00,0.91245,2.000833333333333,1.5985277914416494,2.165167589947392
2025-11-03 01:00:00,3.172991666666666,-0.18083333333333332,1.4230885657044594,2.610400788862867
2025-11-03 02:00:00,1.3153583333333332,-2.0275000000000003,1.5591624844643537,2.987899017647399
2025-11-03 03:00:00,3.250008333333333,-2.69,1.551491075946213,3.1233282107357128
2025-11-03 04:00:00,1.8451916666666666,-3.034166666666667,1.03173250537376,3.193683250667126
2025-11-03 05:00:00,1.1881249999999999,-3.170833333333333,1.3917287218028576,3.2216208452161617
2025-11-03 06:00:00,3.152591666666667,-3.0641666666666665,1.828295973178771,3.199815893373012
2025-11-03 07:00:00,1.9218583333333334,-0.19166666666666674,2.180901846708469,2.6194437701393993
2025-11-03 08:00:00,3.1435999999999997,2.8808333333333334,2.296779718454123,2.0206656286336138
2025-11-03 09:00:00,1.8484583333333333,4.714166666666666,1.1692866587227124,1.6539495860059288
2025-11-03 10:00:00,0.0,6.509166666666666,0.0,1.2917470442838677
2025-11-03 11:00:00,0.0,8.185,0.0,0.9643275071749267
2025-11-03 12:00:00,0.0,10.185833333333333,0.0,0.5296969942468945
2025-11-03 13:00:00,0.0,9.883333333333333,0.0,0.5879173806824961
2025-11-03 14:00:00,0.0,9.639166666666666,0.0,0.6393890790104594
2025-11-03 15:00:00,2.2363,8.651666666666666,0.0,0.8527142799639871
2025-11-03 16:00:00,0.0,7.776666666666666,0.010623198445963988,1.0128137473156416
2025-11-03 17:00:00,1.5105,7.660833333333333,0.0,1.0368177628872706
2025-11-03 18:00:00,1.4220166666666667,7.509166666666666,0.39078038526731196,1.0594671631698678
2025-11-03 19:00:00,0.0,7.5,0.2845842776013008,1.066536346384989
2025-11-03 20:00:00,1.2855750000000001,7.6725,0.24659013215398706,1.0371251863314976
2025-11-03 21:00:00,1.0999166666666667,7.724999999999999,0.0,1.0276574812829637
2025-11-03 22:00:00,0.8232583333333332,7.7825,0.13465824779696167,1.011154378401055
2025-11-03 23:00:00,0.6394166666666666,7.7275,0.0,1.0317862006224738
2025-11-04 00:00:00,0.0,7.3566666666666665,0.0,1.0817263348167745
2025-11-04 01:00:00,1.4315083333333332,7.026666666666666,0.0,1.137033378773778
2025-11-04 02:00:00,1.948033333333333,6.445,0.25870868960622617,1.2564386789775188
2025-11-04 03:00:00,1.7603166666666668,5.2825,0.8858592549387069,1.5397870057765333
2025-11-04 04:00:00,0.0,4.366666666666667,0.2504490795833623,1.7333939933014688
2025-11-04 05:00:00,1.7291416666666666,4.279166666666668,1.0285893079365012,1.74201311140579
2025-11-04 06:00:00,1.7497999999999998,4.6258333333333335,1.2403686410186092,1.644340122086239
2025-11-04 07:00:00,1.6435499999999998,4.8325,1.5350713885001732,1.6470129908637636
2025-11-04 08:00:00,1.700475,6.574166666666667,1.2077721071129088,1.32356505479479
2025-11-04 09:00:00,0.0,8.434166666666666,0.09314991681370666,0.9177636686362961
2025-11-04 10:00:00,0.0,8.804166666666665,0.0,0.8364076983601049
2025-11-04 11:00:00,0.0,9.036666666666667,0.0,0.7878467484801379
2025-11-04 12:00:00,1.6855916666666668,7.870833333333334,0.0,1.038814573743102
2025-11-04 13:00:00,0.0,7.800833333333333,0.3121919148005303,1.0655821804182974
2025-11-04 14:00:00,1.4883583333333332,6.94,0.5089115469417043,1.2676519812332052
2025-11-04 15:00:00,1.9249416666666666,5.755,1.4737564891455146,1.5205295761393929
2025-11-04 16:00:00,1.827433333333333,5.4725,1.5751885033441984,1.5601179238759781
2025-11-04 17:00:00,1.8280166666666666,4.9075,1.7666238475850573,1.632565482835525
2025-11-04 18:00:00,2.1270583333333333,4.375,1.7748418575095215,1.7341547427370363
2025-11-04 19:00:00,2.9564500000000002,4.273333333333333,2.470118721454616,1.7832427277626137
2025-11-04 20:00:00,1.6590583333333333,3.9783333333333335,0.9040488291843709,1.8401200778983986
2025-11-04 21:00:00,1.6303333333333332,3.985,0.4260624060930986,1.8355815355996068
2025-11-04 22:00:00,1.5266166666666667,3.3333333333333335,1.1485391864974202,1.9113674152314768
2025-11-07 00:00:00,2.906125,1.2950000000000002,2.3724731857236137,2.3829168691526474
2025-11-07 01:00:00,1.960775,1.255,1.9913847108459313,2.351472872815454
2025-11-07 02:00:00,3.7670083333333326,0.7824999999999999,1.9631102800876081,2.424186003959306
2025-11-07 03:00:00,1.795,0.7116666666666666,2.1175914646243887,2.4777692255992703
2025-11-07 04:00:00,2.2236749999999996,0.3741666666666667,2.591889253797074,2.601220190191113
2025-11-07 05:00:00,3.8073499999999996,-0.4716666666666667,1.89841702285218,2.7546274290735058
2025-11-07 06:00:00,1.9930750000000002,-0.9491666666666667,2.5168541404766245,2.841776144259568
2025-11-07 07:00:00,2.9094083333333334,-0.7466666666666666,2.2308400816095046,2.819192374674311
2025-11-07 08:00:00,1.7210833333333333,0.17166666666666672,1.499255962767915,2.663907386163201
2025-11-07 09:00:00,2.0959166666666667,1.2316666666666667,1.8822002194405518,2.407715322124089
2025-11-07 10:00:00,4.137775,1.7858333333333334,2.2748488437649534,2.2545761921096505
2025-11-07 11:00:00,1.7563333333333333,2.2358333333333333,1.3925078822040595,2.152848512432528
2025-11-07 12:00:00,1.6692666666666667,2.5316666666666667,1.0159489531811938,2.085763999683758
2025-11-07 13:00:00,1.0320416666666665,3.5508333333333333,1.3866076248824877,1.8728599467310334
2025-11-07 14:00:00,2.80025,3.2583333333333333,1.657603386653238,1.9211165306604574
2025-11-07 15:00:00,1.8244583333333333,2.6808333333333327,2.228178356203968,2.037766486887863
2025-11-07 16:00:00,2.9484916666666665,1.5233333333333334,2.524672719410352,2.2740355901971494
2025-11-07 17:00:00,1.7645749999999998,1.175,1.7868437257801566,2.337893005290653
2025-11-07 18:00:00,1.6675416666666667,0.7216666666666667,1.4536511377831067,2.4266561639938184
2025-11-07 19:00:00,3.3366416666666665,0.36166666666666675,2.3372903036239165,2.4995021665980968
2025-11-07 20:00:00,1.3192416666666666,-0.755,2.506256811262422,2.728128271123391
2025-11-07 21:00:00,2.121825,-1.2633333333333334,2.2051404934818843,2.832053264841574
2025-11-07 22:00:00,2.0421083333333336,-0.7683333333333334,2.655837644890124,2.732000072371626
2025-11-07 23:00:00,3.2063416666666664,-0.18999999999999997,2.727390404262473,2.6122746519118873
2025-11-08 00:00:00,2.819375,0.0,2.142447545058971,2.605598106163989
2025-11-08 01:00:00,1.7947749999999998,0.0,2.1754342033729137,2.605598106163989
2025-11-08 02:00:00,1.7756083333333332,0.0,2.6730947121314435,2.605598106163989
2025-11-08 03:00:00,2.548058333333333,0.009166666666666667,2.681620569229933,2.6037142144919354
2025-11-08 04:00:00,1.6842666666666666,0.005,2.638395011223653,2.604570528888323
2025-11-08 05:00:00,2.5974166666666667,0.07916666666666665,2.8733296419023344,2.589328132632618
2025-11-08 06:00:00,2.986683333333333,0.14833333333333334,2.4363484328368608,2.5751133136525777
2025-11-08 07:00:00,0.254475,0.48583333333333334,2.303053401513292,2.5143076119791843
2025-11-08 08:00:00,1.31145,4.471666666666667,1.873207192907425,1.7238769978890258
2025-11-08 09:00:00,2.497533333333333,7.88,1.3637849238904514,1.0091987970993312
2025-11-08 10:00:00,0.110125,9.601666666666667,0.9408374347871333,0.6429934341924995
2025-11-08 11:00:00,1.8747083333333332,7.800833333333333,1.1684973961910936,1.0574497182315306
2025-11-08 12:00:00,0.6566666666666666,9.166666666666666,0.7241234518259871,0.7827529577489146
2025-11-08 13:00:00,0.0,9.675833333333333,0.31043535222902807,0.6795474892468089
2025-11-08 14:00:00,0.26795,8.443333333333333,0.19872613935963895,0.9124893708639868
2025-11-08 15:00:00,1.3845750000000001,5.921666666666667,1.0074763251220116,1.4707760454357146
2025-11-08 16:00:00,1.1183416666666666,3.9166666666666665,1.3481100068480147,1.884040480470913
2025-11-08 17:00:00,1.1280583333333334,2.6391666666666667,1.6010439209678844,2.0893814871167704
2025-11-08 18:00:00,1.0920916666666667,1.4574999999999998,1.6513174980233338,2.3276588001607332
2025-11-08 19:00:00,2.0578916666666665,0.1791666666666666,2.4413267803038368,2.5687765871193067
2025-11-08 20:00:00,1.1522999999999999,-0.505,2.7459237716116256,2.7093834110062085
2025-11-08 21:00:00,1.054275,-1.8324999999999996,2.7419568113523245,2.98220517769541
2025-11-08 22:00:00,2.320766666666666,-2.3383333333333334,2.660969889729932,3.0861617454169075
2025-11-08 23:00:00,2.8879083333333333,-2.366666666666667,3.0962031914743324,3.119397495374287
2025-11-09 00:00:00,1.4963250000000001,-2.245833333333333,1.9243150737142234,3.0957799841971254
2025-11-09 01:00:00,1.4729999999999999,-2.559166666666667,2.3389625739580615,3.1315464084254687
2025-11-09 02:00:00,3.942825,-1.7266666666666666,3.18581067810022,2.9735529100786953
2025-11-09 03:00:00,1.3976416666666667,-2.1533333333333338,2.454307187854644,3.0481413862172824
2025-11-09 04:00:00,3.563391666666667,-1.8283333333333331,2.879965735283049,3.0034983750358553
2025-11-09 05:00:00,2.6378,-2.0558333333333336,2.8806724758534794,3.028103629341804
2025-11-09 06:00:00,2.1279166666666667,-2.0749999999999997,2.7120522734482018,3.032042675565189
2025-11-09 07:00:00,2.742233333333333,-0.9958333333333335,2.6111767597038296,2.810257246900709
2025-11-09 08:00:00,1.5805749999999998,0.9950000000000001,1.9514644003684778,2.4114625191151413
2025-11-09 09:00:00,1.8436749999999997,1.9308333333333334,1.6359497360527744,2.236737397327754
2025-11-09 10:00:00,2.6741416666666664,2.4199999999999995,2.4530791722852143,2.1331427815193464
2025-11-09 11:00:00,1.8453583333333332,2.5508333333333333,1.94091371691913,2.1244558995385834
2025-11-09 12:00:00,1.797,2.3558333333333334,1.7482378679691568,2.1531068651490366
2025-11-09 13:00:00,1.6867916666666667,2.2025,2.02388410891002,2.18340317010572
2025-11-09 14:00:00,5.57335,2.0241666666666664,2.0690488811466254,2.2180029667624717
2025-11-09 15:00:00,4.310616666666666,1.5650000000000002,4.096739900843066,2.2984017091437274
2025-11-09 16:00:00,3.582808333333333,0.4591666666666667,3.23727507061129,2.513990053344465
2025-11-09 17:00:00,2.9641083333333333,0.027499999999999997,2.664390945329133,2.603446383349381
2025-11-09 18:00:00,0.0,0.005,0.4980702048569027,2.604570528888323
2025-11-09 19:00:00,1.5781916666666669,0.08333333333333333,0.9502592692690803,2.591901159542906
2025-11-09 20:00:00,1.4786500000000002,0.2125,2.0244103993061864,2.601811275581494
2025-11-09 21:00:00,1.3901083333333333,0.445,1.8790723728856165,2.549425799457123
2025-11-09 22:00:00,1.35905,0.4766666666666666,2.4030814933550007,2.5194975276978173
2025-11-12 00:00:00,3.2982916666666666,-2.4708333333333337,3.408534400947215,3.2756316350172088
2025-11-12 01:00:00,3.3517833333333327,-2.3558333333333334,3.702852033878425,3.347493248698339
2025-11-12 02:00:00,3.859058333333333,-1.6491666666666667,3.871649926420078,3.163821580011798
2025-11-12 03:00:00,2.73145,-1.3283333333333334,3.4604378475117836,3.0400520795309105
2025-11-12 04:00:00,4.554366666666667,-0.9774999999999999,3.451075165009178,3.0077828069073793
2025-11-12 05:00:00,2.138316666666667,-0.5925,2.9813996879253706,2.967765780923709
2025-11-12 06:00:00,2.684583333333333,-0.25833333333333336,2.953842260339789,2.8835000757661353
2025-11-12 07:00:00,4.5991,0.00416666666666667,3.346655656480507,2.851886433207081
2025-11-12 08:00:00,1.7989416666666669,0.5825,2.521205326790244,2.6662138682085224
2025-11-12 09:00:00,3.3118416666666666,1.5575000000000003,2.35914629929302,2.4650637663535995
2025-11-12 10:00:00,0.21005833333333332,2.6199999999999997,1.7726610221644266,2.203971684174876
2025-11-12 11:00:00,2.84455,4.3125,1.5274208715711544,1.8611411375007383
2025-11-12 12:00:00,1.7042833333333334,5.283333333333333,0.5509815175625878,1.6565394841271193
2025-11-12 13:00:00,0.0,5.273333333333333,0.7051777045428902,1.618761510016386
2025-11-12 14:00:00,1.611225,3.8433333333333337,1.5276949133965163,1.8925469503700316
2025-11-12 15:00:00,2.1713916666666666,2.8891666666666667,2.0898378430411153,2.01460304168979
2025-11-12 16:00:00,1.9070916666666664,1.75,2.124507003401934,2.245946059681049
2025-11-12 17:00:00,1.0436166666666666,0.4808333333333333,2.4198676547566373,2.5067794248208193
2025-11-12 18:00:00,2.8365249999999995,-0.1575,2.610936268247519,2.6379667903474533
2025-11-12 19:00:00,1.9808,-0.8983333333333333,3.129034815354847,2.790219490025231
2025-11-12 20:00:00,2.4418666666666664,-0.9900000000000001,2.8247283994393695,2.8090584067457662
2025-11-12 21:00:00,3.0444999999999998,-0.8291666666666667,2.5373901789994084,2.7760046710451913
2025-11-12 22:00:00,1.4244833333333333,-0.935,2.3859717155479987,2.797755056713445
2025-11-12 23:00:00,2.41415,-0.9266666666666669,2.7501500228556854,2.7960424279206695
2025-11-13 00:00:00,3.3249999999999997,-0.8208333333333333,3.2762702838987408,2.7742920422524153
2025-11-13 01:00:00,1.2522749999999998,-0.8616666666666668,2.4884312282552905,2.782683923337017
2025-11-13 02:00:00,2.415008333333333,-0.8441666666666666,2.9149492488990973,2.7790874028721877
2025-11-13 03:00:00,2.1302666666666665,-0.73,2.7772283076485436,2.755624388411158
2025-11-13 04:00:00,3.761758333333333,-0.6791666666666666,3.0560224866322203,2.745177352775225
2025-11-13 05:00:00,1.4239333333333333,-0.725,2.5499502472669615,2.7545968111354924
2025-11-13 06:00:00,2.6620833333333334,-0.6608333333333335,2.4950316110719895,2.741409569431118
2025-11-13 07:00:00,3.2836166666666666,-0.3891666666666666,2.528883564666673,2.6855778707866236
2025-11-13 08:00:00,1.4564416666666666,0.3558333333333333,2.3094229568645277,2.5324688567124576
2025-11-13 09:00:00,2.183125,0.8666666666666667,2.3269883880573463,2.427484711715295
2025-11-13 10:00:00,2.4779666666666667,1.2183333333333333,2.348775356814567,2.355211776660152
2025-11-13 11:00:00,1.3543916666666664,1.5708333333333335,2.3197149200498237,2.3017676220598515
2025-11-13 12:00:00,2.2706083333333336,1.9525,2.5155728375588717,2.2198293387985184
2025-11-13 13:00:00,2.304091666666667,2.750833333333334,2.577669799596049,2.064118735987721
2025-11-13 14:00:00,2.080475,2.7866666666666666,2.255758435583257,2.032895037859727
2025-11-13 15:00:00,1.2498666666666667,2.24,2.72248342308523,2.146927324245842
2025-11-13 16:00:00,2.351958333333333,1.3383333333333336,2.8776348599988695,2.3305499220441788
2025-11-13 17:00:00,2.043083333333333,0.5833333333333334,2.5695807916030073,2.4857140906696755
2025-11-13 18:00:00,2.9643583333333337,0.6425000000000001,2.7537002637099772,2.4735544262409666
2025-11-13 19:00:00,1.373475,0.4949999999999999,1.8643925827199614,2.5038679558731003
2025-11-13 20:00:00,1.6938833333333332,0.16666666666666666,2.1221820842595744,2.571345530308471
2025-11-13 21:00:00,2.1780333333333335,-0.04083333333333333,2.9229380332887915,2.6139899872485906
2025-11-13 22:00:00,3.056025,0.01,3.1837084342465904,2.6035429516126576
2025-11-13 23:00:00,2.447375,-0.5,2.610234730425745,2.708355833730543
2025-11-14 00:00:00,1.3521083333333332,-1.695,2.5443538295954244,2.9539468026146074
2025-11-14 01:00:00,2.807691666666667,-2.019166666666667,2.8188251823681494,3.0205680626535902
2025-11-14 02:00:00,3.1464916666666665,-2.5141666666666667,3.0773552208294146,3.1222982129444787
2025-11-14 03:00:00,2.8201083333333337,-3.1383333333333336,3.2082615772968897,3.250574109523394
2025-11-14 04:00:00,2.300683333333333,-3.699166666666667,3.191857397700348,3.3658340272772125
2025-11-14 05:00:00,2.64095,-4.05,2.7456862538011455,3.437935699453078
2025-11-14 06:00:00,3.3395083333333333,-4.251666666666668,3.00992162040938,3.4835885349442277
2025-11-14 07:00:00,2.6407916666666664,-2.6941666666666664,3.201088642645188,3.1893121030317904
2025-11-14 08:00:00,2.7280499999999996,-0.3658333333333334,2.9813337065643513,2.6876706277668263
2025-11-14 09:00:00,2.3409,0.5983333333333334,2.8300486923709216,2.56004068330587
2025-11-14 10:00:00,1.3367083333333334,1.5216666666666665,2.107275755466457,2.3421322603098833
2025-11-14 11:00:00,2.8174749999999995,1.4708333333333334,1.9080078783121872,2.335350876506516
2025-11-14 12:00:00,1.41105,2.68,1.9115467969440831,2.0880365793541285
2025-11-14 13:00:00,2.5320666666666667,2.5058333333333334,2.253515252226891,2.1978015294650457
2025-11-14 14:00:00,0.5633166666666666,2.0224999999999995,2.4385369439708,2.2316916582126476
2025-11-14 15:00:00,2.9077583333333332,0.7266666666666666,2.521902660999231,2.4946293943588613
2025-11-14 16:00:00,2.3657749999999997,-0.7824999999999999,3.099757742838593,2.766413949805646
2025-11-14 17:00:00,2.141625,-1.416666666666667,2.6171636794308153,2.9039330908152734
2025-11-14 18:00:00,2.851866666666666,-1.278333333333333,2.505739649077846,2.8683153629758125
2025-11-14 19:00:00,1.251725,-0.7908333333333332,2.1937328927135153,2.7710361774165806
2025-11-14 20:00:00,2.2112333333333334,-0.5783333333333334,2.7385268881257456,2.7299424105045653
2025-11-14 21:00:00,3.4643333333333333,-0.6566666666666666,3.1623739245100753,2.741177312830795
2025-11-14 22:00:00,1.4898500000000001,-0.7266666666666667,2.466568287093142,2.757868554025558
2025-11-14 23:00:00,2.92805,-1.4066666666666665,2.6390125943504894,2.9139175373195156
2025-11-15 00:00:00,2.4482416666666666,-1.7774999999999999,2.423122914964731,2.9742023420016084
2025-11-15 01:00:00,2.9400833333333334,-2.3708333333333336,2.5479062562073116,3.0885682206502953
2025-11-15 02:00:00,2.255441666666667,-3.060833333333333,2.6585220911583125,3.2290838673846705
2025-11-15 03:00:00,2.6656500000000003,-2.7091666666666665,2.7550126380608058,3.1816327218229112
2025-11-15 04:00:00,3.457841666666667,-2.9116666666666666,2.487243803295269,3.2140803308720383
2025-11-15 05:00:00,2.2415166666666666,-3.5466666666666664,2.83803103100228,3.323734704765442
2025-11-15 06:00:00,3.4800416666666667,-2.9258333333333333,3.082270316577069,3.2391467597747132
2025-11-15 07:00:00,3.231633333333333,-1.6624999999999999,2.6658401358847454,3.008067440826586
2025-11-15 08:00:00,1.6159166666666667,-0.4766666666666666,2.388256212582707,2.7739070649007163
2025-11-15 09:00:00,2.977583333333333,0.35666666666666663,2.614461647726872,2.625472295412917
2025-11-15 10:00:00,0.0,1.3775000000000002,2.345086809214357,2.432295575994392
2025-11-15 11:00:00,1.5442666666666667,2.1116666666666664,1.19659506941302,2.263826844218162
2025-11-15 12:00:00,1.4403666666666664,2.598333333333333,1.3635717128494331,2.1458754075793993
2025-11-15 13:00:00,0.0,1.9599999999999997,1.5934219170236277,2.2693729128666558
2025-11-15 14:00:00,1.298325,1.1533333333333333,1.9744334482166466,2.412281585913854
2025-11-15 15:00:00,3.0101083333333336,-0.03666666666666666,2.81569348279678,2.642292044745426
2025-11-15 16:00:00,1.7866749999999998,-1.4858333333333331,3.0358092794307865,2.9146558410892225
2025-11-15 17:00:00,2.545325,-1.8,2.780808334850824,2.9869887527620302
2025-11-15 18:00:00,3.8171083333333335,-2.1208333333333336,3.1900675502701983,3.060938829726027
2025-11-15 19:00:00,1.7054083333333334,-2.6208333333333336,2.469529322288473,3.1411663697832606
2025-11-15 20:00:00,3.3295,-3.4299999999999997,2.409578125455586,3.2976082434561462
2025-11-15 21:00:00,3.104516666666666,-4.134166666666666,3.1155380809885287,3.4399430353977953
2025-11-15 22:00:00,2.4252583333333333,-5.235833333333333,2.84042672870034,3.6647371500723485
2025-11-15 23:00:00,3.0796416666666664,-6.273333333333333,2.7671918736994714,3.8764381128331795
2025-11-16 00:00:00,2.5466249999999997,-6.745833333333333,3.4874540939342973,3.972851322379678
2025-11-16 01:00:00,2.982758333333333,-5.906666666666666,2.815340433817919,3.8016201018976243
2025-11-16 02:00:00,2.994933333333333,-5.37,3.815761870929031,3.692113740437404
2025-11-16 03:00:00,3.05625,-4.5225,3.6906499670113675,3.5191821106159056
2025-11-16 04:00:00,2.9479666666666664,-4.179166666666666,3.464856383750499,3.4553503497539904
2025-11-16 05:00:00,3.56745,-4.069166666666667,3.54189749526813,3.4266798425501293
2025-11-16 06:00:00,2.332058333333333,-3.9625,3.274291895282466,3.414218639966956
2025-11-16 07:00:00,3.5166833333333334,-3.703333333333333,3.3958615742638942,3.3629649529863923
2025-11-16 08:00:00,3.1039749999999997,-3.1016666666666666,3.4435832332152208,3.239908612967624
2025-11-16 09:00:00,2.1035,-2.11,2.842267946877919,3.027789790578857
2025-11-16 10:00:00,2.6603333333333334,-1.3141666666666667,3.1019047388405356,2.8645245149298026
2025-11-16 11:00:00,2.708225,-0.5641666666666667,3.1405811870349334,2.7134075904249335
2025-11-16 12:00:00,2.7173583333333333,-0.010000000000000009,2.5243070995945778,2.5991925090945633
2025-11-16 13:00:00,5.2167666666666666,0.5108333333333334,4.974301256035454,2.4921348695914736
2025-11-16 14:00:00,1.5456083333333333,0.43583333333333346,3.531250101003847,2.507438553646473
2025-11-16 15:00:00,2.827716666666666,0.11,2.2785662867893475,2.596585754301939
2025-11-16 16:00:00,2.487258333333333,-0.055,2.978393830678625,2.6337615175360023
2025-11-16 17:00:00,3.8250666666666664,-0.3983333333333334,3.4836853558633027,2.7021355040452186
2025-11-16 18:00:00,2.40805,-1.2925,3.4057078370516995,2.9034870957793704
2025-11-16 19:00:00,2.1589833333333335,-1.8808333333333331,3.2201514454909166,3.0272668933550926
2025-11-16 20:00:00,3.1467166666666664,-2.2275000000000005,3.294125717089485,3.1116239539982553
2025-11-16 21:00:00,2.0315833333333333,-2.398333333333334,3.6099424322817883,3.1764898804706982
2025-11-16 22:00:00,3.4978416666666665,-2.5,3.4311712086495554,3.1804566376450234
2025-11-16 23:00:00,3.4856166666666666,-2.5875,3.698000746328055,3.2064461858605378
2025-11-17 00:00:00,1.7699249999999997,-2.6749999999999994,2.9554600352996196,3.232932633855903
2025-11-17 01:00:00,3.342425,-2.9175,3.4638141029478424,3.301441671620834
2025-11-17 02:00:00,3.0833416666666666,-3.2316666666666674,3.5350246025462155,3.3758316800019035
2025-11-17 03:00:00,2.38855,-3.2883333333333327,3.2085677662734913,3.375409099019182
2025-11-17 04:00:00,3.7761750000000003,-3.283333333333333,3.643475514231531,3.3591881102693386
2025-11-17 05:00:00,3.473058333333333,-3.1750000000000003,4.0770550751490795,3.3538165028117857
2025-11-17 06:00:00,3.144183333333333,-3.0141666666666667,4.332009173582134,3.3212033150883635
2025-11-17 07:00:00,3.2487833333333334,-2.5141666666666667,4.001740976601208,3.2085814350875443
2025-11-17 08:00:00,3.8836583333333325,-1.9541666666666668,3.8650038781526583,3.097803155026017
2025-11-17 09:00:00,2.821933333333333,-1.0516666666666665,3.695274977863912,2.9114043026198466
2025-11-17 10:00:00,2.736983333333333,-0.19000000000000003,3.445506030658904,2.756686747314266
2025-11-17 11:00:00,2.7252750000000003,0.22666666666666668,3.2111008859598966,2.668520424477264
2025-11-17 12:00:00,2.297833333333333,0.44333333333333336,3.4497605002642295,2.6197656154818616
2025-11-17 13:00:00,2.564975,0.45250000000000007,2.9972920722085363,2.59478308385127
2025-11-17 14:00:00,2.334891666666666,0.3008333333333333,3.4454136893834133,2.6635396835248364
2025-11-17 15:00:00,3.752016666666666,-0.25000000000000006,3.4179268238427776,2.7755020932135634
2025-11-17 16:00:00,2.8754333333333335,-0.2833333333333334,3.2673623147427158,2.783484845160223
2025-11-17 17:00:00,2.6767916666666665,-0.41583333333333333,2.8912152615081297,2.78839153373124
2025-11-17 18:00:00,2.6895249999999997,-0.37500000000000006,3.233310126642631,2.773601200116381
2025-11-17 19:00:00,1.8167,-0.3191666666666667,3.425674646198198,2.7610429679399586
2025-11-17 20:00:00,2.5665166666666663,-0.43583333333333335,3.0414072254354867,2.7970672283077973
2025-11-17 21:00:00,3.440425,-0.6258333333333334,3.4503578554486123,2.829221802916766
2025-11-17 22:00:00,2.4160083333333335,-0.7275,3.5052668641578695,2.8527771103328425
2025-11-17 23:00:00,3.2633583333333327,-0.8566666666666666,3.2742716983042417,2.888972748658078
2025-11-18 00:00:00,3.061616666666666,-0.8816666666666665,3.3780200248460885,2.917274897843961
2025-11-18 01:00:00,2.860958333333333,-1.055,3.5972878283605336,2.942957298014035
2025-11-18 02:00:00,2.8151,-0.9941666666666666,3.6570685609505733,2.9175610883292133
2025-11-18 03:00:00,2.6677583333333335,-0.8408333333333333,3.4219796057436733,2.8664902021395586
2025-11-18 04:00:00,2.9102249999999996,-0.8291666666666666,3.8876598648823166,2.807625629628251
2025-11-18 05:00:00,2.9947,-1.1849999999999998,3.6755864603541406,2.920980020241604
2025-11-18 06:00:00,2.8090083333333338,-0.9158333333333332,3.2831276351230256,2.8436456448848157
2025-11-18 07:00:00,2.340875,-0.7208333333333333,3.019035731034168,2.841671949062693
2025-11-18 08:00:00,3.6488666666666667,0.4625000000000001,3.1624277101663223,2.610250163469203
2025-11-18 09:00:00,1.80445,0.6616666666666665,3.0357541245409996,2.56272906469269
2025-11-18 10:00:00,1.4774666666666665,2.555833333333333,2.3321460631846067,2.1521506726481863
2025-11-18 11:00:00,1.4867833333333333,2.7675,1.6488096783726647,2.111622571553669
2025-11-18 12:00:00,1.5645916666666666,2.7591666666666668,1.565648859757467,2.108367533150314
2025-11-18 13:00:00,0.0,1.67,1.8782137562714858,2.3719616623602517
2025-11-18 14:00:00,3.19405,0.9808333333333334,2.003993694959129,2.525579774536266
2025-11-18 15:00:00,1.3175,0.4908333333333334,2.9251151310371717,2.6452750038803226
2025-11-18 16:00:00,2.302583333333333,0.29999999999999993,2.580110879550092,2.6747580811764973
2025-11-18 17:00:00,2.514275,0.20833333333333334,2.367511283848075,2.6726418354537573
2025-11-18 18:00:00,3.3028249999999995,0.22583333333333333,2.6993950189579126,2.617831112578678
2025-11-18 19:00:00,2.9990500000000004,0.31416666666666676,3.2060510313564947,2.5751050724368625
2025-11-18 20:00:00,1.944308333333333,0.41666666666666674,2.8786400787920323,2.591895318897955
2025-11-18 21:00:00,2.6906166666666667,0.061666666666666675,3.20805200762715,2.6673030583365933
2025-11-18 22:00:00,2.766316666666666,-0.05083333333333332,3.4454476199307926,2.657310548708919
2025-11-21 00:00:00,2.5582,-5.023333333333333,3.19537086165557,3.6213767119165157
2025-11-21 01:00:00,2.772491666666667,-5.0183333333333335,3.4915786912599778,3.620356466312849
2025-11-21 02:00:00,3.292133333333333,-5.491666666666667,3.581527578821148,3.7169397167932923
2025-11-21 03:00:00,3.2430333333333334,-6.2225,3.135293575779921,3.8660656158625684
2025-11-21 04:00:00,3.2245583333333334,-6.887499999999999,3.545133736212194,4.0017582811502335
2025-11-21 05:00:00,3.9281749999999995,-7.197500000000001,3.2154388153893763,4.065013508577566
2025-11-21 06:00:00,1.6028333333333333,-6.256666666666667,2.764842178552925,3.8730372941542903
2025-11-21 07:00:00,2.885025,-5.411666666666666,2.943730453834788,3.700615787134626
2025-11-21 08:00:00,2.4128833333333333,-3.0925,3.5243331549692645,3.2273918679672424
2025-11-21 09:00:00,3.3483583333333327,-0.5233333333333333,3.2943736643526678,2.704305835651031
2025-11-21 10:00:00,2.564308333333333,1.0283333333333333,3.263293584954472,2.407458585081868
2025-11-21 11:00:00,2.2005166666666662,1.9574999999999998,2.4654650372288796,2.22430808695277
2025-11-21 12:00:00,1.5462333333333336,2.161666666666667,2.2376593202255797,2.163007462407892
2025-11-21 13:00:00,3.010883333333333,2.3233333333333337,2.56727780727781,2.127130427572748
2025-11-21 14:00:00,1.4916749999999999,1.7874999999999999,2.1881393455966713,2.2330495214968376
2025-11-21 15:00:00,2.6699916666666668,1.1766666666666665,2.386631003934835,2.356272163369864
2025-11-21 16:00:00,1.0027083333333333,0.4666666666666666,2.646245473524219,2.501147039090529
2025-11-21 17:00:00,3.0825,0.23500000000000007,2.3257319968526233,2.548418418727084
2025-11-21 18:00:00,1.5287416666666667,0.18583333333333332,2.8566376049563162,2.558450833829806
2025-11-21 19:00:00,2.9713083333333334,0.2175,2.8956173933446236,2.552747178402266
2025-11-21 20:00:00,1.4998916666666666,0.7391666666666666,2.1603983510831366,2.447368946160227
2025-11-21 21:00:00,1.5217,0.9266666666666667,2.1183189945335346,2.4076109217707096
2025-11-21 22:00:00,3.3526750000000005,0.3058333333333333,3.2200984315913437,2.533964939341806
2025-11-26 00:00:00,2.3153666666666664,-0.2700000000000001,2.683873611157136,2.634608662117762
2025-11-26 01:00:00,2.2167499999999998,-0.035833333333333335,2.777740746790147,2.5863313033335853
2025-11-26 02:00:00,2.280333333333333,0.23083333333333336,2.12445541373176,2.5313535282056976
2025-11-26 03:00:00,2.0273250000000003,0.3983333333333334,2.5843598629096527,2.496820613203493
2025-11-26 04:00:00,1.9307083333333332,0.7033333333333335,2.1758144164958755,2.4339397829009712
2025-11-26 05:00:00,1.8907916666666666,0.7458333333333332,1.9861045719613681,2.4251776999899644
2025-11-26 06:00:00,2.1607916666666664,0.7925,2.2202446131866154,2.415556589342584
2025-11-26 07:00:00,1.5397083333333332,0.9625,2.0840793346670523,2.3805082576985557
2025-11-26 08:00:00,2.2135249999999997,1.9166666666666667,2.14593361437386,2.183790906069082
2025-11-26 09:00:00,2.9524166666666667,2.8108333333333335,2.192752543787558,1.9994435538433832
2025-11-26 10:00:00,1.9922,3.7916666666666665,1.6322407181957725,1.7979594576602809
2025-11-26 11:00:00,1.5861416666666668,4.906666666666667,1.793861062049892,1.568979249253518
2025-11-26 12:00:00,1.5265333333333333,5.345833333333332,1.3656724574456707,1.4768110790339002
2025-11-26 13:00:00,1.5499249999999998,5.821666666666666,0.7650108566622844,1.3915562082237916
2025-11-26 14:00:00,1.5385499999999999,5.5325,0.9569961420882489,1.4552062713780203
2025-11-26 15:00:00,1.5939666666666665,4.754166666666666,1.458960066331057,1.5994721823193883
2025-11-26 16:00:00,1.327925,4.148333333333333,1.5075284348846043,1.7272550049148572
2025-11-26 17:00:00,1.315825,3.7600000000000002,0.9715186529864627,1.806550632992707
2025-11-26 18:00:00,2.313191666666667,3.579166666666667,1.2936210450359866,1.8432691735190814
2025-11-26 19:00:00,1.79365,3.4574999999999996,1.6189217899969672,1.8704576641944302
2025-11-26 20:00:00,1.693158333333333,3.4616666666666664,1.2540897782218716,1.8689523327515474
2025-11-26 21:00:00,1.6982916666666665,3.400833333333333,1.6387191155947691,1.8854006594960502
2025-11-26 22:00:00,1.6878833333333334,3.4299999999999997,1.6291272757433957,1.8769600424171506
2025-11-26 23:00:00,1.7016916666666668,3.3525000000000005,1.8847378355412776,1.897354104060923
2025-11-27 00:00:00,2.9029000000000003,3.3575000000000004,2.0036881138874287,1.8929613437148054
2025-11-27 01:00:00,1.49635,3.106666666666666,2.0752192404529515,1.9387927016202937
2025-11-27 02:00:00,1.4102416666666668,2.8883333333333336,1.3869760447606643,1.9834656379468407
2025-11-27 03:00:00,1.3145749999999998,2.954166666666667,1.7727627575428284,1.9714300590032545
2025-11-27 04:00:00,2.369933333333333,2.8200000000000003,1.9343782380575898,2.0313793331320706
2025-11-27 05:00:00,2.1946666666666665,1.985,2.135193808840162,2.2363778243586228
2025-11-27 06:00:00,1.5532416666666666,1.3291666666666668,2.0842369855054725,2.3244065290809632
2025-11-27 07:00:00,2.4601666666666664,1.0275,1.8644852556879106,2.3723054848192713
2025-11-27 08:00:00,1.2150083333333332,1.8475000000000001,1.7878181611112036,2.2061333274934984
2025-11-27 09:00:00,2.2858666666666667,2.39,1.9535421976389251,2.1356841708981387
2025-11-27 10:00:00,0.0,4.5008333333333335,1.3727777395778558,1.723385210111315
2025-11-27 11:00:00,0.9668916666666667,4.258333333333333,0.7192015405156753,1.8031955709045635
2025-11-27 12:00:00,1.8648833333333332,3.9808333333333334,1.5684618930716736,1.8267578947033496
2025-11-27 13:00:00,1.7484166666666665,4.3275,1.1996011216324112,1.7475735120242113
2025-11-27 14:00:00,1.5784833333333332,4.230833333333333,1.6601809199461515,1.7146911010362924
2025-11-27 15:00:00,2.430475,2.893333333333334,1.7694175611190157,1.9834665369494913
2025-11-27 16:00:00,1.710475,2.1108333333333333,2.0550930794505082,2.1437602135540885
2025-11-27 17:00:00,1.8817583333333332,2.144166666666667,1.9284136311958116,2.1421185882784837
2025-11-27 18:00:00,3.4262666666666663,2.069166666666667,2.189020830370972,2.1542479858366974
2025-11-27 19:00:00,1.667025,1.9858333333333338,2.52008151604022,2.1698949894802566
2025-11-27 20:00:00,3.2952999999999997,1.3341666666666665,1.9636738985951765,2.3047333004571215
2025-11-27 21:00:00,1.6201083333333333,0.8341666666666668,2.3473195082028835,2.4069663119788514
2025-11-27 22:00:00,1.5966749999999998,0.3841666666666667,1.9598129088872935,2.499741307507162
2025-11-27 23:00:00,2.4584999999999995,0.19416666666666668,2.207462240299017,2.5389129722857824
2025-11-28 00:00:00,3.168658333333333,0.04750000000000001,2.510783412849551,2.5691507486061207
2025-11-28 01:00:00,1.4998833333333335,-0.31499999999999995,2.1237974819695324,2.643886161670593
2025-11-28 02:00:00,3.0349749999999998,-0.9533333333333335,2.2158938554564376,2.7754892108829745
2025-11-28 03:00:00,1.4086666666666665,-1.2499999999999998,2.603832756230923,2.8366519857127495
2025-11-28 04:00:00,2.7888583333333328,-1.4024999999999999,2.421536337393427,2.8680924008640103
2025-11-28 05:00:00,2.5209249999999996,-1.7366666666666666,3.0716411580621767,2.9369864253211446
2025-11-28 06:00:00,2.4989666666666666,-2.1583333333333328,2.814468062036579,3.0239200322421174
2025-11-28 07:00:00,2.1273916666666666,-1.6983333333333333,2.4297659341711446,2.929083370146511
2025-11-28 08:00:00,2.9906916666666663,-0.62,2.71212427882806,2.7067669919731148
2025-11-28 09:00:00,1.8751666666666666,0.8241666666666667,2.377347775784403,2.4094162330473265
2025-11-28 10:00:00,2.6162666666666667,1.7225000000000001,2.2930569906947493,2.239600677464403
2025-11-28 11:00:00,2.6235166666666663,2.35,2.473978359512146,2.1237862468572817
2025-11-28 12:00:00,2.25475,2.4858333333333333,2.1437937141890253,2.087899920452583
2025-11-28 13:00:00,3.226775,2.0525,2.476496897580213,2.222620707308226
2025-11-28 14:00:00,2.805308333333333,-0.9808333333333333,2.797001322037222,2.8028124456312344
2025-11-28 15:00:00,3.0689749999999996,-1.4483333333333335,2.572678074543358,2.8823854513612
2025-11-28 16:00:00,2.7038249999999997,-1.9816666666666665,2.5046251517732814,2.988519291337583
2025-11-28 17:00:00,2.37975,-2.8625000000000003,2.459823996405597,3.202256639413292
2025-11-28 18:00:00,2.325833333333333,-3.4308333333333336,2.463314848063063,3.326823192793702
2025-11-28 19:00:00,2.7869333333333337,-3.4616666666666664,2.5558976527224235,3.3593715423655937
2025-11-28 20:00:00,2.0286416666666667,-3.2541666666666664,2.385665599634553,3.3174380196995537
2025-11-28 21:00:00,3.2090916666666662,-3.328333333333333,2.9302307969026518,3.3033440327580026
2025-11-28 22:00:00,2.6447833333333333,-3.454166666666667,3.3007001267591782,3.301764557439307
2025-11-28 23:00:00,2.8629250000000006,-2.9408333333333334,3.156725106512205,3.219141971421809
2025-11-29 00:00:00,3.077691666666667,-2.2224999999999997,3.5456530568157927,3.096196903104259
2025-11-29 01:00:00,3.8518916666666665,-2.0125,3.877887480370025,3.103297835433192
2025-11-29 02:00:00,2.884158333333333,-1.885,3.3748666119444066,3.044830943419001
2025-11-29 03:00:00,3.359183333333333,-1.801666666666667,3.471630288244958,3.0566059447000264
2025-11-29 04:00:00,3.3921666666666668,-1.8691666666666669,3.4945585198197553,3.076798394289519
2025-11-29 05:00:00,3.3555083333333333,-1.8566666666666667,3.429524921840653,3.105748842430397
2025-11-29 06:00:00,3.2530416666666664,-2.0091666666666663,3.371664213836366,3.0998845715984396
2025-11-29 07:00:00,2.6476666666666664,-1.8099999999999998,2.975432690121827,3.0973060930661878
2025-11-29 08:00:00,2.888575,-1.505,2.922126696702503,3.036812659877031
2025-11-29 09:00:00,2.7927750000000002,-0.9866666666666668,2.983032259357269,2.9211167514743073
2025-11-29 10:00:00,2.7047416666666666,-0.20750000000000002,2.994666310953165,2.774312784413228
2025-11-29 11:00:00,2.7269416666666664,-0.17166666666666663,3.0274114284963254,2.7762036358084456
2025-11-29 12:00:00,3.381275,0.21250000000000002,3.1020238463257783,2.6728531951323355
2025-11-29 13:00:00,3.2413250000000002,-0.25,3.1885292717060554,2.783238870917661
2025-11-29 14:00:00,2.8660249999999996,-0.38833333333333336,3.0285134450216256,2.795184874474354
2025-11-29 15:00:00,2.3270166666666667,-0.7266666666666666,2.900114833805797,2.803999578171932
2025-11-29 16:00:00,3.9633499999999997,-1.343333333333333,3.025464822662665,2.9490474576170325
2025-11-29 17:00:00,2.9361583333333328,-1.8225000000000005,3.458774910030589,3.091839233914879
2025-11-29 18:00:00,2.385483333333333,-2.415833333333333,3.330980153997175,3.1379231002046275
2025-11-29 19:00:00,2.8433500000000005,-3.2083333333333335,3.070837197704642,3.247072110834254
2025-11-29 20:00:00,2.4468083333333333,-3.138333333333333,3.345860507771896,3.2993602603735748
2025-11-29 21:00:00,4.4301,-3.310833333333333,3.241961491459189,3.321463201438792
2025-11-29 22:00:00,4.54655,-3.801666666666667,4.455553281180299,3.372761455668494
2025-11-29 23:00:00,4.800283333333333,-4.8275,4.185003598382419,3.5619257465145098
2025-11-30 00:00:00,4.009949999999999,-5.348333333333334,3.9788890622416964,3.669359193032336
2025-11-30 01:00:00,4.74575,-6.273333333333333,3.877340019459857,3.8634877238752257
2025-11-30 02:00:00,3.802183333333333,-7.365833333333334,3.7410845825214554,4.0855133914637864
2025-11-30 03:00:00,4.848083333333334,-8.181666666666667,3.9405643837318545,4.253797142089309
2025-11-30 04:00:00,4.278975,-8.448333333333332,4.259279246374979,4.308803066706436
2025-11-30 05:00:00,3.5119083333333325,-7.638333333333333,3.7871542793137336,4.141722570681913
2025-11-30 06:00:00,3.0477999999999996,-7.028333333333333,3.9578327124747124,4.015896518120235
2025-11-30 07:00:00,3.883566666666667,-6.2875000000000005,4.267252991226338,3.8630831837932798
2025-11-30 08:00:00,3.5072083333333333,-4.584166666666667,3.70632002491732,3.522901340351956
2025-11-30 09:00:00,4.237275,-2.9025,3.571709541035314,3.2339083961822053
2025-11-30 10:00:00,5.010475,-3.2225,4.086792377208285,3.341933418375869
2025-11-30 11:00:00,1.8551749999999996,-2.9633333333333334,3.6291054923258246,3.274423444503393
2025-11-30 12:00:00,3.1847250000000003,-2.7724999999999995,2.9854256315081598,3.1736316749288878
2025-11-30 13:00:00,3.099458333333333,-2.3333333333333335,3.1868809272625196,3.0862099313602513
2025-11-30 14:00:00,2.13745,-1.8758333333333335,3.015952426815215,3.0028400940567543
2025-11-30 15:00:00,2.989866666666667,-1.615,3.1504790120468162,2.956699490862205
2025-11-30 16:00:00,4.0327666666666655,-1.1391666666666667,3.4811693421089744,2.8859751079126745
2025-11-30 17:00:00,2.7189749999999995,-0.2575,3.194958761217805,2.7058125546397327
2025-11-30 18:00:00,2.6515666666666666,0.2558333333333334,2.393018505867693,2.5457987217572136
2025-11-30 19:00:00,1.960508333333333,0.28250000000000014,2.1710421905294583,2.5151596023455967
2025-11-30 20:00:00,3.1332249999999995,0.01916666666666667,2.4796866971801843,2.562193066598229
2025-11-30 21:00:00,2.436808333333333,0.06083333333333333,2.7421212918075333,2.5535983908768025
2025-11-30 22:00:00,3.3733083333333336,-0.009166666666666662,2.8607266575049857,2.5680374460887982
2025-11-30 23:00:00,5.290466666666666,-0.5225,4.042834441210469,2.6739238509767675
2025-12-01 00:00:00,4.7886999999999995,-0.7916666666666666,3.6038787178319303,2.72944545613718
2025-12-01 01:00:00,4.3153,-0.67,3.1455492503781737,2.704349003030616
2025-12-01 02:00:00,4.076099999999999,-0.6208333333333335,2.8332745484625605,2.694207285679333
2025-12-01 03:00:00,4.64165,-0.3291666666666667,2.52113017604557,2.634044555629351
2025-12-01 04:00:00,2.837008333333333,-0.6583333333333333,2.282228578435451,2.7019424938286165
2025-12-01 05:00:00,2.6863833333333336,-0.48166666666666674,2.125785841145191,2.66550106876977
2025-12-01 06:00:00,3.801008333333333,-0.42583333333333334,2.169707484488162,2.6551325987540135
2025-12-01 07:00:00,2.3594583333333334,-0.12499999999999999,1.9776763425173556,2.6152680837765385
2025-12-01 08:00:00,2.225241666666667,0.15250000000000002,1.2950677865268316,2.5346901042896652
2025-12-01 09:00:00,2.4372000000000003,0.2358333333333333,1.2614194234398148,2.6539966866245215
2025-12-01 10:00:00,2.336308333333333,0.01666666666666666,1.2876040027666718,2.740366811681486
2025-12-01 11:00:00,2.2561166666666668,-0.8733333333333332,1.4320948084330767,2.942990254193762
2025-12-01 12:00:00,3.2467583333333336,-1.5041666666666664,2.0599131838305507,3.0687538639494782
2025-12-01 13:00:00,3.0438999999999994,-2.5041666666666664,2.6389039158585526,3.2352555929881497
2025-12-01 14:00:00,3.076733333333333,-3.4583333333333335,2.4735731529756952,3.4063496265324344
2025-12-01 15:00:00,3.4376,-4.7683333333333335,2.647823432951582,3.6727951641129857
2025-12-01 16:00:00,1.3084083333333334,-5.930000000000001,2.042916987443969,3.8064905422022814
2025-12-01 17:00:00,1.2761666666666667,-6.589166666666667,1.9243955813934808,3.9967959347621216
2025-12-01 18:00:00,5.681783333333333,-7.43,2.89640002814598,4.14002735041732
2025-12-01 19:00:00,2.8459083333333335,-7.8,3.6728395587617304,4.356755322642473
2025-12-01 20:00:00,4.709608333333334,-8.19,3.4348802262167872,4.373402610354183
2025-12-01 21:00:00,4.946841666666667,-8.6525,3.964766012038487,4.437461540086292
2025-12-01 22:00:00,4.862008333333333,-9.346666666666666,4.580461642666718,4.533839276699342
2025-12-01 23:00:00,5.126741666666668,-10.63,4.258271737368203,4.763779698197147
2025-12-02 00:00:00,5.983583333333333,-11.29,4.180116577428004,4.894959950907694
2025-12-02 01:00:00,4.330691666666667,-11.6725,3.882007870255722,4.973859074030386
2025-12-02 02:00:00,4.2458833333333335,-11.37,4.022773016177764,4.911461728292832
2025-12-02 03:00:00,5.218491666666667,-10.959166666666668,4.291744084217102,4.8267182256795715
2025-12-02 04:00:00,5.069783333333333,-10.44,4.249518135853571,4.722852156719048
2025-12-02 05:00:00,4.918616666666667,-10.139166666666666,4.403024871346782,4.657575007481906
2025-12-02 06:00:00,4.031133333333333,-9.5925,4.429758024839161,4.5519703691415305
2025-12-02 07:00:00,5.096133333333333,-8.884166666666667,4.446541167004097,4.421171119309248
2025-12-02 08:00:00,5.555441666666667,-8.375833333333334,4.49086030362191,4.30629599293948
2025-12-02 09:00:00,4.468908333333332,-8.147499999999999,4.2332756834837015,4.253738922189673
2025-12-02 10:00:00,4.665525,-7.75,4.135506335872849,4.189078339409495
2025-12-02 11:00:00,5.06245,-7.180833333333333,4.024874157536924,4.063818581956198
2025-12-02 12:00:00,4.936175,-7.115833333333334,3.9423725073198237,4.088486038340558
2025-12-02 13:00:00,3.7529999999999997,-6.935,3.3742672594077185,4.001168231306765
2025-12-02 14:00:00,4.6226,-6.543333333333334,3.4730611127142548,3.915854492722836
2025-12-02 15:00:00,2.769458333333333,-6.512499999999999,4.267275736321119,3.9094944326889802
2025-12-02 16:00:00,2.3454083333333333,-6.3758333333333335,2.6573810750295896,3.881303896322703
2025-12-02 17:00:00,2.380125,-6.2925,3.174498643505352,3.864114544879851
2025-12-02 18:00:00,3.2790833333333333,-6.2175,2.9222503355243914,3.848644128581284
2025-12-02 19:00:00,4.254375,-6.069166666666667,3.6389962821717656,3.8435303053989824
2025-12-02 20:00:00,4.533125,-5.954166666666667,4.7342752213698525,3.8298327621950343
2025-12-02 21:00:00,5.853908333333333,-5.89,4.2923857973469435,3.8204550851711097
2025-12-02 22:00:00,4.7728166666666665,-5.7316666666666665,3.48045774029115,3.7633895608839816
2025-12-05 00:00:00,8.262208333333334,-16.939999999999998,6.037206795623761,6.208021015841836
2025-12-05 01:00:00,5.9571000000000005,-17.096666666666668,6.25075120448845,6.288689852059199
2025-12-05 02:00:00,6.874225000000001,-17.800833333333333,4.710517003876529,6.3531365816611896
2025-12-05 03:00:00,7.201149999999998,-17.281666666666666,5.562881718590425,6.451452366210409
2025-12-05 04:00:00,5.529491666666666,-17.388333333333332,5.896129189430443,6.374916663919977
2025-12-05 05:00:00,7.142116666666666,-17.259166666666673,5.910368784238724,6.372229983924077
2025-12-05 06:00:00,6.516883333333333,-17.175833333333333,6.217248177238458,6.303718322429247
2025-12-05 07:00:00,7.708383333333332,-16.7875,6.595330080954299,6.241960964849966
2025-12-05 08:00:00,6.849,-15.334166666666667,5.900844853892289,5.93197853170867
2025-12-05 09:00:00,5.3881499999999996,-13.1625,4.79947311037775,5.512470117189411
2025-12-05 10:00:00,5.490766666666667,-10.799999999999999,4.5795866169542085,4.94070451354883
2025-12-05 11:00:00,3.746941666666667,-9.375,3.7374058618059127,4.6453067581459
2025-12-05 12:00:00,5.2761249999999995,-8.014166666666666,4.12515086228803,4.292070954069029
2025-12-05 13:00:00,5.0496583333333325,-8.6625,5.016114103443452,4.3916460314899854
2025-12-05 14:00:00,5.555774999999999,-8.9725,4.6980009940986465,4.432226443034104
2025-12-05 15:00:00,5.187091666666666,-9.8425,4.931994515001841,4.608744446496182
2025-12-05 16:00:00,6.062833333333333,-11.750833333333333,5.1782401870796715,4.994392459702068
2025-12-05 17:00:00,6.117366666666667,-12.862499999999999,5.189087048405069,5.239362489294479
2025-12-05 18:00:00,6.948041666666667,-14.605833333333335,5.395542267352138,5.578924244818782
2025-12-05 19:00:00,3.7458416666666663,-15.009166666666667,5.397135744679092,5.662120705802186
2025-12-05 20:00:00,4.7989999999999995,-14.435,5.221326077618126,5.543686074360934
2025-12-05 21:00:00,5.999733333333333,-13.870833333333332,6.117395829392839,5.427314165092826
2025-12-05 22:00:00,7.700241666666666,-14.17,6.007927056539623,5.489023936772664
2025-12-05 23:00:00,6.480533333333333,-13.980833333333335,5.792096000062813,5.4500041089973905
2025-12-06 00:00:00,4.647358333333333,-13.464166666666669,4.711075600153032,5.383923741778869
2025-12-06 01:00:00,5.137983333333333,-13.049166666666666,5.065275569088037,5.297704126335217
2025-12-06 02:00:00,5.667574999999999,-13.018333333333336,5.211910536335773,5.291298251292216
2025-12-06 03:00:00,5.194333333333333,-13.361666666666665,5.44400237655804,5.362628535554833
2025-12-06 04:00:00,4.990566666666666,-13.4125,4.827051350395246,5.373189572787892
2025-12-06 05:00:00,6.587775,-13.106666666666667,5.312488843464615,5.309650217631627
2025-12-06 06:00:00,4.894041666666666,-13.399999999999999,5.542389135470112,5.370592596419106
2025-12-06 07:00:00,6.109558333333333,-13.857500000000002,5.546787737321418,5.469741862347525
2025-12-06 08:00:00,4.9687,-12.519166666666665,4.90868845095658,5.21275183711678
2025-12-06 09:00:00,5.174783333333333,-10.431666666666667,4.864717292556219,4.784384059939577
2025-12-06 10:00:00,5.426366666666667,-8.518333333333333,4.645972449799229,4.3923529486563515
2025-12-06 11:00:00,2.9702916666666668,-7.434166666666666,3.2859439670963035,4.1825253685891655
2025-12-06 12:00:00,1.1098333333333332,-6.235833333333335,3.9222927026260535,3.913559460090828
2025-12-06 13:00:00,2.771433333333333,-6.255,1.8368777852243323,3.9412642450850552
2025-12-06 14:00:00,3.439308333333333,-6.208333333333333,3.256123288375212,3.9152238440891822
2025-12-06 15:00:00,4.174424999999999,-6.435833333333334,4.370578798507114,3.979190533743376
2025-12-06 16:00:00,4.715658333333334,-6.61,4.3541539999840735,3.9854330997002787
2025-12-06 17:00:00,5.09645,-6.565,4.790301843854243,3.9730231211224503
2025-12-06 18:00:00,3.29745,-6.505,3.6175841046596364,3.9586107934635018
2025-12-06 19:00:00,1.6844249999999998,-6.375,2.843712074240774,3.91109187716212
2025-12-06 20:00:00,4.32695,-6.273333333333333,3.5783446106469565,3.8899698026960046
2025-12-06 21:00:00,4.099008333333334,-6.239999999999999,5.046668802064074,3.8830445323792455
2025-12-06 22:00:00,4.049383333333333,-6.445,4.002033875731342,3.9256349448273147
2025-12-06 23:00:00,5.328016666666667,-7.295833333333334,4.371901411798099,4.102402469662591
2025-12-07 00:00:00,4.059325,-7.463333333333334,4.539335314999202,4.137201953004306
2025-12-07 01:00:00,4.816491666666667,-9.4025,4.598608327734949,4.540079553681768
2025-12-07 02:00:00,5.467066666666667,-10.341666666666667,4.941668449098381,4.740351130315477
2025-12-07 03:00:00,4.771750000000001,-9.555833333333334,4.802372554995305,4.572592453864758
2025-12-07 04:00:00,6.852925,-10.986666666666666,5.033413532895509,4.869203025485746
2025-12-07 05:00:00,3.9928166666666667,-11.292499999999999,4.417069498219829,4.9411997461603425
2025-12-07 06:00:00,3.69555,-9.522499999999999,4.033840806104661,4.680316473469834
2025-12-07 07:00:00,5.4962583333333335,-9.824166666666667,4.935816822452538,4.712703137128971
2025-12-07 08:00:00,5.397241666666666,-8.727500000000001,4.529468787181218,4.561652051192374
2025-12-07 09:00:00,4.071375,-6.857500000000001,3.837311862538209,4.104281850187624
2025-12-07 10:00:00,3.056941666666667,-5.3325,2.9315693671595753,3.7914668424953137
2025-12-07 11:00:00,2.2176416666666663,-5.151666666666666,2.9218145025004496,3.773896831435596
2025-12-07 12:00:00,3.2256083333333336,-4.658333333333334,3.21315217298102,3.6609487014773463
2025-12-07 13:00:00,3.0585083333333336,-4.9525,3.62440238364336,3.6677206282166828
2025-12-07 14:00:00,3.903325,-5.305,3.8259584792148167,3.726344430807381
2025-12-07 15:00:00,4.806033333333334,-6.121666666666666,4.258622884991858,3.8584598227547504
2025-12-07 16:00:00,2.8979583333333334,-6.952500000000001,3.909535773875159,4.031072185399973
2025-12-07 17:00:00,3.131083333333333,-7.434166666666666,3.5026653859044234,4.131142341477141
2025-12-07 18:00:00,3.5652916666666665,-7.653333333333333,3.4843077713543593,4.176675993809833
2025-12-07 19:00:00,2.5050583333333334,-7.620833333333334,3.4580004508269924,4.1699238552509925
2025-12-07 20:00:00,4.728741666666667,-7.529166666666666,3.7135773268522683,4.150879361879905
2025-12-07 21:00:00,2.883933333333333,-7.735833333333333,3.3075031795648626,4.193816037843812
2025-12-07 22:00:00,2.779275,-8.041666666666666,3.3999534314604305,4.258599757019745
2025-12-07 23:00:00,5.4457249999999995,-8.23,4.045859600216877,4.296483170289766
2025-12-08 00:00:00,3.9623250000000008,-8.485833333333334,3.850578870043281,4.349634619970892
2025-12-08 01:00:00,5.757991666666666,-8.916666666666666,4.7750947895992475,4.4391437388150035
2025-12-08 02:00:00,6.308375,-9.189166666666667,4.913718128758766,4.49575782365451
2025-12-08 03:00:00,4.373225000000001,-9.339166666666667,4.890576915613837,4.526921540079926
2025-12-08 04:00:00,5.053458333333333,-10.139166666666666,4.515372060431057,4.693128027682145
2025-12-08 05:00:00,5.712216666666666,-11.460833333333333,4.758668210410676,4.967714995741645
2025-12-08 06:00:00,4.25755,-12.591666666666667,4.697868163168375,5.202654791237698
2025-12-08 07:00:00,5.065741666666667,-12.856666666666667,4.968657722275763,5.257710690255934
2025-12-08 08:00:00,4.338675,-12.570833333333333,4.434220546504486,5.198326497289724
2025-12-08 09:00:00,6.395341666666667,-11.737500000000002,4.694636019937883,5.025194739370746
2025-12-08 10:00:00,3.705258333333333,-10.614166666666666,4.7389068837636135,4.934263855755234
2025-12-08 11:00:00,4.2474083333333335,-10.341666666666667,3.966301322124719,4.986968848080432
2025-12-08 12:00:00,3.267933333333333,-10.227500000000001,3.633833770259157,4.9138448735648925
2025-12-08 13:00:00,6.948883333333332,-11.240833333333333,4.669742217590567,5.0570102622174185
2025-12-08 14:00:00,6.559241666666667,-11.643333333333333,6.280041454042427,5.166200676602161
2025-12-08 15:00:00,5.372716666666666,-12.602500000000001,5.070303840766506,5.276529225224652
2025-12-08 16:00:00,4.850508333333333,-13.174999999999999,5.165592433925126,5.5522099966647245
2025-12-08 17:00:00,6.891824999999999,-14.166666666666666,5.680508983703294,5.723518998174238
2025-12-08 18:00:00,5.865891666666666,-14.828333333333333,5.3351379997195085,5.807361230603235
2025-12-08 19:00:00,6.112933333333334,-14.583333333333336,5.447766085595505,5.879768177166802
2025-12-08 20:00:00,5.760775,-15.105833333333331,5.660275115426573,5.920097906304744
2025-12-08 21:00:00,6.484491666666666,-15.555000000000001,5.745870061024134,5.913667758830945
2025-12-08 22:00:00,4.627908333333333,-16.179999999999996,5.555150932968147,6.082558707786439
2025-12-08 23:00:00,6.8081249999999995,-16.656666666666663,5.562539347860757,6.204273332381031
2025-12-09 00:00:00,6.1919,-16.6575,6.168414142936555,6.27548113116187
2025-12-09 01:00:00,6.917199999999999,-17.151666666666667,5.947174502441245,6.344573297657662
2025-12-09 02:00:00,5.233791666666667,-17.037499999999998,6.182121204849701,6.312873492826282
2025-12-09 03:00:00,6.729041666666666,-17.393333333333334,5.925262362247785,6.269929695628701
2025-12-09 04:00:00,6.5699499999999995,-16.93166666666667,6.161158780331092,6.189151871873118
2025-12-09 05:00:00,6.304366666666668,-16.968333333333334,5.912472509359399,6.300244748997502
2025-12-09 06:00:00,7.556266666666666,-16.834166666666665,6.505079050755885,6.334383911265109
2025-12-09 07:00:00,5.948524999999999,-16.99083333333333,5.955200057869426,6.3162379401588815
2025-12-09 08:00:00,6.245783333333333,-15.161666666666667,5.579427568664773,5.994140201567885
2025-12-09 09:00:00,5.8126999999999995,-13.060833333333335,5.782495371391127,5.433751118533231
2025-12-09 10:00:00,5.144033333333334,-10.749166666666667,4.919783006053453,4.930178875815696
2025-12-09 11:00:00,4.537508333333333,-9.375833333333334,3.594508798610044,4.616247374640822
2025-12-09 12:00:00,2.6948499999999997,-7.444166666666667,3.2226081027681195,4.185757305379055
2025-12-09 13:00:00,4.460183333333333,-8.689166666666667,4.255544620847275,4.418069106948577
2025-12-09 14:00:00,4.7755833333333335,-9.7125,4.810727741389023,4.608072517515113
2025-12-09 15:00:00,4.9431666666666665,-10.885,4.731882620985994,4.8480809510196305
2025-12-09 16:00:00,5.854633333333332,-13.149166666666666,5.1807628047518,5.3184799372854945
2025-12-09 17:00:00,4.570675,-14.68083333333333,5.495397126976501,5.636696108340576
2025-12-09 18:00:00,0.0,-14.888333333333335,4.695100466391311,5.679805916062403
2025-12-09 19:00:00,1.9772333333333332,-14.648333333333333,3.156935037939003,5.629943969781737
2025-12-09 20:00:00,5.295325,-15.573333333333332,3.859280160486217,5.822120221071803
2025-12-09 21:00:00,4.628341666666667,-16.115833333333335,5.5484519938530585,5.934828995477058
2025-12-09 22:00:00,4.307875,-15.154166666666663,4.559492168095857,5.735034946838556
2025-12-09 23:00:00,5.9130416666666665,-14.444166666666666,5.348423723461038,5.613189003362618
2025-12-10 00:00:00,6.077299999999999,-13.420833333333334,5.614118510995867,5.374920890367082
2025-12-10 01:00:00,4.782916666666667,-12.605833333333335,4.499343361601782,5.205598031122321
2025-12-10 02:00:00,5.8932166666666665,-12.288333333333334,5.467116882174605,5.13963483135519
2025-12-10 03:00:00,5.2821083333333325,-11.954166666666666,5.295585747671058,5.070208996429679
2025-12-10 04:00:00,4.491683333333334,-11.63,5.224677816877446,5.002860742599197
2025-12-10 05:00:00,6.722375000000001,-11.551666666666668,5.150557902390992,4.986586357354813
2025-12-10 06:00:00,3.852175,-12.541666666666666,4.387565254795035,5.192266885762559
2025-12-10 07:00:00,4.694458333333333,-13.277500000000002,4.591590156933116,5.345142228005018
2025-12-10 08:00:00,6.080349999999999,-11.744166666666665,5.196411834256815,5.026579793434097
2025-12-10 09:00:00,3.5289916666666667,-8.985,4.237341551867664,4.482561519795067
2025-12-10 10:00:00,4.545216666666666,-6.855833333333333,3.924462515135094,4.064045308657922
2025-12-10 11:00:00,4.3983,-5.788333333333334,4.402216405415644,3.8660953497331367
2025-12-10 12:00:00,3.2476166666666666,-4.9575000000000005,4.270643051371364,3.676778273889445
2025-12-10 13:00:00,4.307466666666667,-4.990833333333334,4.088637138774288,3.6772859787259735
2025-12-10 14:00:00,3.778966666666667,-5.44,4.281798456017924,3.7409798451285705
2025-12-10 15:00:00,4.495525000000001,-5.61,4.086895442360382,3.7521569233924983
2025-12-10 16:00:00,2.9088499999999997,-5.564166666666666,4.170721387408644,3.7457158806299984
2025-12-10 17:00:00,1.3865583333333331,-5.25,2.953948824959609,3.695042765911837
2025-12-10 18:00:00,3.941858333333333,-5.189166666666666,2.9447771159096523,3.671473335405608
2025-12-10 19:00:00,4.077866666666667,-5.075,4.616964190291282,3.641555379403045
2025-12-10 20:00:00,4.350083333333334,-4.902500000000001,4.763391971784074,3.6051680609192855
2025-12-10 21:00:00,4.872583333333333,-4.710000000000001,4.758853859221335,3.565174624840002
2025-12-10 22:00:00,3.26205,-4.552499999999999,3.874435872155791,3.5324527225933147
2025-12-10 23:00:00,3.245,-4.459166666666667,3.229761292111141,3.513061965706389
2025-12-11 00:00:00,4.180591666666667,-4.550833333333333,3.677305124566573,3.5321064590774767
2025-12-11 01:00:00,3.9768666666666674,-4.528333333333333,4.256580934053806,3.527431901613664
2025-12-11 02:00:00,3.8950416666666667,-4.61,3.7443387008864,3.544398813889724
2025-12-11 03:00:00,3.080741666666666,-4.564166666666666,4.13268046304612,3.53487656720418
2025-12-11 04:00:00,4.270125,-5.0375000000000005,3.931405805416289,3.63321540570216
2025-12-11 05:00:00,4.301233333333333,-6.175833333333333,3.9507674921703915,3.8697133870194844
2025-12-11 06:00:00,4.663975,-5.892499999999999,3.883983782314695,3.8108485893270316
2025-12-11 07:00:00,3.3904083333333332,-5.444166666666667,3.877766685538245,3.717703703566621
2025-12-11 08:00:00,3.1494,-5.0225,3.287408336498374,3.6300990340596186
2025-12-11 09:00:00,3.2379166666666666,-4.4816666666666665,3.692459348902161,3.5177365231702016
2025-12-11 10:00:00,4.23375,-3.75,3.958855674160219,3.3657268397173388
2025-12-11 11:00:00,4.378725,-2.875833333333333,4.433658125465155,3.1841116256603303
2025-12-11 12:00:00,2.877125,-3.0041666666666664,3.2002413305623962,3.210773916379853
2025-12-11 13:00:00,2.836091666666667,-3.5174999999999996,3.3065590087971444,3.3174230792579436
2025-12-11 14:00:00,5.50385,-4.834166666666667,3.772080705493464,3.5909712567699295
2025-12-11 15:00:00,4.190508333333334,-6.0275,4.621104778860909,3.877611587542146
2025-12-11 16:00:00,3.479141666666667,-7.899166666666667,3.0672506482519015,4.381939629036757
2025-12-11 17:00:00,3.2371000000000003,-9.055,3.3883741452596605,4.595998204003226
2025-12-11 18:00:00,4.389483333333334,-9.916666666666666,4.361633609749208,4.7988429630548985
2025-12-11 19:00:00,4.111908333333333,-10.751666666666667,4.899893750870709,4.923216872218922
2025-12-11 20:00:00,4.6944,-10.765,4.91512361780736,4.908974459901775
2025-12-11 21:00:00,4.44485,-10.782499999999999,4.824862798781148,4.888681885113629
2025-12-11 22:00:00,4.996766666666666,-10.9625,4.549139506159829,4.934853421216239
2025-12-11 23:00:00,4.552858333333333,-11.268333333333333,4.770622673493705,4.998962998836511
2025-12-12 00:00:00,5.305516666666667,-10.7875,5.102635602166825,4.974247987003343
2025-12-12 01:00:00,4.57415,-10.295833333333333,4.108560263269242,4.874166714948498
2025-12-12 02:00:00,3.7423833333333336,-10.079166666666667,4.363479506728691,4.739216018861772
2025-12-12 03:00:00,4.759358333333333,-10.274166666666668,4.782404842534845,4.732992542728186
2025-12-12 04:00:00,5.126683333333333,-9.739166666666666,4.976818333166747,4.746609635098523
2025-12-12 05:00:00,3.806425,-9.227500000000001,4.658912751841965,4.64775841420346
2025-12-12 06:00:00,4.824166666666667,-9.074166666666667,4.712627251924954,4.6839891781598055
2025-12-12 07:00:00,4.506966666666667,-9.029166666666667,4.691618084992223,4.70065022281958
2025-12-12 08:00:00,5.399283333333333,-8.319166666666666,4.67167196343712,4.547207907009259
2025-12-12 09:00:00,5.077,-7.3975,4.151803506482393,4.422323490044828
2025-12-12 10:00:00,4.458283333333333,-7.3475,4.443408913270011,4.357426618259774
2025-12-12 11:00:00,5.150833333333333,-6.943333333333334,4.83640875333704,4.175967311444055
2025-12-12 12:00:00,5.0967,-6.9366666666666665,4.2677832638548825,4.245032634123398
2025-12-12 13:00:00,5.240375,-6.476666666666667,4.665041825133617,4.196566931033845
2025-12-12 14:00:00,4.581741666666666,-5.81,4.375268294909208,4.014458623393571
2025-12-12 15:00:00,4.032775,-6.361666666666667,4.584269923769915,4.136109486357196
2025-12-12 16:00:00,5.086708333333333,-6.735833333333333,4.3521209916386105,4.210760001525791
2025-12-12 17:00:00,3.1726916666666667,-6.403333333333333,4.665469828131503,4.0826594639851
2025-12-12 18:00:00,3.6099750000000004,-6.199166666666667,2.842552754195538,4.030049236643767
2025-12-12 19:00:00,3.3853416666666662,-6.125,3.277073609242013,4.030442955725423
2025-12-12 20:00:00,2.5393,-5.9624999999999995,3.375848389279297,4.0674902410874605
2025-12-12 21:00:00,6.103833333333333,-5.969166666666667,4.2566573649581505,4.117534129628433
2025-12-12 22:00:00,4.524258333333333,-6.091666666666668,4.947008805624238,4.032632259705221
2025-12-12 23:00:00,4.890866666666667,-6.204999999999999,4.9189219576192835,4.014018732506136
2025-12-13 00:00:00,4.643258333333333,-6.740833333333334,4.6958708655976436,4.036708131630502
2025-12-13 01:00:00,5.471425,-6.839166666666667,4.704977965623811,4.152255198099542
2025-12-13 02:00:00,4.58695,-7.63,4.847367239034646,4.287377874482328
2025-12-13 03:00:00,4.271125,-8.37,4.636759647639192,4.366940672017143
2025-12-13 04:00:00,5.416991666666666,-9.064166666666667,4.815657535388603,4.441625931889838
2025-12-13 05:00:00,5.693225,-9.3575,4.638107518771338,4.535561761979885
2025-12-13 06:00:00,3.2854249999999996,-10.148333333333333,4.180915356413822,4.649870643575954
2025-12-13 07:00:00,4.459016666666667,-10.911666666666667,4.260643228514418,4.804013014521
2025-12-13 08:00:00,3.5322333333333336,-9.272499999999999,4.652181603902502,4.487448093708652
2025-12-13 09:00:00,4.286833333333332,-6.398333333333333,4.034652149708019,3.9340731175106596
2025-12-13 10:00:00,3.545633333333333,-4.7225,3.9715497744234884,3.5915499976553367
2025-12-13 11:00:00,2.3878333333333335,-4.153333333333333,3.757807719246861,3.4598513609984844
2025-12-13 12:00:00,4.403975,-4.026666666666666,3.7085349412415134,3.426013781737425
2025-12-13 13:00:00,3.0809333333333337,-3.6441666666666666,4.04140674600425,3.353685831394145
2025-12-13 14:00:00,3.6935,-3.6475000000000004,3.9485295162975116,3.3483950297520497
2025-12-13 15:00:00,3.9102083333333333,-4.579166666666667,4.254872839456545,3.516050058083661
2025-12-13 16:00:00,4.6034999999999995,-7.1066666666666665,4.409696143235805,4.026189497991138
2025-12-13 17:00:00,3.5174666666666665,-8.116666666666667,4.475566593666958,4.232655135755963
2025-12-13 18:00:00,4.107541666666666,-8.11,4.585804056915929,4.231292326265766
2025-12-13 19:00:00,4.725433333333333,-9.740833333333333,5.144227192794275,4.564669597805175
2025-12-13 20:00:00,4.124083333333332,-11.213333333333333,4.821642320203217,4.865680143952408
2025-12-13 21:00:00,3.4414166666666666,-12.135833333333336,4.663160402544957,5.054258907158401
2025-12-13 22:00:00,4.54285,-12.64,4.972486621974273,5.157321374854538
2025-12-13 23:00:00,3.869641666666667,-13.463333333333333,5.193073533640837,5.325628346893851
2025-12-14 00:00:00,4.1637749999999984,-13.25,5.3136431355197855,5.282018443207551
2025-12-14 01:00:00,5.157183333333333,-13.347499999999998,4.487547811852062,5.3019495320016805
2025-12-14 02:00:00,4.445624999999999,-12.921666666666667,4.7491915433696095,5.214900075815356
2025-12-14 03:00:00,3.08995,-12.976666666666667,4.610678261219581,5.22614325410948
2025-12-14 04:00:00,4.301875,-14.286666666666667,4.857997277129737,5.493935318933165
2025-12-14 05:00:00,5.420725,-15.509166666666665,5.638798867989838,5.743840509198014
2025-12-14 06:00:00,4.562783333333334,-15.449166666666665,5.628741122852215,5.731575223786242
2025-12-14 07:00:00,5.349550000000001,-15.1075,4.6175816640166,5.661731237413654
2025-12-14 08:00:00,6.372783333333333,-14.375,5.461825238149553,5.511992544678273
2025-12-14 09:00:00,4.64815,-11.834166666666667,5.322777931725236,4.9939853875392455
2025-12-14 10:00:00,4.532941666666666,-7.276666666666666,4.436519107113715,4.063827796091609
2025-12-14 11:00:00,4.371458333333333,-3.540833333333333,3.878007296108033,3.3443586762738424
2025-12-14 12:00:00,3.63805,-2.955,3.773823918917361,3.2165980690888585
2025-12-14 13:00:00,3.4857416666666667,-3.2583333333333333,4.153378844079326,3.290203309499769
2025-12-14 14:00:00,2.58035,-3.5641666666666665,3.708292772959683,3.3516145233132475
2025-12-14 15:00:00,4.0399416666666665,-4.76,3.882841124009187,3.5825121675849103
2025-12-14 16:00:00,4.6302666666666665,-6.8425,4.031720957462853,4.005621913904929
2025-12-14 17:00:00,5.568641666666666,-8.6075,5.0734386076556905,4.35148316843498
2025-12-14 18:00:00,4.986141666666666,-9.795,4.930874412454517,4.623555002361399
2025-12-14 19:00:00,4.590775,-10.314166666666667,4.726381900712172,4.771593522535088
2025-12-14 20:00:00,6.3382000000000005,-9.99,5.028360354333677,4.770118897451711
2025-12-14 21:00:00,5.500291666666667,-10.098333333333334,5.065784838425027,4.795818494726349
2025-12-14 22:00:00,5.6925,-10.656666666666666,5.231625724557391,4.893039047860988
2025-12-14 23:00:00,5.547741666666666,-10.689166666666665,5.088549652592591,4.866905790831067
2025-12-15 00:00:00,4.854958333333332,-10.699166666666668,5.188073762711605,4.901973328431994
2025-12-15 01:00:00,6.073708333333333,-10.990833333333333,4.935596245522258,4.911925209741066
2025-12-15 02:00:00,4.5168333333333335,-11.963333333333333,5.12279981446454,5.149469192485568
2025-12-15 03:00:00,5.904491666666666,-12.333333333333334,5.001088789755135,5.2000304879734704
2025-12-15 04:00:00,6.196066666666667,-11.795833333333334,5.3058969693082645,5.115737902776092
2025-12-15 05:00:00,4.290191666666667,-12.119166666666667,5.147116402368112,5.1879812687454585
2025-12-15 06:00:00,5.515625,-12.708333333333334,4.977412984087657,5.309492196468058
2025-12-15 07:00:00,5.866616666666666,-13.213333333333333,5.370901975373327,5.4316810714214405
2025-12-15 08:00:00,6.436966666666666,-11.846666666666666,5.390359515415606,5.164208658227235
2025-12-15 09:00:00,6.5259833333333335,-10.018333333333333,5.36100556122846,4.808048890274996
2025-12-15 10:00:00,5.638066666666667,-7.644166666666667,4.650248551582371,4.315540757659313
2025-12-15 11:00:00,3.9095416666666667,-6.754166666666666,4.020362979259523,4.164734420933039
2025-12-15 12:00:00,5.024208333333333,-6.359166666666667,3.6521338823974583,4.039641231193127
2025-12-15 13:00:00,5.452949999999999,-7.435833333333334,4.6388907132324855,4.296605757724111
2025-12-15 14:00:00,5.081908333333333,-7.8808333333333325,4.771400332734976,4.382864854721503
2025-12-15 15:00:00,6.570558333333334,-9.014166666666666,5.063167716022048,4.660016377222161
2025-12-15 16:00:00,5.497283333333334,-9.57,5.406414581702537,4.7954517890522235
2025-12-15 17:00:00,7.1440166666666665,-9.906666666666666,5.390749056949962,4.738572780396405
2025-12-15 18:00:00,6.583666666666667,-10.661666666666667,5.527694362426019,4.798085734309708
2025-12-15 19:00:00,4.070508333333334,-10.545833333333333,4.979354552548101,4.8004848211048206
2025-12-15 20:00:00,4.055166666666667,-10.499166666666666,3.6647994546665053,4.915488737734552
2025-12-15 21:00:00,4.568108333333333,-10.439166666666667,4.382913003661932,4.887654296733307
2025-12-15 22:00:00,5.313899999999999,-10.5125,5.149977707341856,4.820569274710198
2025-12-15 23:00:00,5.9345583333333325,-11.079166666666667,5.464330620858626,4.9458683701897295
2025-12-16 00:00:00,4.652733333333334,-12.199166666666668,5.443425084718782,5.118590523805617
2025-12-16 01:00:00,4.445491666666666,-11.971666666666666,5.436587334574978,5.121751848905983
2025-12-16 02:00:00,6.320058333333333,-13.737499999999999,5.520133483810885,5.38818537527824
2025-12-16 03:00:00,6.681291666666667,-15.115833333333333,5.830096314933267,5.664115932030107
2025-12-16 04:00:00,4.8497916666666665,-16.183333333333334,5.570947267881071,5.8816546188941725
2025-12-16 05:00:00,5.607924999999999,-16.62916666666667,5.775198615369512,6.026087889540146
2025-12-16 06:00:00,6.90275,-12.865833333333335,6.087494715314848,5.347286911370257
2025-12-16 07:00:00,4.775883333333333,-12.699166666666665,5.8717370381636185,5.175755883429921
2025-12-16 08:00:00,4.963533333333334,-11.235833333333334,5.028612465097842,4.871639600495134
2025-12-16 09:00:00,5.371758333333332,-9.786666666666667,4.818040676612304,4.574038913050279
2025-12-16 10:00:00,3.4931666666666668,-4.956666666666666,4.33895885902766,3.6239562750143617
2025-12-16 11:00:00,3.2124166666666665,-2.750833333333333,3.5039792593955825,3.2002080056488214
2025-12-16 12:00:00,3.3206833333333337,-1.665,3.2528273690120604,2.9745365562153037
2025-12-16 13:00:00,3.8495749999999993,-2.1158333333333332,3.8651897822906762,3.04362951943066
2025-12-16 14:00:00,3.398325,-2.3049999999999997,3.9778138866454764,3.063326526376039
2025-12-16 15:00:00,4.930991666666667,-2.440833333333333,4.0269232587699415,3.084399504366544
2025-12-16 16:00:00,4.867908333333333,-2.9075,4.107897603930688,3.189936727167376
2025-12-16 17:00:00,3.6040083333333333,-4.9125000000000005,3.994564703433974,3.5866938014954535
2025-12-16 18:00:00,3.5484750000000003,-7.225833333333334,3.582323114785467,4.050549717628407
2025-12-16 19:00:00,4.736383333333333,-8.505,4.364101260222028,4.312038788559931
2025-12-16 20:00:00,4.529258333333333,-8.259166666666667,4.26053863169039,4.261785188608921
2025-12-16 21:00:00,3.5178499999999997,-7.875,3.950316601813436,4.183253291736326
2025-12-16 22:00:00,3.3512249999999995,-7.205000000000001,3.7102842161536453,4.077730310557323
2025-12-16 23:00:00,6.362733333333332,-4.46,4.46880644223836,3.5365273099999843
2025-12-17 00:00:00,4.578316666666666,-4.351666666666667,4.736164250231401,3.4951494165364334
2025-12-17 01:00:00,4.5157,-4.411666666666666,4.283696796207502,3.5147154134591676
2025-12-17 02:00:00,4.975733333333333,-4.656666666666666,4.210602777806454,3.572853280081895
2025-12-17 03:00:00,3.9064749999999995,-4.848333333333334,3.8902837813566395,3.590327521245544
2025-12-17 04:00:00,5.218841666666666,-4.931666666666666,3.9118901849347814,3.6002755719666704
2025-12-17 05:00:00,4.864258333333334,-3.8699999999999997,3.8189384320899644,3.413336549372747
2025-12-17 06:00:00,3.0019333333333336,-3.6058333333333334,3.540294346800537,3.384276328350548
2025-12-17 07:00:00,4.131308333333333,-3.3524999999999996,3.4218515686093216,3.326992060726621
2025-12-17 08:00:00,4.0527750000000005,-2.635,3.2983205918408753,3.186938861363419
2025-12-18 13:55:00,2.352125,2.533333333333333,2.3224184533837664,2.116780484252399
2025-12-18 14:55:00,2.532475,0.44083333333333324,2.442902390965914,2.4990252569131433
2025-12-18 15:55:00,2.6248666666666667,-2.7875,2.6507902480023846,3.14423980671598
2025-12-18 16:55:00,3.224191666666666,-2.5933333333333333,3.0015497308408907,3.1165777001906414
2025-12-18 17:55:00,2.331975,0.9083333333333332,2.7727861268342706,2.440811642360782
2025-12-18 18:55:00,1.4520666666666668,1.7958333333333334,2.5468425212856824,2.269672509228506
2025-12-18 19:55:00,2.908091666666667,2.5649999999999995,2.253948596903664,2.148226793776879
2025-12-18 20:55:00,2.454683333333333,2.8049999999999997,2.306903558982397,2.116422853803712
2025-12-18 21:55:00,4.097166666666666,3.060833333333333,2.7026009604615546,2.060092524012085
2025-12-18 22:55:00,2.963933333333333,3.0558333333333336,3.226448564040658,2.0136428489085088
2025-12-18 23:55:00,2.651683333333333,2.81,2.893264815044733,2.035981894221545
2025-12-19 00:55:00,4.518891666666667,2.5566666666666666,2.910045885191551,2.075553554362003
2025-12-19 01:55:00,3.397641666666667,3.0275,2.847662740493243,1.9818932641985323
2025-12-19 02:55:00,3.083566666666667,2.9491666666666667,2.719211111407305,1.9747674408821512
2025-12-19 03:55:00,3.029108333333333,2.0691666666666664,2.5930474037890936,2.150452585921424
2025-12-19 04:55:00,3.2196249999999997,2.268333333333333,2.43876126485274,2.111570281292045
2025-12-19 05:55:00,2.0116833333333335,4.0675,2.3964077264738575,1.7426172228145396
2025-12-19 06:55:00,3.0648583333333335,4.653333333333333,2.4895035795593023,1.622193557283863
2025-12-19 07:55:00,2.1734416666666667,5.574166666666667,1.9176503700668746,1.4437329805716521
2025-12-19 08:55:00,2.1248416666666663,7.5183333333333335,1.8394767226646223,1.0600228813874462
2025-12-19 09:55:00,3.0218333333333334,8.8925,1.86774297427813,0.8153228497875452
2025-12-19 10:55:00,2.159625,9.736666666666666,1.8634695865886093,0.6510138632466342
2025-12-19 11:55:00,1.936,9.929166666666665,1.476740400353126,0.610939274514467
2025-12-19 12:55:00,2.171358333333333,10.560833333333333,1.1978582788869012,0.4778965377911287
2025-12-19 13:55:00,1.652825,11.296666666666667,1.3698970476031582,0.341214748436008
2025-12-20 18:05:00,2.6451499999999997,-4.149166666666667,2.8626741595016254,3.4655136105257425
2025-12-20 19:05:00,1.795425,-4.055,3.020446448888602,3.4851557004553193
2025-12-20 20:05:00,2.6847,-3.8983333333333334,3.116557956737236,3.4643091796923167
2025-12-20 21:05:00,6.560466666666667,-3.2866666666666666,3.7241975561675846,3.382666190812576
2025-12-20 22:05:00,4.416458333333333,-2.4175000000000004,4.7406075013174505,3.2829521999314855
2025-12-20 23:05:00,3.862325,-2.2500000000000004,3.9428338766619215,3.2269141888833186
2025-12-21 00:05:00,4.520766666666666,-2.1999999999999997,4.242276311078985,3.172050725332703
2025-12-21 01:05:00,4.469691666666667,-2.225833333333333,4.004528756500784,3.11659921458219
2025-12-21 02:05:00,3.2110749999999992,-2.185833333333333,3.7210444772304054,3.126092475114187
2025-12-21 03:05:00,4.24745,-2.6833333333333336,3.7552025716355146,3.20864357365004
2025-12-21 04:05:00,4.134058333333333,-2.588333333333333,3.496354803052049,3.152345715944814
2025-12-21 05:05:00,2.725825,-2.203333333333333,3.5225808525290394,3.0824312824042406
2025-12-21 06:05:00,3.645266666666667,-1.685833333333333,3.549877870332227,2.9818819579949767
2025-12-21 07:05:00,3.5681249999999998,-2.0599999999999996,3.3174610095010126,3.0304399312576322
2025-12-21 08:05:00,2.7329166666666667,-1.4641666666666666,3.315006778913307,2.9504264881224613
2025-12-21 09:05:00,2.534116666666667,0.24,2.849287569384996,2.64102478901919
2025-12-21 10:05:00,2.357725,1.2783333333333333,2.58096829976231,2.4455652962818837
2025-12-21 11:05:00,2.2941166666666666,1.7550000000000006,2.2270218851934396,2.382925379311637
2025-12-21 12:05:00,1.5015499999999997,0.7225,2.785353818721264,2.632130936866381
2025-12-21 13:05:00,0.0,0.21833333333333338,2.6771121815211183,2.84660799993165
2025-12-21 14:05:00,0.0,-0.36166666666666675,2.418382919168058,2.965289461365691
2025-12-21 15:05:00,0.0,-1.1941666666666666,2.5063867428789957,3.059133089499198
2025-12-21 16:05:00,0.0,-2.1525000000000003,2.626313503126034,3.2701050157028693
2025-12-21 17:05:00,0.0,-2.750833333333334,2.7544244256276462,3.451580826953919
2025-12-21 18:05:00,0.0,-3.356666666666667,2.891226035497646,3.6263721054627696
2025-12-21 19:05:00,0.0,-3.8516666666666666,2.936219800568077,3.6882730206878835
2025-12-21 20:05:00,0.0,-4.365000000000001,2.942119724458198,3.709661382038991
2025-12-21 21:05:00,0.0,-5.110833333333333,3.137074732272826,3.9796328149627156
2025-12-21 22:05:00,0.0,-6.1933333333333325,3.135167826230609,4.084951296725133
2025-12-21 23:05:00,0.0,-7.490833333333334,3.4011421828288717,4.520807201483409
2025-12-22 00:05:00,0.0,-8.495833333333334,3.4696560921574187,4.678882536812494
2025-12-22 01:05:00,0.0,-9.064166666666667,3.522654454352604,4.744003823778516
2025-12-22 02:05:00,0.0,-9.215833333333334,3.621887544710098,4.79347258569498
2025-12-22 03:05:00,0.0,-9.278333333333334,3.703879732199159,4.815515952941755
2025-12-22 04:05:00,0.0,-9.522499999999999,3.7510831014073456,4.838717924371854
2025-12-22 05:05:00,0.0,-10.0375,3.850521105092459,4.976706147162486
2025-12-22 06:05:00,0.0,-10.634166666666667,3.9308819182480463,5.119454819528446
2025-12-22 07:05:00,0.0,-11.351666666666667,3.892911279303217,5.219673342131894
2025-12-22 08:05:00,0.0,-10.5825,3.7266363761488552,5.049899830468591
2025-12-22 09:05:00,0.0,-9.977500000000001,3.626202749633653,4.945452680133012
2025-12-22 10:05:00,0.0,-8.4625,3.1288439444024823,4.631411627352683
2025-12-22 11:05:00,0.0,-8.106666666666667,2.9852334177574678,4.555470028791095
2025-12-22 12:05:00,3.0351583333333334,-7.940833333333334,3.0847487374711773,4.570777210834098
2025-12-22 13:05:00,6.049266666666665,-8.403333333333334,7.737323930482006,4.64835880506896
2025-12-22 14:05:00,6.2186916666666665,-8.619166666666667,7.330447920028804,4.601621785551952
2025-12-22 15:05:00,6.175891666666668,-9.5325,7.049082871959563,4.655909486710216
2025-12-22 16:05:00,5.413275,-10.518333333333333,5.637204285396686,4.952129884398359
2025-12-22 17:05:00,4.247058333333333,-10.785833333333334,5.59459972996636,4.969004361887424
2025-12-22 18:05:00,4.1983999999999995,-10.758333333333333,5.911068023527653,4.894109158368918
2025-12-22 19:05:00,6.3072833333333325,-10.645000000000001,6.402423718084213,4.821739497479686
2025-12-22 20:05:00,6.038683333333333,-10.852500000000001,8.30784102499478,4.865991911971743
2025-12-22 21:05:00,8.887575,-10.319166666666666,7.469571578054903,4.788319547330369
2025-12-22 22:05:00,6.1751,-9.990833333333333,6.651489724389629,4.6717527285620255
2025-12-22 23:05:00,7.189866666666666,-10.055,5.962457230324046,4.672056007527393
2025-12-23 00:05:00,7.497191666666667,-10.755,5.429518521783509,4.815916826120571
2025-12-23 01:05:00,6.394291666666665,-12.729166666666666,5.27766838325484,5.222793106078454
2025-12-23 02:05:00,6.915333333333333,-13.545833333333329,4.8088703153319265,5.389476208821219
2025-12-23 03:05:00,5.616591666666667,-14.690000000000003,4.819781485201344,5.630158188980529
2025-12-23 04:05:00,5.3237,-15.560000000000002,5.414757109810247,5.80904187313538
2025-12-23 05:05:00,5.557908333333333,-15.921666666666669,5.360417099000143,5.889198360690639
2025-12-23 06:05:00,4.112075,-16.3,4.959886770431426,5.958387569961633
2025-12-23 07:05:00,3.405783333333333,-15.600833333333334,4.0728962652359115,5.811810469119758
2025-12-23 08:05:00,5.532825000000001,-13.259166666666667,4.305960053271129,5.356997117344656
2025-12-23 09:05:00,5.675883333333332,-10.772499999999999,4.477618360634189,4.92125263429067
2025-12-23 10:05:00,4.140541666666667,-9.041666666666666,4.415346030918618,4.6506546335993955
2025-12-23 11:05:00,4.674099999999999,-8.115,4.287810616774361,4.47346196386687
2025-12-23 12:05:00,3.8981749999999997,-7.615833333333334,4.096374211881869,4.297696905332015
2025-12-23 13:05:00,3.8697749999999993,-7.555833333333333,4.01183961517546,4.305377544601212
2025-12-23 14:05:00,3.5295416666666664,-7.028333333333333,4.603628010586985,4.1045014839436895
2025-12-23 15:05:00,5.322175,-7.291666666666667,4.646269528743976,4.185898067144578
2025-12-23 16:05:00,4.170108333333333,-7.480833333333333,4.832172626699297,4.211943687314873
2025-12-23 17:05:00,3.057008333333333,-7.485833333333333,3.290705276992161,4.189941281447152
2025-12-23 18:05:00,2.217925,-7.648333333333333,3.206459532805825,4.230743215665586
2025-12-23 19:05:00,5.218358333333334,-8.036666666666667,4.375593436280534,4.389190125445335
2025-12-23 20:05:00,3.3437833333333336,-8.213333333333333,4.018630163307281,4.436573739209874
2025-12-23 21:05:00,4.626608333333333,-8.338333333333333,4.684421126294723,4.4012786293067325
2025-12-23 22:05:00,4.918824999999999,-8.991666666666667,5.308207450421107,4.617345006652849
2025-12-23 23:05:00,4.364533333333333,-9.653333333333334,4.865404138828344,4.762004830112263
2025-12-24 00:05:00,6.7738749999999985,-9.926666666666668,5.371421280239471,4.826485328122992
2025-12-24 01:05:00,4.484341666666666,-10.36,4.77831602882628,5.03617130591708
2025-12-24 02:05:00,4.189391666666667,-10.775,5.015976102845466,5.091612962963284
2025-12-24 03:05:00,5.436633333333334,-10.921666666666667,5.196731895647741,5.0525788018587345
2025-12-24 04:05:00,5.116241666666666,-11.184166666666668,5.154219226533584,5.149290427877401
2025-12-24 05:05:00,5.023941666666666,-11.265,5.086031463735992,5.097534007127314
2025-12-24 06:05:00,5.008541666666667,-11.28,5.0144504531722,5.161905432255402
2025-12-24 07:05:00,4.303308333333333,-11.292499999999999,5.050167971162253,5.093162415254554
2025-12-24 08:05:00,6.199525,-11.056666666666667,5.294670804578631,5.033633847038024
2025-12-24 09:05:00,4.7036999999999995,-10.486666666666666,4.944131399642938,4.851124403232297
2025-12-24 10:05:00,3.7113666666666667,-9.9725,4.363080143375789,4.777269766968523
2025-12-24 11:05:00,4.447608333333333,-9.051666666666668,4.495120914608218,4.662834190827444
2025-12-24 12:05:00,3.6822916666666665,-8.138333333333334,4.101361207827419,4.427571344878297
2025-12-24 13:05:00,4.402941666666667,-7.5874999999999995,4.702122958236154,4.2010071114079635
2025-12-24 14:05:00,5.685708333333333,-7.705000000000001,4.665615956333173,4.215172703059085
2025-12-24 15:05:00,3.5891166666666665,-8.476666666666667,4.021083692726979,4.34870486779755
2025-12-24 16:05:00,5.2856749999999995,-10.111666666666666,4.422262265987041,4.68370188331827
2025-12-24 17:05:00,4.945366666666666,-11.703333333333333,4.5918050546804325,5.010813982738467
2025-12-24 18:05:00,4.735483333333333,-13.023333333333332,4.70646857535687,5.284417432346082
2025-12-24 19:05:00,3.3337916666666665,-14.592500000000001,4.519936543574101,5.604582385193874
2025-12-24 20:05:00,2.7336083333333336,-15.897499999999999,4.712276038342716,5.87278005414258
2025-12-24 21:05:00,3.680233333333333,-15.850833333333332,5.268159981061348,5.864452692150137
2025-12-24 22:05:00,5.541108333333334,-14.84666666666667,5.394177328550311,5.663530063244337
2025-12-24 23:05:00,5.7283583333333326,-14.041666666666666,5.613277150309409,5.491377621991386
2025-12-25 00:05:00,6.1478,-13.286666666666667,5.935941242151551,5.342583647493375
2025-12-25 01:05:00,6.318125,-12.541666666666666,5.593992774443017,5.18679887587629
2025-12-25 02:05:00,3.6821166666666674,-10.976666666666667,5.1823416244473455,4.875549290217952
2025-12-25 03:05:00,6.4045749999999995,-9.5375,5.2271654153846745,4.623447385405744
2025-12-25 04:05:00,5.418691666666667,-9.289166666666667,5.147265253466317,4.581412530874496
2025-12-25 05:05:00,4.685275,-9.275,4.85554541733387,4.546402329279886
2025-12-25 06:05:00,3.755183333333333,-9.225,4.709907196263534,4.517220635993627
2025-12-25 07:05:00,6.2103166666666665,-9.324166666666667,4.905171495899535,4.521858462400948
2025-12-25 08:05:00,4.552791666666667,-9.290833333333333,4.725815082305706,4.515007947229844
2025-12-25 09:05:00,3.859683333333333,-8.805,4.0660148846165205,4.4151616886110086
2025-12-25 10:05:00,4.826025,-7.9816666666666665,4.41692344712677,4.245953963884749
2025-12-25 11:05:00,3.0931083333333333,-6.403333333333333,3.9920560294291096,3.921582070532993
2025-12-25 12:05:00,3.5921833333333337,-6.283333333333334,4.520499334429861,3.89692021591702
2025-12-25 13:05:00,5.205266666666667,-5.574166666666667,4.559549019260265,3.7511755056517906
2025-12-25 14:05:00,3.916366666666667,-5.3625,4.356878872535412,3.709644751222597
2025-12-25 15:05:00,3.9982749999999987,-6.389166666666667,4.3557835967461,3.989940769506229
2025-12-25 16:05:00,4.813783333333333,-7.730833333333333,4.719561771092967,4.3445179695072165
2025-12-25 17:05:00,5.472475000000001,-8.634166666666667,4.755575168225804,4.444108297720211
2025-12-25 18:05:00,4.7722500000000005,-9.319166666666666,4.455022789475495,4.637083688299373
2025-12-25 19:05:00,4.773883333333334,-10.4625,4.456337381530639,4.887764854918035
2025-12-25 20:05:00,4.672733333333333,-11.9125,5.230857885993053,5.224915976003731
2025-12-25 21:05:00,6.154766666666666,-12.884166666666665,5.571396237064769,5.409277044437709
2025-12-25 22:05:00,6.258266666666667,-14.065000000000003,5.480385225317967,5.559353016618089
2025-12-25 23:05:00,4.326841666666666,-14.794166666666667,5.440394351282215,5.694351042185001
2025-12-26 00:05:00,5.96805,-14.698333333333332,5.750337648469864,5.758779552133832
2025-12-26 01:05:00,6.3675999999999995,-14.768333333333336,6.241869938625224,5.813653037163798
2025-12-26 02:05:00,4.116633333333334,-15.24083333333333,5.595401322894959,5.865866383005477
2025-12-26 03:05:00,6.306125,-15.940000000000003,5.876145055367697,5.9512611729174765
2025-12-26 04:05:00,5.981283333333334,-16.473333333333333,5.990882420753628,6.058996971669513
2025-12-26 05:05:00,5.494941666666667,-16.5975,4.741662278496748,6.171588295970317
2025-12-26 06:05:00,4.211075,-17.689166666666665,5.046551198857317,6.263012449218332
2025-12-26 07:05:00,6.053333333333333,-18.39833333333333,5.655218421619773,6.446535792225375
2025-12-26 08:05:00,5.088374999999999,-16.435,5.932447221264155,6.009827561167185
2025-12-26 09:05:00,5.860066666666666,-14.254166666666663,5.204191750572497,5.657755448804369
2025-12-26 10:05:00,3.769883333333333,-13.175833333333335,4.706126812769465,5.5921517783063575
2025-12-26 11:05:00,4.055133333333333,-12.667499999999999,4.4067324778543115,5.469958628527853
2025-12-26 12:05:00,3.9632166666666664,-10.94,4.480178271730558,5.000255166455026
2025-12-26 13:05:00,3.8458750000000004,-11.780833333333334,5.34601248064628,5.140259042424574
2025-12-26 14:05:00,6.112933333333334,-12.35666666666667,5.640062361924043,5.151181421815494
2025-12-26 15:05:00,5.146366666666666,-13.29166666666667,5.026079884776674,5.374832064201517
2025-12-26 16:05:00,5.084208333333334,-15.403333333333336,4.809697583060908,5.771221166730969
2025-12-26 17:05:00,4.550191666666666,-17.609166666666663,5.543162879866281,6.22455400817875
2025-12-26 18:05:00,6.1157916666666665,-19.09916666666667,5.798080923899919,6.5307720363270825
2025-12-26 19:05:00,5.4631,-20.505,5.711110089337937,6.827175479575649
2025-12-26 20:05:00,4.729141666666667,-20.88083333333333,6.157335215484088,6.941519575101652
2025-12-26 21:05:00,5.687408333333334,-18.726666666666667,5.991257063391684,6.4958879693719345
2025-12-26 22:05:00,7.832741666666668,-18.81333333333333,6.651661592346761,6.472028868734868
2025-12-27 00:05:00,5.733275,-19.685833333333335,6.385322725418986,6.615006154365301
2025-12-27 01:05:00,4.994716666666666,-19.860833333333332,6.733742915578526,6.6489555407973135
2025-12-27 02:05:00,7.196516666666666,-19.86916666666667,7.243381927969515,6.650655950136757
2025-12-27 03:05:00,7.982091666666668,-20.406666666666666,7.402769326940699,6.760332352530924
2025-12-27 04:05:00,6.102508333333334,-20.6575,6.825837036058151,6.811514673648199
2025-12-27 05:05:00,5.3488083333333325,-20.453333333333333,6.854540760222989,6.7698546448318115
2025-12-27 06:05:00,7.466358333333333,-19.375,7.561326658255742,6.549821676307703
2025-12-27 07:05:00,7.311083333333333,-18.296666666666663,7.430039682602852,6.329788707783594
2025-12-27 08:05:00,4.586708333333332,-16.281666666666663,6.839895091555076,5.918629729505932
2025-12-27 09:05:00,7.015675,-14.049999999999999,6.36294645708268,5.502044248870296
2025-12-27 10:05:00,7.3442583333333324,-12.060833333333335,5.765939529201385,5.111207761648646
2025-12-27 11:05:00,5.471016666666666,-11.126666666666667,5.0418023696959695,4.903061042802693
2025-12-27 12:05:00,4.575541666666666,-9.721666666666666,4.775991114267011,4.623420451289208
2025-12-27 13:05:00,5.810308333333334,-9.88,5.01107013460816,4.6252789182261385
2025-12-27 14:05:00,4.251766666666667,-10.134166666666667,4.974036226012479,4.69154164287257
2025-12-27 15:05:00,4.672116666666666,-10.685,4.461123827072634,4.810051069013676
2025-12-27 16:05:00,4.128933333333333,-12.999166666666667,5.4577709073802625,5.248838490698775
2025-12-27 17:05:00,4.264941666666666,-14.619999999999997,5.1726542476810105,5.579568107220714
2025-12-27 18:05:00,3.5187416666666667,-15.161666666666667,3.761989772692824,5.690094714284602
2025-12-27 19:05:00,4.231158333333333,-16.776666666666667,4.888614217369828,6.019634044268932
2025-12-27 20:05:00,2.9401,-17.695000000000004,4.730165413228966,6.216074513733175
2025-12-27 21:05:00,2.8666000000000005,-18.389999999999997,4.794218518338413,6.348833292385372
2025-12-27 22:05:00,5.278233333333333,-17.388333333333335,5.580130820349146,6.1444440897841535
2025-12-27 23:05:00,5.856741666666667,-15.410833333333334,6.274333801720066,5.74850850288692
2025-12-28 00:05:00,4.658641666666665,-14.5875,5.018074080814549,5.577370856831449
2025-12-28 01:05:00,5.776050000000001,-14.082499999999998,5.665335014015126,5.474190415895597
2025-12-28 02:05:00,6.760075,-14.537500000000001,5.909171847112819,5.562734054760215
2025-12-28 03:05:00,4.5675,-14.139166666666666,6.101052564560096,5.501403106315256
2025-12-28 04:05:00,5.461716666666667,-13.723333333333334,5.735702590302805,5.425590790045056
2025-12-28 05:05:00,6.268166666666667,-13.360833333333334,5.722787758494472,5.374589727558174
2025-12-28 06:05:00,4.3636333333333335,-13.7825,5.4773574901740725,5.421788852638629
2025-12-28 07:05:00,4.491175,-13.717499999999996,5.414683047425989,5.412152559434267
2025-12-28 08:05:00,5.838233333333333,-11.46,5.871142672041827,4.97615198364582
2025-12-28 09:05:00,4.991708333333333,-9.227500000000001,4.478314207549491,4.551936047541613
2025-12-28 10:05:00,2.93595,-6.7366666666666655,4.303003181730467,4.051655971640978
2025-12-28 11:05:00,1.5305166666666667,-5.25,2.529774785384021,3.7303025659373312
2025-12-28 12:05:00,2.407725,-4.0125,2.663960525010154,3.503645184505126
2025-12-28 13:05:00,2.1751750000000003,-4.406666666666667,3.5841561109453557,3.565980593204801
2025-12-28 14:05:00,4.341141666666666,-4.703333333333333,4.0388326053027255,3.609700899046793
2025-12-28 15:05:00,4.282791666666667,-5.5200000000000005,3.980412719459551,3.7227211085474035
2025-12-28 16:05:00,4.624633333333333,-6.625,4.587871642805826,3.953773003191262
2025-12-28 17:05:00,4.429233333333334,-7.523333333333333,5.23236493246352,4.13202750389309
2025-12-28 18:05:00,3.995508333333333,-7.755,3.9186176047661716,4.178770893386398
2025-12-28 19:05:00,4.496941666666666,-9.0275,4.055673850735067,4.438423399519562
2025-12-28 20:05:00,4.826675,-8.800833333333333,5.112235005350995,4.392172265486673
2025-12-28 21:05:00,4.978791666666666,-9.339166666666667,4.839283752294749,4.502018708814783
2025-12-28 22:05:00,4.359066666666667,-10.707500000000001,5.148417550293467,4.781225922351558
2025-12-28 23:05:00,5.989833333333333,-11.120833333333332,4.868044171841382,4.865566225588001
2025-12-29 00:05:00,4.546025,-11.185833333333335,4.992233682313263,4.878829418435668
2025-12-29 01:05:00,3.352208333333334,-11.027500000000002,4.767214237537245,4.846521640986223
2025-12-29 02:05:00,4.968675,-10.471666666666666,5.014115793433176,4.73310433804528
2025-12-29 03:05:00,5.594683333333334,-9.768333333333333,5.386317478116229,4.589589789796171
2025-12-29 04:05:00,4.275341666666666,-9.0375,4.840611777882292,4.440463890726895
2025-12-29 05:05:00,3.6051416666666665,-8.39,4.477854414131833,4.308342085052063
2025-12-29 06:05:00,5.074875,-8.005833333333333,4.899184820347258,4.230492746975834
2025-12-29 07:05:00,5.129016666666666,-7.2924999999999995,4.978164601896322,4.084398175047232
2025-12-29 08:05:00,3.4258416666666665,-6.545833333333333,4.6594637879222605,3.9330695551561083
2025-12-29 09:05:00,5.550541666666667,-5.754166666666666,4.583425709739687,3.770996847797472
2025-12-29 10:05:00,4.348275,-4.6066666666666665,4.818765803647645,3.5562314296873776
2025-12-29 11:05:00,4.083383333333332,-2.6850000000000005,4.389497698877131,3.1615202640220543
2025-12-29 12:05:00,4.261991666666667,-1.0225,4.401108923184224,2.817508602339936
2025-12-29 13:05:00,3.029575,0.48166666666666674,4.213404173049975,2.554237833919852
2025-12-29 14:05:00,4.1347,0.6666666666666666,3.926656566088877,2.5162095633534114
2025-12-29 15:05:00,4.365691666666667,0.7083333333333334,4.075434159739842,2.497454249149363
2025-12-29 16:05:00,3.6402166666666664,0.8191666666666665,3.4959028144793125,2.4622734552170074
2025-12-29 17:05:00,2.488108333333333,0.5558333333333333,3.2898432672333504,2.4894390027792865
2025-12-29 18:05:00,3.062441666666666,0.12083333333333333,3.00868370888067,2.5717140266774727
2025-12-29 19:05:00,1.874658333333333,0.009166666666666667,2.6580726503717003,2.5944995118260277
2025-12-29 20:05:00,1.9069500000000001,0.027499999999999997,2.481485182343762,2.59075861127925
2025-12-29 21:05:00,1.8820500000000002,-0.004999999999999998,2.4500291689177915,2.5973902077030835
2025-12-29 22:05:00,3.1876999999999995,-0.0375,3.014341086603647,2.61347395084195
2025-12-29 23:05:00,4.070825,0.056666666666666664,3.6751863749385825,2.6432365728814284
2025-12-30 00:05:00,3.7044916666666667,-0.5516666666666666,3.673671903988912,2.8500928797393645
2025-12-30 01:05:00,2.7707083333333333,-1.7400000000000002,3.437569176186745,3.1115033507301755
2025-12-30 02:05:00,3.3757249999999996,-2.3183333333333334,3.4145523269456803,3.197606913656244
2025-12-30 03:05:00,4.385533333333333,-2.5133333333333336,3.73830610953247,3.2288436768781263
2025-12-30 04:05:00,3.257441666666667,-2.9858333333333333,3.8443690175951675,3.325120083785365
2025-12-30 05:05:00,3.778958333333333,-4.4816666666666665,3.827457017017368,3.709772819073911
2025-12-30 06:05:00,3.830025000000001,-6.216666666666666,3.6709887137350803,4.0407914602513735
2025-12-30 07:05:00,3.917883333333333,-7.814166666666666,4.2323689775407285,4.384740699131168
2025-12-30 08:05:00,4.518283333333333,-8.485833333333334,4.386493743779611,4.531665852529834
2025-12-30 09:05:00,4.781783333333333,-8.163333333333334,4.280361612260814,4.490499258493006
2025-12-30 10:05:00,4.129791666666667,-8.397499999999999,3.9942194278626415,4.530618233833106
2025-12-30 11:05:00,3.719533333333333,-9.2375,4.615765008211357,4.696437657748998
2025-12-30 12:05:00,5.064075,-9.714166666666667,5.002313861177444,4.762499913972585
2025-12-30 13:05:00,5.230408333333333,-10.449166666666667,5.3132182838902695,4.975990320320216
2025-12-30 14:05:00,5.257524999999999,-11.166666666666666,5.305408693982966,5.140725106180151
2025-12-30 15:05:00,4.5604499999999994,-12.027499999999998,4.987203363545624,5.30123294815402
2025-12-30 16:05:00,4.620575,-12.689999999999998,5.715317861122271,5.387469715652186
2025-12-30 17:05:00,3.673341666666667,-13.060833333333335,5.517935939740405,5.442911709345939
2025-12-30 18:05:00,4.001933333333334,-13.292500000000004,4.9195765620920655,5.522601513247035
2025-12-30 19:05:00,3.2157250000000004,-13.535833333333334,4.819858244583075,5.569439716666982
2025-12-30 20:05:00,4.859075,-13.791666666666666,5.38200886834915,5.580139983265121
2025-12-30 21:05:00,5.612308333333333,-14.166666666666666,6.277582912547733,5.693124972050096
2025-12-30 22:05:00,6.310691666666667,-14.880833333333333,6.621450301295373,5.779833897895596
2025-12-30 23:05:00,5.881808333333333,-15.148333333333333,7.068500839420351,5.792451045086192
2025-12-31 00:05:00,7.817500000000001,-15.235,7.017452346108764,5.814261147168747
2025-12-31 01:05:00,6.383366666666666,-15.718333333333334,6.520659135224804,5.863671884592989
2025-12-31 02:05:00,5.259875,-16.263333333333335,6.32472605694493,5.960500618201401
2025-12-31 03:05:00,6.205558333333334,-16.38,6.278764819831769,5.969030219446702
2025-12-31 04:05:00,6.754416666666665,-16.156666666666666,7.017399345039656,5.977654498848232
2025-12-31 05:05:00,5.658675000000001,-16.703333333333333,6.582919447627578,6.019308870517112
2025-12-31 06:05:00,5.447033333333333,-18.310000000000002,6.357722931353732,6.3367225143925685
2025-12-31 07:05:00,6.344674999999999,-17.889166666666668,6.8692888005813435,6.250591976539745
2025-12-31 08:05:00,6.302091666666666,-15.384166666666665,7.002417314902427,5.774851251204218
2025-12-31 09:05:00,5.318725,-13.149166666666664,6.7894398050450535,5.347184498389635
2025-12-31 10:05:00,6.407983333333333,-11.295833333333334,4.5202519093741085,5.020500749584645
2025-12-31 11:05:00,3.2850750000000004,-10.139166666666666,2.4291073868113924,4.797467263983533
2025-12-31 12:05:00,6.795066666666665,-8.0175,4.80864404259604,4.3560841235693095
2025-12-31 13:05:00,7.399874999999999,-7.759166666666666,5.46127217413532,4.276842025280778
2025-12-31 14:05:00,6.599724999999999,-7.5225,5.680055859946137,4.2215639476372395
2025-12-31 15:05:00,6.12915,-8.174999999999999,4.675972094895298,4.297491455744891
2025-12-31 16:05:00,5.9303333333333335,-10.713333333333333,4.916585164083029,4.782416208889169
2025-12-31 17:05:00,4.482516666666665,-12.385833333333332,4.749355556089782,5.123688363315665
2025-12-31 18:05:00,6.010508333333332,-13.741666666666667,5.193884775203027,5.400344962843272
2025-12-31 19:05:00,5.791574999999999,-14.851666666666668,5.501232173189603,5.6268394868572695
2025-12-31 20:05:00,5.188591666666667,-15.329166666666667,5.415075943528818,5.724272942007436
2025-12-31 21:05:00,7.232449999999999,-15.978333333333333,5.8439529296271475,5.856734829550156
2025-12-31 22:05:00,3.570658333333333,-16.33666666666667,4.56420277580754,5.930592383475194
2025-12-31 23:05:00,6.434891666666666,-16.486666666666668,5.2947867295787425,5.960459799256267
2026-01-01 00:05:00,4.145766666666667,-16.63,5.565438845052562,5.98970683989471
2026-01-01 01:05:00,7.002624999999998,-15.81583333333333,5.927567608883197,5.823576847430989
2026-01-01 02:05:00,6.4745,-14.72166666666667,5.8190267753307525,5.600313101161937
2026-01-01 03:05:00,3.9173999999999993,-13.731666666666667,5.106075504494536,5.398304471635939
2026-01-01 04:05:00,5.653141666666667,-12.796666666666667,5.330086668751192,5.207518543750275
2026-01-01 05:05:00,4.648783333333333,-12.129166666666668,5.463463298124455,5.071315755660777
2026-01-01 06:05:00,6.537433333333334,-11.536666666666667,5.4469399653321355,4.950416651626278
2026-01-01 07:05:00,3.3347416666666665,-11.181666666666667,5.225806732647516,4.877979213765945
2026-01-01 08:05:00,4.193991666666666,-9.623333333333333,4.616649382349227,4.560002667289838
2026-01-01 09:05:00,4.6862416666666675,-7.2975,4.04944528819587,4.0854184206509
2026-01-01 10:05:00,4.585958333333333,-6.395833333333333,4.30346227381044,3.9035720987384375
2026-01-01 11:05:00,3.513116666666667,-5.584166666666667,4.220854683715789,3.735814260461126
2026-01-01 12:05:00,4.738841666666667,-4.642499999999999,4.805059812681139,3.543668005103905
2026-01-01 13:05:00,2.998625,-4.3774999999999995,3.169423194863703,3.4895949881095727
2026-01-01 14:05:00,3.1436750000000004,-4.6575,3.298571208877223,3.5467287419149054
2026-01-01 15:05:00,3.906283333333333,-5.541666666666667,3.3259310017920307,3.7414225370530416
2026-01-01 16:05:00,1.878058333333333,-7.860833333333333,3.270874484875157,4.283800475984337
2026-01-01 17:05:00,4.375416666666666,-9.62,4.476795156147713,4.669886119386398
2026-01-01 18:05:00,6.3309999999999995,-10.62,5.32445023959547,4.880661393684843
2026-01-01 19:05:00,4.601566666666667,-11.19,4.259331867311054,4.99664726576013
2026-01-01 20:05:00,4.8678,-11.815,4.464320536491934,5.181753396179767
2026-01-01 21:05:00,4.6543,-12.44,4.90569885001986,5.320667075887652
2026-01-01 22:05:00,5.548725000000001,-13.078333333333333,5.498609316099802,5.453756038087557
2026-01-01 23:05:00,7.599716666666667,-14.134999999999998,6.016466065435635,5.706611123083132
2026-01-02 00:05:00,7.725775,-15.33916666666667,6.2616459188381945,6.007692613066265
2026-01-02 01:05:00,6.9605999999999995,-15.829166666666666,6.207310941222127,6.0599048309727
2026-01-02 02:05:00,6.3357,-16.5275,6.359665438796509,6.160041945108055
2026-01-02 03:05:00,7.397275,-17.0425,6.424326538414803,6.342499543044482
2026-01-02 04:05:00,7.227591666666665,-17.57,6.440921494593211,6.390016616650598
2026-01-02 05:05:00,6.727891666666667,-17.995833333333334,6.606717832764263,6.433428572144719
2026-01-02 06:05:00,6.744833333333333,-18.87,6.395269283664441,6.49588847179719
2026-01-02 07:05:00,7.364424999999999,-18.935833333333335,6.571423016809026,6.564297385562602
2026-01-02 08:05:00,7.422625,-17.45916666666667,6.053483109447622,6.326153706606293
2026-01-02 09:05:00,6.0749,-15.9125,6.058214089799816,6.051289196448885
2026-01-02 10:05:00,5.651816666666667,-14.050833333333332,6.100727123661191,5.665447261973121
2026-01-02 11:05:00,4.570841666666667,-13.019166666666665,5.478420832087411,5.474838408575213
2026-01-02 12:05:00,6.231633333333332,-12.119166666666665,5.736238358223799,5.296326827447143
2026-01-02 13:05:00,7.067925000000001,-12.659999999999998,6.192695850237112,5.405701522770701
2026-01-02 14:05:00,7.244558333333333,-12.9775,5.714506325465549,5.4481939167596085
2026-01-02 15:05:00,5.521,-13.81083333333333,5.322393238136198,5.561966992717571
2026-01-02 16:05:00,6.4334083333333325,-14.741666666666667,5.863167994249298,5.662411238633408
2026-01-02 17:05:00,5.174975,-14.991666666666669,6.185972948757812,5.770916598377514
2026-01-02 18:05:00,4.860216666666667,-15.323333333333332,5.564933481201076,5.822203035047302
2026-01-02 19:05:00,4.726675,-15.680000000000001,6.0786694653673505,5.883572197523318
2026-01-02 20:05:00,6.477391666666666,-16.44,5.429493475591318,5.980104846109777
2026-01-02 21:05:00,5.9715750000000005,-16.352500000000003,5.7143108070899915,6.001023461204173
2026-01-02 22:05:00,6.827708333333333,-16.051666666666666,5.5046270147993015,5.932242651181387
2026-01-03 00:05:00,6.405908333333335,-15.143333333333333,6.062077712000198,5.832608223027147
2026-01-03 01:05:00,6.149033333333334,-15.315000000000003,6.054191078912883,5.844004347846701
2026-01-03 02:05:00,7.2538,-15.40333333333333,5.890343964909357,5.867472636768876
2026-01-03 03:05:00,5.486466666666667,-15.810833333333333,6.085744287719272,5.98067293813974
2026-01-03 04:05:00,6.902966666666666,-16.545833333333334,5.923957043420143,6.139030984258635
2026-01-03 05:05:00,7.304633333333332,-17.110833333333332,6.131783337460528,6.259183670327466
2026-01-03 06:05:00,5.1824916666666665,-17.485833333333336,5.677810730851384,6.317171490284598
2026-01-03 07:05:00,7.3292,-17.395,5.9270101569033855,6.325167890288325
2026-01-03 08:05:00,7.2870583333333325,-15.792499999999999,6.142945174522323,6.060994751283314
2026-01-03 09:05:00,6.003316666666667,-14.537500000000001,5.752354842125932,5.868911292050296
2026-01-03 10:05:00,6.748208333333333,-13.329999999999998,5.879919370940252,5.587208976597862
2026-01-03 11:05:00,5.549808333333333,-12.671666666666667,5.132711351785473,5.434123675307167
2026-01-03 12:05:00,4.604841666666666,-12.079166666666667,4.5327226552357445,5.313119345687041
2026-01-03 13:05:00,5.318233333333334,-12.494166666666667,5.440439042614197,5.3550673021701884
2026-01-03 14:05:00,7.282699999999999,-12.847499999999998,6.027452782906724,5.376423918066136
2026-01-03 15:05:00,7.490091666666667,-13.782499999999999,6.042651997267208,5.536743974052255
2026-01-03 16:05:00,6.146166666666667,-15.092500000000001,6.156119247425912,5.835264568944518
2026-01-03 17:05:00,7.301774999999998,-15.341666666666667,5.869281424157317,5.913316172485492
2026-01-03 18:05:00,6.624675000000002,-15.883333333333335,5.755664046278563,5.952181907217081
2026-01-03 19:05:00,5.826508333333332,-16.31833333333333,5.730929261478503,6.037231740276297
2026-01-03 20:05:00,5.9998499999999995,-16.991666666666667,6.0614472542452535,6.277857576178624
2026-01-03 21:05:00,5.512824999999999,-17.518333333333334,5.443145572907206,6.318777723625804
2026-01-03 22:05:00,5.316333333333334,-17.75833333333333,6.045797482169164,6.300700334765028
2026-01-03 23:05:00,7.335850000000001,-18.06,6.256929311525139,6.376873417918208
2026-01-04 00:05:00,6.917083333333333,-18.675,6.468330897775006,6.464982019059448
2026-01-04 01:05:00,5.674641666666666,-19.49333333333333,5.986787043120577,6.6233257156975816
2026-01-04 02:05:00,7.428191666666667,-19.74,6.133284349443807,6.771441481349278
2026-01-04 03:05:00,7.406766666666666,-18.99083333333333,6.526206658257028,6.54550935643648
2026-01-04 04:05:00,5.329983333333334,-19.713333333333335,6.218731790861039,6.6512569553035625
2026-01-04 05:05:00,7.414725,-20.764166666666664,6.465158438299534,6.859822486243214
2026-01-04 06:05:00,7.052816666666666,-21.49416666666667,7.0223023655250065,7.010324145655806
2026-01-04 07:05:00,6.181383333333334,-22.269166666666667,6.603349576754698,7.170103304621231
2026-01-04 08:05:00,7.181658333333333,-19.276666666666667,6.848853751195451,6.599485520595568
2026-01-04 09:05:00,7.023916666666667,-15.505,6.562210082121276,5.951856586720164
2026-01-04 10:05:00,4.904458333333333,-13.684166666666668,6.057380648667369,5.578278988236362
2026-01-04 11:05:00,4.400983333333333,-12.46,5.197081463069421,5.2914605999608435
2026-01-04 12:05:00,4.311841666666666,-11.878333333333332,4.9316781457966705,5.184681965699673
2026-01-04 13:05:00,5.418758333333332,-12.828333333333333,5.788341338609579,5.330145633435868
2026-01-04 14:05:00,7.902758333333332,-13.28416666666667,6.304887590540787,5.430532636548311
2026-01-04 15:05:00,7.7110166666666675,-14.379999999999997,6.034499279528387,5.55775503122148
2026-01-04 16:05:00,5.323641666666667,-15.97166666666667,6.2035263005071934,5.871768783866706
2026-01-04 17:05:00,6.151216666666666,-17.175,6.6509556686370095,6.238229679720043
2026-01-04 18:05:00,6.664591666666666,-17.713333333333335,5.570689372255921,6.23280962542666
2026-01-04 19:05:00,5.032041666666667,-16.392500000000002,5.358839475463754,5.97581681896973
2026-01-04 20:05:00,4.905849999999999,-15.560000000000002,5.066741288638983,5.892263838789447
2026-01-04 21:05:00,4.012658333333333,-16.420833333333334,5.354195403012353,6.1251282235879945
2026-01-04 22:05:00,5.6383833333333335,-16.874166666666667,5.7944647701101095,6.219318822543807
2026-01-04 23:05:00,7.759533333333331,-17.4175,6.874688585008921,6.292909523216754
2026-01-05 00:05:00,6.864133333333332,-18.147499999999997,6.567821178057942,6.389111103110761
2026-01-05 01:05:00,7.220958333333332,-18.475833333333334,6.5580914861862265,6.512447750387598
2026-01-05 02:05:00,6.249424999999999,-19.119166666666665,6.589688157161444,6.528121682215175
2026-01-05 03:05:00,7.056016666666666,-18.3475,6.537399229065396,6.437867433988537
2026-01-05 04:05:00,7.092641666666665,-19.06083333333333,6.514099785631177,6.5714392320104995
2026-01-05 05:05:00,5.022525,-19.918333333333337,7.053409981158411,6.716181138359798
2026-01-05 06:05:00,6.759458333333333,-19.523333333333333,6.886342058937281,6.604910411603827
2026-01-05 07:05:00,7.208124999999998,-19.2125,7.102945864652267,6.539920557217816
2026-01-05 08:05:00,6.839758333333333,-17.574166666666667,6.958833926391562,6.262072443309573
2026-01-05 09:05:00,5.104041666666666,-15.5,6.911250404525797,5.8509381519916
2026-01-05 10:05:00,5.468758333333334,-13.605833333333335,6.848546381922006,5.528354957603889
2026-01-05 11:05:00,5.0515,-11.986666666666666,6.594394409505008,5.17363861635361
2026-01-05 12:05:00,5.372525,-10.609166666666665,5.879488651336479,4.8981113346475835
2026-01-05 13:05:00,8.090450000000002,-10.63,6.34550970738652,4.8371753959878365
2026-01-05 14:05:00,7.197758333333334,-10.717500000000001,6.164155945234765,4.812917061291406
2026-01-05 15:05:00,7.453508333333333,-11.713333333333333,5.162567580390111,4.997891169709552
2026-01-05 16:05:00,5.821008333333333,-13.468333333333334,5.311205245281663,5.355664919853659
2026-01-05 17:05:00,5.1353583333333335,-14.313333333333333,5.199685017888368,5.529875744790153
2026-01-05 18:05:00,4.5050333333333334,-14.646666666666668,5.421189626351238,5.598597963700013
2026-01-05 19:05:00,5.121825,-14.079166666666667,6.2802764800344,5.4815983860059765
2026-01-05 20:05:00,5.245491666666666,-13.741666666666669,6.558958912425792,5.412017139359744
2026-01-05 21:05:00,7.300983333333333,-13.338333333333333,6.734053701545062,5.328863254478813
2026-01-05 22:05:00,8.456408333333332,-13.106666666666664,6.384127520202295,5.28110131233646
2026-01-05 23:05:00,4.939691666666667,-12.777500000000002,5.52005016041344,5.213238121162974
2026-01-06 00:05:00,6.10065,-12.7125,4.9609593316538705,5.1998372884755515
2026-01-06 01:05:00,5.789891666666667,-13.94,5.069554627317177,5.45290685961111
2026-01-06 02:05:00,5.398408333333333,-15.388333333333334,5.358278209066252,5.751504900774451
2026-01-06 03:05:00,5.047291666666666,-16.855833333333333,5.214088834101308,6.0540544695251075
2026-01-06 04:05:00,5.743283333333332,-17.824166666666667,5.790143919346595,6.253692515458251
2026-01-06 05:05:00,6.7089,-16.93916666666667,5.881044776655185,6.071235024252573
2026-01-06 06:05:00,5.087291666666666,-17.52416666666667,5.717299289580785,6.191842518439378
2026-01-06 07:05:00,6.682200000000001,-18.124166666666664,5.49507663317158,6.3155425124771245
2026-01-08 11:10:00,3.644633333333333,0.7541666666666665,2.756493520193115,2.448254544937381
2026-01-08 12:10:00,1.3664249999999998,1.015,2.635986303741069,2.477119671486376
2026-01-08 13:10:00,2.641758333333333,0.8333333333333334,2.147704755554294,2.521075600100237
2026-01-08 14:10:00,3.2698583333333326,0.6716666666666667,2.6696873161369736,2.524359092886322
2026-01-08 15:10:00,2.3707916666666664,0.20416666666666664,2.7507936169859306,2.6255597847322565
2026-01-08 16:10:00,4.414791666666667,-0.10166666666666667,3.001200112114159,2.6871243310246267
2026-01-08 17:10:00,2.6529166666666666,-0.3466666666666667,3.327695543732785,2.7191278253022384
2026-01-08 18:10:00,3.8215,-1.1116666666666668,3.098363713283576,2.8490543938098334
2026-01-08 19:10:00,1.3577166666666667,-1.4816666666666667,2.4480389190186065,2.966941536119055
2026-01-08 20:10:00,2.467833333333333,-1.2033333333333334,2.1361994510615094,2.888778051028605
2026-01-08 21:10:00,1.3902666666666668,-1.2449999999999999,2.307601629591898,2.887864619266682
2026-01-08 22:10:00,2.5542,-1.2216666666666667,2.2582499932411593,2.8512288082218684
2026-01-08 23:10:00,2.5278166666666664,-1.3808333333333334,2.526549895428496,2.869177013078865
2026-01-09 00:10:00,3.711708333333333,-1.3341666666666665,3.6880692326773143,2.86690372870948
2026-01-09 01:10:00,3.621641666666667,-1.3166666666666669,3.651207757588108,2.85303845308296
2026-01-09 02:10:00,2.8087333333333335,-1.39,3.1196133542329667,2.8655153176548906
2026-01-09 03:10:00,3.6750583333333338,-1.3941666666666668,3.2276917024338543,2.866374345391264
2026-01-09 04:10:00,2.255075,-1.4299999999999997,3.3022768925798642,2.873761983924074
2026-01-09 05:10:00,3.5802416666666668,-1.5100000000000005,3.509021017366797,2.890738316752705
2026-01-09 06:10:00,3.9197416666666665,-1.6341666666666665,3.8790786853902137,2.919020894380368
2026-01-09 07:10:00,2.687091666666667,-1.125,3.0924284073764037,2.828171960117513
2026-01-09 08:10:00,3.373725,-0.42249999999999993,2.8574236875469317,2.70732551094694
2026-01-09 09:10:00,2.7030666666666665,0.6625,2.7156131002629915,2.5135517019862776
2026-01-09 10:10:00,4.313233333333334,0.5425,2.7106487377913058,2.5648968700044668
2026-01-09 11:10:00,3.0980250000000003,0.6808333333333333,2.770104123106233,2.5143535824230985
2026-01-09 12:10:00,1.4499833333333332,1.1991666666666667,2.2940158913046282,2.3950259056888292
2026-01-09 13:10:00,3.392533333333333,1.7924999999999998,2.9971847465023305,2.277448334628008
2026-01-09 14:10:00,3.453691666666667,1.964166666666667,3.5665400730288703,2.2245546187482925
2026-01-09 15:10:00,2.010625,2.0500000000000003,3.134346479453886,2.237929822429352
2026-01-09 16:10:00,2.3571833333333334,2.795833333333334,2.4881421532252563,2.1096481764020445
2026-01-09 17:10:00,3.099183333333333,2.9666666666666663,2.8971080488783088,2.0855339441477785
2026-01-09 18:10:00,2.034275,2.864166666666667,2.984030601222581,2.081281660131526
2026-01-09 19:10:00,1.0417083333333332,3.018333333333333,2.359041303467253,2.0257866678750722
2026-01-09 20:10:00,3.2849749999999998,3.2308333333333334,1.8319942121945056,1.9761223716763214
2026-01-09 21:10:00,0.0,3.5083333333333333,1.5754610638673796,1.929970333923266
2026-01-09 22:10:00,3.9873999999999996,3.6199999999999997,1.6514481187174115,1.8719390182627735
2026-01-10 00:10:00,3.988883333333333,3.6341666666666668,3.1513882669795628,1.8588076942513656
2026-01-10 01:10:00,2.942658333333333,3.420833333333333,2.8530620702192158,1.8947120553966221
2026-01-10 02:10:00,4.024074999999999,3.4766666666666666,2.5899629383764666,1.9827752961489915
2026-01-10 03:10:00,1.4650583333333334,2.8475,2.091302332592353,2.197490998849795
2026-01-10 04:10:00,3.692424999999999,2.3333333333333335,2.6492714075918284,2.314781236288317
2026-01-10 05:10:00,2.4387416666666666,2.4391666666666665,2.780692739001819,2.3027913043568775
2026-01-10 06:10:00,3.2229,2.1716666666666664,3.1599881051296816,2.361325451300587
2026-01-10 07:10:00,4.200366666666666,1.7225000000000001,3.0624051311471785,2.4561852061653457
2026-01-10 08:10:00,2.8284083333333334,1.9949999999999999,3.0696357047258993,2.291209671417398
2026-01-10 09:10:00,2.2570083333333333,1.4866666666666666,2.495306327119686,2.4472724021827132
2026-01-10 10:10:00,0.0,3.185,0.5450988778303761,2.011219414674091
2026-01-10 11:10:00,4.0207749999999995,3.7808333333333337,0.9123963606293937,1.9085351890680744
2026-01-10 12:10:00,1.3334666666666666,3.8649999999999998,1.8318637425870763,1.8627006514350715
2026-01-10 13:10:00,2.468383333333333,3.6533333333333338,1.5221756681670686,1.8482791645868126
2026-01-10 14:10:00,3.047683333333333,2.6616666666666666,2.2887740793399174,2.0225412179145534
2026-01-10 15:10:00,1.7964166666666663,1.2074999999999998,2.54792721860304,2.346126125287743
2026-01-10 16:10:00,4.5134333333333325,0.022500000000000003,2.831740164323996,2.582561226719499
2026-01-10 17:10:00,1.5879083333333335,-0.5541666666666668,2.2303839062304323,2.6932005138626276
2026-01-10 18:10:00,1.2836083333333332,-1.3941666666666668,1.6017200525003943,2.8537244670690014
2026-01-10 19:10:00,1.6983583333333332,-2.198333333333333,1.8472249391403819,3.0196017084925244
2026-01-10 20:10:00,1.5225416666666667,-2.4450000000000003,1.9316773481086358,3.070482188763367
2026-01-10 21:10:00,4.1062916666666665,-3.0233333333333334,2.971537595502997,3.189776287776761
2026-01-10 22:10:00,2.6780583333333334,-2.5608333333333335,3.2230691943426297,3.0943753872689315
2026-01-10 23:10:00,2.479808333333333,-1.9708333333333332,3.467211904171712,2.9752083177723305
2026-01-11 00:10:00,3.536133333333333,-1.4816666666666667,3.279328690938292,2.9721908441935847
2026-01-11 01:10:00,3.3484833333333333,-1.5750000000000002,3.8465892127791728,3.0498212810781626
2026-01-11 02:10:00,3.92965,-2.1766666666666663,2.7736598895655686,3.1492992450707082
2026-01-11 03:10:00,1.7877750000000001,-3.084166666666667,2.8020927275078837,3.2792374160668594
2026-01-11 04:10:00,4.298025,-3.578333333333333,2.6916819271647348,3.319869703831524
2026-01-11 05:10:00,1.7157916666666666,-3.6566666666666663,2.332229326276799,3.327982300132566
2026-01-11 06:10:00,4.23445,-3.75,2.7942954638398625,3.3580129096512885
2026-01-11 07:10:00,2.2951,-3.6200000000000006,2.9501691706858333,3.3169187265266413
2026-01-11 08:10:00,3.3944166666666664,-3.0275,2.6223276373313418,3.1906357553489033
2026-01-11 09:10:00,1.5127833333333334,-2.334166666666667,2.556437728346974,3.0476203513443734
2026-01-11 10:10:00,3.4890833333333338,-1.6450000000000002,2.6658725584952263,2.9054644149119864
2026-01-11 11:10:00,1.2061666666666666,-0.9716666666666667,2.291826413761557,2.766574455253741
2026-01-11 12:10:00,2.8554083333333335,-1.1075000000000002,2.3880106760074646,2.8081851293338573
2026-01-11 13:10:00,1.4335666666666667,-1.344166666666667,2.6935571066118635,2.8980256044412394
2026-01-11 14:10:00,3.5287166666666665,-1.5241666666666667,2.0039514857308083,2.8874896077532375
2026-01-11 15:10:00,2.969491666666667,-1.6441666666666668,2.968445511614609,2.905292521397558
2026-01-11 16:10:00,2.501791666666667,-2.1666666666666665,2.683624674633131,3.01365182058002
2026-01-11 17:10:00,3.378725,-2.3250000000000006,3.307425871800241,3.0457295226856598
2026-01-11 18:10:00,0.0,-2.7583333333333333,2.358374185300428,3.1351141501884907
2026-01-11 19:10:00,0.4343333333333333,-3.6525,0.6919867044938124,3.3195558911702943
2026-01-11 20:10:00,2.0362166666666663,-4.0825,0.9816191390166835,3.4082529446154117
2026-01-11 21:10:00,2.3731,-4.398333333333333,2.185424278370335,3.4734005865838213
2026-01-11 22:10:00,3.842583333333333,-5.555833333333333,3.068685006364423,3.712160678125038
2026-01-11 23:10:00,2.114158333333333,-6.1525,2.9993303755886065,3.835236434455859
2026-01-12 00:10:00,4.2021749999999995,-6.3325,2.7823820235691943,3.87236543357242
2026-01-12 01:10:00,2.4504666666666663,-6.509166666666666,3.004497427599949,3.9088068586312663
2026-01-12 02:10:00,3.226475,-4.781666666666666,2.8510715467888037,3.616318982059553
2026-01-12 03:10:00,2.953191666666666,-4.9208333333333325,3.2475267764935345,3.861467699110132
2026-01-12 04:10:00,3.415633333333333,-6.194166666666667,3.1065761792197164,4.104034486792752
2026-01-12 05:10:00,3.532341666666667,-6.9525,3.7166962658793077,4.131904434651463
2026-01-12 06:10:00,3.7863916666666664,-8.281666666666666,3.8095093386828074,4.561976949145792
2026-01-12 07:10:00,5.139525,-8.384166666666667,4.047031475738368,4.472453790738312
2026-01-12 08:10:00,3.147933333333333,-8.102500000000001,4.148364504422072,4.553304179692446
2026-01-12 09:10:00,4.162916666666667,-7.403333333333333,3.8761947395073104,4.3287776477247295
2026-01-12 10:10:00,5.0658,-6.075,3.707810568566099,4.031415641230503
2026-01-12 11:10:00,1.4972416666666668,-5.740833333333334,2.6889516131529136,3.9980493130329284
2026-01-12 12:10:00,3.9966666666666666,-4.888333333333333,2.5186503737018064,3.753976317641917
2026-01-12 13:10:00,2.4555666666666665,-5.3133333333333335,3.2223090217841266,3.819472293183662
2026-01-12 14:10:00,4.03215,-5.644166666666667,2.9442000806161044,3.832416224301812
2026-01-12 15:10:00,4.092583333333333,-5.3741666666666665,3.461478035597581,3.756452008962524
2026-01-12 16:10:00,3.2914083333333335,-5.5075,3.656012517741849,3.715601276411525
2026-01-12 17:10:00,4.462458333333333,-5.716666666666666,3.951212445911727,3.7453361264097422
2026-01-12 18:10:00,1.621375,-5.536666666666666,3.0072914724094137,3.7082071272931816
2026-01-12 19:10:00,2.878258333333333,-5.769166666666667,2.797411835734342,3.7561654178187394
2026-01-12 20:10:00,1.6966416666666666,-5.6383333333333345,2.026376357460932,3.729178136053462
2026-01-12 21:10:00,3.874525,-5.4725,3.3087839435025947,3.6949713266821855
2026-01-12 22:10:00,3.508808333333332,-5.293333333333334,3.5510981040036396,3.6580142210800535
2026-01-12 23:10:00,2.8351083333333333,-5.13,3.6936995679687126,3.6243230922520633
2026-01-13 00:10:00,4.377700000000001,-4.2975,3.728265578546371,3.4614349507593665
2026-01-13 01:10:00,2.5380249999999998,-3.5641666666666665,3.125854740409297,3.3059648806797317
2026-01-13 02:10:00,3.5032333333333328,-3.185,2.8800185645430596,3.2381400968071024
2026-01-13 03:10:00,1.9476166666666668,-2.69,3.0777769231802172,3.1392992239063777
2026-01-13 04:10:00,3.5708,-2.5416666666666665,3.2317093528324494,3.111744330503812
2026-01-13 05:10:00,4.159999999999999,-2.690833333333334,3.1215042101832697,3.130562693193335
2026-01-13 06:10:00,1.9497249999999997,-2.6475000000000004,2.4930106916566097,3.14085240079913
2026-01-13 07:10:00,3.6491083333333334,-3.3841666666666668,2.4934454347507646,3.2753546641838898
2026-01-13 08:10:00,3.9472333333333336,-1.6791666666666663,3.0058254388112076,2.9174935074942425
2026-01-13 09:10:00,3.6388833333333337,-0.2725,3.026803743938817,2.642097173966918
2026-01-13 10:10:00,1.6654416666666665,0.9166666666666666,2.440487593365659,2.4048944201990947
2026-01-13 11:10:00,3.8388249999999995,1.1716666666666666,2.3414508685052837,2.3947618702578928
2026-01-13 12:10:00,2.4395916666666664,1.6358333333333335,2.824518781776955,2.2999368772694875
2026-01-13 13:10:00,2.2239166666666668,2.606666666666667,2.346812482323572,2.087591702892635
2026-01-13 14:10:00,2.453433333333334,2.203333333333333,2.11430407975389,2.1715078367018665
2026-01-13 15:10:00,3.2960499999999997,0.8441666666666666,2.7353118330351176,2.3920184873139925
2026-01-13 16:10:00,3.5437749999999997,-0.07333333333333333,2.9026023399659846,2.582964905246747
2026-01-13 17:10:00,2.5898666666666665,-1.0658333333333332,2.854820050326807,2.7946082680904807
2026-01-13 18:10:00,1.4689999999999999,-1.805,2.109271557413634,2.9488105842487924
2026-01-13 19:10:00,1.351675,-0.31416666666666665,2.0413134531968837,2.6911584924299157
2026-01-13 20:10:00,2.3140166666666664,-0.5091666666666667,2.5451536683314995,2.742953863614242
2026-01-13 21:10:00,2.44735,-0.9208333333333334,1.8809672320803215,2.788804977690392
2026-01-13 22:10:00,3.4953499999999997,-0.49499999999999994,2.9262190044195626,2.7308834560042325
2026-01-13 23:10:00,3.0731916666666668,-0.19083333333333338,2.4475828789274607,2.6464079934993965
2026-01-14 00:10:00,2.977066666666667,0.1616666666666667,2.9158867315439037,2.603225075685136
2026-01-14 01:10:00,3.1019416666666664,0.6725,2.192245300287634,2.5142621581286764
2026-01-14 02:10:00,3.037158333333333,0.7325,3.0431748136694057,2.466209822671342
2026-01-14 03:10:00,2.8658583333333336,0.49166666666666664,2.6168563645999616,2.4911322782343244
2026-01-14 04:10:00,3.7739083333333334,0.49500000000000005,2.9717544136431275,2.518772254623071
2026-01-14 05:10:00,2.21875,0.305,2.5673365549749563,2.5211106289803027
2026-01-14 06:10:00,3.515616666666666,0.39833333333333326,2.6827519253944434,2.4933778238010076
2026-01-14 07:10:00,2.446358333333333,0.425,3.0669032098051145,2.495396959759799
2026-01-14 08:10:00,1.1279416666666666,0.8991666666666666,2.113624608040093,2.408918443111328
2026-01-14 09:10:00,3.240758333333333,1.7825,2.27207981601184,2.2492065463586743
2026-01-14 10:10:00,2.2800499999999997,2.3325,2.7579170930210126,2.157031050432943
2026-01-14 11:10:00,3.279558333333333,3.1108333333333333,2.5644287305384164,1.98700341926554
2026-01-14 12:10:00,2.0160333333333336,4.421666666666667,2.61072168845732,1.6911610883715444
2026-01-14 13:10:00,3.233875,4.7683333333333335,2.2191633811687006,1.6031562648919018
2026-01-14 14:10:00,2.1524916666666667,4.1975,2.3053119319723576,1.703406720076427
2026-01-14 15:10:00,2.2462333333333335,2.466666666666667,2.3411003284310024,2.057341814721661
2026-01-14 16:10:00,3.4183583333333334,1.1333333333333335,2.836513274339863,2.3323714378072955
2026-01-14 17:10:00,2.2689166666666667,0.6208333333333335,2.8931857793336846,2.438085949180836
2026-01-14 18:10:00,2.400966666666667,0.40416666666666673,2.541044955349395,2.4827782629322517
2026-01-14 19:10:00,2.157633333333333,0.2800000000000001,2.6404217210771628,2.5083903965821013
2026-01-14 20:10:00,2.2366083333333333,0.32416666666666677,2.6868187423140104,2.4992800403173896
2026-01-14 21:10:00,2.232433333333333,0.22083333333333335,2.6746728337955297,2.5205948361065262
2026-01-14 22:10:00,2.1220749999999997,0.14666666666666667,2.6005748692092796,2.535893358890665
2026-01-14 23:10:00,2.448633333333333,0.1516666666666667,2.7784250202807077,2.534861997804094
2026-01-15 00:10:00,3.3120249999999993,0.18833333333333335,3.3009665324190927,2.5272986831692386
2026-01-15 01:10:00,2.165691666666667,0.25500000000000006,3.049674664415897,2.513547202014957
2026-01-15 02:10:00,3.3888416666666665,0.29250000000000015,3.3730061142302037,2.5058119938656738
2026-01-15 03:10:00,3.388133333333333,0.36250000000000004,3.109671448972127,2.4918808691318337
2026-01-15 04:10:00,2.3562999999999996,0.3841666666666667,3.5601386132789847,2.486903707278536
2026-01-15 05:10:00,3.4327666666666663,0.32083333333333336,3.3565246470310006,2.499967614375104
2026-01-15 06:10:00,2.1475666666666666,0.37500000000000006,3.0036031196723028,2.48879453593725
2026-01-15 07:10:00,3.46965,0.4166666666666667,2.911284253422659,2.4801998602158237
2026-01-15 08:10:00,2.25345,0.82,2.993303618109402,2.3970033992324193
2026-01-15 09:10:00,2.8480000000000003,1.425,2.9221994468776207,2.2722087077573128
2026-01-15 10:10:00,2.0465166666666668,2.486666666666667,2.8784731120890865,2.0532163703753765
2026-01-15 11:10:00,3.1916249999999997,2.5091666666666668,2.4880526783821058,2.0485752454858064
2026-01-15 12:10:00,2.697075,2.578333333333333,2.970785076774029,2.034308083788239
2026-01-15 13:10:00,3.2249666666666665,2.848333333333333,2.818603119314624,1.978614585113398
2026-01-15 14:10:00,2.795,2.82,2.9891572559492587,1.9844589646039679
2026-01-15 15:10:00,2.4138333333333333,2.3841666666666668,2.676343501289296,2.0743592726500846
2026-01-15 16:10:00,3.314491666666666,2.214166666666667,2.818616312923525,2.109425549593503
2026-01-15 17:10:00,2.3556833333333334,2.14,2.867056365372545,2.1333616994907225
2026-01-15 18:10:00,1.2108,2.329166666666667,2.169369927345632,2.0969491820762323
2026-01-15 19:10:00,2.362258333333333,1.9908333333333337,2.043140282198634,2.1620742471681593
2026-01-15 20:10:00,2.3783,1.0333333333333334,2.512203823406876,2.352998659538718
2026-01-15 21:10:00,4.4701,0.38833333333333325,3.2628270408748534,2.4860442397063935
2026-01-15 22:10:00,2.005358333333333,0.6849999999999999,3.181722090585365,2.4253537829541667
2026-01-15 23:10:00,3.650958333333333,0.30583333333333335,2.839786448303186,2.537315770105091
2026-01-16 00:10:00,2.3859666666666666,-1.9125000000000003,3.1892944890555666,3.1170144635174557
2026-01-16 01:10:00,4.493975,-3.9641666666666673,3.4044918260105925,3.5709454786017236
2026-01-16 02:10:00,2.6393,-4.991666666666667,3.4605943703014055,3.7909036030951753
2026-01-16 03:10:00,4.749458333333333,-5.8566666666666665,3.685607895542525,3.9836723734469723
2026-01-16 04:10:00,2.9527249999999996,-6.3566666666666665,3.8292803927822923,4.101102015884406
2026-01-16 05:10:00,4.913349999999999,-7.008333333333333,4.070483731508123,4.256965319564596
2026-01-16 06:10:00,5.028466666666666,-7.814166666666666,4.295725406524462,4.45806154202219
2026-01-16 07:10:00,4.0291,-8.753333333333332,4.2287976174160615,4.629760814640893
2026-01-16 08:10:00,4.936508333333333,-10.384166666666667,4.344393625795783,5.015137554065819
2026-01-16 09:10:00,3.854799999999999,-10.924166666666666,4.430888630325872,5.206460685981741
2026-01-16 10:10:00,5.419041666666667,-11.145000000000001,4.97628080685104,5.179961890072589
2026-01-16 11:10:00,6.727608333333333,-10.99,4.752011293384789,5.14499224563025
2026-01-16 12:10:00,4.226008333333334,-10.4125,4.117205768219337,5.009198849744433
2026-01-16 13:10:00,3.89425,-10.319166666666666,4.378838646816463,5.013966231221682
2026-01-16 14:10:00,5.2859333333333325,-10.601666666666667,4.819609195314564,5.065891276362604
2026-01-16 15:10:00,5.046908333333333,-11.43,4.946118063117794,5.162272987309659
2026-01-16 16:10:00,6.666258333333333,-12.232500000000002,5.554536737137621,5.222482232214809
2026-01-16 17:10:00,7.214316666666665,-12.786666666666667,6.775099605308023,5.432651135811523
2026-01-16 18:10:00,5.451741666666667,-13.2875,5.551689874982529,5.431223212449756
2026-01-16 19:10:00,5.107458333333333,-13.475833333333332,5.021112559859799,5.5768791664229065
2026-01-16 20:10:00,7.041916666666666,-13.921666666666667,5.386192324776159,5.633642504349694
2026-01-16 21:10:00,6.2414250000000004,-14.288333333333334,5.523767722848595,5.664950405189903
2026-01-16 22:10:00,5.743341666666666,-14.410833333333334,5.707979301636694,5.605265600315811
2026-01-17 00:10:00,6.968658333333333,-13.273333333333335,5.981436588799228,5.346555783878177
2026-01-17 01:10:00,7.409916666666665,-12.758333333333333,6.218445156297801,5.2380333426726935
2026-01-17 02:10:00,6.471516666666666,-12.217500000000001,6.126396332672891,5.127144678244768
2026-01-17 03:10:00,6.611608333333334,-11.855833333333335,5.512253153138859,5.04977944899524
2026-01-17 04:10:00,5.283200000000001,-11.624166666666667,5.594469515888441,5.016038192715506
2026-01-17 05:10:00,6.095274999999999,-11.467500000000001,5.794701150198216,5.000144955177306
2026-01-17 06:10:00,5.665341666666666,-11.693333333333333,5.903150714374066,5.038312999219532
2026-01-17 07:10:00,6.266425,-11.435833333333333,5.639197539370089,4.975187836077101
2026-01-17 08:10:00,5.481116666666666,-10.87,5.229336911388859,4.888126086291591
2026-01-17 09:10:00,3.994591666666667,-9.924999999999999,5.01465254970926,4.713017268043778
2026-01-17 10:10:00,4.994733333333333,-9.531666666666668,5.0861526362804135,4.613623666752225
2026-01-17 11:10:00,4.417274999999999,-9.193333333333333,4.455023204991223,4.539381534288346
2026-01-17 12:10:00,5.462858333333332,-8.7675,4.750532581033413,4.432489381618052
2026-01-17 13:10:00,4.524408333333334,-8.4625,4.862574320427643,4.37855214535329
2026-01-17 14:10:00,2.9767083333333333,-8.281666666666666,4.243776861103355,4.32809938485374
2026-01-17 15:10:00,3.0094749999999997,-8.265,3.341484428400548,4.303754704122364
2026-01-17 16:10:00,4.675983333333334,-8.28,3.4015548082678864,4.306871075764905
2026-01-17 17:10:00,3.920316666666666,-8.230833333333333,4.695209360970263,4.296656302047685
2026-01-17 18:10:00,4.1522499999999996,-8.101666666666667,4.900957337677039,4.2698208795702435
2026-01-17 19:10:00,4.896208333333334,-8.005,4.189197568948326,4.249737595651641
2026-01-17 20:10:00,3.0291,-7.848333333333334,4.289012808753184,4.217188825162874
2026-01-17 21:10:00,3.9354,-8.463333333333333,4.183258612731077,4.34496006250708
2026-01-17 22:10:00,4.923791666666666,-10.685,4.1582326895914035,4.806529329119076
2026-01-17 23:10:00,5.4138416666666656,-12.199166666666668,5.501456773701167,5.12110973325786
2026-01-18 00:10:00,5.435366666666666,-13.435000000000002,5.542724972435424,5.377864130251705
2026-01-18 01:10:00,6.485083333333333,-13.888333333333335,5.743362439748883,5.47204780655963
2026-01-18 02:10:00,5.970358333333333,-13.823333333333336,5.447650063708845,5.458543529441949
2026-01-18 03:10:00,4.7556416666666665,-13.527499999999998,5.425723415075901,5.397081755380711
2026-01-18 04:10:00,6.001441666666667,-13.1625,5.264141877935603,5.3212500454121985
2026-01-18 05:10:00,5.3961500000000004,-12.801666666666668,5.706469267841499,5.246283994233281
2026-01-18 06:10:00,5.0894,-12.318333333333333,5.473071439058947,5.145867574640274
2026-01-18 07:10:00,5.522174999999999,-11.478333333333333,5.682667502790784,4.971350762657943
2026-01-18 08:10:00,5.621841666666667,-9.995833333333334,5.409795258280362,4.663349365320081
2026-01-18 09:10:00,3.951075,-8.268333333333333,4.567149688509671,4.304447231154039
2026-01-18 10:10:00,4.566533333333333,-6.194166666666667,4.314445112768715,3.873522285693702
2026-01-18 11:10:00,3.4105,-4.118333333333333,3.2680777020015292,3.450435252478695
2026-01-18 12:10:00,1.0778999999999999,-2.1941666666666664,3.476696301725185,3.054288067321896
2026-01-18 13:10:00,1.869875,-2.4299999999999997,2.375982696166562,3.0953871558399446
2026-01-18 14:10:00,2.800875,-2.3508333333333336,2.825115973666664,3.0815335138091577
2026-01-18 15:10:00,2.7132666666666667,-3.2641666666666667,3.657731758484882,3.2647910248505743
2026-01-18 16:10:00,0.0,-4.3025,2.411271991831081,3.4805131952176214
2026-01-18 17:10:00,3.025975,-5.028333333333333,2.0003209082980424,3.631310956365051
2026-01-18 18:10:00,1.5024666666666664,-5.519166666666667,3.0252923822333155,3.7332855617793292
2026-01-18 19:10:00,3.0004083333333327,-5.894166666666667,3.0941529108313732,3.8111948528428696
2026-01-18 20:10:00,4.353616666666667,-6.1475,3.2594615616879703,3.863826907250239
2026-01-18 21:10:00,3.617008333333333,-6.045833333333333,4.217189489384684,3.842704832784124
2026-01-18 22:10:00,3.5353750000000006,-6.091666666666666,3.4035083107210635,3.8522270794696674
2026-01-18 23:10:00,2.605433333333333,-6.174166666666667,3.620284369155551,3.869367123503647
2026-01-19 00:10:00,4.1254,-6.239999999999999,3.8956517975255616,3.8830445323792455
2026-01-19 01:10:00,3.5858750000000006,-6.255,3.6915697680205004,3.8861609040217875
2026-01-19 02:10:00,3.870566666666667,-6.2700000000000005,4.014675764423665,3.889277275664329
2026-01-19 03:10:00,3.8956833333333334,-6.289166666666667,3.6449875169870563,3.8932593060964655
2026-01-19 04:10:00,3.2252833333333335,-6.473333333333334,3.534583354270569,3.9315214245965597
2026-01-19 05:10:00,2.3502083333333332,-6.7175,3.95515062758635,3.9822490296668205
2026-01-19 06:10:00,5.483616666666666,-7.269166666666667,3.3390759983667206,4.096862253409184
2026-01-19 07:10:00,3.670075,-7.079166666666667,4.6768681085695,4.058780283934542
2026-01-19 08:10:00,4.274091666666667,-6.005,4.068352595078888,3.8624561976562926
2026-01-19 09:10:00,3.997425,-4.7775,4.144561869783838,3.6237284037347472
2026-01-19 10:10:00,2.9921499999999996,-3.795833333333333,3.429579099342697,3.440015951175802
2026-01-19 11:10:00,2.58,-2.5050000000000003,3.40331699996525,3.150999213536282
2026-01-19 12:10:00,2.5084333333333335,-2.023333333333334,2.9201323525096377,3.032106700085236
2026-01-19 13:10:00,4.764583333333333,-1.9816666666666665,3.8726141082499215,3.0260474232106365
2026-01-19 14:10:00,2.667758333333333,-2.458333333333333,3.5624116797388865,3.10071843277576
2026-01-19 15:10:00,4.51615,-2.9574999999999996,3.5907047871496256,3.20107853793639
2026-01-19 16:10:00,1.6174333333333333,-3.8524999999999996,3.485486703934757,3.3925107786208346
2026-01-19 17:10:00,2.8818333333333332,-4.204166666666667,2.8378595285289823,3.4618635263562756
2026-01-19 18:10:00,1.5529166666666667,-4.120833333333334,2.7401876048961014,3.4594513993489358
2026-01-19 19:10:00,4.551716666666667,-3.9666666666666663,3.271582486949642,3.413713936634607
2026-01-19 20:10:00,3.1024749999999996,-3.9450000000000003,3.865072289624181,3.4098299909756173
2026-01-19 21:10:00,4.192216666666667,-4.416666666666667,3.7278583786440604,3.5047857832108242
2026-01-19 22:10:00,4.039991666666666,-5.0825,4.71834951841171,3.6880142511299443
2026-01-19 23:10:00,3.81,-6.430833333333333,4.079164318304144,3.937294445589167
2026-01-20 00:10:00,3.6982249999999994,-8.56,4.7382949597352795,4.365684222069516
2026-01-20 01:10:00,5.273816666666666,-10.555833333333334,4.542064521954026,4.779693906641635
2026-01-20 02:10:00,2.9230916666666666,-9.980833333333333,4.029842837644379,4.667149067168938
2026-01-20 03:10:00,5.189033333333334,-10.448333333333332,4.4216158784309405,4.758735928851816
2026-01-20 04:10:00,3.1065166666666664,-11.199166666666665,4.418206196333511,4.913351623755085
2026-01-20 05:10:00,4.8920416666666675,-12.551666666666668,4.9035762999861845,5.196726629761353
2026-01-20 06:10:00,3.651816666666667,-13.375833333333333,4.7562953385956135,5.365571775439457
2026-01-20 07:10:00,5.490291666666667,-13.190833333333332,4.4548386224839644,5.3271365251814435
2026-01-20 08:10:00,3.307291666666667,-9.93,4.180886694529354,4.687935093535353
2026-01-20 09:10:00,4.328616666666667,-8.329166666666667,4.046062470647221,4.4887505232230644
2026-01-20 10:10:00,2.979183333333333,-7.533333333333334,3.954773334005396,4.407136458491105
2026-01-20 11:10:00,3.221033333333333,-7.541666666666667,3.834965112498204,4.46480520157402
2026-01-20 12:10:00,3.503508333333333,-8.245,3.8691704954465878,4.614942568096695
2026-01-20 13:10:00,5.472208333333332,-9.2875,5.027847423326031,4.86649643988838
2026-01-20 14:10:00,4.5863,-9.638333333333334,4.937192752566823,4.903993139810977
2026-01-20 15:10:00,5.045733333333333,-10.661666666666667,4.705237270650892,5.014713836090901
2026-01-20 16:10:00,4.852741666666667,-12.102500000000001,4.838624682434946,5.279714080564981
2026-01-20 17:10:00,5.931299999999999,-12.656666666666666,5.158534528291964,5.374496299436162
2026-01-20 18:10:00,4.476324999999999,-13.403333333333334,5.669717606571478,5.47492395336896
2026-01-20 19:10:00,3.3237583333333327,-13.7875,4.6273391602079075,5.523818161384595
2026-01-20 20:10:00,4.379991666666666,-13.908333333333333,4.210514570924751,5.539285226807719
2026-01-20 21:10:00,5.748766666666667,-13.59666666666667,5.015605327882274,5.467076483847533
2026-01-20 22:10:00,5.476108333333333,-13.2675,5.755961565048745,5.4505443666223385
2026-01-20 23:10:00,6.523799999999999,-13.336666666666668,5.782256507130529,5.424315988850783
2026-01-21 00:10:00,6.050800000000001,-13.685833333333333,5.778764465833053,5.444327889351703
2026-01-21 01:10:00,5.27095,-14.972499999999998,4.574144060013045,5.697292223612219
2026-01-21 02:10:00,5.155166666666667,-17.296666666666667,5.493274405436024,6.2055033414873
2026-01-21 03:10:00,6.455424999999999,-18.924999999999997,5.975777166620592,6.524402640180806
2026-01-21 04:10:00,5.687791666666667,-17.74166666666667,5.523711023829629,6.292619600487094
2026-01-21 05:10:00,5.379816666666667,-18.209166666666665,5.63014573960769,6.37956690494762
2026-01-21 06:10:00,5.9787083333333335,-20.064166666666665,6.244403011973919,6.755127264497176
2026-01-21 07:10:00,6.135208333333333,-20.194166666666664,6.511522320498496,6.793038814136054
2026-01-21 08:10:00,4.520316666666666,-13.466666666666669,4.99913298677007,5.4624218609090835
2026-01-21 09:10:00,5.632225000000001,-10.091666666666667,4.86000134109077,4.808285568442687
2026-01-21 10:10:00,4.4313666666666665,-9.519166666666665,5.142853005822907,4.691695741319427
2026-01-21 11:10:00,3.5454666666666665,-7.478333333333334,4.178261427046849,4.272792846461572
2026-01-21 12:10:00,4.980358333333333,-5.721666666666667,4.091426281922077,3.9129458370319594
2026-01-21 13:10:00,2.632141666666666,-6.314166666666666,3.5513525114298585,4.031038752684811
2026-01-21 14:10:00,4.038975,-6.4775,3.824708681798299,4.025314408672519
2026-01-21 15:10:00,4.298633333333334,-7.209166666666667,4.279220059303859,4.134542183054246
2026-01-21 16:10:00,4.987083333333333,-8.7675,4.656949978331357,4.427276313413086
2026-01-21 17:10:00,4.774858333333333,-10.046666666666667,4.204361754157524,4.692371689150136
2026-01-21 18:10:00,4.065050000000001,-10.048333333333334,4.596323036781516,4.674943990253504
2026-01-21 19:10:00,4.476866666666666,-9.953333333333333,4.5258695112384215,4.660455778684866
2026-01-21 20:10:00,5.838983333333332,-8.4625,4.684851682769726,4.39109545003145
2026-01-21 21:10:00,3.21375,-8.105,4.692266917651687,4.355093058215692
2026-01-21 22:10:00,5.639024999999998,-8.596666666666666,4.597932885905889,4.417368711305486
2026-01-21 23:10:00,5.483841666666667,-8.480833333333333,4.660760157263805,4.366562800751456
2026-01-22 00:10:00,4.0436749999999995,-8.343333333333334,4.900562293539123,4.352579236797162
2026-01-22 01:10:00,4.911549999999999,-8.165833333333333,4.991480186853465,4.292774011461053
2026-01-22 02:10:00,4.150183333333333,-8.189166666666667,5.155172340182752,4.301517667214809
2026-01-22 03:10:00,4.638283333333333,-8.115,4.719038801946699,4.273876622387198
2026-01-22 04:10:00,4.292791666666666,-8.18,4.701826165131096,4.286742650868673
2026-01-22 05:10:00,5.768191666666667,-8.648333333333333,4.639184038291925,4.383395312765093
2026-01-22 06:10:00,3.8779499999999993,-8.661666666666667,4.045321470618862,4.386165420891797
2026-01-22 07:10:00,3.9474333333333336,-8.1675,4.4627515757822245,4.283498288445843
2026-01-22 08:10:00,4.437883333333334,-7.0025,4.367076043345561,4.044724847438111
2026-01-22 09:10:00,3.6345249999999996,-5.420833333333333,3.838731448684399,3.718782962354984
2026-01-22 10:10:00,5.113125,-3.7175,4.016386049945857,3.3661115384721976
2026-01-22 11:10:00,2.129016666666667,-1.3483333333333334,3.2910569223071064,2.9138626748824534
2026-01-22 12:10:00,3.463458333333333,0.48500000000000004,2.8102200155739623,2.534585675927389
2026-01-22 13:10:00,2.4534499999999997,-0.08666666666666667,3.05558382827249,2.631340556486342
2026-01-22 14:10:00,3.6839749999999998,-0.5983333333333334,3.4553125804288713,2.710942531267763
2026-01-22 15:10:00,3.037616666666666,-1.5141666666666669,3.3129514251632286,2.930843914437367
2026-01-22 16:10:00,3.1468416666666665,-2.5700000000000003,3.627183147135721,3.1285811601329807
2026-01-22 17:10:00,3.709566666666666,-3.5133333333333336,3.514824850914316,3.3402916253571715
2026-01-22 18:10:00,3.249716666666667,-3.861666666666667,3.336346931537672,3.484069630114112
2026-01-22 19:10:00,1.8156666666666665,-3.8983333333333334,3.4137062883922797,3.4829733766480278
2026-01-22 20:10:00,2.958433333333333,-5.411666666666666,3.7611181597575274,3.722863816766286
2026-01-22 21:10:00,4.021583333333333,-6.0325,3.1500842152405566,3.8582414984705373
2026-01-22 22:10:00,4.252858333333333,-7.524166666666666,3.49160925077256,4.154181001856311
2026-01-22 23:10:00,3.915141666666667,-8.547500000000001,4.571189930503653,4.362446370056897
2026-01-23 00:10:00,3.7020916666666666,-9.985833333333334,4.053179021168884,4.661271784225053
2026-01-23 01:10:00,4.411566666666666,-11.099166666666667,4.748535470429858,4.892575812804808
2026-01-23 02:10:00,5.1570583333333335,-12.165833333333333,4.630010504991942,5.1141844629411
2026-01-23 03:10:00,4.136658333333333,-13.94,4.771677458718478,5.482781975550605
2026-01-23 04:10:00,4.224083333333334,-9.054166666666665,4.8393861222485635,4.5468097023862235
2026-01-23 05:10:00,5.204716666666667,-10.199166666666667,5.038531449735597,4.705593514252312
2026-01-23 06:10:00,4.116883333333333,-12.959166666666668,4.792634435653303,5.279005896479968
2026-01-23 07:10:00,5.451866666666667,-13.450000000000001,5.157124240370723,5.380980501894246
2026-01-23 08:10:00,3.4063166666666667,-9.773333333333332,4.450653465580571,4.643519282470107
2026-01-23 09:10:00,3.5891666666666664,-7.328333333333333,3.9755498340167903,4.1974213411881225
2026-01-23 10:10:00,3.4894583333333333,-4.903333333333333,3.57622775148335,3.7751806624453015
2026-01-23 11:10:00,4.062291666666666,-5.513333333333333,3.698987421665724,3.923458674122413
2026-01-23 12:10:00,3.898541666666666,-6.0925,4.466424419062879,4.0606473320606
2026-01-23 13:10:00,3.5067999999999997,-6.573333333333333,4.3218638177742505,4.181597271666477
2026-01-23 14:10:00,6.148583333333335,-7.5,5.000438335366014,4.350455968255366
2026-01-23 15:10:00,3.6305083333333332,-9.1575,4.976368054480896,4.701987779266585
2026-01-23 16:10:00,6.235458333333333,-10.76,4.981175081159836,4.971964554382496
2026-01-23 17:10:00,5.371183333333333,-11.514166666666666,5.234119798989808,5.078283586112288
2026-01-23 18:10:00,4.789875,-12.514166666666666,5.148646578959814,5.258845066116348
2026-01-23 19:10:00,5.005875,-12.509166666666667,5.03884429761346,5.217218784019258
2026-01-23 20:10:00,4.976241666666666,-13.244166666666667,5.381897374565355,5.416300909381115
2026-01-23 21:10:00,4.402525,-14.292499999999999,5.35921337449503,5.765591482518451
2026-01-23 22:10:00,6.610974999999998,-15.34666666666667,5.910469044187292,5.989926363689414
2026-01-24 00:10:00,6.8727583333333335,-17.19083333333333,6.302392194581814,6.231537157186756
2026-01-24 01:10:00,6.548233333333333,-17.584166666666672,6.346540002409064,6.4039614039163375
2026-01-24 02:10:00,6.564533333333332,-18.7275,6.703196691088261,6.6948802059795876
2026-01-24 03:10:00,7.949883333333333,-19.695000000000004,7.152759801046152,6.880497078170695
2026-01-24 04:10:00,6.1219666666666654,-20.509166666666665,7.307095515331007,7.1757568390763815
2026-01-24 05:10:00,7.08325,-21.699166666666667,7.691057243127147,7.257431354406315
2026-01-24 06:10:00,7.758125,-22.602500000000003,8.636664541328035,7.404652555098784
2026-01-24 07:10:00,6.210375,-22.754166666666666,8.840206636027887,7.435086399399361
2026-01-24 08:10:00,7.385833333333333,-21.86,9.186947065391307,7.249263931340706
2026-01-24 09:10:00,7.351983333333333,-21.15416666666667,9.56655216646517,7.092118576637486
2026-01-24 10:10:00,11.026133333333334,-19.27416666666667,9.898196509912133,6.824076406830369
2026-01-24 11:10:00,7.419100000000001,-17.78583333333333,8.888047201849325,6.462539971390204
2026-01-24 12:10:00,4.49725,-16.68083333333333,4.813198520589269,6.30175003445014
2026-01-24 13:10:00,4.774016666666666,-16.860833333333332,4.515101093841228,6.2963841751129275
2026-01-24 14:10:00,6.328991666666666,-17.175000000000004,5.706120617011494,6.365917921545269
2026-01-24 15:10:00,5.374683333333333,-17.791666666666668,6.902083613228485,6.380446273795941
2026-01-24 16:10:00,5.7344,-18.916666666666668,6.480990460037963,6.58282995109409
2026-01-24 17:10:00,5.665475,-19.874166666666664,7.086075989356212,6.762615278635728
2026-01-24 18:10:00,5.902375,-20.6675,6.190873904899816,7.015181509557107
2026-01-24 19:10:00,5.296824999999999,-21.30916666666667,7.608043431498358,7.244137827326343
2026-01-24 20:10:00,6.969691666666665,-21.930000000000003,8.225052562366951,7.345683795362535
2026-01-24 21:10:00,7.971216666666667,-22.414999999999996,7.54883317137229,7.370478606042522
2026-01-24 22:10:00,6.265350000000001,-22.555000000000003,7.9620394865755655,7.402574781771392
2026-01-24 23:10:00,7.491833333333333,-22.745,7.724210585870553,7.399346674227458
2026-01-25 00:10:00,7.4089,-22.9375,8.35056773256534,7.439380480159656
2026-01-25 01:10:00,6.989741666666667,-22.870833333333337,8.581983705523298,7.526986574497545
2026-01-25 02:10:00,7.547350000000001,-22.830000000000002,9.148115615105217,7.514427687588436
2026-01-25 03:10:00,7.341775,-22.869999999999994,8.798907775639574,7.466943348441755
2026-01-25 04:10:00,9.186441666666667,-22.860833333333332,8.681393393944235,7.401708205334647
2026-01-25 05:10:00,8.303749999999999,-22.679999999999996,8.47963416214439,7.399628245436354
2026-01-25 06:10:00,9.933583333333335,-22.412499999999998,8.195406136818763,7.454943121962073
2026-01-25 07:10:00,5.736275,-22.19416666666667,7.6338275115551575,7.323661378649883
2026-01-25 08:10:00,7.1085499999999975,-20.70333333333333,7.059753401247037,6.973931242296081
2026-01-25 09:10:00,6.354391666666666,-19.088333333333335,6.765228598587274,6.629278506703889
2026-01-25 10:10:00,4.622708333333333,-17.322499999999998,5.384527426852152,6.269547426343712
2026-01-25 11:10:00,5.9882333333333335,-15.8375,5.56391990940353,5.919710627340948
2026-01-25 12:10:00,7.202233333333333,-15.235833333333334,7.855322619224836,5.764104297735578
2026-01-25 13:10:00,8.894033333333335,-15.269166666666665,7.907113081801907,5.748483757925762
2026-01-25 14:10:00,5.224383333333333,-15.208333333333334,7.754994490718911,5.721876249102718
2026-01-25 15:10:00,16.321700000000003,-15.249999999999995,8.263513168816743,5.703395280567659
2026-01-25 16:10:00,11.335991666666667,-15.524166666666668,12.407034335954998,5.750696369343343
2026-01-25 17:10:00,6.267449999999999,-15.646666666666667,8.416780534933535,5.773596278806118
2026-01-25 18:10:00,6.430158333333334,-15.729999999999999,6.2767877300076025,5.792114179009965
2026-01-25 19:10:00,7.915441666666666,-15.729999999999999,6.800552487856369,5.804916232451079
2026-01-25 20:10:00,7.459191666666668,-15.9075,7.07511788317811,5.906238873456512
2026-01-25 21:10:00,6.048449999999999,-16.46333333333334,6.004814714658303,6.032047675866138
2026-01-25 22:10:00,6.062316666666667,-16.5825,6.698206372153477,6.0931453925080055
2026-01-25 23:10:00,8.355824999999998,-16.463333333333335,6.761759732841292,6.064659756739606
2026-01-26 00:10:00,5.945183333333334,-16.72333333333333,6.844329230461089,6.114260361143087
2026-01-26 01:10:00,4.659833333333334,-17.042500000000004,6.6027361858723,6.205076029311181
2026-01-26 02:10:00,7.352466666666666,-17.231666666666666,6.098137512869918,6.194013585100776
2026-01-26 03:10:00,8.555958333333333,-17.185000000000002,6.751688446412091,6.197727160767049
2026-01-26 04:10:00,4.725933333333333,-17.013333333333332,6.1025318310398715,6.150512790555391
2026-01-26 05:10:00,4.7586,-16.830000000000002,5.6629274174539885,6.142016994196691
2026-01-26 06:10:00,6.525516666666666,-16.68916666666667,6.452242922678365,6.053174344346727
2026-01-26 07:10:00,6.658341666666666,-16.46833333333333,6.926806567493018,5.999434169770942
2026-01-26 08:10:00,7.733599999999998,-16.065,7.211902023881886,5.926390205038472
2026-01-26 09:10:00,6.5402000000000005,-15.407499999999999,5.7935962788833315,5.795402147205426
2026-01-26 10:10:00,6.007991666666667,-14.523333333333335,5.291786798109351,5.6693128563205875
2026-01-26 11:10:00,3.5824666666666665,-13.646666666666667,5.511803160099366,5.454038213880258
2026-01-26 12:10:00,5.828591666666667,-13.000833333333333,5.94111944032585,5.291456332677299
2026-01-26 13:10:00,7.037141666666666,-12.616666666666667,5.925098040343376,5.214365152023004
2026-01-26 14:10:00,5.709375,-12.36,5.894639060366546,5.131893603504191
2026-01-26 15:10:00,4.8201583333333335,-12.430833333333334,4.879313087795147,5.133718402441575
2026-01-26 16:10:00,4.708441666666666,-12.695,5.031882942021441,5.203139984179057
2026-01-26 17:10:00,6.196633333333334,-12.765,5.910344602656482,5.216341175244644
2026-01-26 18:10:00,5.258416666666666,-12.550833333333335,6.188541236998677,5.170138571544119
2026-01-26 19:10:00,5.8265916666666655,-12.279166666666667,6.015963776528391,5.12426756990832
2026-01-26 20:10:00,5.582216666666667,-12.393333333333333,6.21686432276628,5.112019001038549
2026-01-26 21:10:00,7.735966666666667,-12.565000000000003,6.58748101450674,5.141989768089823
2026-01-26 22:10:00,6.635983333333334,-12.518333333333333,6.050381970583763,5.132450101658445
2026-01-26 23:10:00,5.938816666666665,-12.370833333333332,5.282522269108777,5.102967912675232
2026-01-27 00:10:00,4.881083333333333,-12.39,5.006724795803769,5.106216018972155
2026-01-27 01:10:00,4.951508333333333,-12.555833333333334,5.113742218005133,5.140115905040803
2026-01-27 02:10:00,5.852308333333333,-12.505833333333333,5.226216296703096,5.153682422259538
2026-01-27 03:10:00,3.946075,-12.718333333333334,5.114106389475096,5.194392597656724
2026-01-27 04:10:00,5.580358333333332,-13.217500000000001,5.471849202387018,5.275374746942842
2026-01-27 05:10:00,6.273441666666668,-13.583333333333334,5.8856577293817915,5.350158917717395
2026-01-27 06:10:00,5.728233333333334,-14.157499999999999,5.432647366108696,5.494373790195436
2026-01-27 07:10:00,5.599783333333333,-14.505000000000003,5.449605390909926,5.577445989566752
2026-01-27 08:10:00,5.368458333333333,-13.125833333333333,5.513952088955254,5.349047138241161
2026-01-27 09:10:00,6.446874999999999,-12.264166666666668,5.051013430576095,5.24256260957345
2026-01-27 10:10:00,2.8953,-10.454166666666667,4.823373648647688,4.856188768550522
2026-01-27 11:10:00,3.6378500000000003,-9.268333333333333,4.235430410152285,4.605386968185862
2026-01-27 12:10:00,3.65225,-8.836666666666666,2.886112331302008,4.501320044749467
2026-01-27 13:10:00,3.6517999999999993,-8.9125,4.203426649873627,4.5087690920886985
2026-01-27 14:10:00,4.671241666666667,-9.726666666666667,4.674282153278747,4.653358469656087
2026-01-27 15:10:00,5.7292499999999995,-10.674999999999999,4.766981265380688,4.825878917697841
2026-01-27 16:10:00,4.920858333333333,-12.264166666666668,5.356711582392143,5.089291325781761
2026-01-27 17:10:00,5.227666666666667,-14.958333333333334,5.125228671661182,5.631238375070499
2026-01-27 18:10:00,5.742208333333334,-14.996666666666664,5.582355093966245,5.63907452963913
2026-01-27 19:10:00,4.349683333333333,-14.703333333333331,5.146084676341486,5.59439934456708
2026-01-27 20:10:00,4.017075,-14.509166666666667,4.814024615074652,5.553457563355628
2026-01-27 21:10:00,4.967625000000001,-14.5875,5.601639694150342,5.579792080218918
2026-01-27 22:10:00,6.7773916666666665,-14.721666666666666,6.345544444263382,5.616636725751168
2026-01-27 23:10:00,6.890383333333332,-15.023333333333332,6.3128833493928065,5.707189348783389
2026-01-28 00:10:00,5.23205,-15.522499999999999,5.623384684883463,5.778686386236214
2026-01-28 01:10:00,5.572125,-15.964166666666669,5.623526533186495,5.8418311602520125
2026-01-28 02:10:00,6.583841666666667,-17.519166666666667,6.149180319280895,6.154727570492371
2026-01-28 03:10:00,4.6369,-18.501666666666665,5.923648216739236,6.357166815631347
2026-01-28 04:10:00,7.021541666666667,-18.398333333333333,6.1007240930338495,6.34482087544333
2026-01-28 05:10:00,6.059558333333334,-17.5975,6.098507463333443,6.194521311684292
2026-01-28 06:10:00,6.736775,-18.245,6.270857735383098,6.313749484516381
2026-01-28 07:10:00,6.2225166666666665,-18.666666666666668,6.0574744587965155,6.392891263491572
2026-01-28 08:10:00,6.353058333333334,-15.4775,5.963036552498263,5.881914708442119
2026-01-28 09:10:00,7.002066666666665,-13.874166666666666,5.875762333062315,5.531232131828854
2026-01-28 10:10:00,3.2393083333333337,-11.504166666666668,4.56601424249814,5.047307728945548
2026-01-28 11:10:00,4.193458333333332,-10.420833333333333,4.083456494095092,4.904965678019567
2026-01-28 12:10:00,4.573333333333333,-8.926666666666668,3.7536227279109466,4.544951590328994
2026-01-28 13:10:00,4.540841666666666,-8.731666666666667,4.800492373800326,4.503951070215552
2026-01-28 14:10:00,4.258824999999999,-9.856666666666667,5.132462365846544,4.753566504504409
2026-01-28 15:10:00,5.245575,-10.800833333333332,5.3299802650173405,4.950549109859124
2026-01-28 16:10:00,4.772449999999999,-12.156666666666666,4.839944224204482,5.143846915323882
2026-01-28 17:10:00,5.927983333333332,-13.506666666666666,4.710391532431503,5.355167722305028
2026-01-28 18:10:00,4.510941666666666,-15.342500000000001,4.73800653276486,5.722032568020667
2026-01-28 19:10:00,5.516008333333333,-16.523333333333333,5.273266465054508,5.9721302932117055
2026-01-28 20:10:00,6.2265999999999995,-17.455833333333334,5.917089580400819,6.152942338095589
2026-01-28 21:10:00,7.008758333333333,-17.893333333333334,6.291837473105519,6.242302645281984
2026-01-28 22:10:00,5.498916666666666,-17.8575,6.195713638681863,6.268413044443827
2026-01-28 23:10:00,6.770108333333335,-16.944166666666664,5.999582433305223,6.105955283447648
2026-01-29 00:10:00,5.648416666666667,-15.842500000000001,5.698558175930521,5.947370910192401
2026-01-29 01:10:00,5.779791666666665,-16.004166666666666,5.908181538788667,5.939435401102649
2026-01-29 02:10:00,5.796174999999999,-16.620833333333337,6.259926129040946,6.011312880859838
2026-01-29 03:10:00,6.509108333333332,-16.81,5.980121175164956,6.13941208625981
2026-01-29 04:10:00,6.9758249999999995,-17.5425,6.046165266007937,6.174982891491411
2026-01-29 05:10:00,4.624291666666666,-17.888333333333332,6.007667736504149,6.260736341731252
2026-01-29 06:10:00,6.189441666666665,-16.796666666666667,5.856049091937782,6.043982826883844
2026-01-29 07:10:00,7.048400000000001,-15.814166666666667,6.157911224725043,5.838711255995348
2026-01-29 08:10:00,6.601025,-13.564166666666665,5.317053232557052,5.5114602615139505
2026-01-29 09:10:00,5.410641666666668,-11.638333333333334,5.535397915891645,5.150513651401262
2026-01-29 10:10:00,4.814191666666667,-9.846666666666666,4.614187854470186,4.782301077474909
2026-01-29 11:10:00,3.663066666666667,-8.374166666666666,3.737894163169713,4.45313201035345
2026-01-29 12:10:00,4.009283333333333,-7.594166666666666,3.65752178104224,4.323441430005402
2026-01-29 13:10:00,3.5916333333333332,-8.111666666666666,3.7636735611624426,4.463720702330365
2026-01-29 14:10:00,3.5734083333333335,-9.240833333333333,3.9108924487288235,4.680348352597264
2026-01-29 15:10:00,5.205133333333333,-10.420833333333333,4.6921993162354045,4.883809542140952
2026-01-29 16:10:00,5.773008333333333,-11.685,5.489766201974923,5.079796343367297
2026-01-29 17:10:00,6.600216666666667,-12.115833333333335,5.472451853943013,5.208356941375458
2026-01-29 18:10:00,7.0844499999999995,-12.819999999999999,5.615933809583143,5.4407361608329765
2026-01-29 19:10:00,4.329274999999999,-13.394166666666665,5.5769906229898,5.464132224104302
2026-01-29 20:10:00,6.874008333333333,-13.698333333333332,5.865118889102865,5.500050794102211
2026-01-29 21:10:00,6.786483333333333,-14.092500000000001,6.378856868114954,5.568908812980664
2026-01-29 22:10:00,7.046408333333334,-14.593333333333334,6.202584775973059,5.619333960513622
2026-01-29 23:10:00,6.756308333333333,-14.685,5.620854547594921,5.734189449803568
2026-01-30 00:10:00,5.6754999999999995,-14.80083333333333,5.856833628674615,5.844463267646218
2026-01-30 01:10:00,7.108158333333331,-15.156666666666666,6.308727902984747,5.894181305998161
2026-01-30 02:10:00,5.507124999999999,-15.490000000000004,6.2501123230067295,5.965846759837298
2026-01-30 03:10:00,7.368825,-15.777499999999998,6.244770106055804,6.041357379244452
2026-01-30 04:10:00,6.237275,-16.078333333333333,6.43072034975837,6.125001213906992
2026-01-30 05:10:00,6.734716666666667,-16.6525,6.1530942524980725,6.243514798120771
2026-01-30 06:10:00,8.200716666666667,-16.7225,6.942257130174591,6.236963659881709
2026-01-30 07:10:00,6.672725,-16.477499999999996,6.695970661376918,6.2269496713447126
2026-01-30 08:10:00,6.689441666666666,-16.040833333333335,6.16144864350278,6.146185824886904
2026-01-30 09:10:00,7.432816666666666,-14.837500000000004,5.967455460354878,5.913279352259114
2026-01-30 10:10:00,6.718416666666666,-14.222500000000002,5.480569246800719,5.732137638435367
2026-01-30 11:10:00,4.307108333333334,-12.935833333333335,5.2638879234199765,5.474906118500468
2026-01-30 12:10:00,4.964691666666667,-11.670833333333334,4.477812035865838,5.197959904126375
2026-01-30 13:10:00,5.732666666666667,-11.894166666666669,5.524904456935257,5.236495017595165
2026-01-30 14:10:00,5.956583333333334,-12.130833333333333,5.939516582455077,5.319659875285797
2026-01-30 15:10:00,6.2280500000000005,-13.208333333333334,5.84653742246123,5.51199589517186
2026-01-30 16:10:00,6.104741666666666,-14.245,5.6348508410493405,5.739443768259548
2026-01-30 17:10:00,5.022491666666666,-15.018333333333336,5.626442242281881,5.924409139904179
2026-01-30 18:10:00,5.263083333333333,-15.930833333333338,5.810984198666863,6.085018938216695
2026-01-30 19:10:00,5.91865,-16.278333333333332,6.096035627311183,6.204044677314352
2026-01-30 20:10:00,5.7415666666666665,-16.28,6.434518399826921,6.1947210749491095
2026-01-30 21:10:00,7.606858333333334,-16.38416666666667,6.984863838423927,6.17138357734221
2026-01-30 22:10:00,8.700633333333334,-16.7175,7.0520155636458055,6.264416394189198
2026-01-31 00:10:00,7.855883333333335,-16.944166666666668,6.942955685215352,6.483639497879747
2026-01-31 01:10:00,6.9482333333333335,-16.805,7.729039928295744,6.5026154648454035
2026-01-31 02:10:00,8.469566666666667,-16.74,7.778385592733316,6.521955321770458
2026-01-31 03:10:00,6.570891666666665,-16.820000000000004,7.0421135478481105,6.498334068134514
2026-01-31 04:10:00,7.623958333333333,-16.73666666666667,7.414249538517496,6.4812395002383045
2026-01-31 05:10:00,7.291549999999999,-16.675833333333333,7.472895141461585,6.43462978989903
2026-01-31 06:10:00,7.437508333333333,-16.706666666666663,7.11865759314901,6.402329962069395
2026-01-31 07:10:00,6.641575,-15.920833333333333,7.187628578974616,6.264285346231578
2026-01-31 08:10:00,7.043383333333332,-13.973333333333334,6.83859815046615,5.865642769632507
2026-01-31 09:10:00,6.359866666666667,-12.87,6.26718531450514,5.689185443266367
2026-01-31 10:10:00,6.9366166666666675,-10.920833333333334,5.326933271726446,5.206019112923251
2026-01-31 11:10:00,4.251025,-9.574166666666667,3.7669198415342224,4.890171185901039
2026-01-31 12:10:00,3.3228166666666663,-8.611666666666666,3.2285874370096646,4.666816938159088
2026-01-31 13:10:00,2.9221083333333335,-8.490833333333333,3.674005366333546,4.618792358506758
2026-01-31 14:10:00,4.878191666666666,-9.675833333333333,5.23154931638075,4.85713574649009
2026-01-31 15:10:00,4.560708333333333,-10.87,5.095852781919198,4.953581850775546
2026-01-31 16:10:00,6.818583333333333,-12.194999999999999,6.3963589228497275,5.294550497991233
2026-01-31 17:10:00,6.692041666666667,-13.338333333333333,6.188724073903525,5.555072556350593
2026-01-31 18:10:00,5.888374999999999,-14.041666666666666,5.522231102907598,5.621050539120223
2026-01-31 19:10:00,4.348858333333333,-14.90333333333333,4.814700056085538,5.702485052150409
2026-01-31 20:10:00,4.648041666666666,-15.157499999999999,5.266706653566629,5.797245014133807
2026-01-31 21:10:00,5.242166666666667,-15.625833333333334,5.670007879339241,5.911432369996489
2026-01-31 22:10:00,6.666541666666666,-16.903333333333336,6.114548478548976,6.080840421290809
2026-01-31 23:10:00,7.297483333333333,-17.036666666666665,6.578375635074973,6.11128970965065
2026-02-01 00:10:00,5.497199999999999,-18.135,6.020751185240931,6.33262088500291
2026-02-01 01:10:00,6.743591666666667,-19.37833333333333,6.409718816691244,6.588145100885074
2026-02-01 02:10:00,7.0410666666666675,-19.379166666666666,6.8312767061409785,6.589744727308275
2026-02-01 03:10:00,6.346350000000001,-19.883333333333333,6.541871995639371,6.691930405727295
2026-02-01 04:10:00,6.664691666666667,-19.10166666666667,6.449576300191388,6.551972246488215
2026-02-01 05:10:00,7.416158333333331,-19.75916666666667,6.905993261484587,6.682302829998942
2026-02-01 06:10:00,6.190383333333334,-19.897499999999997,6.110618445901327,6.694841874675014
2026-02-01 07:10:00,6.0324583333333335,-19.24083333333333,6.610791002825946,6.559886725804272
2026-02-01 08:10:00,6.475391666666668,-15.13,6.2001590967661215,5.71504694232792
2026-02-01 09:10:00,4.937708333333333,-11.473333333333334,5.9731494196441455,5.08442144838012
2026-02-01 10:10:00,5.644791666666666,-8.647499999999999,5.117571489005128,4.513799275337557
2026-02-01 11:10:00,3.6482916666666667,-7.685833333333334,3.8355679847454733,4.286546602910444
2026-02-01 12:10:00,4.121733333333333,-6.764166666666667,4.36692358504491,4.128024507698602
2026-02-01 13:10:00,3.647491666666666,-5.995833333333334,3.94847415390828,4.002187994995258
2026-02-01 14:10:00,4.526541666666667,-6.394166666666667,4.409035356842413,4.034404653046762
2026-02-01 15:10:00,5.644983333333332,-7.175,5.010236081815011,4.192655960170011
2026-02-01 16:10:00,6.312841666666666,-8.676666666666668,5.438172013450036,4.441204933168132
2026-02-01 17:10:00,4.068633333333333,-9.625,4.990183934761764,4.629258244931512
2026-02-01 18:10:00,5.234958333333332,-9.952499999999999,4.94392884125304,4.768283021660138
2026-02-01 19:10:00,4.412958333333333,-10.375,4.760916095331292,4.818578229247529
2026-02-01 20:10:00,5.195991666666667,-10.555833333333334,5.226288733911321,4.900763882849776
2026-02-01 21:10:00,5.317024999999999,-11.505,5.336527601663336,5.018953078240401
2026-02-01 22:10:00,5.269816666666666,-12.448333333333332,5.7417712579779625,5.267280690137105
2026-02-01 23:10:00,6.53195,-13.963333333333333,6.047918111614545,5.512143300612528
2026-02-02 00:10:00,5.774566666666665,-15.005833333333337,6.020319038353662,5.6949371514437335
2026-02-02 01:10:00,5.595916666666667,-16.171666666666667,5.849619738904709,5.9291255414249076
2026-02-02 02:10:00,5.527716666666666,-16.393333333333334,6.1991047402475115,5.974681467312747
2026-02-02 03:10:00,6.276133333333334,-16.920833333333334,6.026941994592542,6.083090869895461
2026-02-02 04:10:00,4.811733333333333,-17.06416666666667,6.079451851827534,6.112548085131207
2026-02-02 05:10:00,7.379883333333332,-17.099999999999998,6.542593117615966,6.1199123889401426
2026-02-02 06:10:00,5.422466666666666,-17.958333333333332,6.332649393911754,6.30082039068101
2026-02-02 07:10:00,7.052033333333334,-15.93083333333334,6.177884885976596,5.879630569313685
2026-02-02 08:10:00,5.122216666666667,-10.320833333333335,4.9658698183738705,4.833896070800606
2026-02-02 09:10:00,4.4770416666666675,-7.939166666666666,5.178423143661355,4.408889172065023
2026-02-02 10:10:00,3.2193666666666667,-5.245,4.282507721883329,3.840759467228704
2026-02-02 11:10:00,2.4699,-3.1475000000000004,3.8019377335316413,3.4191180084968122
2026-02-02 12:10:00,2.419283333333333,-1.9208333333333334,3.4447715172746447,3.1869267223991646
2026-02-02 13:10:00,2.069875,-1.0591666666666668,3.437219115271171,2.966769725087469
2026-02-02 14:10:00,3.0371666666666663,-1.8150000000000004,3.5922891550234555,3.1124504734632947
2026-02-02 15:10:00,4.350266666666666,-3.000833333333334,3.7780657960603476,3.29341817705928
2026-02-02 16:10:00,4.554825000000001,-4.350833333333333,4.258209553219987,3.499761598872288
2026-02-02 17:10:00,3.544883333333333,-5.75,4.94265365156452,3.7943502122177537
2026-02-02 18:10:00,4.830575,-6.116666666666666,4.50564812311575,3.9471115504978393
2026-02-02 19:10:00,3.032466666666667,-6.36,4.262477214910491,4.028639664739318
2026-02-02 20:10:00,4.850675000000001,-8.375,3.9792352709548595,4.330185273901639
2026-02-02 21:10:00,4.647516666666666,-9.574166666666667,4.420588192753192,4.573237326184224
2026-02-02 22:10:00,4.368183333333333,-10.2875,4.6561442045170764,4.763056705917624
2026-02-02 23:10:00,4.49095,-10.749166666666667,5.215030847751223,4.8458047368571515
2026-02-03 00:10:00,5.320308333333332,-11.500833333333333,5.028819435106785,4.971490386189115
2026-02-03 01:10:00,5.137416666666667,-12.435000000000002,5.0612672340147835,5.161182790744192
2026-02-03 02:10:00,4.165633333333333,-13.036666666666667,5.197740703373315,5.284834589582612
2026-02-03 03:10:00,6.308391666666666,-14.082500000000001,5.589280677970612,5.4997695030759886
2026-02-03 04:10:00,5.014999999999999,-14.472499999999998,4.862449964479286,5.5799205305779
2026-02-03 05:10:00,4.211491666666666,-15.252500000000003,5.328808041506651,5.7402225855817255
2026-02-03 06:10:00,6.3051,-15.864166666666668,5.657301663788939,5.865929538971477
2026-02-03 07:10:00,4.943466666666667,-14.529166666666669,5.192635121130489,5.591566406368777
2026-02-03 08:10:00,5.403733333333334,-8.074166666666667,4.897070103490405,4.316120278603194
2026-02-03 09:10:00,4.836333333333333,-7.0225,4.341483865360434,4.132613779473424
2026-02-03 10:10:00,2.485875,-3.9716666666666662,3.897391573149754,3.530214625165858
2026-02-03 11:10:00,2.7512999999999996,-2.7258333333333336,3.073647378563048,3.3433156534423754
2026-02-03 12:10:00,3.2677333333333336,-1.3841666666666665,2.652403993269898,3.0354067753569476
2026-02-03 13:10:00,1.9024999999999999,-0.365,2.972713799983012,2.8092814506228674
2026-02-03 14:10:00,2.649716666666667,-0.38000000000000006,3.3903158873719286,2.7555176615860697
2026-02-03 15:10:00,4.186116666666666,-1.9716666666666665,3.802975269545337,3.0116164877578906
2026-02-03 16:10:00,3.787075,-4.444166666666666,4.31975383809766,3.518943041351378
2026-02-03 17:10:00,2.9297416666666667,-6.4624999999999995,3.5195925331360796,3.9337417349617017
2026-02-03 18:10:00,3.3553333333333333,-8.528333333333334,3.409432170305192,4.358302412690849
2026-02-03 19:10:00,3.848583333333333,-10.769166666666665,4.197708708999844,4.818828295068289
2026-02-03 20:10:00,2.4886000000000004,-12.1625,3.9611103118706765,5.10517982922042
2026-02-03 21:10:00,5.031766666666666,-13.176666666666668,4.557151830679422,5.313606753301247
2026-02-03 22:10:00,4.732633333333333,-13.838333333333336,5.0095064321069085,5.4495894794476545
2026-02-03 23:10:00,4.899958333333333,-14.745,5.339773891892885,5.635923492101672
2026-02-04 00:10:00,4.777316666666667,-15.819999999999999,5.256779400625908,5.856852606369763
2026-02-04 01:10:00,5.92,-16.3,5.6531850733918345,5.955500024833656
2026-02-04 02:10:00,4.273816666666667,-15.904166666666667,5.489463165122568,5.874150157176801
2026-02-04 03:10:00,5.566966666666666,-15.167499999999999,5.710613107032095,5.722753771895411
2026-02-04 04:10:00,5.152466666666665,-14.509166666666667,5.856122370577392,5.587456097266115
2026-02-04 05:10:00,5.53825,-13.500833333333333,5.397134602466427,5.38022801334023
2026-02-04 06:10:00,4.524566666666666,-13.079166666666666,5.552233101655227,5.293568996425769
2026-02-04 07:10:00,6.743549999999999,-12.134166666666667,5.433586103851126,5.099356891324982
2026-02-04 08:10:00,3.1017166666666665,-8.397499999999999,3.9445020741640953,4.332449356195255
2026-02-04 09:10:00,4.1872,-5.423333333333333,4.221164285296686,3.7400868817464388
2026-02-04 10:10:00,4.9078,-3.2933333333333334,4.2999161524927025,3.29992240703729
2026-02-04 11:10:00,10.017033333333334,-1.9783333333333335,4.162403756518709,3.0897775099387936
2026-02-04 12:10:00,2.5349999999999997,-1.2116666666666667,3.998337700872824,2.9922525405475553
2026-02-04 13:10:00,3.9345749999999993,-0.48500000000000004,3.0858112999930674,2.8153690469538133
2026-02-04 14:10:00,2.8322583333333333,-1.3708333333333336,3.3376253042310466,3.0020612337668102
2026-02-04 15:10:00,4.032299999999999,-2.328333333333333,3.4627547702637607,3.1929627036115726
2026-02-04 16:10:00,3.8780416666666664,-3.5316666666666667,4.0278751535254305,3.448403286140034
2026-02-04 17:10:00,4.4027916666666655,-4.6675,4.397605001063247,3.714196163541626
2026-02-04 18:10:00,4.653783333333333,-5.81,4.1199035267308,3.9451160764596325
2026-02-04 19:10:00,2.7803666666666667,-6.219166666666666,4.15385535772445,4.029604680059994
2026-02-04 20:10:00,6.280816666666666,-7.426666666666667,4.583984624694711,4.1403714552876725
2026-02-04 21:10:00,5.677383333333332,-7.715833333333332,4.540444340216055,4.333689288658295
2026-02-04 22:10:00,4.38175,-8.375,4.39038586592234,4.375367241741665
2026-02-04 23:10:00,5.0763083333333325,-8.8375,4.328361083218173,4.4724427496786445
2026-02-05 00:10:00,4.089875,-8.56,4.546897952933252,4.533345514265067
2026-02-05 01:10:00,4.514125,-8.795833333333334,4.619266055198618,4.495939793261707
2026-02-05 02:10:00,5.015325,-9.450000000000001,4.530197145776267,4.572360435235435
2026-02-05 03:10:00,4.341975,-10.44,4.660702887595769,4.7536371588711415
2026-02-05 04:10:00,4.8755,-11.045833333333333,4.593110005380506,4.875687570988449
2026-02-05 05:10:00,4.527116666666666,-10.319166666666666,4.834415036168206,4.72634634025839
2026-02-05 06:10:00,5.209433333333333,-8.134166666666667,4.674720182489522,4.30967622446916
2026-02-05 07:10:00,6.0376416666666675,-7.504166666666666,4.109530609897622,4.156545935960224
2026-02-05 08:10:00,8.053908333333332,-6.8475,4.559725490145394,4.094071404944252
2026-02-05 09:10:00,4.2131,-5.995,4.728031357053858,3.9957207042328795
2026-02-05 10:10:00,2.3606833333333337,-4.0225,3.665195957975267,3.652799165712048
2026-02-05 11:10:00,3.533275,-3.7550000000000003,2.8378950643049983,3.6534629191647463
2026-02-05 12:10:00,3.8230500000000003,-3.2275000000000005,3.138775018657719,3.432571871879244
2026-02-05 13:10:00,3.808958333333333,-4.0233333333333325,3.74068253910016,3.708997723265882
2026-02-05 14:10:00,2.9879083333333334,-4.240833333333334,3.9388239833117082,3.723866253636069
2026-02-05 15:10:00,3.1927250000000003,-5.773333333333333,4.145184708580566,4.000678823355833
2026-02-05 16:10:00,5.292741666666666,-7.495833333333334,4.3419142897296545,4.207746950015202
2026-02-05 17:10:00,5.429491666666666,-9.648333333333333,4.80868223922159,4.675639093074788
2026-02-05 18:10:00,4.475791666666666,-10.5425,4.481963825604447,4.871890805575405
2026-02-05 19:10:00,4.010758333333333,-11.478333333333333,5.206293892518913,5.040818249738401
2026-02-05 20:10:00,5.235766666666667,-12.63,5.452855373928687,5.219237699439689
2026-02-05 21:10:00,5.972641666666666,-13.209166666666668,4.4993239896065855,5.415497919649594
2026-02-05 22:10:00,3.8394333333333335,-15.597499999999997,4.502798726450308,5.814033054589469
2026-02-05 23:10:00,6.4378166666666665,-16.505,5.715380067828823,5.997630693135943
2026-02-06 00:10:00,6.14325,-17.14916666666667,5.475125594545881,6.130016898817521
2026-02-06 01:10:00,4.712083333333333,-18.400000000000002,5.546310665704902,6.387082480613184
2026-02-06 02:10:00,6.532916666666666,-20.14833333333333,5.937949692614802,6.7463920013375684
2026-02-06 03:10:00,4.88765,-21.38083333333334,6.022367800958775,6.999689799789126
2026-02-06 04:10:00,6.132366666666666,-22.37,6.497109404288836,7.202978837491624
2026-02-06 05:10:00,7.1023249999999996,-23.725833333333327,6.9530260025729955,7.481623542076262
2026-02-06 06:10:00,7.189925000000001,-24.277500000000003,6.387761665241108,7.594999568158029
2026-02-06 07:10:00,6.827608333333333,-22.596666666666668,6.409331770557608,7.24956234065513
2026-02-06 08:10:00,6.005391666666666,-18.254166666666666,6.336485454646637,6.357111476739606
2026-02-06 09:10:00,6.780891666666666,-14.37,6.086471966369713,5.64409207758546
2026-02-06 10:10:00,4.5957333333333334,-10.44,5.392363004759705,4.8368018951441725
2026-02-06 11:10:00,4.972391666666666,-8.958333333333334,4.781190836003465,4.5918726080498224
2026-02-06 12:10:00,3.8430333333333326,-7.55,3.4485366060916407,4.29517588299886
2026-02-06 13:10:00,4.237716666666667,-6.724166666666666,4.305183411655551,4.124622417849934
2026-02-06 14:10:00,4.038291666666667,-6.795833333333333,4.26595738749125,4.096655863001719
2026-02-06 15:10:00,5.697716666666666,-7.096666666666667,5.464124613026178,4.085343577788899
2026-02-06 16:10:00,4.749258333333333,-8.8925,4.471490850119741,4.4331442909351555
2026-02-06 17:10:00,6.39655,-11.1725,5.190552977271715,4.901719528638642
2026-02-06 18:10:00,5.280924999999999,-13.230000000000002,4.904400973699826,5.324567577575014
2026-02-06 19:10:00,3.8703333333333334,-15.467500000000001,5.279110424684919,5.784408408435343
2026-02-06 20:10:00,5.47705,-17.673333333333332,5.723909022673139,6.237741249883125
2026-02-06 21:10:00,6.931591666666667,-18.361666666666668,6.321898335298764,6.379204388166415
2026-02-06 22:10:00,6.221141666666666,-19.254166666666666,6.041258476141248,6.562626931872714
2026-02-07 00:10:00,6.316633333333332,-20.463333333333335,6.14736163268373,6.7727060896518925
2026-02-07 01:10:00,7.340699999999999,-19.570833333333333,6.069296114980889,6.589781295784647
2026-02-07 02:10:00,4.893466666666667,-18.5925,6.322428705504169,6.390153239333872
2026-02-07 03:10:00,5.976566666666667,-17.583333333333332,6.065447761962644,6.184233668327152
2026-02-07 04:10:00,7.15055,-17.221666666666668,5.949943672265222,6.110435902995264
2026-02-07 05:10:00,5.514608333333333,-17.124166666666667,6.027404937538573,6.090541113723765
2026-02-07 06:10:00,6.712816666666667,-16.429999999999996,6.22959548629648,5.948897015748043
2026-02-07 07:10:00,5.588741666666667,-15.8375,5.746503559221626,5.827997911713545
2026-02-07 08:10:00,5.295841666666666,-11.934166666666664,5.351303135315269,5.031526177117776
2026-02-07 09:10:00,4.553575,-7.801666666666667,5.1323293296322365,4.2691188479302005
2026-02-07 10:10:00,5.4959999999999996,-5.377499999999999,4.379244933479702,3.801868286136735
2026-02-07 11:10:00,3.9089916666666666,-3.8183333333333334,3.810864151755563,3.506198620172733
2026-02-07 12:10:00,2.4209916666666667,-2.886666666666667,3.064078365556566,3.261528218196877
2026-02-07 13:10:00,2.8527750000000003,-3.4433333333333334,3.7349505380504224,3.4088702377222733
2026-02-07 14:10:00,4.776591666666667,-3.6675,3.9835927128232345,3.3775925643258713
2026-02-07 15:10:00,3.274558333333333,-4.659166666666667,3.7908906947418615,3.57258444812678
2026-02-07 16:10:00,5.5191333333333334,-5.575,4.532603565264725,3.740497534463723
2026-02-07 17:10:00,4.7134,-6.1575,4.822678366966087,3.854361847094507
2026-02-07 18:10:00,5.041333333333333,-6.343333333333334,4.326026813347192,3.896006493035276
2026-02-07 19:10:00,4.605933333333333,-6.551666666666667,4.806501077202704,3.9348099084311303
2026-02-07 20:10:00,4.732525,-6.612500000000001,4.2152484737903055,3.9669895128959225
2026-02-07 21:10:00,4.672008333333333,-6.704166666666667,4.5219430186505996,3.979211271636319
2026-02-07 22:10:00,5.370024999999999,-7.300833333333333,4.995439069638503,4.153999677626692
2026-02-07 23:10:00,5.0168333333333335,-9.034166666666668,4.7138390579883644,4.528842190545858
2026-02-08 00:10:00,4.410266666666666,-10.250833333333334,4.985926856672602,4.801130953366473
2026-02-08 01:10:00,6.562366666666668,-11.467500000000001,5.11364139511359,5.054822873772943
2026-02-08 02:10:00,3.9907166666666662,-12.292499999999999,5.028405347847936,5.208159252847152
2026-02-08 03:10:00,6.29325,-12.735833333333332,5.4045882134036525,5.312790763142203
2026-02-08 04:10:00,5.695808333333334,-13.379999999999997,5.670181187479068,5.410055543969203
2026-02-08 05:10:00,6.428033333333333,-13.94,5.530262534777505,5.594720547270859
2026-02-08 06:10:00,6.281024999999999,-14.235,5.8722721022368605,5.668139749444472
2026-02-08 07:10:00,6.152174999999999,-13.225833333333334,5.7342462528727705,5.470917814704497
2026-02-08 08:10:00,6.8280666666666665,-11.125,5.344276613864815,5.048306548048974
2026-02-08 09:10:00,4.829816666666667,-10.916666666666666,4.985506204099334,5.033226163592562
2026-02-08 10:10:00,5.577858333333333,-8.744166666666667,4.746003913150684,4.532187343912363
2026-02-08 11:10:00,3.2813749999999997,-7.146666666666667,3.6066400972879746,4.204003116012974
2026-02-08 12:10:00,3.284275,-5.7225,3.3407362253137567,3.902678362217367
2026-02-08 13:10:00,1.9743166666666663,-5.5058333333333325,2.9402477730383527,3.8875351426363958
2026-02-08 14:10:00,3.5473166666666662,-6.815,3.8844126280318556,4.115068744228411
2026-02-08 15:10:00,3.934241666666667,-7.616666666666667,4.300744063669167,4.2562550637329375
2026-02-08 16:10:00,5.028675,-9.135,5.317102882764399,4.613101342690949
2026-02-08 17:10:00,7.0060916666666655,-10.648333333333333,5.609108065767453,4.957404637169743
2026-02-08 18:10:00,3.8911083333333334,-12.217500000000001,5.30489165858624,5.30842572019355
2026-02-08 19:10:00,5.592416666666667,-13.648333333333333,5.0275914604026255,5.580968219518494
2026-02-08 20:10:00,5.554199999999999,-14.574166666666665,5.309496938594853,5.767255389549818
2026-02-08 21:10:00,6.441683333333333,-14.862499999999999,6.198255775335155,5.859145438615648
2026-02-08 22:10:00,4.488758333333333,-15.023333333333332,6.4873627810950065,5.824043924069879
2026-02-08 23:10:00,7.3570166666666665,-15.263333333333335,5.592476285752334,5.868968270244741
2026-02-09 00:10:00,5.740375,-15.574166666666665,6.83674032317288,5.97333834172218
2026-02-09 01:10:00,7.830858333333332,-15.834166666666667,7.539609711662056,6.03333161881457
2026-02-09 02:10:00,7.062083333333333,-16.0,7.962173901304442,6.0377057439792985
2026-02-09 03:10:00,8.5881,-15.752500000000003,7.348451085215808,5.9767281166586095
2026-02-09 04:10:00,7.335516666666665,-15.644166666666669,7.03474993714407,5.920213869478601
2026-02-09 05:10:00,8.451291666666666,-15.652499999999998,7.346880631377192,5.891447264187491
2026-02-09 06:10:00,7.430658333333334,-15.75,7.7911243880256436,5.951409421163996
2026-02-09 07:10:00,7.982616666666666,-14.414999999999997,6.831117718357002,5.741895424667891
2026-02-09 08:10:00,7.4561416666666664,-12.412500000000001,6.036083101882942,5.374257098709193
2026-02-09 09:10:00,6.686191666666667,-11.074166666666665,5.710133756574378,5.096885626544998
2026-02-09 10:10:00,3.8258916666666667,-8.030833333333332,4.321476255929142,4.439040820120045
2026-02-09 11:10:00,3.974491666666666,-5.573333333333334,3.8892208809603286,3.9109617599041164
2026-02-09 12:10:00,4.757225,-3.9291666666666667,3.4855875638289096,3.5788096788737045
2026-02-09 13:10:00,3.0265583333333335,-3.01,3.7583215277477304,3.3680067242046916
2026-02-09 14:10:00,3.1963666666666666,-3.9341666666666666,3.853844410035837,3.5587202061719307
2026-02-09 15:10:00,4.726391666666666,-4.420833333333333,4.431248445260575,3.6281459447514166
2026-02-09 16:10:00,5.788649999999999,-5.2875000000000005,4.685344945420636,3.7951865166449625
2026-02-09 17:10:00,5.906391666666666,-6.805,4.854525976806312,4.10650184727029
2026-02-09 18:10:00,4.083816666666666,-7.8374999999999995,4.539558456175093,4.3007159075372225
2026-02-09 19:10:00,6.150416666666667,-8.62,4.674253418147952,4.49310179405942
2026-02-09 20:10:00,6.521133333333333,-9.209166666666667,4.999013572867725,4.598527710959982
2026-02-09 21:10:00,4.021575,-10.147499999999999,4.8308522589560345,4.778173705927353
2026-02-09 22:10:00,6.234383333333333,-11.009166666666665,4.60427741161118,4.979943947269636
2026-02-09 23:10:00,5.374608333333334,-11.586666666666666,4.684182780695134,5.053495473723063
2026-02-10 00:10:00,5.263475000000001,-12.0,5.2409919107573275,5.116616784553268
2026-02-10 01:10:00,5.963508333333333,-12.153333333333336,5.046678147719256,5.174175942285486
2026-02-10 02:10:00,5.19395,-12.44,5.22404855880015,5.224858286241271
2026-02-10 03:10:00,6.107549999999999,-13.148333333333332,5.476883710955083,5.320661031403467
2026-02-10 04:10:00,5.153999999999999,-13.5875,5.797286434377561,5.378628838448351
2026-02-10 05:10:00,6.985283333333332,-13.759166666666665,5.51138977941065,5.433128474072045
2026-02-10 06:10:00,7.384391666666668,-14.509166666666667,5.521219262583795,5.556952663006104
2026-02-10 07:10:00,5.470291666666666,-11.975833333333334,5.269462673137153,5.114627732068405
2026-02-10 08:10:00,5.067025,-9.156666666666666,4.517877264317271,4.55883140336231
2026-02-10 09:10:00,4.6526,-7.25,4.056679314714848,4.153496787534253
2026-02-10 10:10:00,1.556158333333333,-3.9858333333333333,2.9478606595698205,3.4957092782819865
2026-02-10 11:10:00,2.760491666666666,-1.5241666666666667,2.2964314523087856,2.957784103693247
2026-02-10 12:10:00,2.053983333333333,0.19833333333333333,2.0285143282249773,2.597335088885086
2026-02-10 13:10:00,1.6712833333333335,1.7924999999999998,2.603991715963297,2.26568149027312
2026-02-10 14:10:00,2.656133333333333,0.6016666666666666,3.3816328889114216,2.4913657068926622
2026-02-10 15:10:00,3.558116666666667,-1.5741666666666667,3.5593559057836734,2.918967326303253
2026-02-10 16:10:00,3.8117583333333336,-3.940833333333334,3.740650090731998,3.400493538722685
2026-02-10 17:10:00,4.735925,-5.413333333333334,4.16382954381144,3.700955869002515
2026-02-10 18:10:00,2.918625,-6.125,3.6614463065028477,3.8461708265910683
2026-02-10 19:10:00,4.471191666666667,-7.333333333333333,3.8158706874640638,4.09273018081051
2026-02-10 20:10:00,4.649849999999999,-7.915833333333333,4.430842000809012,4.2115887936376755
2026-02-10 21:10:00,4.491783333333333,-7.473333333333333,4.475504466356902,4.121297057713177
2026-02-10 22:10:00,4.819341666666666,-6.916666666666667,4.57231461793889,4.007709713838289
2026-02-10 23:10:00,4.0992,-6.0008333333333335,4.729057970135321,3.841136957344873
2026-02-11 00:10:00,4.002841666666667,-5.711666666666666,4.083214115410598,3.763510999078795
2026-02-11 01:10:00,5.088966666666666,-5.715833333333332,4.474189179608236,3.7660016005416517
2026-02-11 02:10:00,3.886183333333333,-5.559166666666666,4.420332372886794,3.73689185784344
2026-02-11 03:10:00,4.305225,-5.360833333333333,4.388006566546062,3.6938961810486997
2026-02-11 04:10:00,2.8387249999999997,-5.1475,3.914277843036448,3.6472191110477223
2026-02-11 05:10:00,5.4397166666666665,-5.206666666666666,4.260453737511502,3.6587857173842933
2026-02-11 06:10:00,3.393499999999999,-5.148333333333333,4.339021981232676,3.646882852008182
2026-02-11 07:10:00,4.39445,-4.709166666666667,3.947707136257679,3.557271279819461
2026-02-11 08:10:00,3.464166666666666,-3.6341666666666668,4.084851980896911,3.33791847503113
2026-02-11 09:10:00,3.790083333333333,-2.796666666666667,3.759024429257305,3.1670273364169654
2026-02-11 10:10:00,4.120566666666667,-2.328333333333333,3.680343460152438,3.071464331540189
2026-02-11 11:10:00,2.7932666666666663,-1.6875,3.5595935476452367,2.9407028533369126
2026-02-11 12:10:00,3.419583333333333,-1.5691666666666668,3.155965237932128,2.916557040716802
2026-02-11 13:10:00,2.6949666666666663,-0.685,3.6260087033451716,2.7397512176267504
2026-02-11 14:10:00,4.0402249999999995,-0.24083333333333332,3.526463720867635,2.6459108004072465
2026-02-11 15:10:00,2.838883333333333,-1.2258333333333333,3.408917106409853,2.8465001759316917
2026-02-11 16:10:00,2.4920833333333334,-2.3741666666666665,3.54280325075544,3.0808165829071332
2026-02-11 17:10:00,2.6146416666666665,-2.8200000000000003,3.358570048755485,3.17178848256741
2026-02-11 18:10:00,2.6131916666666664,-3.0833333333333335,3.2102875184964903,3.225521417693854
2026-02-11 19:10:00,4.02085,-3.6758333333333333,3.2452048964732843,3.3464205217283522
2026-02-11 20:10:00,3.559808333333333,-3.615,4.223447819745704,3.334007533550408
2026-02-11 21:10:00,4.379191666666666,-3.519166666666667,4.350745367008739,3.3144528261467974
2026-02-11 22:10:00,4.300241666666666,-4.254166666666667,4.182009971276649,3.4644289298857958
2026-02-11 23:10:00,5.213866666666666,-4.088333333333334,4.388820290756844,3.4305907840308514
2026-02-12 00:10:00,3.4760833333333334,-3.75,3.6795525750621456,3.361554164849408
2026-02-12 01:10:00,3.852383333333333,-3.7449999999999997,3.83061748585925,3.360533919245741
2026-02-12 02:10:00,3.958766666666666,-3.735,4.246208847681438,3.3584934280384076
2026-02-12 03:10:00,3.842624999999999,-3.7750000000000004,3.970271741634302,3.366655392867741
2026-02-12 04:10:00,4.085991666666666,-3.856666666666666,4.122638596446877,3.383319404394296
2026-02-12 05:10:00,3.7427083333333333,-3.89,3.850014381771299,3.390121041752074
2026-02-12 06:10:00,5.392691666666667,-3.894166666666667,4.194391310230572,3.3909712464217963
2026-02-12 07:10:00,3.388433333333333,-3.560833333333333,3.6114133969208906,3.3229548728440195
2026-02-12 08:10:00,3.4083916666666663,-1.9900000000000002,3.2048673030050123,3.0371634691657707
2026-02-12 09:10:00,3.419625,-1.1849999999999998,3.395157400916196,2.866581452503171
2026-02-12 10:10:00,1.4337333333333333,-0.4025,3.0989074808228,2.7187883834738615
2026-02-12 11:10:00,3.152833333333333,-0.2908333333333334,2.845368402125153,2.6896669031991913
2026-02-12 12:10:00,2.9487083333333333,0.39916666666666667,2.766461550589236,2.573531729722574
2026-02-12 13:10:00,2.233033333333333,-0.6391666666666667,2.9833002588672755,2.8166441593529554
2026-02-12 14:10:00,2.2988833333333334,-1.1341666666666668,3.115164955504659,2.9053693262722198
2026-02-12 15:10:00,4.103141666666667,-1.8291666666666664,3.68645562470579,3.07246271959881
2026-02-12 16:10:00,3.393816666666666,-3.0833333333333335,3.95698211126717,3.3180583183163
2026-02-12 17:10:00,4.805408333333333,-3.9125,4.168642288349694,3.504694727507797
2026-02-12 18:10:00,2.289191666666667,-4.508333333333333,4.009759221886985,3.6223243892554517
2026-02-12 19:10:00,3.6601166666666667,-5.245,3.6620988755225103,3.792408199212847
2026-02-12 20:10:00,3.8564249999999998,-6.1625000000000005,3.9194620192708145,3.9920584635840575
2026-02-12 21:10:00,4.087733333333333,-7.1308333333333325,4.527307206872581,4.200447439350251
2026-02-12 22:10:00,3.9080333333333335,-7.875,4.481298221691273,4.320774329255939
2026-02-12 23:10:00,3.4459083333333327,-8.588333333333333,3.8596369877298864,4.445759594505095
2026-02-13 00:10:00,4.807041666666667,-9.2925,4.683875060945029,4.608320423546597
2026-02-13 01:10:00,5.531616666666667,-9.943333333333333,5.375158073726183,4.670694516747647
2026-02-13 02:10:00,4.836916666666666,-9.351666666666667,5.044583042220894,4.622875001977389
2026-02-13 03:10:00,5.4183916666666665,-10.352500000000001,5.002090757820448,4.739570968444064
2026-02-13 04:10:00,5.3233500000000005,-10.906666666666666,4.91257146440861,4.839239615548695
2026-02-13 05:10:00,4.803108333333332,-11.838333333333333,5.070233137589248,5.022948627735594
2026-02-13 06:10:00,4.9913333333333325,-12.885,5.200527849591352,5.225542882748385
2026-02-13 07:10:00,5.628025,-10.674999999999999,4.747904121824517,4.839861206013844
2026-02-13 08:10:00,5.348916666666666,-7.546666666666667,5.224631849252578,4.295136617118157
2026-02-13 09:10:00,5.548291666666665,-5.995,4.537966408035213,3.9863109828988996
2026-02-13 10:10:00,2.155866666666667,-4.021666666666667,3.9731879560860706,3.5837514806712467
2026-02-13 11:10:00,0.8782333333333332,-2.19,2.532340095437716,3.1921522286567794
2026-02-13 12:10:00,2.490241666666667,-1.4016666666666666,3.0678040453530744,3.0075515058080162
2026-02-13 13:10:00,0.8633083333333333,-0.2166666666666667,2.3178981178886056,2.76419380645517
2026-02-13 14:10:00,1.7560833333333332,-0.9108333333333333,2.5268133002971256,2.8949650725977922
2026-02-13 15:10:00,2.283541666666667,-2.286666666666666,2.086568827853326,3.1624890820862355
2026-02-13 16:10:00,3.2109916666666667,-3.333333333333334,3.417424947508495,3.386209814462823
2026-02-13 17:10:00,3.9592249999999996,-4.573333333333333,4.0453645383406025,3.6241425649357923
2026-02-13 18:10:00,3.5432,-5.7825,4.004823816263686,3.872279649586553
2026-02-13 19:10:00,3.5524916666666666,-6.918333333333334,3.554746829994861,4.061024196306653
2026-02-13 20:10:00,3.1354249999999992,-7.908333333333334,4.230038477379975,4.2525928733364315
2026-02-13 21:10:00,5.654425000000001,-8.189166666666667,4.637438021191198,4.360733822506382
2026-02-13 22:10:00,7.068083333333333,-8.036666666666667,4.42663739774379,4.344469242374672
2026-02-14 00:10:00,6.328891666666666,-7.903333333333333,5.185570882874422,4.356253287710964
2026-02-14 01:10:00,4.150016666666667,-7.781666666666667,4.877220334082904,4.325463048928565
2026-02-14 02:10:00,5.836574999999999,-8.624166666666666,4.8312339241202835,4.418167206608953
2026-02-14 03:10:00,5.798858333333334,-9.8425,4.758696596767051,4.665966117926707
2026-02-14 04:10:00,5.0464,-10.513333333333334,5.074873928340335,4.746442449217752
2026-02-14 05:10:00,4.672883333333334,-12.676666666666668,5.2120792796695055,5.195634318182647
2026-02-14 06:10:00,6.269675,-14.564166666666665,5.154045644786704,5.583177421052539
2026-02-14 07:10:00,4.5353916666666665,-10.929166666666667,4.938232932823785,4.834510807537924
2026-02-14 08:10:00,5.6489,-5.240833333333334,4.750688784468537,3.7165023471628453
2026-02-14 09:10:00,3.408208333333333,-3.8466666666666662,4.12187183623281,3.469808823477523
2026-02-14 10:10:00,3.290058333333333,-1.241666666666667,3.30744186196251,2.9006688780755763
2026-02-14 11:10:00,1.9425833333333333,-0.2866666666666667,2.487907389821963,2.704054667565624
2026-02-14 12:10:00,3.1104083333333334,-0.023333333333333307,2.7392145551672935,2.633068425884526
2026-02-14 13:10:00,2.9581166666666667,-0.08416666666666668,3.3225781412311983,2.6810349652166043
2026-02-14 14:10:00,2.940941666666667,-0.7083333333333334,3.6262096390569547,2.780203106788475
2026-02-14 15:10:00,3.2429499999999996,-1.5550000000000004,3.4085565853963646,2.9426295882480717
2026-02-14 16:10:00,3.54685,-2.8624999999999994,3.9533714551268457,3.169095719689196
2026-02-14 17:10:00,3.1203833333333333,-3.2225,3.9591198084835213,3.268881473691585
2026-02-14 18:10:00,3.7694666666666663,-3.0283333333333338,3.9915430311968274,3.247611623269862
2026-02-14 19:10:00,4.77515,-3.5283333333333338,3.6798481927276754,3.3269406725720105
2026-02-14 20:10:00,2.3582083333333332,-4.101666666666667,3.376028377744337,3.468566022432833
2026-02-14 21:10:00,3.59705,-5.338333333333334,2.6378199014099826,3.778559305887233
2026-02-14 22:10:00,4.429058333333334,-5.829166666666667,4.124704497091443,3.84730462443397
2026-02-14 23:10:00,4.738133333333334,-6.550833333333333,4.6098300576622435,3.9788586437227753
2026-02-15 00:10:00,4.7189,-7.1725,4.689911454401647,4.11349438219239
2026-02-15 01:10:00,4.985925,-8.2325,4.429168963324622,4.400163127208787
2026-02-15 02:10:00,5.294216666666666,-9.773333333333333,4.451552525143501,4.6767682752391675
2026-02-15 03:10:00,4.354283333333333,-11.134166666666667,4.0644869548717,4.928873828284598
2026-02-15 04:10:00,4.454908333333333,-12.291666666666666,4.861053091513791,5.113075487101853
2026-02-15 05:10:00,4.80315,-12.834166666666668,4.859601692196315,5.2249208983776505
2026-02-15 06:10:00,5.96435,-13.245833333333335,5.045287742373769,5.309792838731328
2026-02-15 07:10:00,4.855591666666665,-11.481666666666667,5.197992340692174,5.046415221233355
2026-02-15 08:10:00,3.8735166666666667,-8.574166666666667,4.531411637470289,4.467016765389312
2026-02-15 09:10:00,5.555183333333333,-7.023333333333333,4.791797753254871,4.163607596057053
2026-02-15 10:10:00,2.621766666666667,-4.676666666666667,3.7413209617373937,3.6891968376458877
2026-02-15 11:10:00,2.4191916666666664,-2.9858333333333325,2.656388593030086,3.3131602692558215
2026-02-15 12:10:00,0.9313333333333333,-0.45,1.5881954212411045,2.791834410321322
2026-02-15 13:10:00,1.6431749999999998,0.4208333333333334,2.07982597975803,2.572184719001592
2026-02-15 14:10:00,0.8707250000000001,0.4083333333333332,2.0247386641915757,2.516467597335566
2026-02-15 15:10:00,3.7911916666666667,-1.7966666666666669,2.916464290377272,2.963591035948299
2026-02-15 16:10:00,3.6035166666666663,-3.5283333333333338,3.717873394880563,3.3079896953260053
2026-02-15 17:10:00,4.561374999999999,-5.235833333333333,3.9568689637987626,3.6634281309860963
2026-02-15 18:10:00,4.726599999999999,-6.6575,4.11567358314562,3.951498181977949
2026-02-15 19:10:00,3.528083333333333,-8.370833333333334,3.9497773802522405,4.3047303871746285
2026-02-15 20:10:00,3.814216666666666,-9.852500000000001,3.800265044913824,4.610200650228955
2026-02-15 21:10:00,4.490591666666666,-10.9675,4.06909822009085,4.840076472482435
2026-02-15 22:10:00,4.837375,-12.09666666666667,4.946149102798759,5.0728729890395865
2026-02-15 23:10:00,5.064691666666666,-13.615000000000002,4.887911431021304,5.385902696173997
2026-02-16 00:10:00,6.229541666666666,-14.795833333333334,5.421376281548446,5.629351156662175
2026-02-16 01:10:00,4.132216666666666,-15.348333333333334,4.6423439651762,5.743258234505268
2026-02-16 02:10:00,4.8140583333333336,-16.45,5.326442984577314,5.970385168002354
2026-02-16 03:10:00,6.177225,-17.115,5.386558006501908,6.107485994727524
2026-02-16 04:10:00,4.771858333333332,-17.629166666666666,5.530376572726602,6.213490017395983
2026-02-16 05:10:00,5.532750000000001,-17.263333333333335,5.564826393753622,6.138067382142412
2026-02-16 06:10:00,4.955708333333334,-16.7225,6.05152058729515,6.026565581961164
2026-02-16 07:10:00,6.412066666666668,-14.06916666666667,5.658061249981576,5.4795367194386815
2026-02-16 08:10:00,4.485216666666666,-8.456666666666665,4.807899257060938,4.322426358543916
2026-02-16 09:10:00,4.061441666666667,-4.9675,4.37908883366082,3.6362130927737826
2026-02-16 10:10:00,1.3382916666666667,-1.2691666666666668,3.264967261575637,2.89510219121884
2026-02-16 11:10:00,2.3721916666666667,1.1666666666666665,2.4404742878002184,2.4075122315567827
2026-02-16 12:10:00,1.1329416666666665,3.0041666666666664,1.8431786599182753,2.0357448113166168
2026-02-16 13:10:00,1.8876333333333335,3.7716666666666665,2.0026980206452096,1.8699430347501793
2026-02-16 14:10:00,2.125658333333333,3.2083333333333335,2.920048163155525,1.9786241877628934
2026-02-16 15:10:00,3.0984000000000003,2.0508333333333333,3.200702846325321,2.189397762825386
2026-02-16 16:10:00,3.736508333333333,-0.48583333333333334,3.5638676194721612,2.682132696148308
2026-02-16 17:10:00,3.3362916666666673,-3.2925,3.3760198737159173,3.2577473820829153
2026-02-16 18:10:00,3.3715999999999995,-4.889166666666667,3.8898488341546225,3.5869268106611436
2026-02-16 19:10:00,3.708833333333333,-6.560833333333334,4.224465872749282,3.9315687384940903
2026-02-16 20:10:00,4.528908333333333,-7.570833333333333,3.9428326475316515,4.139797061790965
2026-02-16 21:10:00,2.9629833333333333,-8.829166666666667,3.6053809153758722,4.399223438175685
2026-02-16 22:10:00,4.922999999999999,-9.850833333333332,4.259645043201198,4.609857039134406
2026-02-16 23:10:00,4.769433333333334,-10.601666666666667,4.918076353382836,4.764653837228865
2026-02-17 00:10:00,3.6829416666666663,-10.4675,4.485899799102737,4.736993144117646
2026-02-17 01:10:00,4.254583333333334,-10.602500000000001,4.826394952945408,4.76482564277614
2026-02-17 02:10:00,4.546166666666666,-10.063333333333333,5.445833414510956,4.653667453689441
2026-02-17 03:10:00,5.907524999999999,-9.721666666666666,5.433168732960627,4.583227179306835
2026-02-17 04:10:00,4.682358333333333,-9.64,4.684912231246606,4.56639023567392
2026-02-17 05:10:00,3.628058333333333,-10.926666666666668,4.83812571410681,4.831658000665978
2026-02-17 06:10:00,5.156624999999999,-11.991666666666667,4.710899237887572,5.054522237075021
2026-02-17 07:10:00,4.865041666666666,-9.246666666666668,5.2253306141051,4.48680528834304
2026-02-17 08:10:00,3.8354833333333334,-4.084166666666667,4.005955096314789,3.4402658532432877
2026-02-17 09:10:00,3.775058333333333,-0.7866666666666666,3.350449669783975,2.8121097304041736
2026-02-17 10:10:00,1.3350416666666667,1.25,2.23308201308922,2.4117238920776405
2026-02-17 11:10:00,2.208241666666667,2.9675,1.6715217521356713,2.0474894352982287
2026-02-17 12:10:00,1.5570583333333334,2.5641666666666665,1.8097744095483488,2.1336669883223105
2026-02-17 13:10:00,3.3152333333333335,1.8200000000000003,2.649505563591002,2.261910329221186
2026-02-17 14:10:00,3.3912166666666663,1.7358333333333331,3.739499146569753,2.247861767162776
2026-02-17 15:10:00,3.5274333333333328,1.6066666666666671,3.3718614548346246,2.275839485037675
2026-02-17 16:10:00,3.5682333333333336,1.1300000000000001,3.559450752565899,2.347790687499736
2026-02-17 17:10:00,3.8901416666666675,0.42999999999999994,3.1045398136388775,2.4917575813714885
2026-02-17 18:10:00,2.90945,0.1575,3.0652407715432544,2.552483630215217
2026-02-17 19:10:00,2.692508333333333,0.21666666666666667,2.994902411583956,2.558149735535223
2026-02-17 20:10:00,2.5758083333333333,0.6858333333333332,3.25115958574637,2.506593402855644
2026-02-17 21:10:00,3.3541166666666666,0.07833333333333332,3.5184206589020253,2.6170448982968524
2026-02-17 22:10:00,4.232725,0.12083333333333336,3.8434668471053355,2.595952376772299
2026-02-17 23:10:00,4.218641666666667,-0.036666666666666674,3.9828154246571463,2.6222286103337185
2026-02-18 00:10:00,2.8635333333333333,-0.9900000000000001,3.5940409819046484,2.7872881177175977
2026-02-18 01:10:00,4.284833333333333,-3.0875,3.6960415612773634,3.215483217453351
2026-02-18 02:10:00,3.4199166666666665,-2.9525,4.106273128543132,3.1876507187948584
2026-02-18 03:10:00,4.08295,-2.5041666666666664,3.6831797457592668,3.1279903543558065
2026-02-18 04:10:00,3.5602166666666664,-1.4016666666666666,3.8053011680460065,3.0419155948078838
2026-02-18 05:10:00,4.340224999999999,-2.1658333333333335,3.773669507471949,3.173240224845321
2026-02-18 06:10:00,3.7146083333333326,-2.4766666666666666,3.7858336700874404,3.2509565097575353
2026-02-18 07:10:00,4.235025000000001,-1.8991666666666667,3.7599425008083838,3.1134369857090705
2026-02-18 08:10:00,2.453958333333333,-0.07833333333333344,3.0260982811997055,2.742681582657777
2026-02-18 09:10:00,4.392233333333333,0.7308333333333333,2.539452478774619,2.562519635983849
2026-02-18 10:10:00,1.0196,1.9308333333333332,2.12673687765528,2.317449291049185
2026-02-18 11:10:00,0.0,2.1675,0.6884519849748072,2.262617555484017
2026-02-18 12:10:00,1.328825,3.388333333333333,0.2847276957454823,1.9898790502472399
2026-02-18 13:10:00,1.1105333333333334,3.5033333333333334,1.4587921921942624,1.951158445129772
2026-02-18 14:10:00,2.2629916666666667,1.8808333333333334,2.1894201762682997,2.2756680342744846
2026-02-18 15:10:00,2.9158416666666667,0.7391666666666666,2.725737504453368,2.5097828312284785
2026-02-18 16:10:00,3.3009583333333334,-0.9899999999999999,3.267852490063819,2.8268500106921417
2026-02-18 17:10:00,3.6543916666666663,-2.4208333333333334,3.548458386722284,3.139038155826718
2026-02-18 18:10:00,3.485908333333333,-2.894166666666667,4.016808895389548,3.24434127380166
2026-02-18 19:10:00,3.558225,-3.3850000000000002,3.8277528754542454,3.3528110822588384
2026-02-18 20:10:00,5.818633333333333,-3.9683333333333333,3.9866874569215245,3.4881045895552507
2026-02-18 21:10:00,3.3752749999999994,-4.639166666666667,4.266471142470215,3.6128986701593355
2026-02-18 22:10:00,5.187591666666666,-5.453333333333333,3.6674396142741927,3.728774424118211
2026-02-18 23:10:00,3.7020833333333334,-5.949166666666667,3.6978734754090476,3.8128723310389647
2026-02-19 00:10:00,3.8143083333333334,-6.565,3.9961067291309487,3.9548428585662068
2026-02-19 01:10:00,4.988949999999999,-5.788333333333334,4.14341760803615,3.7960040245988216
2026-02-19 02:10:00,3.586333333333333,-7.199999999999999,4.447872257924473,4.071067097714952
2026-02-19 03:10:00,4.2778833333333335,-8.083333333333334,3.93863629065317,4.269883934605937
2026-02-19 04:10:00,5.8576999999999995,-8.934166666666666,4.698593623871122,4.440851169144471
2026-02-19 05:10:00,4.109291666666667,-11.209166666666667,5.248916213436582,4.889900081192084
2026-02-19 06:10:00,5.8652,-12.815,4.981819559463234,5.220969370790334
2026-02-19 07:10:00,4.160191666666667,-8.495833333333334,4.613780917215147,4.3341414802296345
2026-02-19 08:10:00,4.568575,-4.2825,3.670489392303869,3.531006322045298
2026-02-19 09:10:00,3.9715,-2.9266666666666663,3.5935252988079447,3.269370287238557
2026-02-19 10:10:00,1.1893833333333332,-0.5408333333333334,2.810422094144066,2.779082816909288
2026-02-19 11:10:00,1.1324333333333332,0.75,1.2681783992907312,2.5430250229857503
2026-02-19 12:10:00,1.853375,2.0083333333333333,2.345441652613222,2.263358991134076
2026-02-19 13:10:00,2.35565,2.8008333333333333,2.573625689161517,2.0815535859007372
2026-02-19 14:10:00,2.221375,2.3558333333333334,2.6141187653449016,2.1791703224848886
2026-02-19 15:10:00,2.9995333333333334,1.1583333333333332,3.180131215369355,2.4243110294418537
2026-02-19 16:10:00,2.1479166666666667,-0.6241666666666666,3.3983405840799343,2.750479869158647
2026-02-19 17:10:00,1.054425,-2.991666666666667,1.7817909929827656,3.195725579516767
2026-02-19 18:10:00,3.4331750000000003,-4.163333333333333,2.554440579180999,3.4372841789849238
2026-02-19 19:10:00,2.3044833333333337,-5.758333333333333,3.28276732898452,3.7661199964686025
2026-02-19 20:10:00,4.399,-7.490833333333334,3.8996596053164216,4.123303729252599
2026-02-19 21:10:00,3.7301750000000005,-8.943333333333333,4.136589521709161,4.4227607981523125
2026-02-19 22:10:00,3.6958333333333333,-10.44,3.565515934638383,4.731323561057582
2026-02-19 23:10:00,3.7984999999999998,-11.759166666666667,4.2816928973369075,5.003291742393353
2026-02-20 00:10:00,4.618658333333333,-12.655833333333334,4.2200427055037455,5.188154511260875
2026-02-20 01:10:00,4.008783333333334,-13.455,4.204389908138298,5.352916031097264
2026-02-20 02:10:00,3.3808166666666666,-14.420833333333334,4.9180210273260805,5.5520386603885825
2026-02-20 03:10:00,4.480975,-15.180833333333332,4.856125493851618,5.708725319503063
2026-02-20 04:10:00,5.500808333333333,-16.055833333333336,5.1464196835190466,5.889121144141445
2026-02-20 05:10:00,4.1214916666666666,-16.838333333333335,5.214381783591418,6.050446553032341
2026-02-20 06:10:00,4.365975000000001,-16.731666666666666,5.496954308947096,6.028455442981185
2026-02-20 07:10:00,4.901008333333333,-12.486666666666666,5.3561156159812855,5.153277985164122
2026-02-20 08:10:00,5.86025,-6.088333333333334,4.53420400790747,3.889465629939446
2026-02-20 09:10:00,2.899316666666667,-3.5825,3.616173660984127,3.5066844735369087
2026-02-20 10:10:00,2.441125,-1.43,3.038675255095092,3.0361252490265715
2026-02-20 11:10:00,1.4330833333333333,-0.18999999999999997,1.9937814174303181,2.773945228949863
2026-02-20 12:10:00,1.4623583333333332,0.8458333333333332,1.6750568665639423,2.5347208347670764
2026-02-20 13:10:00,3.8984749999999995,1.2916666666666667,2.5672410194882307,2.394823257351336
2026-02-20 14:10:00,1.9332166666666666,1.0358333333333332,2.012654348221975,2.4728674248716427
2026-02-20 15:10:00,2.209533333333334,0.02416666666666668,2.0993951959351342,2.6716058351099186
2026-02-20 16:10:00,3.7489833333333333,-1.4908333333333335,3.2818985972140053,2.9717488174124136
2026-02-20 17:10:00,4.07095,-2.670833333333334,3.3800689995073316,3.281222032512467
2026-02-20 18:10:00,3.1342749999999997,-3.5833333333333326,4.0035020397324965,3.4990053178260156
2026-02-20 19:10:00,3.7984166666666663,-4.480833333333333,3.477825674185659,3.6638228780173283
2026-02-20 20:10:00,2.248091666666667,-5.357500000000001,3.442688351314236,3.8528078104102312
2026-02-20 21:10:00,5.224983333333332,-6.041666666666667,3.837724626283357,3.9531012278994377
2026-02-20 22:10:00,5.673283333333333,-7.0375000000000005,5.144706038935371,4.151087605889096
2026-02-21 00:10:00,4.469391666666667,-9.056666666666667,4.4210018898856305,4.57030847538321
2026-02-21 01:10:00,5.81315,-9.865833333333333,4.3870450030060395,4.764867839342856
2026-02-21 02:10:00,3.5155416666666666,-10.604999999999999,4.887989011774623,4.8738235741163916
2026-02-21 03:10:00,5.508308333333333,-11.19,4.864062751603155,4.9472589880267615
2026-02-21 04:10:00,5.618566666666667,-11.578333333333333,4.9482616037425124,5.0128649351695
2026-02-21 05:10:00,3.6036666666666672,-12.971666666666666,4.687138240004618,5.296666005914729
2026-02-21 06:10:00,5.9035666666666655,-13.7725,5.1056150415780985,5.423377780497672
2026-02-21 07:10:00,4.7532749999999995,-10.625,5.357754797603436,4.8323055000393
2026-02-21 08:10:00,5.77805,-8.370833333333334,4.41303139209912,4.441158253275713
2026-02-21 09:10:00,3.453708333333333,-7.075,3.7903553297117836,4.141383479808185
2026-02-21 10:10:00,2.83605,-4.1258333333333335,2.970947502709036,3.499517519515256
2026-02-21 11:10:00,0.0,-3.689166666666667,2.011888955268787,3.4884751474651043
2026-02-21 12:10:00,1.9207416666666668,-2.608333333333334,0.5754911006901997,3.2596066753135093
2026-02-21 13:10:00,2.404816666666667,-0.9058333333333333,1.3915324183391715,2.8349590338583086
2026-02-21 14:10:00,1.076125,-0.49499999999999994,2.3062933884846606,2.722894902575046
2026-02-21 15:10:00,2.240158333333333,-1.63,3.030566317075049,2.9226250260898605
2026-02-21 16:10:00,2.8714999999999997,-2.9250000000000003,3.8084741833664717,3.1694928530741953
2026-02-21 17:10:00,2.891641666666666,-4.546666666666667,4.048330613744003,3.5039976321520983
2026-02-21 18:10:00,3.1608499999999995,-6.009999999999999,4.473605910138027,3.8058426434885817
2026-02-21 19:10:00,4.316841666666666,-7.584166666666667,4.058681429225095,4.130549492244059
2026-02-21 20:10:00,3.470366666666666,-8.6075,4.110565413146396,4.341634727962283
2026-02-21 21:10:00,2.999533333333333,-9.615,3.7038484234885476,4.581134374211792
2026-02-21 22:10:00,4.633158333333332,-10.365,4.028088818508192,4.7094974674909125
2026-02-21 23:10:00,3.3532583333333337,-11.399166666666668,4.466117119250255,4.917478001297831
2026-02-22 00:10:00,5.909275,-11.935,5.4683654963270785,5.028005531075371
2026-02-22 01:10:00,5.918991666666666,-12.547500000000001,5.586713299430121,5.162772234648853
2026-02-22 02:10:00,4.96185,-13.221666666666666,4.78357874423134,5.293409117353008
2026-02-22 03:10:00,4.640583333333333,-14.5375,5.2757273028737925,5.564828976635643
2026-02-22 04:10:00,5.4911166666666675,-15.39,5.595704776233993,5.7406760418960205
2026-02-22 05:10:00,5.623383333333332,-15.94,5.831705145752756,5.854125761418844
2026-02-22 06:10:00,5.138233333333333,-15.443333333333333,5.648453842342108,5.751677226819446
2026-02-22 07:10:00,6.0282083333333345,-11.550833333333332,5.260571076710293,4.948762620923821
2026-02-22 08:10:00,3.7298500000000003,-5.1775,4.638620612088332,3.649387935552523
2026-02-22 09:10:00,5.5483,-2.254166666666667,4.200020424582461,3.142160162812441
2026-02-22 10:10:00,0.9204083333333334,0.365,2.9444740067225954,2.5694167534714514
2026-02-22 11:10:00,1.8377833333333333,1.4658333333333335,0.913858330196117,2.350895589468148
2026-02-22 12:10:00,0.9407166666666666,2.9825,0.8549843865904456,2.0366823100579228
2026-02-22 13:10:00,0.9513333333333333,3.3674999999999997,0.809294613518172,1.9734027095032467
2026-02-22 14:10:00,0.9226249999999999,2.815,1.7447298263288207,2.0878721239927525
2026-02-22 15:10:00,1.8183833333333328,1.7258333333333333,2.684796538871454,2.2909525127323676
2026-02-22 16:10:00,2.9546250000000005,0.03750000000000007,3.142461379002976,2.585444629273605
2026-02-22 17:10:00,4.878333333333333,-3.045833333333333,3.7241636865265595,3.194417412666331
2026-02-22 18:10:00,3.1245583333333338,-4.389166666666667,4.076030445529545,3.4715097579251077
2026-02-22 19:10:00,4.198625,-5.694166666666667,3.9279056955054994,3.740695001520172
2026-02-22 20:10:00,4.663041666666667,-6.773333333333333,3.5422567869218544,3.963297102705108
2026-02-22 21:10:00,3.2762416666666665,-7.555833333333333,4.14430560719385,4.12470511275349
2026-02-22 22:10:00,4.4319083333333325,-8.463333333333333,4.069545979552013,4.31189714996615
2026-02-22 23:10:00,4.582725,-9.5325,4.424145207079813,4.532436528977943
2026-02-23 00:10:00,2.9816749999999996,-9.93,4.419304105716584,4.614429735360347
2026-02-23 01:10:00,4.803850000000001,-10.133333333333333,4.5786619188605195,4.660652997647689
2026-02-23 02:10:00,4.0005749999999995,-10.1525,4.640289910410621,4.662098086831529
2026-02-23 03:10:00,4.278091666666667,-9.11,4.980239026480284,4.481889236590511
2026-02-23 04:10:00,5.099975,-8.435,4.814611538220188,4.511505262249014
2026-02-23 05:10:00,3.9041416666666664,-8.694166666666666,4.6969887026317005,4.504152573563267
2026-02-23 06:10:00,4.361549999999999,-8.291666666666666,4.697674685438841,4.4121197031930945
2026-02-23 07:10:00,4.233258333333333,-7.458333333333333,4.176606276894853,4.245625695739565
2026-02-23 08:10:00,4.561033333333333,-6.7075,4.675338145074537,4.160123816110114
2026-02-23 09:10:00,3.9620249999999997,-6.084166666666667,4.3506859210513324,3.9969037997229044
2026-02-23 10:10:00,5.2141,-5.514166666666667,4.065285539136368,3.8649219165245037
2026-02-23 11:10:00,2.528766666666667,-5.538333333333333,3.589680085410737,3.854095545298566
2026-02-23 12:10:00,4.327641666666667,-5.2491666666666665,4.33227242444738,3.769355738764687
2026-02-23 13:10:00,4.127199999999999,-5.015,5.059447873356848,3.7049416129431507
2026-02-23 14:10:00,4.8709,-4.744166666666666,4.646606652840412,3.670445101618352
2026-02-23 15:10:00,4.74405,-4.5975,4.489013732257954,3.639786974790185
2026-02-23 16:10:00,5.646191666666667,-4.9941666666666675,5.193226233705802,3.7288395278701985
2026-02-23 17:10:00,4.207883333333332,-5.38,4.521987606859242,3.7608348356536547
2026-02-23 18:10:00,3.563875,-5.605833333333333,3.917045780657364,3.8053819600573298
2026-02-23 19:10:00,1.9623000000000002,-5.730833333333333,3.5080540447210455,3.823099239376911
2026-02-23 20:10:00,4.6324250000000005,-5.639166666666667,3.023106028817369,3.814527993449951
2026-02-23 21:10:00,2.768825,-5.555833333333333,4.05247067106088,3.807430144381479
2026-02-23 22:10:00,4.255566666666666,-5.698333333333333,4.54099616718633,3.8501773350882296
2026-02-23 23:10:00,4.769491666666666,-5.7316666666666665,4.636089990003425,3.839333351977851
2026-02-24 00:10:00,5.274575,-5.801666666666667,4.754873192328216,3.86324954611535
2026-02-24 01:10:00,5.0115083333333335,-5.6258333333333335,4.24938263115862,3.817180701655088
2026-02-24 02:10:00,3.2485166666666663,-5.5325,4.442879689421528,3.7858958860975145
2026-02-24 03:10:00,5.192383333333333,-5.685,4.275990534857788,3.8103437848112693
2026-02-24 04:10:00,4.5633333333333335,-5.926666666666667,4.518127376862096,3.917677734825702
2026-02-24 05:10:00,4.762416666666667,-6.32,4.401117653146106,3.9913868431078456
2026-02-24 06:10:00,4.077716666666666,-6.394166666666667,4.206918807662211,4.013374664883048
2026-02-24 07:10:00,4.965366666666666,-5.865000000000001,3.8541756578182707,3.9202986463702105
2026-02-24 08:10:00,4.175291666666667,-3.4683333333333333,3.0384820135791784,3.430165895202171
2026-02-24 09:10:00,2.6397749999999998,-2.579166666666667,2.804230962767655,3.272949273057635
2026-02-24 10:10:00,3.6017666666666663,-2.3000000000000003,2.4834865417170997,3.2303478703765425
2026-02-24 11:10:00,2.186625,-2.5216666666666665,2.9987316981875454,3.272801920388355
2026-02-24 12:10:00,4.1453500000000005,-1.1725,2.373742710002454,2.986574591202007
2026-02-24 13:10:00,2.444933333333333,-1.4991666666666668,3.0243147528009757,3.074421793026031
2026-02-24 14:10:00,2.5811333333333333,-2.033333333333333,2.6775750252203503,3.166574268175175
2026-02-24 15:10:00,4.4162583333333325,-3.1075,3.10551250493841,3.366770878463659
2026-02-24 16:10:00,3.419083333333333,-4.260833333333334,3.4111977795181643,3.5666250696578556
2026-02-24 17:10:00,4.210333333333333,-5.6575,4.084687166444976,3.869138268036776
2026-02-24 18:10:00,4.070566666666667,-7.148333333333333,3.7274339885660415,4.227852761649059
2026-02-24 19:10:00,2.3103499999999997,-8.393333333333333,3.9282454338631396,4.498131391439085
2026-02-24 20:10:00,5.878549999999999,-9.490833333333333,4.345157802457101,4.745405115484549
2026-02-24 21:10:00,5.970433333333333,-10.430833333333334,5.237645579891753,4.909774662885012
2026-02-24 22:10:00,6.056508333333333,-11.375,5.070518358163316,5.033270992787912
2026-02-24 23:10:00,5.103291666666666,-11.725833333333332,5.175929791081057,5.1309094055646804
2026-02-25 00:10:00,5.8069749999999996,-12.849166666666667,5.55816970965307,5.222087039239951
2026-02-25 01:10:00,6.675566666666666,-14.16666666666667,5.074060006106119,5.491253124018966
2026-02-25 02:10:00,4.010716666666667,-14.906666666666666,5.177269309733986,5.647865433342527
2026-02-25 03:10:00,4.681274999999999,-15.055000000000001,4.969820342822696,5.717394276038015
2026-02-25 04:10:00,6.4791,-16.213333333333335,5.557058552617084,5.9105068341514
2026-02-25 05:10:00,4.789516666666667,-16.828333333333333,5.76388846332371,6.041466863188123
2026-02-25 06:10:00,6.508716666666667,-15.675833333333332,5.738814231845663,5.799635517345003
2026-02-25 07:10:00,5.201491666666667,-13.389166666666668,5.714989963561795,5.32795971375314
2026-02-25 08:10:00,7.16495,-11.38,5.441932154093017,4.930521516093235
2026-02-25 09:10:00,6.1786166666666675,-10.231666666666667,5.127735784046882,4.765034584063882
2026-02-25 10:10:00,3.817866666666666,-9.5925,3.983570702749299,4.720278139680223
2026-02-25 11:10:00,4.573716666666666,-8.7075,4.554564523703124,4.508918200456444
2026-02-25 12:10:00,4.801525,-6.8425,4.376317640164531,4.114872925500121
2026-02-25 13:10:00,3.8683916666666662,-5.269166666666667,4.565175687433554,3.7898981548993653
2026-02-25 14:10:00,3.6267333333333327,-4.865833333333334,3.822613101833694,3.6419815305689993
2026-02-25 15:10:00,4.211158333333333,-4.88,4.187091071060721,3.5806345366631738
2026-02-25 16:10:00,3.504341666666667,-5.1625000000000005,4.236656606021218,3.6310269393147756
2026-02-25 17:10:00,5.568091666666667,-5.411666666666666,4.097017982709819,3.6824231001289034
2026-02-25 18:10:00,3.085008333333333,-5.420833333333333,4.188447959100736,3.684313928787617
2026-02-25 19:10:00,2.9318666666666666,-5.39,3.6158017377829426,3.677953868753762
2026-02-25 20:10:00,3.8138916666666662,-5.39,3.6446058122082934,3.677953868753762
2026-02-25 21:10:00,2.4603916666666668,-5.524166666666666,3.6867930002554785,3.705628724576754
2026-02-25 22:10:00,4.019916666666667,-6.885833333333334,3.8078797142741347,3.986502727152958
2026-02-25 23:10:00,3.7977999999999996,-7.801666666666667,4.464811351669864,4.179381351458378
2026-02-26 00:10:00,5.52055,-8.088333333333333,4.948610833380822,4.234545068473315
2026-02-26 01:10:00,4.586516666666666,-7.736666666666667,5.100825381948086,4.1620060053844785
2026-02-26 02:10:00,4.532775,-8.020000000000001,4.629402639549143,4.220449800290176
2026-02-26 03:10:00,5.492333333333333,-6.881666666666667,4.848310065739964,3.9863390064687
2026-02-26 04:10:00,3.9075999999999995,-6.921666666666667,4.917821185856225,3.9938941482733847
2026-02-26 05:10:00,4.2753,-6.550833333333333,4.213691608928081,3.921193850594796
2026-02-26 06:10:00,5.115075,-6.134166666666666,4.431466607782305,3.8314547771384317
2026-02-26 07:10:00,4.154083333333333,-5.041666666666667,4.197626952932206,3.609674526663791
2026-02-26 08:10:00,2.7996666666666665,-1.0183333333333333,3.3013078618737506,2.8072752623246977
2026-02-26 09:10:00,3.6030583333333337,0.5966666666666667,2.462197747476638,2.5405529754044918
2026-02-26 10:10:00,1.5553,2.355,1.9917685024765799,2.2316557483003248
2026-02-26 11:10:00,1.1765416666666666,2.879166666666667,0.6081213491560082,2.1509190322162777
2026-02-26 12:10:00,1.8692999999999997,2.2775,1.1141203299939575,2.2813792682669454
2026-02-26 13:10:00,0.9868999999999999,1.9991666666666663,1.2552855742565678,2.2995319477652876
2026-02-26 14:10:00,0.977125,1.4083333333333332,1.5490521098950456,2.4281250604008155
2026-02-26 15:10:00,2.348225,-0.09333333333333334,2.102169298176465,2.7308163118640043
2026-02-26 16:10:00,1.928783333333333,-1.055,2.953794549650193,2.900665047220811
2026-02-26 17:10:00,4.5134,-2.7224999999999997,3.388398403921655,3.185561535998531
2026-02-26 18:10:00,2.5157333333333334,-3.8425,3.120725503346876,3.373930685514604
2026-02-26 19:10:00,3.8204166666666666,-5.013333333333333,3.9149275545393314,3.6511596400809454
2026-02-26 20:10:00,3.8714666666666666,-6.528333333333333,4.074408043463952,3.92584983626802
2026-02-26 21:10:00,4.945341666666667,-8.487499999999999,4.032770307331039,4.316882061884576
2026-02-26 22:10:00,4.5028749999999995,-8.778333333333334,4.13578778297337,4.444268916855708
2026-02-26 23:10:00,3.337008333333333,-8.08,4.092493562587651,4.299990537229068
2026-02-27 00:10:00,4.586941666666666,-9.230833333333333,4.534773790723055,4.603834493487144
2026-02-27 01:10:00,5.473491666666667,-10.194166666666666,4.880919603446702,4.766296900026532
2026-02-27 02:10:00,3.2791250000000005,-10.828333333333333,4.357063942560926,4.821643798382588
2026-02-27 03:10:00,5.023499999999999,-11.068333333333333,4.544265349006619,4.997029504587876
2026-02-27 04:10:00,5.5509,-11.397499999999999,4.998650637947232,5.030118920853475
2026-02-27 05:10:00,4.298916666666667,-12.134166666666667,4.902539873498313,5.126416831460434
2026-02-27 06:10:00,5.606625,-12.411666666666667,5.120672194918801,5.169302227593044
2026-02-27 07:10:00,5.514658333333334,-8.254166666666666,4.824825640375353,4.3162280052472175
2026-02-27 08:10:00,3.870933333333333,-6.634166666666666,3.844854401700837,4.051601781360856
2026-02-27 09:10:00,4.919949999999999,-5.5275,3.4587406125810105,3.8783391328357086
2026-02-27 10:10:00,2.3813833333333334,-3.7691666666666666,2.9302122269027047,3.496555319655224
2026-02-27 11:10:00,2.131866666666667,-1.8049999999999997,2.02216414304214,3.0641079277120586
2026-02-27 12:10:00,1.4566916666666665,-0.4716666666666667,2.219381853506688,2.755389383299429
2026-02-27 13:10:00,1.6997083333333334,0.14916666666666667,1.62430588698628,2.6123343231318805
2026-02-27 14:10:00,2.818183333333333,0.009166666666666675,2.890016399297628,2.6336003281024074
2026-02-27 15:10:00,2.048775,-1.1258333333333332,3.961419362730344,2.8473742501585426
2026-02-27 16:10:00,3.801166666666666,-1.7916666666666667,3.355434952516448,2.9430657343687314
2026-02-27 17:10:00,4.009483333333334,-3.500833333333333,3.226685576320607,3.2910136004232124
2026-02-27 18:10:00,2.6868916666666665,-4.685,2.0896627653955577,3.5325319555472325
2026-02-27 19:10:00,3.5891249999999997,-5.199166666666667,2.0998827133893463,3.638590253949631
2026-02-27 20:10:00,2.521258333333333,-6.513333333333333,2.436788479445395,3.909666326203409
2026-02-27 21:10:00,2.5609749999999996,-6.415833333333334,2.5945939918249064,3.8895547850152723
2026-02-27 22:10:00,4.618266666666667,-7.5275,3.4131656646023294,4.1188607332629195
2026-02-28 00:10:00,4.29945,-10.968333333333334,3.89452063606454,4.865394126811529
2026-02-28 01:10:00,5.306091666666667,-12.278333333333334,4.415175118225644,5.137557250260162
2026-02-28 02:10:00,5.438749999999999,-12.805,3.9479776857121807,5.246976521264957
2026-02-28 03:10:00,4.544016666666666,-12.0875,4.2055258411640155,5.097910077696716
2026-02-28 04:10:00,5.867683333333334,-9.7575,3.754517916395424,4.619714681727192
2026-02-28 05:10:00,3.616575,-7.403333333333333,3.691012823017953,4.125363483660915
2026-02-28 06:10:00,4.790366666666666,-4.449166666666667,3.454434178333361,3.5296551369942235
2026-02-28 07:10:00,3.3334833333333327,-3.0124999999999997,3.329872789388249,3.2738708472308877
2026-02-28 08:10:00,3.7525333333333335,-1.5133333333333336,3.1575336856097307,3.0008347489635407
2026-02-28 09:10:00,3.9234916666666666,1.3949999999999998,2.3051237519159593,2.411763537853478
2026-02-28 10:10:00,2.391883333333333,3.7875,1.9056994206789923,1.8904137621285506
2026-02-28 11:10:00,3.0108083333333338,6.203333333333333,1.2980474305305851,1.4268632524612317
2026-02-28 12:10:00,1.6967249999999996,7.178333333333334,0.09439791738223557,1.2313739127861296
2026-02-28 13:10:00,1.0232666666666668,7.801666666666667,0.0,1.0942597555470375
2026-02-28 14:10:00,3.0233999999999996,4.749166666666667,0.759915068112071,1.7409517233921097
2026-02-28 15:10:00,2.337125,4.291666666666667,1.5573974206444658,1.7951472968732756
2026-02-28 16:10:00,1.5218999999999998,4.800833333333333,0.8554773857208868,1.676112547623089
2026-02-28 17:10:00,2.745833333333333,3.57,1.0118303596279028,1.8996279221516037
2026-02-28 18:10:00,2.447183333333333,1.7625,1.6669534976171703,2.2844082228547773
2026-02-28 19:10:00,1.2620583333333333,1.2541666666666667,0.8544581410135911,2.3926761370193064
2026-02-28 20:10:00,2.1349249999999995,1.0933333333333335,1.6288599668488697,2.408245608052202
2026-02-28 21:10:00,2.507525,0.3241666666666667,1.5708195936042153,2.542262578564116
2026-02-28 22:10:00,4.188375,-0.385,2.4919360115892077,2.6670744740363177
