t,day,actual,T_o,pred
2025-11-07 00:00:00,6,2.906125,1.2950000000000002,2.3411780090532917
2025-11-07 01:00:00,6,1.960775,1.255,2.1497658733045437
2025-11-07 02:00:00,6,3.7670083333333326,0.7824999999999999,2.129833745372227
2025-11-07 03:00:00,6,1.795,0.7116666666666666,2.3422191729949615
2025-11-07 04:00:00,6,2.2236749999999996,0.3741666666666667,2.688831188298205
2025-11-07 05:00:00,6,3.8073499999999996,-0.4716666666666667,2.7704263645584954
2025-11-07 06:00:00,6,1.9930750000000002,-0.9491666666666667,2.8192415859735265
2025-11-07 07:00:00,6,2.9094083333333334,-0.7466666666666666,2.8710729151203607
2025-11-07 08:00:00,6,1.7210833333333333,0.17166666666666672,2.8393587103845874
2025-11-07 09:00:00,6,2.0959166666666667,1.2316666666666667,2.4144579458575066
2025-11-07 10:00:00,6,4.137775,1.7858333333333334,2.0954273063893227
2025-11-07 11:00:00,6,1.7563333333333333,2.2358333333333333,1.9505334073463163
2025-11-07 12:00:00,6,1.6692666666666667,2.5316666666666667,1.8542296204319944
2025-11-07 13:00:00,6,1.0320416666666665,3.5508333333333333,1.6143265154276383
2025-11-07 14:00:00,6,2.80025,3.2583333333333333,1.6183550093347914
2025-11-07 15:00:00,6,1.8244583333333333,2.6808333333333327,1.7341609767459762
2025-11-07 16:00:00,6,2.9484916666666665,1.5233333333333334,1.9787084666376167
2025-11-07 17:00:00,6,1.7645749999999998,1.175,2.0157466656309864
2025-11-07 18:00:00,6,1.6675416666666667,0.7216666666666667,2.092493564682893
2025-11-07 19:00:00,6,3.3366416666666665,0.36166666666666675,2.1653359624527773
2025-11-07 20:00:00,6,1.3192416666666666,-0.755,2.404747824363106
2025-11-07 21:00:00,6,2.121825,-1.2633333333333334,2.5129715395358287
2025-11-07 22:00:00,6,2.0421083333333336,-0.7683333333333334,2.413368602629565
2025-11-07 23:00:00,6,3.2063416666666664,-0.18999999999999997,2.282726328048818
2025-11-08 00:00:00,7,2.819375,0.0,2.3341863182117812
2025-11-08 01:00:00,7,1.7947749999999998,0.0,2.3341863182117812
2025-11-08 02:00:00,7,1.7756083333333332,0.0,2.3341863182117812
2025-11-08 03:00:00,7,2.548058333333333,0.009166666666666667,2.3322603461904245
2025-11-08 04:00:00,7,1.6842666666666666,0.005,2.3331357880183137
2025-11-08 05:00:00,7,2.5974166666666667,0.07916666666666665,2.3175529234818812
2025-11-08 06:00:00,7,2.986683333333333,0.14833333333333334,2.3030205891389164
2025-11-08 07:00:00,7,0.254475,0.48583333333333334,2.2481463363299694
2025-11-08 08:00:00,7,1.31145,4.471666666666667,1.4645296519159836
2025-11-08 09:00:00,7,2.497533333333333,7.88,0.7217779907169687
2025-11-08 10:00:00,7,0.110125,9.601666666666667,0.3368479399161215
2025-11-08 11:00:00,7,1.8747083333333332,7.800833333333333,0.7983550173089566
2025-11-08 12:00:00,7,0.6566666666666666,9.166666666666666,0.5226371208786914
2025-11-08 13:00:00,7,0.0,9.675833333333333,0.41834998505290066
2025-11-08 14:00:00,7,0.26795,8.443333333333333,0.6391514741784903
2025-11-08 15:00:00,7,1.3845750000000001,5.921666666666667,1.2440277712728438
2025-11-08 16:00:00,7,1.1183416666666666,3.9166666666666665,1.6675507519193251
2025-11-08 17:00:00,7,1.1280583333333334,2.6391666666666667,1.8287387931316084
2025-11-08 18:00:00,7,1.0920916666666667,1.4574999999999998,2.0684418295308844
2025-11-08 19:00:00,7,2.0578916666666665,0.1791666666666666,2.2965423196125343
2025-11-08 20:00:00,7,1.1522999999999999,-0.505,2.4402898677519844
2025-11-08 21:00:00,7,1.054275,-1.8324999999999996,2.7192056341175674
2025-11-08 22:00:00,7,2.320766666666666,-2.3383333333333334,2.825484272023348
2025-11-08 23:00:00,7,2.8879083333333333,-2.366666666666667,2.8828186030808256
2025-11-09 00:00:00,8,1.4963250000000001,-2.245833333333333,2.66568235573111
2025-11-09 01:00:00,8,1.4729999999999999,-2.559166666666667,2.6573646435832257
2025-11-09 02:00:00,8,3.942825,-1.7266666666666666,2.5314458052313427
2025-11-09 03:00:00,8,1.3976416666666667,-2.1533333333333338,2.58097055026266
2025-11-09 04:00:00,8,3.563391666666667,-1.8283333333333331,2.5718615341577893
2025-11-09 05:00:00,8,2.6378,-2.0558333333333336,2.5626171438591565
2025-11-09 06:00:00,8,2.1279166666666667,-2.0749999999999997,2.566225078451298
2025-11-09 07:00:00,8,2.742233333333333,-0.9958333333333335,2.3630826742415794
2025-11-09 08:00:00,8,1.5805749999999998,0.9950000000000001,2.012664210764255
2025-11-09 09:00:00,8,1.8436749999999997,1.9308333333333334,1.8778841772569281
2025-11-09 10:00:00,8,2.6741416666666664,2.4199999999999995,1.778602202081173
2025-11-09 11:00:00,8,1.8453583333333332,2.5508333333333333,1.796761899571585
2025-11-09 12:00:00,8,1.797,2.3558333333333334,1.8066119191426104
2025-11-09 13:00:00,8,1.6867916666666667,2.2025,1.8326166743522259
2025-11-09 14:00:00,8,5.57335,2.0241666666666664,1.8613659387162191
2025-11-09 15:00:00,8,4.310616666666666,1.5650000000000002,1.914965676104341
2025-11-09 16:00:00,8,3.582808333333333,0.4591666666666667,2.0956763916873227
2025-11-09 17:00:00,8,2.9641083333333333,0.027499999999999997,2.178678017421679
2025-11-09 18:00:00,8,0.0,0.005,2.174685741843223
2025-11-09 19:00:00,8,1.5781916666666669,0.08333333333333333,2.1680019552098067
2025-11-09 20:00:00,8,1.4786500000000002,0.2125,2.2293879443563314
2025-11-09 21:00:00,8,1.3901083333333333,0.445,2.174801098400054
2025-11-09 22:00:00,8,1.35905,0.4766666666666666,2.113783834038128
2025-11-12 00:00:00,11,3.2982916666666666,-2.4708333333333337,2.973210047710683
2025-11-12 01:00:00,11,3.3517833333333327,-2.3558333333333334,3.1517446835856857
2025-11-12 02:00:00,11,3.859058333333333,-1.6491666666666667,2.9435342692109785
2025-11-12 03:00:00,11,2.73145,-1.3283333333333334,2.764705224476756
2025-11-12 04:00:00,11,4.554366666666667,-0.9774999999999999,2.7843320556496014
2025-11-12 05:00:00,11,2.138316666666667,-0.5925,2.796256537339523
2025-11-12 06:00:00,11,2.684583333333333,-0.25833333333333336,2.7032022671891975
2025-11-12 07:00:00,11,4.5991,0.00416666666666667,2.7022946780617056
2025-11-12 08:00:00,11,1.7989416666666669,0.5825,2.4580856489863465
2025-11-12 09:00:00,11,3.3118416666666666,1.5575000000000003,2.2799229272062083
2025-11-12 10:00:00,11,0.21005833333333332,2.6199999999999997,1.9983210275830083
2025-11-12 11:00:00,11,2.84455,4.3125,1.7022955548847865
2025-11-12 12:00:00,11,1.7042833333333334,5.283333333333333,1.51589416259347
2025-11-12 13:00:00,11,0.0,5.273333333333333,1.4345487679970892
2025-11-12 14:00:00,11,1.611225,3.8433333333333337,1.6515242352814314
2025-11-12 15:00:00,11,2.1713916666666666,2.8891666666666667,1.6697350906374042
2025-11-12 16:00:00,11,1.9070916666666664,1.75,1.8702221953657439
2025-11-12 17:00:00,11,1.0436166666666666,0.4808333333333333,2.100038953158328
2025-11-12 18:00:00,11,2.8365249999999995,-0.1575,2.2156263704066004
2025-11-12 19:00:00,11,1.9808,-0.8983333333333333,2.3497741692756793
2025-11-12 20:00:00,11,2.4418666666666664,-0.9900000000000001,2.366372884546319
2025-11-12 21:00:00,11,3.0444999999999998,-0.8291666666666667,2.337249684116924
2025-11-12 22:00:00,11,1.4244833333333333,-0.935,2.356413655383935
2025-11-12 23:00:00,11,2.41415,-0.9266666666666669,2.3549046812684225
2025-11-13 00:00:00,12,3.3249999999999997,-0.8208333333333333,2.279533094295633
2025-11-13 01:00:00,12,1.2522749999999998,-0.8616666666666668,2.2871396967788895
2025-11-13 02:00:00,12,2.415008333333333,-0.8441666666666666,2.283879724286065
2025-11-13 03:00:00,12,2.1302666666666665,-0.73,2.2626122846900207
2025-11-13 04:00:00,12,3.761758333333333,-0.6791666666666666,2.2531428407822927
2025-11-13 05:00:00,12,1.4239333333333333,-0.725,2.261680863977785
2025-11-13 06:00:00,12,2.6620833333333334,-0.6608333333333335,2.2497276315040957
2025-11-13 07:00:00,12,3.2836166666666666,-0.3891666666666666,2.199120439472632
2025-11-13 08:00:00,12,1.4564416666666666,0.3558333333333333,2.0603387533495376
2025-11-13 09:00:00,12,2.183125,0.8666666666666667,1.9651786039161407
2025-11-13 10:00:00,12,2.4779666666666667,1.2183333333333333,1.8996686804889082
2025-11-13 11:00:00,12,1.3543916666666664,1.5708333333333335,1.8975762711671131
2025-11-13 12:00:00,12,2.2706083333333336,1.9525,1.8147674665546063
2025-11-13 13:00:00,12,2.304091666666667,2.750833333333334,1.6940200149261386
2025-11-13 14:00:00,12,2.080475,2.7866666666666666,1.6075130504176964
2025-11-13 15:00:00,12,1.2498666666666667,2.24,1.7149823786153076
2025-11-13 16:00:00,12,2.351958333333333,1.3383333333333336,1.8773145833952554
2025-11-13 17:00:00,12,2.043083333333333,0.5833333333333334,2.017959110942821
2025-11-13 18:00:00,12,2.9643583333333337,0.6425000000000001,2.006937299181367
2025-11-13 19:00:00,12,1.373475,0.4949999999999999,2.034414210192315
2025-11-13 20:00:00,12,1.6938833333333332,0.16666666666666666,2.0955775036291153
2025-11-13 21:00:00,12,2.1780333333333335,-0.04083333333333333,2.13423146318689
2025-11-13 22:00:00,12,3.056025,0.01,2.124762019279162
2025-11-13 23:00:00,12,2.447375,-0.5,2.219766931927186
2025-11-14 00:00:00,13,1.3521083333333332,-1.695,2.519831513369385
2025-11-14 01:00:00,13,2.807691666666667,-2.019166666666667,2.5798820806390794
2025-11-14 02:00:00,13,3.1464916666666665,-2.5141666666666667,2.671578833744987
2025-11-14 03:00:00,13,2.8201083333333337,-3.1383333333333336,2.7872031907758372
2025-11-14 04:00:00,13,2.300683333333333,-3.699166666666667,2.891095303301554
2025-11-14 05:00:00,13,2.64095,-4.05,2.9560857629944617
2025-11-14 06:00:00,13,3.3395083333333333,-4.251666666666668,3.005548987586364
2025-11-14 07:00:00,13,2.6407916666666664,-2.6941666666666664,2.791301827140083
2025-11-14 08:00:00,13,2.7280499999999996,-0.3658333333333334,2.293427698290694
2025-11-14 09:00:00,13,2.3409,0.5983333333333334,2.317727997128453
2025-11-14 10:00:00,13,1.3367083333333334,1.5216666666666665,2.0656916164399313
2025-11-14 11:00:00,13,2.8174749999999995,1.4708333333333334,2.02553753759253
2025-11-14 12:00:00,13,1.41105,2.68,1.8049628875345476
2025-11-14 13:00:00,13,2.5320666666666667,2.5058333333333334,2.0500608413489507
2025-11-14 14:00:00,13,0.5633166666666666,2.0224999999999995,1.9513013556210295
2025-11-14 15:00:00,13,2.9077583333333332,0.7266666666666666,2.181635484057132
2025-11-14 16:00:00,13,2.3657749999999997,-0.7824999999999999,2.350794569512535
2025-11-14 17:00:00,13,2.141625,-1.416666666666667,2.4889534341907735
2025-11-14 18:00:00,13,2.851866666666666,-1.278333333333333,2.4426456942566683
2025-11-14 19:00:00,13,1.251725,-0.7908333333333332,2.3607099762040025
2025-11-14 20:00:00,13,2.2112333333333334,-0.5783333333333334,2.3287635698013287
2025-11-14 21:00:00,13,3.4643333333333333,-0.6566666666666666,2.3292800325384175
2025-11-14 22:00:00,13,1.4898500000000001,-0.7266666666666667,2.3488798071703783
2025-11-14 23:00:00,13,2.92805,-1.4066666666666665,2.5217421116038543
2025-11-15 00:00:00,14,2.4482416666666666,-1.7774999999999999,2.556046872847285
2025-11-15 01:00:00,14,2.9400833333333334,-2.3708333333333336,2.6133154516980945
2025-11-15 02:00:00,14,2.255441666666667,-3.060833333333333,2.7238552109533924
2025-11-15 03:00:00,14,2.6656500000000003,-2.7091666666666665,2.8087683903181597
2025-11-15 04:00:00,14,3.457841666666667,-2.9116666666666666,2.7898240182842544
2025-11-15 05:00:00,14,2.2415166666666666,-3.5466666666666664,2.7766268919573855
2025-11-15 06:00:00,14,3.4800416666666667,-2.9258333333333333,2.9217538754946597
2025-11-15 07:00:00,14,3.231633333333333,-1.6624999999999999,2.872475973577334
2025-11-15 08:00:00,14,1.6159166666666667,-0.4766666666666666,2.7253476511502654
2025-11-15 09:00:00,14,2.977583333333333,0.35666666666666663,2.716178734284087
2025-11-15 10:00:00,14,0.0,1.3775000000000002,2.638635393240038
2025-11-15 11:00:00,14,1.5442666666666667,2.1116666666666664,2.4101979170649193
2025-11-15 12:00:00,14,1.4403666666666664,2.598333333333333,2.222082467848341
2025-11-15 13:00:00,14,0.0,1.9599999999999997,2.2863705512503936
2025-11-15 14:00:00,14,1.298325,1.1533333333333333,2.2907089264799683
2025-11-15 15:00:00,14,3.0101083333333336,-0.03666666666666666,2.40928666711201
2025-11-15 16:00:00,14,1.7866749999999998,-1.4858333333333331,2.508445538706955
2025-11-15 17:00:00,14,2.545325,-1.8,2.607609638102329
2025-11-15 18:00:00,14,3.8171083333333335,-2.1208333333333336,2.709358799403167
2025-11-15 19:00:00,14,1.7054083333333334,-2.6208333333333336,2.66322549374039
2025-11-15 20:00:00,14,3.3295,-3.4299999999999997,2.744095894535427
2025-11-15 21:00:00,14,3.104516666666666,-4.134166666666666,2.8506748980438235
2025-11-15 22:00:00,14,2.4252583333333333,-5.235833333333333,3.0297615647834393
2025-11-15 23:00:00,14,3.0796416666666664,-6.273333333333333,3.1984173137174947
2025-11-16 00:00:00,15,2.5466249999999997,-6.745833333333333,3.306542995853305
2025-11-16 01:00:00,15,2.982758333333333,-5.906666666666666,3.1669788390502855
2025-11-16 02:00:00,15,2.994933333333333,-5.37,3.0777243038157827
2025-11-16 03:00:00,15,3.05625,-4.5225,2.9367742070246496
2025-11-16 04:00:00,15,2.9479666666666664,-4.179166666666666,2.903291648270779
2025-11-16 05:00:00,15,3.56745,-4.069166666666667,2.861379071671281
2025-11-16 06:00:00,15,2.332058333333333,-3.9625,2.87893874209166
2025-11-16 07:00:00,15,3.5166833333333334,-3.703333333333333,2.842016631982824
2025-11-16 08:00:00,15,3.1039749999999997,-3.1016666666666666,2.740863694119635
2025-11-16 09:00:00,15,2.1035,-2.11,2.5388688390648664
2025-11-16 10:00:00,15,2.6603333333333334,-1.3141666666666667,2.4031873116009903
2025-11-16 11:00:00,15,2.708225,-0.5641666666666667,2.285736912534987
2025-11-16 12:00:00,15,2.7173583333333333,-0.010000000000000009,2.1892548387575186
2025-11-16 13:00:00,15,5.2167666666666666,0.5108333333333334,2.0996664542041557
2025-11-16 14:00:00,15,1.5456083333333333,0.43583333333333346,2.112139914097176
2025-11-16 15:00:00,15,2.827716666666666,0.11,2.2523071964093133
2025-11-16 16:00:00,15,2.487258333333333,-0.055,2.293056933949828
2025-11-16 17:00:00,15,3.8250666666666664,-0.3983333333333334,2.3437727876319787
2025-11-16 18:00:00,15,2.40805,-1.2925,2.5641822847250544
2025-11-16 19:00:00,15,2.1589833333333335,-1.8808333333333331,2.676184750298007
2025-11-16 20:00:00,15,3.1467166666666664,-2.2275000000000005,2.785514528009828
2025-11-16 21:00:00,15,2.0315833333333333,-2.398333333333334,2.9277754856133753
2025-11-16 22:00:00,15,3.4978416666666665,-2.5,2.8810269876916266
2025-11-16 23:00:00,15,3.4856166666666666,-2.5875,2.9264446593064646
2025-11-17 00:00:00,16,1.7699249999999997,-2.6749999999999994,2.9735570721522553
2025-11-17 01:00:00,16,3.342425,-2.9175,3.0784760109335276
2025-11-17 02:00:00,16,3.0833416666666666,-3.2316666666666674,3.1651882388013677
2025-11-17 03:00:00,16,2.38855,-3.2883333333333327,3.133414449014944
2025-11-17 04:00:00,16,3.7761750000000003,-3.283333333333333,3.080520743532201
2025-11-17 05:00:00,16,3.473058333333333,-3.1750000000000003,3.1200952043068297
2025-11-17 06:00:00,16,3.144183333333333,-3.0141666666666667,3.0944422614189313
2025-11-17 07:00:00,16,3.2487833333333334,-2.5141666666666667,2.9762078861873142
2025-11-17 08:00:00,16,3.8836583333333325,-1.9541666666666668,2.896399288560683
2025-11-17 09:00:00,16,2.821933333333333,-1.0516666666666665,2.7408258817349074
2025-11-17 10:00:00,16,2.736983333333333,-0.19000000000000003,2.6719329849251703
2025-11-17 11:00:00,16,2.7252750000000003,0.22666666666666668,2.5928807337835247
2025-11-17 12:00:00,16,2.297833333333333,0.44333333333333336,2.54181029472187
2025-11-17 13:00:00,16,2.564975,0.45250000000000007,2.461131332230231
2025-11-17 14:00:00,16,2.334891666666666,0.3008333333333333,2.6155093505894236
2025-11-17 15:00:00,16,3.752016666666666,-0.25000000000000006,2.7042802117964917
2025-11-17 16:00:00,16,2.8754333333333335,-0.2833333333333334,2.7137884698608197
2025-11-17 17:00:00,16,2.6767916666666665,-0.41583333333333333,2.6596881008828674
2025-11-17 18:00:00,16,2.6895249999999997,-0.37500000000000006,2.630872316575725
2025-11-17 19:00:00,16,1.8167,-0.3191666666666667,2.6177307232714466
2025-11-17 20:00:00,16,2.5665166666666663,-0.43583333333333335,2.6787057856980128
2025-11-17 21:00:00,16,3.440425,-0.6258333333333334,2.687178588427811
2025-11-17 22:00:00,16,2.4160083333333335,-0.7275,2.7134652630357894
2025-11-17 23:00:00,16,3.2633583333333327,-0.8566666666666666,2.7683378432921395
2025-11-18 00:00:00,17,3.061616666666666,-0.8816666666666665,2.9216674788841366
2025-11-18 01:00:00,17,2.860958333333333,-1.055,2.9113044115711557
2025-11-18 02:00:00,17,2.8151,-0.9941666666666666,2.847332387045423
2025-11-18 03:00:00,17,2.6677583333333335,-0.8408333333333333,2.73949554429777
2025-11-18 04:00:00,17,2.9102249999999996,-0.8291666666666666,2.5044007975701352
2025-11-18 05:00:00,17,2.9947,-1.1849999999999998,2.7333440681363372
2025-11-18 06:00:00,17,2.8090083333333338,-0.9158333333333332,2.59487506886425
2025-11-18 07:00:00,17,2.340875,-0.7208333333333333,2.717624574606486
2025-11-18 08:00:00,17,3.6488666666666667,0.4625000000000001,2.556896604819668
2025-11-18 09:00:00,17,1.80445,0.6616666666666665,2.4944750932981083
2025-11-18 10:00:00,17,1.4774666666666665,2.555833333333333,2.071542535058944
2025-11-18 11:00:00,17,1.4867833333333333,2.7675,2.0463708545615855
2025-11-18 12:00:00,17,1.5645916666666666,2.7591666666666668,2.0273439658782992
2025-11-18 13:00:00,17,0.0,1.67,2.3840526279253735
2025-11-18 14:00:00,17,3.19405,0.9808333333333334,2.555407191209504
2025-11-18 15:00:00,17,1.3175,0.4908333333333334,2.7204582232244214
2025-11-18 16:00:00,17,2.302583333333333,0.29999999999999993,2.7140330730357984
2025-11-18 17:00:00,17,2.514275,0.20833333333333334,2.6437679292784044
2025-11-18 18:00:00,17,3.3028249999999995,0.22583333333333333,2.429318519199068
2025-11-18 19:00:00,17,2.9990500000000004,0.31416666666666676,2.312288156906765
2025-11-18 20:00:00,17,1.944308333333333,0.41666666666666674,2.450382824457229
2025-11-18 21:00:00,17,2.6906166666666667,0.061666666666666675,2.5232848265295207
2025-11-18 22:00:00,17,2.766316666666666,-0.05083333333333332,2.406530942967765
2025-11-21 00:00:00,20,2.5582,-5.023333333333333,3.2157214424835425
2025-11-21 01:00:00,20,2.772491666666667,-5.0183333333333335,3.2147287244960507
2025-11-21 02:00:00,20,3.292133333333333,-5.491666666666667,3.308706027311919
2025-11-21 03:00:00,20,3.2430333333333334,-6.2225,3.453808306483603
2025-11-21 04:00:00,20,3.2245583333333334,-6.887499999999999,3.585839798819981
2025-11-21 05:00:00,20,3.9281749999999995,-7.197500000000001,3.6473883140444583
2025-11-21 06:00:00,20,1.6028333333333333,-6.256666666666667,3.4605918793981285
2025-11-21 07:00:00,20,2.885025,-5.411666666666666,3.292822539512054
2025-11-21 08:00:00,20,2.4128833333333333,-3.0925,2.832366846313883
2025-11-21 09:00:00,20,3.3483583333333327,-0.5233333333333333,2.325906791422931
2025-11-21 10:00:00,20,2.564308333333333,1.0283333333333333,2.080251855176451
2025-11-21 11:00:00,20,2.2005166666666662,1.9574999999999998,1.9161216593090111
2025-11-21 12:00:00,20,1.5462333333333336,2.161666666666667,1.8135724529648376
2025-11-21 13:00:00,20,3.010883333333333,2.3233333333333337,1.772352546357967
2025-11-21 14:00:00,20,1.4916749999999999,1.7874999999999999,1.8679492718908808
2025-11-21 15:00:00,20,2.6699916666666668,1.1766666666666665,1.984751137994001
2025-11-21 16:00:00,20,1.0027083333333333,0.4666666666666666,2.1257170922178035
2025-11-21 17:00:00,20,3.0825,0.23500000000000007,2.1717130256382458
2025-11-21 18:00:00,20,1.5287416666666667,0.18583333333333332,2.1814747525152463
2025-11-21 19:00:00,20,2.9713083333333334,0.2175,2.177580532440479
2025-11-21 20:00:00,20,1.4998916666666666,0.7391666666666666,2.077377140798357
2025-11-21 21:00:00,20,1.5217,0.9266666666666667,2.0354178597740353
2025-11-21 22:00:00,20,3.3526750000000005,0.3058333333333333,2.1576495208154487
2025-11-26 00:00:00,25,2.3153666666666664,-0.2700000000000001,2.4765174832259196
2025-11-26 01:00:00,25,2.2167499999999998,-0.035833333333333335,2.4469660196562604
2025-11-26 02:00:00,25,2.280333333333333,0.23083333333333336,2.4133131074061143
2025-11-26 03:00:00,25,2.0273250000000003,0.3983333333333334,2.3921748718989915
2025-11-26 04:00:00,25,1.9307083333333332,0.7033333333333335,2.3536843535128873
2025-11-26 05:00:00,25,1.8907916666666666,0.7458333333333332,2.3483209206230202
2025-11-26 06:00:00,25,2.1607916666666664,0.7925,2.342431660979245
2025-11-26 07:00:00,25,1.5397083333333332,0.9625,2.3209779294197768
2025-11-26 08:00:00,25,2.2135249999999997,1.9166666666666667,2.200563602774724
2025-11-26 09:00:00,25,2.9524166666666667,2.8108333333333335,2.087721181385954
2025-11-26 10:00:00,25,1.9922,3.7916666666666665,1.964824703146259
2025-11-26 11:00:00,25,1.5861416666666668,4.906666666666667,1.8251954288083931
2025-11-26 12:00:00,25,1.5265333333333333,5.345833333333332,1.7678081843080058
2025-11-26 13:00:00,25,1.5499249999999998,5.821666666666666,1.7232777643385135
2025-11-26 14:00:00,25,1.5385499999999999,5.5325,1.7646429411633686
2025-11-26 15:00:00,25,1.5939666666666665,4.754166666666666,1.8432960624846455
2025-11-26 16:00:00,25,1.327925,4.148333333333333,1.9232307458411244
2025-11-26 17:00:00,25,1.315825,3.7600000000000002,1.9713127106302704
2025-11-26 18:00:00,25,2.313191666666667,3.579166666666667,1.993453129841205
2025-11-26 19:00:00,25,1.79365,3.4574999999999996,2.0113501162236314
2025-11-26 20:00:00,25,1.693158333333333,3.4616666666666664,2.010043508782172
2025-11-26 21:00:00,25,1.6982916666666665,3.400833333333333,2.022439934610479
2025-11-26 22:00:00,25,1.6878833333333334,3.4299999999999997,2.015826648384542
2025-11-26 23:00:00,25,1.7016916666666668,3.3525000000000005,2.030942043086855
2025-11-27 00:00:00,26,2.9029000000000003,3.3575000000000004,1.8021512011797716
2025-11-27 01:00:00,26,1.49635,3.106666666666666,1.825598293778227
2025-11-27 02:00:00,26,1.4102416666666668,2.8883333333333336,1.857103455688526
2025-11-27 03:00:00,26,1.3145749999999998,2.954166666666667,1.8509338961805752
2025-11-27 04:00:00,26,2.369933333333333,2.8200000000000003,1.945734484061058
2025-11-27 05:00:00,26,2.1946666666666665,1.985,2.1455003872339673
2025-11-27 06:00:00,26,1.5532416666666666,1.3291666666666668,2.1329779494534997
2025-11-27 07:00:00,26,2.4601666666666664,1.0275,2.1444150001093485
2025-11-27 08:00:00,26,1.2150083333333332,1.8475000000000001,2.02982105892753
2025-11-27 09:00:00,26,2.2858666666666667,2.39,2.045675414944118
2025-11-27 10:00:00,26,0.0,4.5008333333333335,1.786576584480696
2025-11-27 11:00:00,26,0.9668916666666667,4.258333333333333,1.8916589234981815
2025-11-27 12:00:00,26,1.8648833333333332,3.9808333333333334,1.8545919740354724
2025-11-27 13:00:00,26,1.7484166666666665,4.3275,1.7854091151959226
2025-11-27 14:00:00,26,1.5784833333333332,4.230833333333333,1.6771090382153524
2025-11-27 15:00:00,26,2.430475,2.893333333333334,1.8587589661071056
2025-11-27 16:00:00,26,1.710475,2.1108333333333333,1.9721071598380544
2025-11-27 17:00:00,26,1.8817583333333332,2.144166666666667,1.979319080946653
2025-11-27 18:00:00,26,3.4262666666666663,2.069166666666667,1.982675156537861
2025-11-27 19:00:00,26,1.667025,1.9858333333333338,1.9914413678790126
2025-11-27 20:00:00,26,3.2952999999999997,1.3341666666666665,2.0889615443311977
2025-11-27 21:00:00,26,1.6201083333333333,0.8341666666666668,2.1609449677234536
2025-11-27 22:00:00,26,1.5966749999999998,0.3841666666666667,2.2275065971347563
2025-11-27 23:00:00,26,2.4584999999999995,0.19416666666666668,2.2556103962195286
2025-11-28 00:00:00,27,3.168658333333333,0.04750000000000001,2.291175367104006
2025-11-28 01:00:00,27,1.4998833333333335,-0.31499999999999995,2.3452087314536327
2025-11-28 02:00:00,27,3.0349749999999998,-0.9533333333333335,2.4403571385612515
2025-11-28 03:00:00,27,1.4086666666666665,-1.2499999999999998,2.484577547086463
2025-11-28 04:00:00,27,2.7888583333333328,-1.4024999999999999,2.507308824502513
2025-11-28 05:00:00,27,2.5209249999999996,-1.7366666666666666,2.5571188914087206
2025-11-28 06:00:00,27,2.4989666666666666,-2.1583333333333328,2.619971494537252
2025-11-28 07:00:00,27,2.1273916666666666,-1.6983333333333333,2.5514050183970363
2025-11-28 08:00:00,27,2.9906916666666663,-0.62,2.3906712862857327
2025-11-28 09:00:00,27,1.8751666666666666,0.8241666666666667,2.175598060083361
2025-11-28 10:00:00,27,2.6162666666666667,1.7225000000000001,2.0492553814273977
2025-11-28 11:00:00,27,2.6235166666666663,2.35,1.9623806868566454
2025-11-28 12:00:00,27,2.25475,2.4858333333333333,1.9382616838711355
2025-11-28 13:00:00,27,3.226775,2.0525,2.0251470061015255
2025-11-28 14:00:00,27,2.805308333333333,-0.9808333333333333,2.4550935084754477
2025-11-28 15:00:00,27,3.0689749999999996,-1.4483333333333335,2.516520103617026
2025-11-28 16:00:00,27,2.7038249999999997,-1.9816666666666665,2.5941400643123433
2025-11-28 17:00:00,27,2.37975,-2.8625000000000003,2.741223053170834
2025-11-28 18:00:00,27,2.325833333333333,-3.4308333333333336,2.8295702849673345
2025-11-28 19:00:00,27,2.7869333333333337,-3.4616666666666664,2.8470327386400225
2025-11-28 20:00:00,27,2.0286416666666667,-3.2541666666666664,2.816518919181053
2025-11-28 21:00:00,27,3.2090916666666662,-3.328333333333333,2.813138890972717
2025-11-28 22:00:00,27,2.6447833333333333,-3.454166666666667,2.818375150285594
2025-11-28 23:00:00,27,2.8629250000000006,-2.9408333333333334,2.7532605947915814
2025-11-29 00:00:00,28,3.077691666666667,-2.2224999999999997,2.4751123008451934
2025-11-29 01:00:00,28,3.8518916666666665,-2.0125,2.3734374455400067
2025-11-29 02:00:00,28,2.884158333333333,-1.885,2.4056204858544734
2025-11-29 03:00:00,28,3.359183333333333,-1.801666666666667,2.3518736705282635
2025-11-29 04:00:00,28,3.3921666666666668,-1.8691666666666669,2.350933131142146
2025-11-29 05:00:00,28,3.3555083333333333,-1.8566666666666667,2.3022043902348575
2025-11-29 06:00:00,28,3.2530416666666664,-2.0091666666666663,2.3770983114578597
2025-11-29 07:00:00,28,2.6476666666666664,-1.8099999999999998,2.2946006862916697
2025-11-29 08:00:00,28,2.888575,-1.505,2.2528546824987528
2025-11-29 09:00:00,28,2.7927750000000002,-0.9866666666666668,2.201192521282716
2025-11-29 10:00:00,28,2.7047416666666666,-0.20750000000000002,2.0829745879368766
2025-11-29 11:00:00,28,2.7269416666666664,-0.17166666666666663,2.064609268277591
2025-11-29 12:00:00,28,3.381275,0.21250000000000002,2.0526508319650345
2025-11-29 13:00:00,28,3.2413250000000002,-0.25,2.0880486455846023
2025-11-29 14:00:00,28,2.8660249999999996,-0.38833333333333336,2.1301565454163707
2025-11-29 15:00:00,28,2.3270166666666667,-0.7266666666666666,2.2636650399132487
2025-11-29 16:00:00,28,3.9633499999999997,-1.343333333333333,2.3140530590254165
2025-11-29 17:00:00,28,2.9361583333333328,-1.8225000000000005,2.308198705036234
2025-11-29 18:00:00,28,2.385483333333333,-2.415833333333333,2.496516926448637
2025-11-29 19:00:00,28,2.8433500000000005,-3.2083333333333335,2.676846593424061
2025-11-29 20:00:00,28,2.4468083333333333,-3.138333333333333,2.5682744469090233
2025-11-29 21:00:00,28,4.4301,-3.310833333333333,2.6100019115969655
2025-11-29 22:00:00,28,4.54655,-3.801666666666667,2.7460774832271726
2025-11-29 23:00:00,28,4.800283333333333,-4.8275,2.9078757461557543
2025-11-30 00:00:00,29,4.009949999999999,-5.348333333333334,3.1620223609217017
2025-11-30 01:00:00,29,4.74575,-6.273333333333333,3.3178297596063917
2025-11-30 02:00:00,29,3.802183333333333,-7.365833333333334,3.4784247813265488
2025-11-30 03:00:00,29,4.848083333333334,-8.181666666666667,3.6063710719404867
2025-11-30 04:00:00,29,4.278975,-8.448333333333332,3.648192127095196
2025-11-30 05:00:00,29,3.5119083333333325,-7.638333333333333,3.521160672062767
2025-11-30 06:00:00,29,3.0477999999999996,-7.028333333333333,3.4254950083963696
2025-11-30 07:00:00,29,3.883566666666667,-6.2875000000000005,3.3093108895446934
2025-11-30 08:00:00,29,3.5072083333333333,-4.584166666666667,3.078237296413424
2025-11-30 09:00:00,29,4.237275,-2.9025,3.0013998526373036
2025-11-30 10:00:00,29,5.010475,-3.2225,3.187243314176559
2025-11-30 11:00:00,29,1.8551749999999996,-2.9633333333333334,3.1012334042114413
2025-11-30 12:00:00,29,3.1847250000000003,-2.7724999999999995,2.8729794954188885
2025-11-30 13:00:00,29,3.099458333333333,-2.3333333333333335,2.814327576982966
2025-11-30 14:00:00,29,2.13745,-1.8758333333333335,2.77809174826095
2025-11-30 15:00:00,29,2.989866666666667,-1.615,2.7619231249190337
2025-11-30 16:00:00,29,4.0327666666666655,-1.1391666666666667,2.775848343996758
2025-11-30 17:00:00,29,2.7189749999999995,-0.2575,2.643068600920568
2025-11-30 18:00:00,29,2.6515666666666666,0.2558333333333334,2.38780833451154
2025-11-30 19:00:00,29,1.960508333333333,0.28250000000000014,2.302464481909152
2025-11-30 20:00:00,29,3.1332249999999995,0.01916666666666667,2.3202429351358207
2025-11-30 21:00:00,29,2.436808333333333,0.06083333333333333,2.3137083952678976
2025-11-30 22:00:00,29,3.3733083333333336,-0.009166666666666662,2.3246864222460086
2025-11-30 23:00:00,29,5.290466666666666,-0.5225,2.4051919534188237
2025-12-01 00:00:00,30,4.7886999999999995,-0.7916666666666666,2.5651355656949124
2025-12-01 01:00:00,30,4.3153,-0.67,2.5428265272826254
2025-12-01 02:00:00,30,4.076099999999999,-0.6208333333333335,2.533811230937934
2025-12-01 03:00:00,30,4.64165,-0.3291666666666667,2.4803306594016292
2025-12-01 04:00:00,30,2.837008333333333,-0.6583333333333333,2.5406873044211733
2025-12-01 05:00:00,30,2.6863833333333336,-0.48166666666666674,2.5082933582334688
2025-12-01 06:00:00,30,3.801008333333333,-0.42583333333333334,2.501196652248528
2025-12-01 07:00:00,30,2.3594583333333334,-0.12499999999999999,2.5067250384403055
2025-12-01 08:00:00,30,2.225241666666667,0.15250000000000002,2.3920113155502465
2025-12-01 09:00:00,30,2.4372000000000003,0.2358333333333333,2.750064392929112
2025-12-01 10:00:00,30,2.336308333333333,0.01666666666666666,2.902834734926394
2025-12-01 11:00:00,30,2.2561166666666668,-0.8733333333333332,3.1181068286426807
2025-12-01 12:00:00,30,3.2467583333333336,-1.5041666666666664,3.221853126092619
2025-12-01 13:00:00,30,3.0438999999999994,-2.5041666666666664,3.2964378872324245
2025-12-01 14:00:00,30,3.076733333333333,-3.4583333333333335,3.401037328494174
2025-12-01 15:00:00,30,3.4376,-4.7683333333333335,3.630927161134838
2025-12-01 16:00:00,30,1.3084083333333334,-5.930000000000001,3.554216917218014
2025-12-01 17:00:00,30,1.2761666666666667,-6.589166666666667,3.8237031193350317
2025-12-01 18:00:00,30,5.681783333333333,-7.43,3.8952542361550964
2025-12-01 19:00:00,30,2.8459083333333335,-7.8,4.347129339885327
2025-12-01 20:00:00,30,4.709608333333334,-8.19,4.2441426941186045
2025-12-01 21:00:00,30,4.946841666666667,-8.6525,4.243223438563263
2025-12-01 22:00:00,30,4.862008333333333,-9.346666666666666,4.242477267202553
2025-12-01 23:00:00,30,5.126741666666668,-10.63,4.382676245393871
2025-12-02 00:00:00,31,5.983583333333333,-11.29,4.871121465884769
2025-12-02 01:00:00,31,4.330691666666667,-11.6725,4.948397174867055
2025-12-02 02:00:00,31,4.2458833333333335,-11.37,4.887283705671914
2025-12-02 03:00:00,31,5.218491666666667,-10.959166666666668,4.804283870098347
2025-12-02 04:00:00,31,5.069783333333333,-10.44,4.699585780740749
2025-12-02 05:00:00,31,4.918616666666667,-10.139166666666666,4.638620912280112
2025-12-02 06:00:00,31,4.031133333333333,-9.5925,4.528596616660959
2025-12-02 07:00:00,31,5.096133333333333,-8.884166666666667,4.386386880637565
2025-12-02 08:00:00,31,5.555441666666667,-8.375833333333334,4.2831045935011645
2025-12-02 09:00:00,31,4.468908333333332,-8.147499999999999,4.236656351444173
2025-12-02 10:00:00,31,4.665525,-7.75,4.157361667585999
2025-12-02 11:00:00,31,5.06245,-7.180833333333333,4.041915600537694
2025-12-02 12:00:00,31,4.936175,-7.115833333333334,4.031005655753745
2025-12-02 13:00:00,31,3.7529999999999997,-6.935,3.991553523007579
2025-12-02 14:00:00,31,4.6226,-6.543333333333334,3.9121619051808416
2025-12-02 15:00:00,31,2.769458333333333,-6.512499999999999,3.9059327085962123
2025-12-02 16:00:00,31,2.3454083333333333,-6.3758333333333335,3.8783222156265067
2025-12-02 17:00:00,31,2.380125,-6.2925,3.8614865491815644
2025-12-02 18:00:00,31,3.2790833333333333,-6.2175,3.846334449381116
2025-12-02 19:00:00,31,4.254375,-6.069166666666667,3.8178540363072346
2025-12-02 20:00:00,31,4.533125,-5.954166666666667,3.7952057531362433
2025-12-02 21:00:00,31,5.853908333333333,-5.89,3.7824674307385866
2025-12-02 22:00:00,31,4.7728166666666665,-5.7316666666666665,3.7490554668038625
2025-12-05 00:00:00,34,8.262208333333334,-16.939999999999998,6.224060289252576
2025-12-05 01:00:00,34,5.9571000000000005,-17.096666666666668,6.264395430521229
2025-12-05 02:00:00,34,6.874225000000001,-17.800833333333333,6.402508892638987
2025-12-05 03:00:00,34,7.201149999999998,-17.281666666666666,6.321802234805004
2025-12-05 04:00:00,34,5.529491666666666,-17.388333333333332,6.330224616653292
2025-12-05 05:00:00,34,7.142116666666666,-17.259166666666673,6.30621324600866
2025-12-05 06:00:00,34,6.516883333333333,-17.175833333333333,6.281050224698166
2025-12-05 07:00:00,34,7.708383333333332,-16.7875,6.201086479055063
2025-12-05 08:00:00,34,6.849,-15.334166666666667,5.890401911122357
2025-12-05 09:00:00,34,5.3881499999999996,-13.1625,5.432484016472417
2025-12-05 10:00:00,34,5.490766666666667,-10.799999999999999,4.917614041474217
2025-12-05 11:00:00,34,3.746941666666667,-9.375,4.614223494240909
2025-12-05 12:00:00,34,5.2761249999999995,-8.014166666666666,4.314190915907791
2025-12-05 13:00:00,34,5.0496583333333325,-8.6625,4.447181273473661
2025-12-05 14:00:00,34,5.555774999999999,-8.9725,4.509752114216872
2025-12-05 15:00:00,34,5.187091666666666,-9.8425,4.694425296100926
2025-12-05 16:00:00,34,6.062833333333333,-11.750833333333333,5.099280129310339
2025-12-05 17:00:00,34,6.117366666666667,-12.862499999999999,5.338063997143812
2025-12-05 18:00:00,34,6.948041666666667,-14.605833333333335,5.706068428802173
2025-12-05 19:00:00,34,3.7458416666666663,-15.009166666666667,5.7918805280531656
2025-12-05 20:00:00,34,4.7989999999999995,-14.435,5.669722395028509
2025-12-05 21:00:00,34,5.999733333333333,-13.870833333333332,5.5496918347125535
2025-12-05 22:00:00,34,7.700241666666666,-14.17,5.613341718247897
2025-12-05 23:00:00,34,6.480533333333333,-13.980833333333335,5.573095134508279
2025-12-06 00:00:00,35,4.647358333333333,-13.464166666666669,5.711784676455984
2025-12-06 01:00:00,35,5.137983333333333,-13.049166666666666,5.615329918688257
2025-12-06 02:00:00,35,5.667574999999999,-13.018333333333336,5.60816360134407
2025-12-06 03:00:00,35,5.194333333333333,-13.361666666666665,5.68796151339287
2025-12-06 04:00:00,35,4.990566666666666,-13.4125,5.699776252798154
2025-12-06 05:00:00,35,6.587775,-13.106666666666667,5.628694132113907
2025-12-06 06:00:00,35,4.894041666666666,-13.399999999999999,5.69687098900997
2025-12-06 07:00:00,35,6.109558333333333,-13.857500000000002,5.805406491621868
2025-12-06 08:00:00,35,4.9687,-12.519166666666665,5.505664662802579
2025-12-06 09:00:00,35,5.174783333333333,-10.431666666666667,5.023347897487172
2025-12-06 10:00:00,35,5.426366666666667,-8.518333333333333,4.581592877925943
2025-12-06 11:00:00,35,2.9702916666666668,-7.434166666666666,4.337892963149002
2025-12-06 12:00:00,35,1.1098333333333332,-6.235833333333335,4.048627915561974
2025-12-06 13:00:00,35,2.771433333333333,-6.255,4.065828629766499
2025-12-06 14:00:00,35,3.439308333333333,-6.208333333333333,4.046200309892255
2025-12-06 15:00:00,35,4.174424999999999,-6.435833333333334,4.108049762065216
2025-12-06 16:00:00,35,4.715658333333334,-6.61,4.132442277283705
2025-12-06 17:00:00,35,5.09645,-6.565,4.120338759106164
2025-12-06 18:00:00,35,3.29745,-6.505,4.105347476512794
2025-12-06 19:00:00,35,1.6844249999999998,-6.375,4.064112740050275
2025-12-06 20:00:00,35,4.32695,-6.273333333333333,4.040483261239708
2025-12-06 21:00:00,35,4.099008333333334,-6.239999999999999,4.032735891137882
2025-12-06 22:00:00,35,4.049383333333333,-6.445,4.080382217264109
2025-12-06 23:00:00,35,5.328016666666667,-7.295833333333334,4.2781338391132016
2025-12-07 00:00:00,36,4.059325,-7.463333333333334,4.259956574719341
2025-12-07 01:00:00,36,4.816491666666667,-9.4025,4.699832014472404
2025-12-07 02:00:00,36,5.467066666666667,-10.341666666666667,4.916579656015364
2025-12-07 03:00:00,36,4.771750000000001,-9.555833333333334,4.735086542440762
2025-12-07 04:00:00,36,6.852925,-10.986666666666666,5.059180192800971
2025-12-07 05:00:00,36,3.9928166666666667,-11.292499999999999,5.134644013280443
2025-12-07 06:00:00,36,3.69555,-9.522499999999999,4.810074040709336
2025-12-07 07:00:00,36,5.4962583333333335,-9.824166666666667,4.856696314794536
2025-12-07 08:00:00,36,5.397241666666666,-8.727500000000001,4.663221209364065
2025-12-07 09:00:00,36,4.071375,-6.857500000000001,4.1894535736848635
2025-12-07 10:00:00,36,3.056941666666667,-5.3325,3.846418248241848
2025-12-07 11:00:00,36,2.2176416666666663,-5.151666666666666,3.8197984097801094
2025-12-07 12:00:00,36,3.2256083333333336,-4.658333333333334,3.700364893273071
2025-12-07 13:00:00,36,3.0585083333333336,-4.9525,3.7279649071199836
2025-12-07 14:00:00,36,3.903325,-5.305,3.797405044924719
2025-12-07 15:00:00,36,4.806033333333334,-6.121666666666666,3.95561645525117
2025-12-07 16:00:00,36,2.8979583333333334,-6.952500000000001,4.144080491965311
2025-12-07 17:00:00,36,3.131083333333333,-7.434166666666666,4.253340485165685
2025-12-07 18:00:00,36,3.5652916666666665,-7.653333333333333,4.303055672383156
2025-12-07 19:00:00,36,2.5050583333333334,-7.620833333333334,4.295683458309083
2025-12-07 20:00:00,36,4.728741666666667,-7.529166666666666,4.274890033997592
2025-12-07 21:00:00,36,2.883933333333333,-7.735833333333333,4.321769754263498
2025-12-07 22:00:00,36,2.779275,-8.041666666666666,4.392040134724391
2025-12-07 23:00:00,36,5.4457249999999995,-8.23,4.433865214415438
2025-12-08 00:00:00,37,3.9623250000000008,-8.485833333333334,4.448928935600239
2025-12-08 01:00:00,37,5.757991666666666,-8.916666666666666,4.544034950588199
2025-12-08 02:00:00,37,6.308375,-9.189166666666667,4.604189045174395
2025-12-08 03:00:00,37,4.373225000000001,-9.339166666666667,4.6373013908181715
2025-12-08 04:00:00,37,5.053458333333333,-10.139166666666666,4.813900567584984
2025-12-08 05:00:00,37,5.712216666666666,-11.460833333333333,5.105657124201823
2025-12-08 06:00:00,37,4.25755,-12.591666666666667,5.355287418860744
2025-12-08 07:00:00,37,5.065741666666667,-12.856666666666667,5.41378589616475
2025-12-08 08:00:00,37,4.338675,-12.570833333333333,5.350688481965774
2025-12-08 09:00:00,37,6.395341666666667,-11.737500000000002,5.166731006167012
2025-12-08 10:00:00,37,3.705258333333333,-10.614166666666666,5.034481949568005
2025-12-08 11:00:00,37,4.2474083333333335,-10.341666666666667,5.0631376379692945
2025-12-08 12:00:00,37,3.267933333333333,-10.227500000000001,4.997799371673693
2025-12-08 13:00:00,37,6.948883333333332,-11.240833333333333,5.166766737940581
2025-12-08 14:00:00,37,6.559241666666667,-11.643333333333333,5.276389217274727
2025-12-08 15:00:00,37,5.372716666666666,-12.602500000000001,5.415865298786351
2025-12-08 16:00:00,37,4.850508333333333,-13.174999999999999,5.669577570014738
2025-12-08 17:00:00,37,6.891824999999999,-14.166666666666666,5.8602825620760575
2025-12-08 18:00:00,37,5.865891666666666,-14.828333333333333,5.962780856666862
2025-12-08 19:00:00,37,6.112933333333334,-14.583333333333336,6.00887135298993
2025-12-08 20:00:00,37,5.760775,-15.105833333333331,6.06878825381483
2025-12-08 21:00:00,37,6.484491666666666,-15.555000000000001,6.086906868691011
2025-12-08 22:00:00,37,4.627908333333333,-16.179999999999996,6.256592432624852
2025-12-08 23:00:00,37,6.8081249999999995,-16.656666666666663,6.380243773625373
2025-12-09 00:00:00,38,6.1919,-16.6575,6.288380104344513
2025-12-09 01:00:00,38,6.917199999999999,-17.151666666666667,6.392959234086563
2025-12-09 02:00:00,38,5.233791666666667,-17.037499999999998,6.3680338879678065
2025-12-09 03:00:00,38,6.729041666666666,-17.393333333333334,6.4388345674855625
2025-12-09 04:00:00,38,6.5699499999999995,-16.93166666666667,6.3403448452667375
2025-12-09 05:00:00,38,6.304366666666668,-16.968333333333334,6.3532526215238265
2025-12-09 06:00:00,38,7.556266666666666,-16.834166666666665,6.327429205489463
2025-12-09 07:00:00,38,5.948524999999999,-16.99083333333333,6.358638390810875
2025-12-09 08:00:00,38,6.245783333333333,-15.161666666666667,5.968313349501273
2025-12-09 09:00:00,38,5.8126999999999995,-13.060833333333335,5.510764765849848
2025-12-09 10:00:00,38,5.144033333333334,-10.749166666666667,5.01279051488314
2025-12-09 11:00:00,38,4.537508333333333,-9.375833333333334,4.716232672892936
2025-12-09 12:00:00,38,2.6948499999999997,-7.444166666666667,4.299646106663426
2025-12-09 13:00:00,38,4.460183333333333,-8.689166666666667,4.5659515438242035
2025-12-09 14:00:00,38,4.7755833333333335,-9.7125,4.784796517726861
2025-12-09 15:00:00,38,4.9431666666666665,-10.885,5.036625364307418
2025-12-09 16:00:00,38,5.854633333333332,-13.149166666666666,5.523258328726158
2025-12-09 17:00:00,38,4.570675,-14.68083333333333,5.852456484265959
2025-12-09 18:00:00,38,0.0,-14.888333333333335,5.897054058112213
2025-12-09 19:00:00,38,1.9772333333333332,-14.648333333333333,5.84547132209727
2025-12-09 20:00:00,38,5.295325,-15.573333333333332,6.0442797838215245
2025-12-09 21:00:00,38,4.628341666666667,-16.115833333333335,6.160878260021967
2025-12-09 22:00:00,38,4.307875,-15.154166666666663,5.95418910251765
2025-12-09 23:00:00,38,5.9130416666666665,-14.444166666666666,5.802836915121825
2025-12-10 00:00:00,39,6.077299999999999,-13.420833333333334,5.326650955942491
2025-12-10 01:00:00,39,4.782916666666667,-12.605833333333335,5.167533210700428
2025-12-10 02:00:00,39,5.8932166666666665,-12.288333333333334,5.1055456228300535
2025-12-10 03:00:00,39,5.2821083333333325,-11.954166666666666,5.040304093339188
2025-12-10 04:00:00,39,4.491683333333334,-11.63,4.977014928820617
2025-12-10 05:00:00,39,6.722375000000001,-11.551666666666668,4.961721403204304
2025-12-10 06:00:00,39,3.852175,-12.541666666666666,5.155005535461534
2025-12-10 07:00:00,39,4.694458333333333,-13.277500000000002,5.298667058006259
2025-12-10 08:00:00,39,6.080349999999999,-11.744166666666665,4.999304428920987
2025-12-10 09:00:00,39,3.5289916666666667,-8.985,4.502016470089866
2025-12-10 10:00:00,39,4.545216666666666,-6.855833333333333,4.120096931157209
2025-12-10 11:00:00,39,4.3983,-5.788333333333334,3.9454483622972107
2025-12-10 12:00:00,39,3.2476166666666666,-4.9575000000000005,3.7595711078720773
2025-12-10 13:00:00,39,4.307466666666667,-4.990833333333334,3.7569861897971024
2025-12-10 14:00:00,39,3.778966666666667,-5.44,3.802706597914367
2025-12-10 15:00:00,39,4.495525000000001,-5.61,3.801691215498876
2025-12-10 16:00:00,39,2.9088499999999997,-5.564166666666666,3.797108515189096
2025-12-10 17:00:00,39,1.3865583333333331,-5.25,3.7564544332805765
2025-12-10 18:00:00,39,3.941858333333333,-5.189166666666666,3.7290900996596896
2025-12-10 19:00:00,39,4.077866666666667,-5.075,3.6980176096171578
2025-12-10 20:00:00,39,4.350083333333334,-4.902500000000001,3.663561393708987
2025-12-10 21:00:00,39,4.872583333333333,-4.710000000000001,3.6259783679923037
2025-12-10 22:00:00,39,3.26205,-4.552499999999999,3.595228619678653
2025-12-10 23:00:00,39,3.245,-4.459166666666667,3.5770065466038976
2025-12-11 00:00:00,40,4.180591666666667,-4.550833333333333,3.5560301502852347
2025-12-11 01:00:00,40,3.9768666666666674,-4.528333333333333,3.551449609657801
2025-12-11 02:00:00,40,3.8950416666666667,-4.61,3.5680752756388574
2025-12-11 03:00:00,40,3.080741666666666,-4.564166666666666,3.5587445447311215
2025-12-11 04:00:00,40,4.270125,-5.0375000000000005,3.655105547560101
2025-12-11 05:00:00,40,4.301233333333333,-6.175833333333333,3.886846973377681
2025-12-11 06:00:00,40,4.663975,-5.892499999999999,3.8291660914025876
2025-12-11 07:00:00,40,3.3904083333333332,-5.444166666666667,3.737894578159646
2025-12-11 08:00:00,40,3.1494,-5.0225,3.6520518538084783
2025-12-11 09:00:00,40,3.2379166666666666,-4.4816666666666665,3.5419492290971974
2025-12-11 10:00:00,40,4.23375,-3.75,3.3929968338791627
2025-12-11 11:00:00,40,4.378725,-2.875833333333333,3.2150343480207138
2025-12-11 12:00:00,40,2.877125,-3.0041666666666664,3.2411603945623733
2025-12-11 13:00:00,40,2.836091666666667,-3.5174999999999996,3.3456645807290126
2025-12-11 14:00:00,40,5.50385,-4.834166666666667,3.613711032260328
2025-12-11 15:00:00,40,4.190508333333334,-6.0275,3.9041525597007665
2025-12-11 16:00:00,40,3.479141666666667,-7.899166666666667,4.426869785598116
2025-12-11 17:00:00,40,3.2371000000000003,-9.055,4.630180210711654
2025-12-11 18:00:00,40,4.389483333333334,-9.916666666666666,4.834832550546362
2025-12-11 19:00:00,40,4.111908333333333,-10.751666666666667,4.944571875917158
2025-12-11 20:00:00,40,4.6944,-10.765,4.926412295448978
2025-12-11 21:00:00,40,4.44485,-10.782499999999999,4.900615408151741
2025-12-11 22:00:00,40,4.996766666666666,-10.9625,4.948026551943451
2025-12-11 23:00:00,40,4.552858333333333,-11.268333333333333,5.010987624515446
2025-12-12 00:00:00,41,5.305516666666667,-10.7875,5.015123590810601
2025-12-12 01:00:00,41,4.57415,-10.295833333333333,4.917450448593746
2025-12-12 02:00:00,41,3.7423833333333336,-10.079166666666667,4.751196927243558
2025-12-12 03:00:00,41,4.759358333333333,-10.274166666666668,4.7276606492874915
2025-12-12 04:00:00,41,5.126683333333333,-9.739166666666666,4.787545215910368
2025-12-12 05:00:00,41,3.806425,-9.227500000000001,4.693088604761358
2025-12-12 06:00:00,41,4.824166666666667,-9.074166666666667,4.754096609967722
2025-12-12 07:00:00,41,4.506966666666667,-9.029166666666667,4.78017673216367
2025-12-12 08:00:00,41,5.399283333333333,-8.319166666666666,4.627034843140283
2025-12-12 09:00:00,41,5.077,-7.3975,4.52901046532657
2025-12-12 10:00:00,41,4.458283333333333,-7.3475,4.444864947163682
2025-12-12 11:00:00,41,5.150833333333333,-6.943333333333334,4.23004934559548
2025-12-12 12:00:00,41,5.0967,-6.9366666666666665,4.324235100337031
2025-12-12 13:00:00,41,5.240375,-6.476666666666667,4.294113998557222
2025-12-12 14:00:00,41,4.581741666666666,-5.81,4.098739332424699
2025-12-12 15:00:00,41,4.032775,-6.361666666666667,4.221021343341224
2025-12-12 16:00:00,41,5.086708333333333,-6.735833333333333,4.293300218228524
2025-12-12 17:00:00,41,3.1726916666666667,-6.403333333333333,4.145304313099634
2025-12-12 18:00:00,41,3.6099750000000004,-6.199166666666667,4.089757162576766
2025-12-12 19:00:00,41,3.3853416666666662,-6.125,4.09603267180043
2025-12-12 20:00:00,41,2.5393,-5.9624999999999995,4.158857709165565
2025-12-12 21:00:00,41,6.103833333333333,-5.969166666666667,4.22621350893121
2025-12-12 22:00:00,41,4.524258333333333,-6.091666666666668,4.101582371927593
2025-12-12 23:00:00,41,4.890866666666667,-6.204999999999999,4.067564252580748
2025-12-13 00:00:00,42,4.643258333333333,-6.740833333333334,4.140760910045207
2025-12-13 01:00:00,42,5.471425,-6.839166666666667,4.372065845738491
2025-12-13 02:00:00,42,4.58695,-7.63,4.4716889302780505
2025-12-13 03:00:00,42,4.271125,-8.37,4.4609885561912
2025-12-13 04:00:00,42,5.416991666666666,-9.064166666666667,4.451062529717275
2025-12-13 05:00:00,42,5.693225,-9.3575,4.585155014369213
2025-12-13 06:00:00,42,3.2854249999999996,-10.148333333333333,4.638634254210705
2025-12-13 07:00:00,42,4.459016666666667,-10.911666666666667,4.78737635400824
2025-12-13 08:00:00,42,3.5322333333333336,-9.272499999999999,4.499977838860187
2025-12-13 09:00:00,42,4.286833333333332,-6.398333333333333,3.9998129919925964
2025-12-13 10:00:00,42,3.545633333333333,-4.7225,3.664135786993965
2025-12-13 11:00:00,42,2.3878333333333335,-4.153333333333333,3.5160610766920923
2025-12-13 12:00:00,42,4.403975,-4.026666666666666,3.4730680941969823
2025-12-13 13:00:00,42,3.0809333333333337,-3.6441666666666666,3.409423406189789
2025-12-13 14:00:00,42,3.6935,-3.6475000000000004,3.396851038095507
2025-12-13 15:00:00,42,3.9102083333333333,-4.579166666666667,3.532991763242423
2025-12-13 16:00:00,42,4.6034999999999995,-7.1066666666666665,4.024949802395993
2025-12-13 17:00:00,42,3.5174666666666665,-8.116666666666667,4.22732846655588
2025-12-13 18:00:00,42,4.107541666666666,-8.11,4.225992633789147
2025-12-13 19:00:00,42,4.725433333333333,-9.740833333333333,4.552770724350944
2025-12-13 20:00:00,42,4.124083333333332,-11.213333333333333,4.847822786702858
2025-12-13 21:00:00,42,3.4414166666666666,-12.135833333333336,5.032668645799389
2025-12-13 22:00:00,42,4.54285,-12.64,5.133690998783491
2025-12-13 23:00:00,42,3.869641666666667,-13.463333333333333,5.298666345474883
2025-12-14 00:00:00,43,4.1637749999999984,-13.25,5.184532970256072
2025-12-14 01:00:00,43,5.157183333333333,-13.347499999999998,5.203299486627755
2025-12-14 02:00:00,43,4.445624999999999,-12.921666666666667,5.121336325380486
2025-12-14 03:00:00,43,3.08995,-12.976666666666667,5.131922565385027
2025-12-14 04:00:00,43,4.301875,-14.286666666666667,5.38406755458406
2025-12-14 05:00:00,43,5.420725,-15.509166666666665,5.6193707983213255
2025-12-14 06:00:00,43,4.562783333333334,-15.449166666666665,5.6078221728618285
2025-12-14 07:00:00,43,5.349550000000001,-15.1075,5.542059166773022
2025-12-14 08:00:00,43,6.372783333333333,-14.375,5.401069697621654
2025-12-14 09:00:00,43,4.64815,-11.834166666666667,4.9157783389990595
2025-12-14 10:00:00,43,4.532941666666666,-7.276666666666666,4.042593190048791
2025-12-14 11:00:00,43,4.371458333333333,-3.540833333333333,3.4428518598867277
2025-12-14 12:00:00,43,3.63805,-2.955,3.308493202797869
2025-12-14 13:00:00,43,3.4857416666666667,-3.2583333333333333,3.398175141909718
2025-12-14 14:00:00,43,2.58035,-3.5641666666666665,3.454051846371842
2025-12-14 15:00:00,43,4.0399416666666665,-4.76,3.6476387833888633
2025-12-14 16:00:00,43,4.6302666666666665,-6.8425,4.041461616465528
2025-12-14 17:00:00,43,5.568641666666666,-8.6075,4.340859109266451
2025-12-14 18:00:00,43,4.986141666666666,-9.795,4.648553516742051
2025-12-14 19:00:00,43,4.590775,-10.314166666666667,4.8615804498498445
2025-12-14 20:00:00,43,6.3382000000000005,-9.99,4.974035987282212
2025-12-14 21:00:00,43,5.500291666666667,-10.098333333333334,5.004478482200999
2025-12-14 22:00:00,43,5.6925,-10.656666666666666,5.0662980730400875
2025-12-14 23:00:00,43,5.547741666666666,-10.689166666666665,4.984100407406614
2025-12-15 00:00:00,44,4.854958333333332,-10.699166666666668,5.1066518108074845
2025-12-15 01:00:00,44,6.073708333333333,-10.990833333333333,5.003531938742611
2025-12-15 02:00:00,44,4.5168333333333335,-11.963333333333333,5.30354130127651
2025-12-15 03:00:00,44,5.904491666666666,-12.333333333333334,5.292245590768511
2025-12-15 04:00:00,44,6.196066666666667,-11.795833333333334,5.274497040826492
2025-12-15 05:00:00,44,4.290191666666667,-12.119166666666667,5.353026344545196
2025-12-15 06:00:00,44,5.515625,-12.708333333333334,5.46421019189708
2025-12-15 07:00:00,44,5.866616666666666,-13.213333333333333,5.616335045733717
2025-12-15 08:00:00,44,6.436966666666666,-11.846666666666666,5.403767239284072
2025-12-15 09:00:00,44,6.5259833333333335,-10.018333333333333,5.124642131923585
2025-12-15 10:00:00,44,5.638066666666667,-7.644166666666667,4.667608996641875
2025-12-15 11:00:00,44,3.9095416666666667,-6.754166666666666,4.602829599687226
2025-12-15 12:00:00,44,5.024208333333333,-6.359166666666667,4.390839088092879
2025-12-15 13:00:00,44,5.452949999999999,-7.435833333333334,4.704006654943843
2025-12-15 14:00:00,44,5.081908333333333,-7.8808333333333325,4.770597922680347
2025-12-15 15:00:00,44,6.570558333333334,-9.014166666666666,5.121238327211652
2025-12-15 16:00:00,44,5.497283333333334,-9.57,5.291659588892184
2025-12-15 17:00:00,44,7.1440166666666665,-9.906666666666666,4.957241906349449
2025-12-15 18:00:00,44,6.583666666666667,-10.661666666666667,4.796643686929449
2025-12-15 19:00:00,44,4.070508333333334,-10.545833333333333,4.85760709033902
2025-12-15 20:00:00,44,4.055166666666667,-10.499166666666666,5.241442289411911
2025-12-15 21:00:00,44,4.568108333333333,-10.439166666666667,5.181413037105977
2025-12-15 22:00:00,44,5.313899999999999,-10.5125,4.936251469333272
2025-12-15 23:00:00,44,5.9345583333333325,-11.079166666666667,5.069743577551026
2025-12-16 00:00:00,45,4.652733333333334,-12.199166666666668,5.015055721798531
2025-12-16 01:00:00,45,4.445491666666666,-11.971666666666666,5.170756249064081
2025-12-16 02:00:00,45,6.320058333333333,-13.737499999999999,5.092199082284307
2025-12-16 03:00:00,45,6.681291666666667,-15.115833333333333,5.294816273522902
2025-12-16 04:00:00,45,4.8497916666666665,-16.183333333333334,5.46663084557202
2025-12-16 05:00:00,45,5.607924999999999,-16.62916666666667,5.746463139330208
2025-12-16 06:00:00,45,6.90275,-12.865833333333335,5.482899578075442
2025-12-16 07:00:00,45,4.775883333333333,-12.699166666666665,4.9218382097037665
2025-12-16 08:00:00,45,4.963533333333334,-11.235833333333334,4.663349777538904
2025-12-16 09:00:00,45,5.371758333333332,-9.786666666666667,4.421233247362379
2025-12-16 10:00:00,45,3.4931666666666668,-4.956666666666666,3.776621143434497
2025-12-16 11:00:00,45,3.2124166666666665,-2.750833333333333,3.521643822688202
2025-12-16 12:00:00,45,3.3206833333333337,-1.665,3.3298039541081605
2025-12-16 13:00:00,45,3.8495749999999993,-2.1158333333333332,3.3139031168774684
2025-12-16 14:00:00,45,3.398325,-2.3049999999999997,3.2711385978822203
2025-12-16 15:00:00,45,4.930991666666667,-2.440833333333333,3.2673407326948345
2025-12-16 16:00:00,45,4.867908333333333,-2.9075,3.3829878018958333
2025-12-16 17:00:00,45,3.6040083333333333,-4.9125000000000005,3.6597580234429596
2025-12-16 18:00:00,45,3.5484750000000003,-7.225833333333334,4.002720113008781
2025-12-16 19:00:00,45,4.736383333333333,-8.505,4.2117723945684205
2025-12-16 20:00:00,45,4.529258333333333,-8.259166666666667,4.171596223193767
2025-12-16 21:00:00,45,3.5178499999999997,-7.875,4.108812443520155
2025-12-16 22:00:00,45,3.3512249999999995,-7.205000000000001,4.121408853731112
2025-12-16 23:00:00,45,6.362733333333332,-4.46,3.7502097522638542
2025-12-17 00:00:00,46,4.578316666666666,-4.351666666666667,3.7601409974007307
2025-12-17 01:00:00,46,4.5157,-4.411666666666666,3.7974183612316708
2025-12-17 02:00:00,46,4.975733333333333,-4.656666666666666,3.865253890753825
2025-12-17 03:00:00,46,3.9064749999999995,-4.848333333333334,3.8096978435302025
2025-12-17 04:00:00,46,5.218841666666666,-4.931666666666666,3.7946593766073713
2025-12-17 05:00:00,46,4.864258333333334,-3.8699999999999997,3.752767842078526
2025-12-17 06:00:00,46,3.0019333333333336,-3.6058333333333334,3.810039151655407
2025-12-17 07:00:00,46,4.131308333333333,-3.3524999999999996,3.7508762762389183
2025-12-17 08:00:00,46,4.0527750000000005,-2.635,3.6693719081476512
2025-12-18 13:55:00,47,2.352125,2.533333333333333,3.0789872554961666
2025-12-18 14:55:00,47,2.532475,0.44083333333333324,3.1833113497948387
2025-12-18 15:55:00,47,2.6248666666666667,-2.7875,3.5580289874600473
2025-12-18 16:55:00,47,3.224191666666666,-2.5933333333333333,3.5784276615240707
2025-12-18 17:55:00,47,2.331975,0.9083333333333332,3.2647475544553344
2025-12-18 18:55:00,47,1.4520666666666668,1.7958333333333334,3.185762427985677
2025-12-18 19:55:00,47,2.908091666666667,2.5649999999999995,3.220852531186053
2025-12-18 20:55:00,47,2.454683333333333,2.8049999999999997,3.25526627998597
2025-12-18 21:55:00,47,4.097166666666666,3.060833333333333,3.2055386320115327
2025-12-18 22:55:00,47,2.963933333333333,3.0558333333333336,3.0233068846941484
2025-12-18 23:55:00,47,2.651683333333333,2.81,2.948611932290074
2025-12-19 00:55:00,48,4.518891666666667,2.5566666666666666,2.7740033827894344
2025-12-19 01:55:00,48,3.397641666666667,3.0275,2.7190111917970974
2025-12-19 02:55:00,48,3.083566666666667,2.9491666666666667,2.626679548070275
2025-12-19 03:55:00,48,3.029108333333333,2.0691666666666664,2.7322838614762937
2025-12-19 04:55:00,48,3.2196249999999997,2.268333333333333,2.7123144814002256
2025-12-19 05:55:00,48,2.0116833333333335,4.0675,2.4527738226009146
2025-12-19 06:55:00,48,3.0648583333333335,4.653333333333333,2.366979056827115
2025-12-19 07:55:00,48,2.1734416666666667,5.574166666666667,2.280502124574247
2025-12-19 08:55:00,48,2.1248416666666663,7.5183333333333335,2.0669792206431845
2025-12-19 09:55:00,48,3.0218333333333334,8.8925,2.034537899432459
2025-12-19 10:55:00,48,2.159625,9.736666666666666,1.9521028394536097
2025-12-19 11:55:00,48,1.936,9.929166666666665,1.9216574288444355
2025-12-19 12:55:00,48,2.171358333333333,10.560833333333333,1.8148607161232442
2025-12-19 13:55:00,48,1.652825,11.296666666666667,1.772236397533835
2025-12-20 18:05:00,49,2.6451499999999997,-4.149166666666667,3.7445639609490895
2025-12-20 19:05:00,49,1.795425,-4.055,3.8107381947089207
2025-12-20 20:05:00,49,2.6847,-3.8983333333333334,3.812013498615491
2025-12-20 21:05:00,49,6.560466666666667,-3.2866666666666666,3.8164785550421785
2025-12-20 22:05:00,49,4.416458333333333,-2.4175000000000004,3.855960302644081
2025-12-20 23:05:00,49,3.862325,-2.2500000000000004,3.788708357350466
2025-12-21 00:05:00,50,4.520766666666666,-2.1999999999999997,3.702337010298564
2025-12-21 01:05:00,50,4.469691666666667,-2.225833333333333,3.56945875861634
2025-12-21 02:05:00,50,3.2110749999999992,-2.185833333333333,3.6038430592211768
2025-12-21 03:05:00,50,4.24745,-2.6833333333333336,3.6263738538067005
2025-12-21 04:05:00,50,4.134058333333333,-2.588333333333333,3.531115211336548
2025-12-21 05:05:00,50,2.725825,-2.203333333333333,3.5001469097734366
2025-12-21 06:05:00,50,3.645266666666667,-1.685833333333333,3.443770356946498
2025-12-21 07:05:00,50,3.5681249999999998,-2.0599999999999996,3.4303592764641846
2025-12-21 08:05:00,50,2.7329166666666667,-1.4641666666666666,3.4456828974026426
2025-12-21 09:05:00,50,2.534116666666667,0.24,3.308757256026951
2025-12-21 10:05:00,50,2.357725,1.2783333333333333,3.20974820519349
2025-12-21 11:05:00,50,2.2941166666666666,1.7550000000000006,3.2250831680428256
2025-12-21 12:05:00,50,1.5015499999999997,0.7225,3.446602530833525
2025-12-21 13:05:00,50,0.0,0.21833333333333338,3.762985862300091
2025-12-21 14:05:00,50,0.0,-0.36166666666666675,3.8396089611378783
2025-12-21 15:05:00,50,0.0,-1.1941666666666666,3.7779170841638505
2025-12-21 16:05:00,50,0.0,-2.1525000000000003,3.937899120178719
2025-12-21 17:05:00,50,0.0,-2.750833333333334,4.14943251561
2025-12-21 18:05:00,50,0.0,-3.356666666666667,4.343513386509925
2025-12-21 19:05:00,50,0.0,-3.8516666666666666,4.320524205155069
2025-12-21 20:05:00,50,0.0,-4.365000000000001,4.200631662386307
2025-12-21 21:05:00,50,0.0,-5.110833333333333,4.5625030730542235
2025-12-21 22:05:00,50,0.0,-6.1933333333333325,4.444797046706053
2025-12-21 23:05:00,50,0.0,-7.490833333333334,4.998478364121933
2025-12-22 00:05:00,51,0.0,-8.495833333333334,4.4514481375169135
2025-12-22 01:05:00,51,0.0,-9.064166666666667,4.539343327739882
2025-12-22 02:05:00,51,0.0,-9.215833333333334,4.566377262012967
2025-12-22 03:05:00,51,0.0,-9.278333333333334,4.5777024719649235
2025-12-22 04:05:00,51,0.0,-9.522499999999999,4.614931449333691
2025-12-22 05:05:00,51,0.0,-10.0375,4.703384358394486
2025-12-22 06:05:00,51,0.0,-10.634166666666667,4.803954791283287
2025-12-22 07:05:00,51,0.0,-11.351666666666667,4.9169268130208375
2025-12-22 08:05:00,51,0.0,-10.5825,4.788869113298502
2025-12-22 09:05:00,51,0.0,-9.977500000000001,4.691386930315335
2025-12-22 10:05:00,51,0.0,-8.4625,4.44142591078151
2025-12-22 11:05:00,51,0.0,-8.106666666666667,4.382473439769044
2025-12-22 12:05:00,51,3.0351583333333334,-7.940833333333334,4.360651995020427
2025-12-22 13:05:00,51,6.049266666666665,-8.403333333333334,4.434921024452104
2025-12-22 14:05:00,51,6.2186916666666665,-8.619166666666667,4.460332005218537
2025-12-22 15:05:00,51,6.175891666666668,-9.5325,4.5959673288268075
2025-12-22 16:05:00,51,5.413275,-10.518333333333333,4.768864023416266
2025-12-22 17:05:00,51,4.247058333333333,-10.785833333333334,4.808697990470564
2025-12-22 18:05:00,51,4.1983999999999995,-10.758333333333333,4.7964456145992065
2025-12-22 19:05:00,51,6.3072833333333325,-10.645000000000001,4.772296933435775
2025-12-22 20:05:00,51,6.038683333333333,-10.852500000000001,4.806670798326307
2025-12-22 21:05:00,51,8.887575,-10.319166666666666,4.722341924779645
2025-12-22 22:05:00,51,6.1751,-9.990833333333333,4.662761451413971
2025-12-22 23:05:00,51,7.189866666666666,-10.055,4.671899133645557
2025-12-23 00:05:00,52,7.497191666666667,-10.755,5.04590936787001
2025-12-23 01:05:00,52,6.394291666666665,-12.729166666666666,5.338272717631152
2025-12-23 02:05:00,52,6.915333333333333,-13.545833333333329,5.466553167734109
2025-12-23 03:05:00,52,5.616591666666667,-14.690000000000003,5.614111644381072
2025-12-23 04:05:00,52,5.3237,-15.560000000000002,5.744857818886999
2025-12-23 05:05:00,52,5.557908333333333,-15.921666666666669,5.773170097662877
2025-12-23 06:05:00,52,4.112075,-16.3,5.868690586617587
2025-12-23 07:05:00,52,3.405783333333333,-15.600833333333334,5.7762896892225735
2025-12-23 08:05:00,52,5.532825000000001,-13.259166666666667,5.304515821216172
2025-12-23 09:05:00,52,5.675883333333332,-10.772499999999999,4.59121687393351
2025-12-23 10:05:00,52,4.140541666666667,-9.041666666666666,3.947737836313947
2025-12-23 11:05:00,52,4.674099999999999,-8.115,3.748499769209683
2025-12-23 12:05:00,52,3.8981749999999997,-7.615833333333334,4.002210137912526
2025-12-23 13:05:00,52,3.8697749999999993,-7.555833333333333,3.9032123729777926
2025-12-23 14:05:00,52,3.5295416666666664,-7.028333333333333,4.239354380310356
2025-12-23 15:05:00,52,5.322175,-7.291666666666667,4.1564292127510365
2025-12-23 16:05:00,52,4.170108333333333,-7.480833333333333,4.242618155331269
2025-12-23 17:05:00,52,3.057008333333333,-7.485833333333333,4.346894275123417
2025-12-23 18:05:00,52,2.217925,-7.648333333333333,4.3380974459242045
2025-12-23 19:05:00,52,5.218358333333334,-8.036666666666667,4.043139392233059
2025-12-23 20:05:00,52,3.3437833333333336,-8.213333333333333,4.01997977924194
2025-12-23 21:05:00,52,4.626608333333333,-8.338333333333333,4.312952941416339
2025-12-23 22:05:00,52,4.918824999999999,-8.991666666666667,4.043741571672146
2025-12-23 23:05:00,52,4.364533333333333,-9.653333333333334,4.1044656197121885
2025-12-24 00:05:00,53,6.7738749999999985,-9.926666666666668,4.123279701490112
2025-12-24 01:05:00,53,4.484341666666666,-10.36,3.5653199929906716
2025-12-24 02:05:00,53,4.189391666666667,-10.775,3.7846401713393503
2025-12-24 03:05:00,53,5.436633333333334,-10.921666666666667,4.166102792106678
2025-12-24 04:05:00,53,5.116241666666666,-11.184166666666668,3.9852459637261686
2025-12-24 05:05:00,53,5.023941666666666,-11.265,4.3522775714600535
2025-12-24 06:05:00,53,5.008541666666667,-11.28,4.036865760096673
2025-12-24 07:05:00,53,4.303308333333333,-11.292499999999999,4.408521717708513
2025-12-24 08:05:00,53,6.199525,-11.056666666666667,4.429168571917704
2025-12-24 09:05:00,53,4.7036999999999995,-10.486666666666666,4.679351427445549
2025-12-24 10:05:00,53,3.7113666666666667,-9.9725,4.434400256775888
2025-12-24 11:05:00,53,4.447608333333333,-9.051666666666668,3.9032605419913167
2025-12-24 12:05:00,53,3.6822916666666665,-8.138333333333334,4.00769770618359
2025-12-24 13:05:00,53,4.402941666666667,-7.5874999999999995,4.509683111953199
2025-12-24 14:05:00,53,5.685708333333333,-7.705000000000001,4.579720990455054
2025-12-24 15:05:00,53,3.5891166666666665,-8.476666666666667,4.829710005017899
2025-12-24 16:05:00,53,5.2856749999999995,-10.111666666666666,5.089430139006565
2025-12-24 17:05:00,53,4.945366666666666,-11.703333333333333,5.337115009691643
2025-12-24 18:05:00,53,4.735483333333333,-13.023333333333332,5.5304812220729325
2025-12-24 19:05:00,53,3.3337916666666665,-14.592500000000001,5.786708437265029
2025-12-24 20:05:00,53,2.7336083333333336,-15.897499999999999,5.989784095638239
2025-12-24 21:05:00,53,3.680233333333333,-15.850833333333332,5.975972352347181
2025-12-24 22:05:00,53,5.541108333333334,-14.84666666666667,5.791459825508406
2025-12-24 23:05:00,53,5.7283583333333326,-14.041666666666666,5.700991317096005
2025-12-25 00:05:00,54,6.1478,-13.286666666666667,5.538731089040004
2025-12-25 01:05:00,54,6.318125,-12.541666666666666,5.437884315421451
2025-12-25 02:05:00,54,3.6821166666666674,-10.976666666666667,5.142985116779379
2025-12-25 03:05:00,54,6.4045749999999995,-9.5375,4.694710011692333
2025-12-25 04:05:00,54,5.418691666666667,-9.289166666666667,4.609749031516809
2025-12-25 05:05:00,54,4.685275,-9.275,4.77415527126235
2025-12-25 06:05:00,54,3.755183333333333,-9.225,4.864574138481669
2025-12-25 07:05:00,54,6.2103166666666665,-9.324166666666667,4.961547448691397
2025-12-25 08:05:00,54,4.552791666666667,-9.290833333333333,4.956413954978137
2025-12-25 09:05:00,54,3.859683333333333,-8.805,4.881593284107357
2025-12-25 10:05:00,54,4.826025,-7.9816666666666665,4.75479598938981
2025-12-25 11:05:00,54,3.0931083333333333,-6.403333333333333,4.5117250620669
2025-12-25 12:05:00,54,3.5921833333333337,-6.283333333333334,4.493244484699161
2025-12-25 13:05:00,54,5.205266666666667,-5.574166666666667,4.384029405949533
2025-12-25 14:05:00,54,3.916366666666667,-5.3625,4.341207606103065
2025-12-25 15:05:00,54,3.9982749999999987,-6.389166666666667,4.1396610315080755
2025-12-25 16:05:00,54,4.813783333333333,-7.730833333333333,3.937094903683745
2025-12-25 17:05:00,54,5.472475000000001,-8.634166666666667,4.522844963198151
2025-12-25 18:05:00,54,4.7722500000000005,-9.319166666666666,4.3574414851028545
2025-12-25 19:05:00,54,4.773883333333334,-10.4625,4.451995400629299
2025-12-25 20:05:00,54,4.672733333333333,-11.9125,4.472100041784967
2025-12-25 21:05:00,54,6.154766666666666,-12.884166666666665,4.701309478366388
2025-12-25 22:05:00,54,6.258266666666667,-14.065000000000003,5.3637629703077385
2025-12-25 23:05:00,54,4.326841666666666,-14.794166666666667,5.553163884405471
2025-12-26 00:05:00,55,5.96805,-14.698333333333332,4.572086271147835
2025-12-26 01:05:00,55,6.3675999999999995,-14.768333333333336,4.191390128214927
2025-12-26 02:05:00,55,4.116633333333334,-15.24083333333333,4.685837432603362
2025-12-26 03:05:00,55,6.306125,-15.940000000000003,5.339150488758027
2025-12-26 04:05:00,55,5.981283333333334,-16.473333333333333,5.427304612453612
2025-12-26 05:05:00,55,5.494941666666667,-16.5975,4.605102570761258
2025-12-26 06:05:00,55,4.211075,-17.689166666666665,6.0287716453393365
2025-12-26 07:05:00,55,6.053333333333333,-18.39833333333333,5.758198449752659
2025-12-26 08:05:00,55,5.088374999999999,-16.435,5.819906080959026
2025-12-26 09:05:00,55,5.860066666666666,-14.254166666666663,4.607494779479428
2025-12-26 10:05:00,55,3.769883333333333,-13.175833333333335,2.963312280728045
2025-12-26 11:05:00,55,4.055133333333333,-12.667499999999999,3.067150171236903
2025-12-26 12:05:00,55,3.9632166666666664,-10.94,3.9443621079672515
2025-12-26 13:05:00,55,3.8458750000000004,-11.780833333333334,4.370786565162019
2025-12-26 14:05:00,55,6.112933333333334,-12.35666666666667,5.480969735978002
2025-12-26 15:05:00,55,5.146366666666666,-13.29166666666667,5.300613824989104
2025-12-26 16:05:00,55,5.084208333333334,-15.403333333333336,5.940261169648927
2025-12-26 17:05:00,55,4.550191666666666,-17.609166666666663,6.230282251968529
2025-12-26 18:05:00,55,6.1157916666666665,-19.09916666666667,6.426186179126613
2025-12-26 19:05:00,55,5.4631,-20.505,6.538961875968809
2025-12-26 20:05:00,55,4.729141666666667,-20.88083333333333,6.231053940473354
2025-12-26 21:05:00,55,5.687408333333334,-18.726666666666667,5.975917693701796
2025-12-26 22:05:00,55,7.832741666666668,-18.81333333333333,6.388605056634876
2025-12-26 23:05:00,55,8.041075000000001,-19.489166666666666,6.477463045966648
2025-12-27 00:05:00,56,5.733275,-19.685833333333335,6.488063408039553
2025-12-27 01:05:00,56,4.994716666666666,-19.860833333333332,6.541770516199415
2025-12-27 02:05:00,56,7.196516666666666,-19.86916666666667,6.542867040934702
2025-12-27 03:05:00,56,7.982091666666668,-20.406666666666666,6.613592886360671
2025-12-27 04:05:00,56,6.102508333333334,-20.6575,6.646598280892789
2025-12-27 05:05:00,56,5.3488083333333325,-20.453333333333333,6.619733424878274
2025-12-27 06:05:00,56,7.466358333333333,-19.375,6.477843124132221
2025-12-27 07:05:00,56,7.311083333333333,-18.296666666666663,6.335952823386168
2025-12-27 08:05:00,56,4.586708333333332,-16.281666666666663,6.070813142393931
2025-12-27 09:05:00,56,7.015675,-14.049999999999999,5.1007800574859585
2025-12-27 10:05:00,56,7.3442583333333324,-12.060833333333335,4.576550810372766
2025-12-27 11:05:00,56,5.471016666666666,-11.126666666666667,4.759362830334061
2025-12-27 12:05:00,56,4.575541666666666,-9.721666666666666,4.451566377826286
2025-12-27 13:05:00,56,5.810308333333334,-9.88,5.003427177574879
2025-12-27 14:05:00,56,4.251766666666667,-10.134166666666667,4.785735325168516
2025-12-27 15:05:00,56,4.672116666666666,-10.685,4.751617734104144
2025-12-27 16:05:00,56,4.128933333333333,-12.999166666666667,5.638892049164641
2025-12-27 17:05:00,56,4.264941666666666,-14.619999999999997,5.8521661101778335
2025-12-27 18:05:00,56,3.5187416666666667,-15.161666666666667,5.9234402179714465
2025-12-27 19:05:00,56,4.231158333333333,-16.776666666666667,6.1359467116699395
2025-12-27 20:05:00,56,2.9401,-17.695000000000004,6.098860974418355
2025-12-27 21:05:00,56,2.8666000000000005,-18.389999999999997,6.348233900421375
2025-12-27 22:05:00,56,5.278233333333333,-17.388333333333335,6.216431627239958
2025-12-27 23:05:00,56,5.856741666666667,-15.410833333333334,5.824180760983551
2025-12-28 00:05:00,57,4.658641666666665,-14.5875,5.586511459504755
2025-12-28 01:05:00,57,5.776050000000001,-14.082499999999998,5.525514969300949
2025-12-28 02:05:00,57,6.760075,-14.537500000000001,5.652348779438676
2025-12-28 03:05:00,57,4.5675,-14.139166666666666,5.278166081472947
2025-12-28 04:05:00,57,5.461716666666667,-13.723333333333334,5.079179503054448
2025-12-28 05:05:00,57,6.268166666666667,-13.360833333333334,4.660411829061554
2025-12-28 06:05:00,57,4.3636333333333335,-13.7825,5.344682235968649
2025-12-28 07:05:00,57,4.491175,-13.717499999999996,5.277580156208158
2025-12-28 08:05:00,57,5.838233333333333,-11.46,4.594440323477441
2025-12-28 09:05:00,57,4.991708333333333,-9.227500000000001,3.8057683988282696
2025-12-28 10:05:00,57,2.93595,-6.7366666666666655,3.3644203808980895
2025-12-28 11:05:00,57,1.5305166666666667,-5.25,3.4710168057302813
2025-12-28 12:05:00,57,2.407725,-4.0125,2.895809062371206
2025-12-28 13:05:00,57,2.1751750000000003,-4.406666666666667,3.239316602148963
2025-12-28 14:05:00,57,4.341141666666666,-4.703333333333333,3.549816315586647
2025-12-28 15:05:00,57,4.282791666666667,-5.5200000000000005,4.523791982210099
2025-12-28 16:05:00,57,4.624633333333333,-6.625,4.57140223702561
2025-12-28 17:05:00,57,4.429233333333334,-7.523333333333333,4.765928632519415
2025-12-28 18:05:00,57,3.995508333333333,-7.755,4.803506364445294
2025-12-28 19:05:00,57,4.496941666666666,-9.0275,4.962762092138487
2025-12-28 20:05:00,57,4.826675,-8.800833333333333,4.934394339726864
2025-12-28 21:05:00,57,4.978791666666666,-9.339166666666667,5.0017677517044685
2025-12-28 22:05:00,57,4.359066666666667,-10.707500000000001,5.173017198248163
2025-12-28 23:05:00,57,5.989833333333333,-11.120833333333332,5.224746629116416
2025-12-29 00:05:00,58,4.546025,-11.185833333333335,5.246305650681236
2025-12-29 01:05:00,58,3.352208333333334,-11.027500000000002,5.226067984314498
2025-12-29 02:05:00,58,4.968675,-10.471666666666666,5.155023123963893
2025-12-29 03:05:00,58,5.594683333333334,-9.768333333333333,5.06512527968217
2025-12-29 04:05:00,58,4.275341666666666,-9.0375,4.971712472294644
2025-12-29 05:05:00,58,3.6051416666666665,-8.39,4.888951068258034
2025-12-29 06:05:00,58,5.074875,-8.005833333333333,4.830875224495669
2025-12-29 07:05:00,58,5.129016666666666,-7.2924999999999995,4.748672086126482
2025-12-29 08:05:00,58,3.4258416666666665,-6.545833333333333,4.6361380693434855
2025-12-29 09:05:00,58,5.550541666666667,-5.754166666666666,4.543827610508243
2025-12-29 10:05:00,58,4.348275,-4.6066666666666665,4.074836482531796
2025-12-29 11:05:00,58,4.083383333333332,-2.6850000000000005,3.8724016019395364
2025-12-29 12:05:00,58,4.261991666666667,-1.0225,3.7394014601332883
2025-12-29 13:05:00,58,3.029575,0.48166666666666674,2.8211559354266194
2025-12-29 14:05:00,58,4.1347,0.6666666666666666,2.8021528696088156
2025-12-29 15:05:00,58,4.365691666666667,0.7083333333333334,2.9673475451130376
2025-12-29 16:05:00,58,3.6402166666666664,0.8191666666666665,3.16215340841996
2025-12-29 17:05:00,58,2.488108333333333,0.5558333333333333,3.637649622536613
2025-12-29 18:05:00,58,3.062441666666666,0.12083333333333333,3.8011232440290716
2025-12-29 19:05:00,58,1.874658333333333,0.009166666666666667,3.815396124519298
2025-12-29 20:05:00,58,1.9069500000000001,0.027499999999999997,3.813052815782097
2025-12-29 21:05:00,58,1.8820500000000002,-0.004999999999999998,3.8172068630889537
2025-12-29 22:05:00,58,3.1876999999999995,-0.0375,3.664163839127342
2025-12-29 23:05:00,58,4.070825,0.056666666666666664,2.837595339728683
2025-12-30 00:05:00,59,3.7044916666666667,-0.5516666666666666,1.462918400909675
2025-12-30 01:05:00,59,2.7707083333333333,-1.7400000000000002,1.3314111071546848
2025-12-30 02:05:00,59,3.3757249999999996,-2.3183333333333334,1.9163394944750283
2025-12-30 03:05:00,59,4.385533333333333,-2.5133333333333336,2.078768445721785
2025-12-30 04:05:00,59,3.257441666666667,-2.9858333333333333,2.147439402854217
2025-12-30 05:05:00,59,3.778958333333333,-4.4816666666666665,1.1044582658790825
2025-12-30 06:05:00,59,3.830025000000001,-6.216666666666666,1.7117746642052634
2025-12-30 07:05:00,59,3.917883333333333,-7.814166666666666,1.6528779354438474
2025-12-30 08:05:00,59,4.518283333333333,-8.485833333333334,1.5916244574887832
2025-12-30 09:05:00,59,4.781783333333333,-8.163333333333334,1.1573735664702545
2025-12-30 10:05:00,59,4.129791666666667,-8.397499999999999,1.3112654251785893
2025-12-30 11:05:00,59,3.719533333333333,-9.2375,1.5176008319563659
2025-12-30 12:05:00,59,5.064075,-9.714166666666667,2.077112492151469
2025-12-30 13:05:00,59,5.230408333333333,-10.449166666666667,1.1781999184038408
2025-12-30 14:05:00,59,5.257524999999999,-11.166666666666666,0.9899247757587073
2025-12-30 15:05:00,59,4.5604499999999994,-12.027499999999998,1.3501087743079512
2025-12-30 16:05:00,59,4.620575,-12.689999999999998,2.2158230152058285
2025-12-30 17:05:00,59,3.673341666666667,-13.060833333333335,2.58723172395961
2025-12-30 18:05:00,59,4.001933333333334,-13.292500000000004,2.1082185810390817
2025-12-30 19:05:00,59,3.2157250000000004,-13.535833333333334,2.186877926677972
2025-12-30 20:05:00,59,4.859075,-13.791666666666666,2.877875225044582
2025-12-30 21:05:00,59,5.612308333333333,-14.166666666666666,2.3551511884346876
2025-12-30 22:05:00,59,6.310691666666667,-14.880833333333333,3.387067943911181
2025-12-30 23:05:00,59,5.881808333333333,-15.148333333333333,4.087025455570366
2025-12-31 00:05:00,60,7.817500000000001,-15.235,4.686657238753259
2025-12-31 01:05:00,60,6.383366666666666,-15.718333333333334,5.198434627765285
2025-12-31 02:05:00,60,5.259875,-16.263333333333335,5.411618334039176
2025-12-31 03:05:00,60,6.205558333333334,-16.38,5.565218012751402
2025-12-31 04:05:00,60,6.754416666666665,-16.156666666666666,5.0503366060807995
2025-12-31 05:05:00,60,5.658675000000001,-16.703333333333333,5.7551287037338525
2025-12-31 06:05:00,60,5.447033333333333,-18.310000000000002,6.100714270253276
2025-12-31 07:05:00,60,6.344674999999999,-17.889166666666668,6.036663931303851
2025-12-31 08:05:00,60,6.302091666666666,-15.384166666666665,5.328377245836241
2025-12-31 09:05:00,60,5.318725,-13.149166666666664,4.724786024765067
2025-12-31 10:05:00,60,6.407983333333333,-11.295833333333334,3.976879500870785
2025-12-31 11:05:00,60,3.2850750000000004,-10.139166666666666,3.6796020799091727
2025-12-31 12:05:00,60,6.795066666666665,-8.0175,3.419959165128871
2025-12-31 13:05:00,60,7.399874999999999,-7.759166666666666,3.6140349602940125
2025-12-31 14:05:00,60,6.599724999999999,-7.5225,3.638556586021136
2025-12-31 15:05:00,60,6.12915,-8.174999999999999,4.247825290801388
2025-12-31 16:05:00,60,5.9303333333333335,-10.713333333333333,4.940281458134872
2025-12-31 17:05:00,60,4.482516666666665,-12.385833333333332,5.203974850061033
2025-12-31 18:05:00,60,6.010508333333332,-13.741666666666667,5.417741242021105
2025-12-31 19:05:00,60,5.791574999999999,-14.851666666666668,5.592748515586449
2025-12-31 20:05:00,60,5.188591666666667,-15.329166666666667,5.6680331760616305
2025-12-31 21:05:00,60,7.232449999999999,-15.978333333333333,5.770383525992114
2025-12-31 22:05:00,60,3.570658333333333,-16.33666666666667,5.820330719599864
2025-12-31 23:05:00,60,6.434891666666666,-16.486666666666668,5.850529499621889
2026-01-01 00:05:00,61,4.145766666666667,-16.63,5.7564466419182505
2026-01-01 01:05:00,61,7.002624999999998,-15.81583333333333,5.650506457877027
2026-01-01 02:05:00,61,6.4745,-14.72166666666667,5.508132392732579
2026-01-01 03:05:00,61,3.9173999999999993,-13.731666666666667,5.3793125988318895
2026-01-01 04:05:00,61,5.653141666666667,-12.796666666666667,5.2576494601479045
2026-01-01 05:05:00,61,4.648783333333333,-12.129166666666668,5.170793690017894
2026-01-01 06:05:00,61,6.537433333333334,-11.536666666666667,5.09369699518339
2026-01-01 07:05:00,61,3.3347416666666665,-11.181666666666667,5.047504038784659
2026-01-01 08:05:00,61,4.193991666666666,-9.623333333333333,4.844732140978017
2026-01-01 09:05:00,61,4.6862416666666675,-7.2975,4.542092372647358
2026-01-01 10:05:00,61,4.585958333333333,-6.395833333333333,4.411649394460156
2026-01-01 11:05:00,61,3.513116666666667,-5.584166666666667,4.319151719230003
2026-01-01 12:05:00,61,4.738841666666667,-4.642499999999999,4.1966211071864175
2026-01-01 13:05:00,61,2.998625,-4.3774999999999995,4.162139041142294
2026-01-01 14:05:00,61,3.1436750000000004,-4.6575,4.1985729222455195
2026-01-01 15:05:00,61,3.906283333333333,-5.541666666666667,4.226006406620737
2026-01-01 16:05:00,61,1.878058333333333,-7.860833333333333,4.103493921517282
2026-01-01 17:05:00,61,4.375416666666666,-9.62,4.165950860831967
2026-01-01 18:05:00,61,6.3309999999999995,-10.62,4.254804493824357
2026-01-01 19:05:00,61,4.601566666666667,-11.19,4.330949829478354
2026-01-01 20:05:00,61,4.8678,-11.815,4.059029489139978
2026-01-01 21:05:00,61,4.6543,-12.44,4.0705164454164295
2026-01-01 22:05:00,61,5.548725000000001,-13.078333333333333,4.136167281443647
2026-01-01 23:05:00,61,7.599716666666667,-14.134999999999998,4.045161501807916
2026-01-02 00:05:00,62,7.725775,-15.33916666666667,5.526984737488556
2026-01-02 01:05:00,62,6.9605999999999995,-15.829166666666666,5.580876423462292
2026-01-02 02:05:00,62,6.3357,-16.5275,5.665680656435647
2026-01-02 03:05:00,62,7.397275,-17.0425,5.761993235367342
2026-01-02 04:05:00,62,7.227591666666665,-17.57,5.81730683572545
2026-01-02 05:05:00,62,6.727891666666667,-17.995833333333334,5.863530900647094
2026-01-02 06:05:00,62,6.744833333333333,-18.87,5.950132187795352
2026-01-02 07:05:00,62,7.364424999999999,-18.935833333333335,5.976463132873622
2026-01-02 08:05:00,62,7.422625,-17.45916666666667,5.788931228357667
2026-01-02 09:05:00,62,6.0749,-15.9125,5.5846015442584624
2026-01-02 10:05:00,62,5.651816666666667,-14.050833333333332,5.321555900242416
2026-01-02 11:05:00,62,4.570841666666667,-13.019166666666665,5.183003015073298
2026-01-02 12:05:00,62,6.231633333333332,-12.119166666666665,5.058330307688396
2026-01-02 13:05:00,62,7.067925000000001,-12.659999999999998,5.133903126739477
2026-01-02 14:05:00,62,7.244558333333333,-12.9775,5.1715158699755115
2026-01-02 15:05:00,62,5.521,-13.81083333333333,5.27093490016481
2026-01-02 16:05:00,62,6.4334083333333325,-14.741666666666667,5.373702192661739
2026-01-02 17:05:00,62,5.174975,-14.991666666666669,5.426654235899458
2026-01-02 18:05:00,62,4.860216666666667,-15.323333333333332,5.468090180738809
2026-01-02 19:05:00,62,4.726675,-15.680000000000001,5.514582580218395
2026-01-02 20:05:00,62,6.477391666666666,-16.44,5.6030050741635
2026-01-02 21:05:00,62,5.9715750000000005,-16.352500000000003,5.602785343823537
2026-01-02 22:05:00,62,6.827708333333333,-16.051666666666666,5.5582790765110035
2026-01-02 23:05:00,62,6.5736083333333335,-14.828333333333335,5.416108651416605
2026-01-03 00:05:00,63,6.405908333333335,-15.143333333333333,5.688804210965065
2026-01-03 01:05:00,63,6.149033333333334,-15.315000000000003,5.668403804716253
2026-01-03 02:05:00,63,7.2538,-15.40333333333333,5.692245255015653
2026-01-03 03:05:00,63,5.486466666666667,-15.810833333333333,5.811859355728706
2026-01-03 04:05:00,63,6.902966666666666,-16.545833333333334,5.938230470516265
2026-01-03 05:05:00,63,7.304633333333332,-17.110833333333332,6.032294215219505
2026-01-03 06:05:00,63,5.1824916666666665,-17.485833333333336,6.052281909596826
2026-01-03 07:05:00,63,7.3292,-17.395,6.0904360691258
2026-01-03 08:05:00,63,7.2870583333333325,-15.792499999999999,5.973087168657459
2026-01-03 09:05:00,63,6.003316666666667,-14.537500000000001,5.910061960535928
2026-01-03 10:05:00,63,6.748208333333333,-13.329999999999998,5.660431301997461
2026-01-03 11:05:00,63,5.549808333333333,-12.671666666666667,5.525306700787705
2026-01-03 12:05:00,63,4.604841666666666,-12.079166666666667,5.436410760577165
2026-01-03 13:05:00,63,5.318233333333334,-12.494166666666667,5.415178103997222
2026-01-03 14:05:00,63,7.282699999999999,-12.847499999999998,5.369093677034258
2026-01-03 15:05:00,63,7.490091666666667,-13.782499999999999,5.449626316514674
2026-01-03 16:05:00,63,6.146166666666667,-15.092500000000001,5.7066089888836276
2026-01-03 17:05:00,63,7.301774999999998,-15.341666666666667,5.7969808648061605
2026-01-03 18:05:00,63,6.624675000000002,-15.883333333333335,5.738281196235421
2026-01-03 19:05:00,63,5.826508333333332,-16.31833333333333,5.796156186766407
2026-01-03 20:05:00,63,5.9998499999999995,-16.991666666666667,6.098311792924511
2026-01-03 21:05:00,63,5.512824999999999,-17.518333333333334,6.047344363455502
2026-01-03 22:05:00,63,5.316333333333334,-17.75833333333333,5.952484073196351
2026-01-03 23:05:00,63,7.335850000000001,-18.06,6.026154512302542
2026-01-04 00:05:00,64,6.917083333333333,-18.675,6.188498687294554
2026-01-04 01:05:00,64,5.674641666666666,-19.49333333333333,6.300205481566236
2026-01-04 02:05:00,64,7.428191666666667,-19.74,6.554871223255799
2026-01-04 03:05:00,64,7.406766666666666,-18.99083333333333,6.27435241933267
2026-01-04 04:05:00,64,5.329983333333334,-19.713333333333335,6.298012726263912
2026-01-04 05:05:00,64,7.414725,-20.764166666666664,6.452979621914583
2026-01-04 06:05:00,64,7.052816666666666,-21.49416666666667,6.572991766324314
2026-01-04 07:05:00,64,6.181383333333334,-22.269166666666667,6.700401919636015
2026-01-04 08:05:00,64,7.181658333333333,-19.276666666666667,6.310439503487921
2026-01-04 09:05:00,64,7.023916666666667,-15.505,5.976480740547162
2026-01-04 10:05:00,64,4.904458333333333,-13.684166666666668,5.681136522829554
2026-01-04 11:05:00,64,4.400983333333333,-12.46,5.404074857828156
2026-01-04 12:05:00,64,4.311841666666666,-11.878333333333332,5.337379097404485
2026-01-04 13:05:00,64,5.418758333333332,-12.828333333333333,5.382619134347965
2026-01-04 14:05:00,64,7.902758333333332,-13.28416666666667,5.4716679812188085
2026-01-04 15:05:00,64,7.7110166666666675,-14.379999999999997,5.434538181630007
2026-01-04 16:05:00,64,5.323641666666667,-15.97166666666667,5.665091673854808
2026-01-04 17:05:00,64,6.151216666666666,-17.175,6.123510925979295
2026-01-04 18:05:00,64,6.664591666666666,-17.713333333333335,5.955752770495837
2026-01-04 19:05:00,64,5.032041666666667,-16.392500000000002,5.772331136798401
2026-01-04 20:05:00,64,4.905849999999999,-15.560000000000002,5.829371328742848
2026-01-04 21:05:00,64,4.012658333333333,-16.420833333333334,6.0928278930201
2026-01-04 22:05:00,64,5.6383833333333335,-16.874166666666667,6.1689594607408615
2026-01-04 23:05:00,64,7.759533333333331,-17.4175,6.173690402426212
2026-01-05 00:05:00,65,6.864133333333332,-18.147499999999997,6.200108284444204
2026-01-05 01:05:00,65,7.220958333333332,-18.475833333333334,6.374438507648045
2026-01-05 02:05:00,65,6.249424999999999,-19.119166666666665,6.234259354192658
2026-01-05 03:05:00,65,7.056016666666666,-18.3475,6.250079000614092
2026-01-05 04:05:00,65,7.092641666666665,-19.06083333333333,6.342342620631186
2026-01-05 05:05:00,65,5.022525,-19.918333333333337,6.419517456664297
2026-01-05 06:05:00,65,6.759458333333333,-19.523333333333333,6.288897839152846
2026-01-05 07:05:00,65,7.208124999999998,-19.2125,6.234227450636989
2026-01-05 08:05:00,65,6.839758333333333,-17.574166666666667,6.083995232397947
2026-01-05 09:05:00,65,5.104041666666666,-15.5,5.767229701004002
2026-01-05 10:05:00,65,5.468758333333334,-13.605833333333335,5.590664803388174
2026-01-05 11:05:00,65,5.0515,-11.986666666666666,5.271395458404176
2026-01-05 12:05:00,65,5.372525,-10.609166666666665,5.055729360219594
2026-01-05 13:05:00,65,8.090450000000002,-10.63,4.920206477549167
2026-01-05 14:05:00,65,7.197758333333334,-10.717500000000001,4.844882942313928
2026-01-05 15:05:00,65,7.453508333333333,-11.713333333333333,4.970496700017357
2026-01-05 16:05:00,65,5.821008333333333,-13.468333333333334,5.259631462467579
2026-01-05 17:05:00,65,5.1353583333333335,-14.313333333333333,5.403000145479878
2026-01-05 18:05:00,65,4.5050333333333334,-14.646666666666668,5.459555838975855
2026-01-05 19:05:00,65,5.121825,-14.079166666666667,5.363269770798955
2026-01-05 20:05:00,65,5.245491666666666,-13.741666666666669,5.30600713113428
2026-01-05 21:05:00,65,7.300983333333333,-13.338333333333333,5.237574742004147
2026-01-05 22:05:00,65,8.456408333333332,-13.106666666666664,5.198268535024444
2026-01-05 23:05:00,65,4.939691666666667,-12.777500000000002,5.142419787697168
2026-01-06 00:05:00,66,6.10065,-12.7125,5.266609659609321
2026-01-06 01:05:00,66,5.789891666666667,-13.94,5.4813067283391135
2026-01-06 02:05:00,66,5.398408333333333,-15.388333333333334,5.734628863744668
2026-01-06 03:05:00,66,5.047291666666666,-16.855833333333333,5.9913033634277415
2026-01-06 04:05:00,66,5.743283333333332,-17.824166666666667,6.160670636926737
2026-01-06 05:05:00,66,6.7089,-16.93916666666667,6.0058788602865185
2026-01-06 06:05:00,66,5.087291666666666,-17.52416666666667,6.108198848235137
2026-01-06 07:05:00,66,6.682200000000001,-18.124166666666664,6.213142425618335
2026-01-08 11:10:00,68,3.644633333333333,0.7541666666666665,3.0586651885665845
2026-01-08 12:10:00,68,1.3664249999999998,1.015,3.0970221395016395
2026-01-08 13:10:00,68,2.641758333333333,0.8333333333333334,3.135955019471751
2026-01-08 14:10:00,68,3.2698583333333326,0.6716666666666667,3.1338802534411476
2026-01-08 15:10:00,68,2.3707916666666664,0.20416666666666664,3.221859313669603
2026-01-08 16:10:00,68,4.414791666666667,-0.10166666666666667,3.2746594062867285
2026-01-08 17:10:00,68,2.6529166666666666,-0.3466666666666667,3.2992125885024075
2026-01-08 18:10:00,68,3.8215,-1.1116666666666668,3.4066194868824815
2026-01-08 19:10:00,68,1.3577166666666667,-1.4816666666666667,3.5149792202616554
2026-01-08 20:10:00,68,2.467833333333333,-1.2033333333333334,3.4442434465940552
2026-01-08 21:10:00,68,1.3902666666666668,-1.2449999999999999,3.44190540241529
2026-01-08 22:10:00,68,2.5542,-1.2216666666666667,3.4051465955470315
2026-01-08 23:10:00,68,2.5278166666666664,-1.3808333333333334,3.418184157159116
2026-01-09 00:10:00,69,3.711708333333333,-1.3341666666666665,3.126950627918504
2026-01-09 01:10:00,69,3.621641666666667,-1.3166666666666669,3.112340238106325
2026-01-09 02:10:00,69,2.8087333333333335,-1.39,3.124051987593959
2026-01-09 03:10:00,69,3.6750583333333338,-1.3941666666666668,3.124880333427378
2026-01-09 04:10:00,69,2.255075,-1.4299999999999997,3.132004107594778
2026-01-09 05:10:00,69,3.5802416666666668,-1.5100000000000005,3.148432501921378
2026-01-09 06:10:00,69,3.9197416666666665,-1.6341666666666665,3.1760294107831104
2026-01-09 07:10:00,69,2.687091666666667,-1.125,3.0901332620717437
2026-01-09 08:10:00,69,3.373725,-0.42249999999999993,2.976503476853331
2026-01-09 09:10:00,69,2.7030666666666665,0.6625,2.7932683142532118
2026-01-09 10:10:00,69,4.313233333333334,0.5425,2.8459967366315677
2026-01-09 11:10:00,69,3.0980250000000003,0.6808333333333333,2.7945955704543155
2026-01-09 12:10:00,69,1.4499833333333332,1.1991666666666667,2.678022674091133
2026-01-09 13:10:00,69,3.392533333333333,1.7924999999999998,2.565218757478061
2026-01-09 14:10:00,69,3.453691666666667,1.964166666666667,2.512097897602024
2026-01-09 15:10:00,69,2.010625,2.0500000000000003,2.528752567630227
2026-01-09 16:10:00,69,2.3571833333333334,2.795833333333334,2.4081343733480955
2026-01-09 17:10:00,69,3.099183333333333,2.9666666666666663,2.386224377629361
2026-01-09 18:10:00,69,2.034275,2.864166666666667,2.3790544441317962
2026-01-09 19:10:00,69,1.0417083333333332,3.018333333333333,2.3226743896728905
2026-01-09 20:10:00,69,3.2849749999999998,3.2308333333333334,2.2740760906003934
2026-01-09 21:10:00,69,0.0,3.5083333333333333,2.230909767413378
2026-01-09 22:10:00,69,3.9873999999999996,3.6199999999999997,2.170717753547998
2026-01-09 23:10:00,69,2.716608333333333,3.9591666666666665,2.107176588821314
2026-01-10 00:10:00,70,3.988883333333333,3.6341666666666668,2.281677920118299
2026-01-10 01:10:00,70,2.942658333333333,3.420833333333333,2.3039756803175315
2026-01-10 02:10:00,70,4.024074999999999,3.4766666666666666,2.523176554424938
2026-01-10 03:10:00,70,1.4650583333333334,2.8475,2.840217929684202
2026-01-10 04:10:00,70,3.692424999999999,2.3333333333333335,2.9649729846480035
2026-01-10 05:10:00,70,2.4387416666666666,2.4391666666666665,2.9673542731918605
2026-01-10 06:10:00,70,3.2229,2.1716666666666664,3.026516293858101
2026-01-10 07:10:00,70,4.200366666666666,1.7225000000000001,3.1179449245071247
2026-01-10 08:10:00,70,2.8284083333333334,1.9949999999999999,2.8144287927130778
2026-01-10 09:10:00,70,2.2570083333333333,1.4866666666666666,3.0303672357061546
2026-01-10 10:10:00,70,0.0,3.185,2.5059947945987178
2026-01-10 11:10:00,70,4.0207749999999995,3.7808333333333337,2.438165901447891
2026-01-10 12:10:00,70,1.3334666666666666,3.8649999999999998,2.3562442664419363
2026-01-10 13:10:00,70,2.468383333333333,3.6533333333333338,2.2628124665521505
2026-01-10 14:10:00,70,3.047683333333333,2.6616666666666666,2.3834631852387758
2026-01-10 15:10:00,70,1.7964166666666663,1.2074999999999998,2.7175106778422635
2026-01-10 16:10:00,70,4.5134333333333325,0.022500000000000003,2.9267957010236683
2026-01-10 17:10:00,70,1.5879083333333335,-0.5541666666666668,3.0184379952864315
2026-01-10 18:10:00,70,1.2836083333333332,-1.3941666666666668,3.150454253951505
2026-01-10 19:10:00,70,1.6983583333333332,-2.198333333333333,3.3050112194320556
2026-01-10 20:10:00,70,1.5225416666666667,-2.4450000000000003,3.35241936635666
2026-01-10 21:10:00,70,4.1062916666666665,-3.0233333333333334,3.463572251375833
2026-01-10 22:10:00,70,2.6780583333333334,-2.5608333333333335,3.3746819758922
2026-01-10 23:10:00,70,2.479808333333333,-1.9708333333333332,3.2671367878075017
2026-01-11 00:10:00,71,3.536133333333333,-1.4816666666666667,3.301303516992591
2026-01-11 01:10:00,71,3.3484833333333333,-1.5750000000000002,3.456930729049215
2026-01-11 02:10:00,71,3.92965,-2.1766666666666663,3.5172426557048087
2026-01-11 03:10:00,71,1.7877750000000001,-3.084166666666667,3.5609303626360522
2026-01-11 04:10:00,71,4.298025,-3.578333333333333,3.5138787935896456
2026-01-11 05:10:00,71,1.7157916666666666,-3.6566666666666663,3.5103517163857703
2026-01-11 06:10:00,71,4.23445,-3.75,3.5540398917979874
2026-01-11 07:10:00,71,2.2951,-3.6200000000000006,3.494915019654542
2026-01-11 08:10:00,71,3.3944166666666664,-3.0275,3.368921298074078
2026-01-11 09:10:00,71,1.5127833333333334,-2.334166666666667,3.2326766398634037
2026-01-11 10:10:00,71,3.4890833333333338,-1.6450000000000002,3.097250759646784
2026-01-11 11:10:00,71,1.2061666666666666,-0.9716666666666667,2.964936235807571
2026-01-11 12:10:00,71,2.8554083333333335,-1.1075000000000002,3.0235923563928138
2026-01-11 13:10:00,71,1.4335666666666667,-1.344166666666667,3.1665707968108943
2026-01-11 14:10:00,71,3.5287166666666665,-1.5241666666666667,3.0898497149149913
2026-01-11 15:10:00,71,2.969491666666667,-1.6441666666666668,3.0970870040479728
2026-01-11 16:10:00,71,2.501791666666667,-2.1666666666666665,3.2011305901923057
2026-01-11 17:10:00,71,3.378725,-2.3250000000000006,3.230875328276484
2026-01-11 18:10:00,71,0.0,-2.7583333333333333,3.3160282396581553
2026-01-11 19:10:00,71,0.4343333333333333,-3.6525,3.491737997182258
2026-01-11 20:10:00,71,2.0362166666666663,-4.0825,3.576235886168686
2026-01-11 21:10:00,71,2.3731,-4.398333333333333,3.63829925811802
2026-01-11 22:10:00,71,3.842583333333333,-5.555833333333333,3.8657557848663693
2026-01-11 23:10:00,71,2.114158333333333,-6.1525,3.9830047936149784
2026-01-12 00:10:00,72,4.2021749999999995,-6.3325,3.8512278965702222
2026-01-12 01:10:00,72,2.4504666666666663,-6.509166666666666,3.887209809387543
2026-01-12 02:10:00,72,3.226475,-4.781666666666666,3.73935699573016
2026-01-12 03:10:00,72,2.953191666666666,-4.9208333333333325,4.459224235774673
2026-01-12 04:10:00,72,3.415633333333333,-6.194166666666667,4.654390196006911
2026-01-12 05:10:00,72,3.532341666666667,-6.9525,4.3981199533024755
2026-01-12 06:10:00,72,3.7863916666666664,-8.281666666666666,5.166933194020888
2026-01-12 07:10:00,72,5.139525,-8.384166666666667,4.834236945774304
2026-01-12 08:10:00,72,3.147933333333333,-8.102500000000001,5.220809147096748
2026-01-12 09:10:00,72,4.162916666666667,-7.403333333333333,4.821829378148143
2026-01-12 10:10:00,72,5.0658,-6.075,4.4766401291196365
2026-01-12 11:10:00,72,1.4972416666666668,-5.740833333333334,4.5222019212401205
2026-01-12 12:10:00,72,3.9966666666666666,-4.888333333333333,4.130593773872334
2026-01-12 13:10:00,72,2.4555666666666665,-5.3133333333333335,4.146322895860521
2026-01-12 14:10:00,72,4.03215,-5.644166666666667,4.03703042403244
2026-01-12 15:10:00,72,4.092583333333333,-5.3741666666666665,3.9172752696191115
2026-01-12 16:10:00,72,3.2914083333333335,-5.5075,3.7260447828728025
2026-01-12 17:10:00,72,4.462458333333333,-5.716666666666666,3.7258003797211647
2026-01-12 18:10:00,72,1.621375,-5.536666666666666,3.689139562888423
2026-01-12 19:10:00,72,2.878258333333333,-5.769166666666667,3.7364931179640477
2026-01-12 20:10:00,72,1.6966416666666666,-5.6383333333333345,3.709846135358768
2026-01-12 21:10:00,72,3.874525,-5.4725,3.6760706605915656
2026-01-12 22:10:00,72,3.508808333333332,-5.293333333333334,3.639579569762679
2026-01-12 23:10:00,72,2.8351083333333333,-5.13,3.6063132730070424
2026-01-13 00:10:00,73,4.377700000000001,-4.2975,3.4439023827414332
2026-01-13 01:10:00,73,2.5380249999999998,-3.5641666666666665,3.2836545489184767
2026-01-13 02:10:00,73,3.5032333333333328,-3.185,3.2259944911967606
2026-01-13 03:10:00,73,1.9476166666666668,-2.69,3.1300663576672374
2026-01-13 04:10:00,73,3.5708,-2.5416666666666665,3.105460676079273
2026-01-13 05:10:00,73,4.159999999999999,-2.690833333333334,3.112369018486049
2026-01-13 06:10:00,73,1.9497249999999997,-2.6475000000000004,3.141968871142797
2026-01-13 07:10:00,73,3.6491083333333334,-3.3841666666666668,3.259467156163883
2026-01-13 08:10:00,73,3.9472333333333336,-1.6791666666666663,2.8941259164100983
2026-01-13 09:10:00,73,3.6388833333333337,-0.2725,2.632524299057396
2026-01-13 10:10:00,73,1.6654416666666665,0.9166666666666666,2.4025687617670575
2026-01-13 11:10:00,73,3.8388249999999995,1.1716666666666666,2.434964876498816
2026-01-13 12:10:00,73,2.4395916666666664,1.6358333333333335,2.340717575910409
2026-01-13 13:10:00,73,2.2239166666666668,2.606666666666667,2.115484471823287
2026-01-13 14:10:00,73,2.453433333333334,2.203333333333333,2.2004264956214845
2026-01-13 15:10:00,73,3.2960499999999997,0.8441666666666666,2.3617508319675498
2026-01-13 16:10:00,73,3.5437749999999997,-0.07333333333333333,2.555085813825232
2026-01-13 17:10:00,73,2.5898666666666665,-1.0658333333333332,2.774431513695795
2026-01-13 18:10:00,73,1.4689999999999999,-1.805,2.930930248583092
2026-01-13 19:10:00,73,1.351675,-0.31416666666666665,2.7223242418006635
2026-01-13 20:10:00,73,2.3140166666666664,-0.5091666666666667,2.785906737518915
2026-01-13 21:10:00,73,2.44735,-0.9208333333333334,2.792769297329503
2026-01-13 22:10:00,73,3.4953499999999997,-0.49499999999999994,2.7646230719691602
2026-01-13 23:10:00,73,3.0731916666666668,-0.19083333333333338,2.6580562544509196
2026-01-14 00:10:00,74,2.977066666666667,0.1616666666666667,2.6613795875269464
2026-01-14 01:10:00,74,3.1019416666666664,0.6725,2.5797012709969214
2026-01-14 02:10:00,74,3.037158333333333,0.7325,2.523392003944606
2026-01-14 03:10:00,74,2.8658583333333336,0.49166666666666664,2.5407557637533547
2026-01-14 04:10:00,74,3.7739083333333334,0.49500000000000005,2.5752820688558207
2026-01-14 05:10:00,74,2.21875,0.305,2.5674590693001287
2026-01-14 06:10:00,74,3.515616666666666,0.39833333333333326,2.538275566677147
2026-01-14 07:10:00,74,2.446358333333333,0.425,2.542289698936359
2026-01-14 08:10:00,74,1.1279416666666666,0.8991666666666666,2.4616275151598397
2026-01-14 09:10:00,74,3.240758333333333,1.7825,2.3130879167362037
2026-01-14 10:10:00,74,2.2800499999999997,2.3325,2.229629985987858
2026-01-14 11:10:00,74,3.279558333333333,3.1108333333333333,2.0623461406498986
2026-01-14 12:10:00,74,2.0160333333333336,4.421666666666667,1.7688251148932506
2026-01-14 13:10:00,74,3.233875,4.7683333333333335,1.6790676664721493
2026-01-14 14:10:00,74,2.1524916666666667,4.1975,1.7713810765395268
2026-01-14 15:10:00,74,2.2462333333333335,2.466666666666667,2.1133581215871553
2026-01-14 16:10:00,74,3.4183583333333334,1.1333333333333335,2.3797523781301932
2026-01-14 17:10:00,74,2.2689166666666667,0.6208333333333335,2.4821476704889234
2026-01-14 18:10:00,74,2.400966666666667,0.40416666666666673,2.5254367371771673
2026-01-14 19:10:00,74,2.157633333333333,0.2800000000000001,2.5502447023177375
2026-01-14 20:10:00,74,2.2366083333333333,0.32416666666666677,2.541420392569749
2026-01-14 21:10:00,74,2.232433333333333,0.22083333333333335,2.562065947451835
2026-01-14 22:10:00,74,2.1220749999999997,0.14666666666666667,2.576884127972041
2026-01-14 23:10:00,74,2.448633333333333,0.1516666666666667,2.575885149510005
2026-01-15 00:10:00,75,3.3120249999999993,0.18833333333333335,2.6107327298149636
2026-01-15 01:10:00,75,2.165691666666667,0.25500000000000006,2.5978530241699045
2026-01-15 02:10:00,75,3.3888416666666665,0.29250000000000015,2.590608189744559
2026-01-15 03:10:00,75,3.388133333333333,0.36250000000000004,2.577773646598127
2026-01-15 04:10:00,75,2.3562999999999996,0.3841666666666667,2.572898594482603
2026-01-15 05:10:00,75,3.4327666666666663,0.32083333333333336,2.585134314845409
2026-01-15 06:10:00,75,2.1475666666666666,0.37500000000000006,2.574669554008799
2026-01-15 07:10:00,75,3.46965,0.4166666666666667,2.566619737980637
2026-01-15 08:10:00,75,2.25345,0.82,2.4886975188280314
2026-01-15 09:10:00,75,2.8480000000000003,1.425,2.3718141900991228
2026-01-15 10:10:00,75,2.0465166666666668,2.486666666666667,2.1667048777015614
2026-01-15 11:10:00,75,3.1916249999999997,2.5091666666666668,2.162357977046354
2026-01-15 12:10:00,75,2.697075,2.578333333333333,2.1489952824396052
2026-01-15 13:10:00,75,3.2249666666666665,2.848333333333333,2.096832474577117
2026-01-15 14:10:00,75,2.795,2.82,2.1023063494762675
2026-01-15 15:10:00,75,2.4138333333333333,2.3841666666666668,2.186507425130839
2026-01-15 16:10:00,75,3.314491666666666,2.214166666666667,2.219350674525739
2026-01-15 17:10:00,75,2.3556833333333334,2.14,2.2453986704929174
2026-01-15 18:10:00,75,1.2108,2.329166666666667,2.2123900413258437
2026-01-15 19:10:00,75,2.362258333333333,1.9908333333333337,2.271426949779597
2026-01-15 20:10:00,75,2.3783,1.0333333333333334,2.447482460763843
2026-01-15 21:10:00,75,4.4701,0.38833333333333325,2.572093612879787
2026-01-15 22:10:00,75,2.005358333333333,0.6849999999999999,2.5154622417040122
2026-01-15 23:10:00,75,3.650958333333333,0.30583333333333335,2.6345073451970307
2026-01-16 00:10:00,76,2.3859666666666666,-1.9125000000000003,3.1161766434399167
2026-01-16 01:10:00,76,4.493975,-3.9641666666666673,3.4229214936951164
2026-01-16 02:10:00,76,2.6393,-4.991666666666667,3.569877916985142
2026-01-16 03:10:00,76,4.749458333333333,-5.8566666666666665,3.700458011250537
2026-01-16 04:10:00,76,2.9527249999999996,-6.3566666666666665,3.781361881573746
2026-01-16 05:10:00,76,4.913349999999999,-7.008333333333333,3.8893487658925117
2026-01-16 06:10:00,76,5.028466666666666,-7.814166666666666,4.030436539577983
2026-01-16 07:10:00,76,4.0291,-8.753333333333332,4.138238829146653
2026-01-16 08:10:00,76,4.936508333333333,-10.384166666666667,4.404253169422333
2026-01-16 09:10:00,76,3.854799999999999,-10.924166666666666,4.549911728826539
2026-01-16 10:10:00,76,5.419041666666667,-11.145000000000001,4.51483377734106
2026-01-16 11:10:00,76,6.727608333333333,-10.99,4.4910489502440445
2026-01-16 12:10:00,76,4.226008333333334,-10.4125,4.3974584508106025
2026-01-16 13:10:00,76,3.89425,-10.319166666666666,4.406471697552041
2026-01-16 14:10:00,76,5.2859333333333325,-10.601666666666667,4.439149811678287
2026-01-16 15:10:00,76,5.046908333333333,-11.43,4.484481637699923
2026-01-16 16:10:00,76,6.666258333333333,-12.232500000000002,4.49842985467464
2026-01-16 17:10:00,76,7.214316666666665,-12.786666666666667,4.660403530902415
2026-01-16 18:10:00,76,5.451741666666667,-13.2875,4.633863893343701
2026-01-16 19:10:00,76,5.107458333333333,-13.475833333333332,4.755986056434337
2026-01-16 20:10:00,76,7.041916666666666,-13.921666666666667,4.784801729984815
2026-01-16 21:10:00,76,6.2414250000000004,-14.288333333333334,4.794606646179861
2026-01-16 22:10:00,76,5.743341666666666,-14.410833333333334,4.734498756634842
2026-01-16 23:10:00,76,7.784333333333333,-13.486666666666666,4.599687294780077
2026-01-17 00:10:00,77,6.968658333333333,-13.273333333333335,4.676971416022457
2026-01-17 01:10:00,77,7.409916666666665,-12.758333333333333,4.595159231745634
2026-01-17 02:10:00,77,6.471516666666666,-12.217500000000001,4.516742861904328
2026-01-17 03:10:00,77,6.611608333333334,-11.855833333333335,4.456477527502506
2026-01-17 04:10:00,77,5.283200000000001,-11.624166666666667,4.456415662891339
2026-01-17 05:10:00,77,6.095274999999999,-11.467500000000001,4.473248814878392
2026-01-17 06:10:00,77,5.665341666666666,-11.693333333333333,4.48616749698656
2026-01-17 07:10:00,77,6.266425,-11.435833333333333,4.423660282096699
2026-01-17 08:10:00,77,5.481116666666666,-10.87,4.412175946292559
2026-01-17 09:10:00,77,3.994591666666667,-9.924999999999999,4.320601666190262
2026-01-17 10:10:00,77,4.994733333333333,-9.531666666666668,4.217885054740119
2026-01-17 11:10:00,77,4.417274999999999,-9.193333333333333,4.156955047064496
2026-01-17 12:10:00,77,5.462858333333332,-8.7675,4.047491386657932
2026-01-17 13:10:00,77,4.524408333333334,-8.4625,4.0242214938469445
2026-01-17 14:10:00,77,2.9767083333333333,-8.281666666666666,3.9654053864380963
2026-01-17 15:10:00,77,3.0094749999999997,-8.265,3.911989346772213
2026-01-17 16:10:00,77,4.675983333333334,-8.28,3.914263839056535
2026-01-17 17:10:00,77,3.920316666666666,-8.230833333333333,3.9068085587912558
2026-01-17 18:10:00,77,4.1522499999999996,-8.101666666666667,3.887222653009591
2026-01-17 19:10:00,77,4.896208333333334,-8.005,3.8725648138439577
2026-01-17 20:10:00,77,3.0291,-7.848333333333334,3.8488090055410344
2026-01-17 21:10:00,77,3.9354,-8.463333333333333,3.9420631891982536
2026-01-17 22:10:00,77,4.923791666666666,-10.685,4.2789407686428955
2026-01-17 23:10:00,77,5.4138416666666656,-12.199166666666668,4.508538128676997
2026-01-18 00:10:00,78,5.435366666666666,-13.435000000000002,5.284175667641247
2026-01-18 01:10:00,78,6.485083333333333,-13.888333333333335,5.370819715526532
2026-01-18 02:10:00,78,5.970358333333333,-13.823333333333336,5.358396488072392
2026-01-18 03:10:00,78,4.7556416666666665,-13.527499999999998,5.301854875941368
2026-01-18 04:10:00,78,6.001441666666667,-13.1625,5.2320936756219645
2026-01-18 05:10:00,78,5.3961500000000004,-12.801666666666668,5.163128836036802
2026-01-18 06:10:00,78,5.0894,-12.318333333333333,5.070750990864989
2026-01-18 07:10:00,78,5.522174999999999,-11.478333333333333,4.910204666842253
2026-01-18 08:10:00,78,5.621841666666667,-9.995833333333334,4.626859517599746
2026-01-18 09:10:00,78,3.951075,-8.268333333333333,4.29668835718394
2026-01-18 10:10:00,78,4.566533333333333,-6.194166666666667,3.900259983679386
2026-01-18 11:10:00,78,3.4105,-4.118333333333333,3.512180634140026
2026-01-18 12:10:00,78,1.0778999999999999,-2.1941666666666664,3.1482487518674116
2026-01-18 13:10:00,78,1.869875,-2.4299999999999997,3.1849591280337246
2026-01-18 14:10:00,78,2.800875,-2.3508333333333336,3.1725753544278157
2026-01-18 15:10:00,78,2.7132666666666667,-3.2641666666666667,3.3402591153619854
2026-01-18 16:10:00,78,0.0,-4.3025,3.538712210334534
2026-01-18 17:10:00,78,3.025975,-5.028333333333333,3.677438250239101
2026-01-18 18:10:00,78,1.5024666666666664,-5.519166666666667,3.7712495447325445
2026-01-18 19:10:00,78,3.0004083333333327,-5.894166666666667,3.8429220108141235
2026-01-18 20:10:00,78,4.353616666666667,-6.1475,3.891340743455901
2026-01-18 21:10:00,78,3.617008333333333,-6.045833333333333,3.8719095415404507
2026-01-18 22:10:00,78,3.5353750000000006,-6.091666666666666,3.8806695096170882
2026-01-18 23:10:00,78,2.605433333333333,-6.174166666666667,3.896437452155036
2026-01-19 00:10:00,79,4.1254,-6.239999999999999,3.872560760478674
2026-01-19 01:10:00,79,3.5858750000000006,-6.255,3.875462414477459
2026-01-19 02:10:00,79,3.870566666666667,-6.2700000000000005,3.878364068476245
2026-01-19 03:10:00,79,3.8956833333333334,-6.289166666666667,3.882071737474693
2026-01-19 04:10:00,79,3.2252833333333335,-6.473333333333334,3.9176976004597828
2026-01-19 05:10:00,79,2.3502083333333332,-6.7175,3.9649300794400144
2026-01-19 06:10:00,79,5.483616666666666,-7.269166666666667,4.07164646539535
2026-01-19 07:10:00,79,3.670075,-7.079166666666667,4.0368278955229036
2026-01-19 08:10:00,79,4.274091666666667,-6.005,3.8663628226443807
2026-01-19 09:10:00,79,3.997425,-4.7775,3.6515698538879784
2026-01-19 10:10:00,79,2.9921499999999996,-3.795833333333333,3.48981249822304
2026-01-19 11:10:00,79,2.58,-2.5050000000000003,3.211136504850851
2026-01-19 12:10:00,79,2.5084333333333335,-2.023333333333334,3.0917881566307606
2026-01-19 13:10:00,79,4.764583333333333,-1.9816666666666665,3.087339640238085
2026-01-19 14:10:00,79,2.667758333333333,-2.458333333333333,3.145674000040712
2026-01-19 15:10:00,79,4.51615,-2.9574999999999996,3.2375821437444317
2026-01-19 16:10:00,79,1.6174333333333333,-3.8524999999999996,3.418346401944524
2026-01-19 17:10:00,79,2.8818333333333332,-4.204166666666667,3.4812168025702377
2026-01-19 18:10:00,79,1.5529166666666667,-4.120833333333334,3.485816827590837
2026-01-19 19:10:00,79,4.551716666666667,-3.9666666666666663,3.436932793615441
2026-01-19 20:10:00,79,3.1024749999999996,-3.9450000000000003,3.4336001388890462
2026-01-19 21:10:00,79,4.192216666666667,-4.416666666666667,3.520618305523507
2026-01-19 22:10:00,79,4.039991666666666,-5.0825,3.7118489147464078
2026-01-19 23:10:00,79,3.81,-6.430833333333333,3.929781766669463
2026-01-20 00:10:00,80,3.6982249999999994,-8.56,4.303116670003424
2026-01-20 01:10:00,80,5.273816666666666,-10.555833333333334,4.698484877976668
2026-01-20 02:10:00,80,2.9230916666666666,-9.980833333333333,4.594192181514057
2026-01-20 03:10:00,80,5.189033333333334,-10.448333333333332,4.679105227959605
2026-01-20 04:10:00,80,3.1065166666666664,-11.199166666666665,4.826222165243759
2026-01-20 05:10:00,80,4.8920416666666675,-12.551666666666668,5.098170198152286
2026-01-20 06:10:00,80,3.651816666666667,-13.375833333333333,5.258411018017906
2026-01-20 07:10:00,80,5.490291666666667,-13.190833333333332,5.221678274788251
2026-01-20 08:10:00,80,3.307291666666667,-9.93,4.628864767388047
2026-01-20 09:10:00,80,4.328616666666667,-8.329166666666667,4.501517515051332
2026-01-20 10:10:00,80,2.979183333333333,-7.533333333333334,4.463068256776363
2026-01-20 11:10:00,80,3.221033333333333,-7.541666666666667,4.5446054726531475
2026-01-20 12:10:00,80,3.503508333333333,-8.245,4.689988589624168
2026-01-20 13:10:00,80,5.472208333333332,-9.2875,4.946916535968626
2026-01-20 14:10:00,80,4.5863,-9.638333333333334,4.9660344345721645
2026-01-20 15:10:00,80,5.045733333333333,-10.661666666666667,5.023723651711311
2026-01-20 16:10:00,80,4.852741666666667,-12.102500000000001,5.26076238517198
2026-01-20 17:10:00,80,5.931299999999999,-12.656666666666666,5.341733345726754
2026-01-20 18:10:00,80,4.476324999999999,-13.403333333333334,5.411874847424252
2026-01-20 19:10:00,80,3.3237583333333327,-13.7875,5.443997929206326
2026-01-20 20:10:00,80,4.379991666666666,-13.908333333333333,5.45422766438637
2026-01-20 21:10:00,80,5.748766666666667,-13.59666666666667,5.381694787878357
2026-01-20 22:10:00,80,5.476108333333333,-13.2675,5.3903894712774045
2026-01-20 23:10:00,80,6.523799999999999,-13.336666666666668,5.346145629739958
2026-01-21 00:10:00,81,6.050800000000001,-13.685833333333333,5.341411001756833
2026-01-21 01:10:00,81,5.27095,-14.972499999999998,5.595420299051243
2026-01-21 02:10:00,81,5.155166666666667,-17.296666666666667,6.077664183235427
2026-01-21 03:10:00,81,6.455424999999999,-18.924999999999997,6.398558645795801
2026-01-21 04:10:00,81,5.687791666666667,-17.74166666666667,6.165344336127822
2026-01-21 05:10:00,81,5.379816666666667,-18.209166666666665,6.255368938998512
2026-01-21 06:10:00,81,5.9787083333333335,-20.064166666666665,6.626536042475912
2026-01-21 07:10:00,81,6.135208333333333,-20.194166666666664,6.657841807473391
2026-01-21 08:10:00,81,4.520316666666666,-13.466666666666669,5.326086240061626
2026-01-21 09:10:00,81,5.632225000000001,-10.091666666666667,4.664099994816219
2026-01-21 10:10:00,81,4.4313666666666665,-9.519166666666665,4.5492367769178585
2026-01-21 11:10:00,81,3.5454666666666665,-7.478333333333334,4.138274389081872
2026-01-21 12:10:00,81,4.980358333333333,-5.721666666666667,3.7848669232768524
2026-01-21 13:10:00,81,2.632141666666666,-6.314166666666666,3.902569146427717
2026-01-21 14:10:00,81,4.038975,-6.4775,3.917533941208753
2026-01-21 15:10:00,81,4.298633333333334,-7.209166666666667,4.0461655645725285
2026-01-21 16:10:00,81,4.987083333333333,-8.7675,4.3475764736782825
2026-01-21 17:10:00,81,4.774858333333333,-10.046666666666667,4.606318822182033
2026-01-21 18:10:00,81,4.065050000000001,-10.048333333333334,4.598538958603229
2026-01-21 19:10:00,81,4.476866666666666,-9.953333333333333,4.581697599839218
2026-01-21 20:10:00,81,5.838983333333332,-8.4625,4.298226357145969
2026-01-21 21:10:00,81,3.21375,-8.105,4.243307321556036
2026-01-21 22:10:00,81,5.639024999999998,-8.596666666666666,4.324665354344135
2026-01-21 23:10:00,81,5.483841666666667,-8.480833333333333,4.288995444176539
2026-01-22 00:10:00,82,4.0436749999999995,-8.343333333333334,4.309765922990064
2026-01-22 01:10:00,82,4.911549999999999,-8.165833333333333,4.272185528234554
2026-01-22 02:10:00,82,4.150183333333333,-8.189166666666667,4.277246027822283
2026-01-22 03:10:00,82,4.638283333333333,-8.115,4.261181514213661
2026-01-22 04:10:00,82,4.292791666666666,-8.18,4.273710454936982
2026-01-22 05:10:00,82,5.768191666666667,-8.648333333333333,4.364522291972126
2026-01-22 06:10:00,82,3.8779499999999993,-8.661666666666667,4.367110197534233
2026-01-22 07:10:00,82,3.9474333333333336,-8.1675,4.271195947638654
2026-01-22 08:10:00,82,4.437883333333334,-7.0025,4.045523225646612
2026-01-22 09:10:00,82,3.6345249999999996,-5.420833333333333,3.7388962255146994
2026-01-22 10:10:00,82,5.113125,-3.7175,3.408456398052554
2026-01-22 11:10:00,82,2.129016666666667,-1.3483333333333334,2.9540717328421247
2026-01-22 12:10:00,82,3.463458333333333,0.48500000000000004,2.5984548188851733
2026-01-22 13:10:00,82,2.4534499999999997,-0.08666666666666667,2.706407186785058
2026-01-22 14:10:00,82,3.6839749999999998,-0.5983333333333334,2.8020743088502265
2026-01-22 15:10:00,82,3.037616666666666,-1.5141666666666669,2.9838744864949014
2026-01-22 16:10:00,82,3.1468416666666665,-2.5700000000000003,3.1858537806316507
2026-01-22 17:10:00,82,3.709566666666666,-3.5133333333333336,3.3710940614873075
2026-01-22 18:10:00,82,3.249716666666667,-3.861666666666667,3.4484479465709366
2026-01-22 19:10:00,82,1.8156666666666665,-3.8983333333333334,3.454375519938233
2026-01-22 20:10:00,82,2.958433333333333,-5.411666666666666,3.7379338276532788
2026-01-22 21:10:00,82,4.021583333333333,-6.0325,3.8593058117646497
2026-01-22 22:10:00,82,4.252858333333333,-7.524166666666666,4.146921823102914
2026-01-22 23:10:00,82,3.915141666666667,-8.547500000000001,4.344951256158694
2026-01-23 00:10:00,83,3.7020916666666666,-9.985833333333334,4.662097853586909
2026-01-23 01:10:00,83,4.411566666666666,-11.099166666666667,4.876685996406004
2026-01-23 02:10:00,83,5.1570583333333335,-12.165833333333333,5.082279426651843
2026-01-23 03:10:00,83,4.136658333333333,-13.94,5.424239124302931
2026-01-23 04:10:00,83,4.224083333333334,-9.054166666666665,4.512134914359976
2026-01-23 05:10:00,83,5.204716666666667,-10.199166666666667,4.7032165396360766
2026-01-23 06:10:00,83,4.116883333333333,-12.959166666666668,5.235189540397187
2026-01-23 07:10:00,83,5.451866666666667,-13.450000000000001,5.3297946422837486
2026-01-23 08:10:00,83,3.4063166666666667,-9.773333333333332,4.631020925257936
2026-01-23 09:10:00,83,3.5891666666666664,-7.328333333333333,4.182922942522271
2026-01-23 10:10:00,83,3.4894583333333333,-4.903333333333333,3.746055138078059
2026-01-23 11:10:00,83,4.062291666666666,-5.513333333333333,3.87169426659902
2026-01-23 12:10:00,83,3.898541666666666,-6.0925,3.9896372425161633
2026-01-23 13:10:00,83,3.5067999999999997,-6.573333333333333,4.090195872713526
2026-01-23 14:10:00,83,6.148583333333335,-7.5,4.259946830834024
2026-01-23 15:10:00,83,3.6305083333333332,-9.1575,4.582104798504615
2026-01-23 16:10:00,83,6.235458333333333,-10.76,4.867409950852373
2026-01-23 17:10:00,83,5.371183333333333,-11.514166666666666,4.993917174379041
2026-01-23 18:10:00,83,4.789875,-12.514166666666666,5.176480205164274
2026-01-23 19:10:00,83,5.005875,-12.509166666666667,5.160322928879211
2026-01-23 20:10:00,83,4.976241666666666,-13.244166666666667,5.319351549802803
2026-01-23 21:10:00,83,4.402525,-14.292499999999999,5.570633732142088
2026-01-23 22:10:00,83,6.610974999999998,-15.34666666666667,5.775810558491836
2026-01-23 23:10:00,83,6.846033333333331,-16.425833333333333,5.971850298857944
2026-01-24 00:10:00,84,6.8727583333333335,-17.19083333333333,6.099401971843433
2026-01-24 01:10:00,84,6.548233333333333,-17.584166666666672,6.242460509983589
2026-01-24 02:10:00,84,6.564533333333332,-18.7275,6.501893218661263
2026-01-24 03:10:00,84,7.949883333333333,-19.695000000000004,6.676382013780605
2026-01-24 04:10:00,84,6.1219666666666654,-20.509166666666665,6.926650301477055
2026-01-24 05:10:00,84,7.08325,-21.699166666666667,7.032203815644401
2026-01-24 06:10:00,84,7.758125,-22.602500000000003,7.175717957576983
2026-01-24 07:10:00,84,6.210375,-22.754166666666666,7.2040649955236695
2026-01-24 08:10:00,84,7.385833333333333,-21.86,7.032184301862394
2026-01-24 09:10:00,84,7.351983333333333,-21.15416666666667,6.888724499058251
2026-01-24 10:10:00,84,11.026133333333334,-19.27416666666667,6.618571722495446
2026-01-24 11:10:00,84,7.419100000000001,-17.78583333333333,6.293624150970161
2026-01-24 12:10:00,84,4.49725,-16.68083333333333,6.132424747047565
2026-01-24 13:10:00,84,4.774016666666666,-16.860833333333332,6.135210671772247
2026-01-24 14:10:00,84,6.328991666666666,-17.175000000000004,6.198758452830798
2026-01-24 15:10:00,84,5.374683333333333,-17.791666666666668,6.232782364260817
2026-01-24 16:10:00,84,5.7344,-18.916666666666668,6.425672260279576
2026-01-24 17:10:00,84,5.665475,-19.874166666666664,6.595447040600455
2026-01-24 18:10:00,84,5.902375,-20.6675,6.813175435778757
2026-01-24 19:10:00,84,5.296824999999999,-21.30916666666667,7.007632443085249
2026-01-24 20:10:00,84,6.969691666666665,-21.930000000000003,7.106537062121865
2026-01-24 21:10:00,84,7.971216666666667,-22.414999999999996,7.143239887472893
2026-01-24 22:10:00,84,6.265350000000001,-22.555000000000003,7.172384116179959
2026-01-24 23:10:00,84,7.491833333333333,-22.745,7.177136607116758
2026-01-25 00:10:00,85,7.4089,-22.9375,7.257921096502164
2026-01-25 01:10:00,85,6.989741666666667,-22.870833333333337,7.3060395620199206
2026-01-25 02:10:00,85,7.547350000000001,-22.830000000000002,7.295541719687131
2026-01-25 03:10:00,85,7.341775,-22.869999999999994,7.269736627403796
2026-01-25 04:10:00,85,9.186441666666667,-22.860833333333332,7.229704427221667
2026-01-25 05:10:00,85,8.303749999999999,-22.679999999999996,7.215530670091686
2026-01-25 06:10:00,85,9.933583333333335,-22.412499999999998,7.2298104566125865
2026-01-25 07:10:00,85,5.736275,-22.19416666666667,7.134968779919582
2026-01-25 08:10:00,85,7.1085499999999975,-20.70333333333333,6.817362894987586
2026-01-25 09:10:00,85,6.354391666666666,-19.088333333333335,6.493951706789439
2026-01-25 10:10:00,85,4.622708333333333,-17.322499999999998,6.150663771731662
2026-01-25 11:10:00,85,5.9882333333333335,-15.8375,5.83341022056704
2026-01-25 12:10:00,85,7.202233333333333,-15.235833333333334,5.696501387707185
2026-01-25 13:10:00,85,8.894033333333335,-15.269166666666665,5.689453732332088
2026-01-25 14:10:00,85,5.224383333333333,-15.208333333333334,5.669047088463914
2026-01-25 15:10:00,85,16.321700000000003,-15.249999999999995,5.660868126756328
2026-01-25 16:10:00,85,11.335991666666667,-15.524166666666668,5.709005828380676
2026-01-25 17:10:00,85,6.267449999999999,-15.646666666666667,5.731579785362984
2026-01-25 18:10:00,85,6.430158333333334,-15.729999999999999,5.748710704264033
2026-01-25 19:10:00,85,7.915441666666666,-15.729999999999999,5.756438303515924
2026-01-25 20:10:00,85,7.459191666666668,-15.9075,5.830278987572317
2026-01-25 21:10:00,85,6.048449999999999,-16.46333333333334,5.945927171486623
2026-01-25 22:10:00,85,6.062316666666667,-16.5825,5.991320035328253
2026-01-25 23:10:00,85,8.355824999999998,-16.463333333333335,5.96561253625405
2026-01-26 00:10:00,86,5.945183333333334,-16.72333333333333,6.331151615234911
2026-01-26 01:10:00,86,4.659833333333334,-17.042500000000004,6.388492431619197
2026-01-26 02:10:00,86,7.352466666666666,-17.231666666666666,6.474061892412752
2026-01-26 03:10:00,86,8.555958333333333,-17.185000000000002,6.452169582772945
2026-01-26 04:10:00,86,4.725933333333333,-17.013333333333332,6.4200311857805445
2026-01-26 05:10:00,86,4.7586,-16.830000000000002,6.352377521497055
2026-01-26 06:10:00,86,6.525516666666666,-16.68916666666667,6.365846506690325
2026-01-26 07:10:00,86,6.658341666666666,-16.46833333333333,6.318941186322255
2026-01-26 08:10:00,86,7.733599999999998,-16.065,6.213312486183273
2026-01-26 09:10:00,86,6.5402000000000005,-15.407499999999999,6.050591815332492
2026-01-26 10:10:00,86,6.007991666666667,-14.523333333333335,5.791981907770568
2026-01-26 11:10:00,86,3.5824666666666665,-13.646666666666667,5.607315934348444
2026-01-26 12:10:00,86,5.828591666666667,-13.000833333333333,5.474446543286509
2026-01-26 13:10:00,86,7.037141666666666,-12.616666666666667,5.379814248404551
2026-01-26 14:10:00,86,5.709375,-12.36,5.341206304602689
2026-01-26 15:10:00,86,4.8201583333333335,-12.430833333333334,5.368504027584581
2026-01-26 16:10:00,86,4.708441666666666,-12.695,5.4205302957009085
2026-01-26 17:10:00,86,6.196633333333334,-12.765,5.438445872586253
2026-01-26 18:10:00,86,5.258416666666666,-12.550833333333335,5.388254114257712
2026-01-26 19:10:00,86,5.8265916666666655,-12.279166666666667,5.314461812983787
2026-01-26 20:10:00,86,5.582216666666667,-12.393333333333333,5.370534739951657
2026-01-26 21:10:00,86,7.735966666666667,-12.565000000000003,5.416381343712358
2026-01-26 22:10:00,86,6.635983333333334,-12.518333333333333,5.405025009723063
2026-01-26 23:10:00,86,5.938816666666665,-12.370833333333332,5.36859827349966
2026-01-27 00:10:00,87,4.881083333333333,-12.39,5.420862897462969
2026-01-27 01:10:00,87,4.951508333333333,-12.555833333333334,5.462476116601177
2026-01-27 02:10:00,87,5.852308333333333,-12.505833333333333,5.410636554873396
2026-01-27 03:10:00,87,3.946075,-12.718333333333334,5.468468471852987
2026-01-27 04:10:00,87,5.580358333333332,-13.217500000000001,5.628510769846086
2026-01-27 05:10:00,87,6.273441666666668,-13.583333333333334,5.7203107859348945
2026-01-27 06:10:00,87,5.728233333333334,-14.157499999999999,5.820049013532564
2026-01-27 07:10:00,87,5.599783333333333,-14.505000000000003,5.887367648512883
2026-01-27 08:10:00,87,5.368458333333333,-13.125833333333333,5.4528619265448155
2026-01-27 09:10:00,87,6.446874999999999,-12.264166666666668,5.121576869873265
2026-01-27 10:10:00,87,2.8953,-10.454166666666667,4.694428442315305
2026-01-27 11:10:00,87,3.6378500000000003,-9.268333333333333,4.410724752084763
2026-01-27 12:10:00,87,3.65225,-8.836666666666666,4.328545013694224
2026-01-27 13:10:00,87,3.6517999999999993,-8.9125,4.360876149337911
2026-01-27 14:10:00,87,4.671241666666667,-9.726666666666667,4.601260191982792
2026-01-27 15:10:00,87,5.7292499999999995,-10.674999999999999,4.874477817999965
2026-01-27 16:10:00,87,4.920858333333333,-12.264166666666668,5.374753752609492
2026-01-27 17:10:00,87,5.227666666666667,-14.958333333333334,6.065345014970283
2026-01-27 18:10:00,87,5.742208333333334,-14.996666666666664,6.074964151052481
2026-01-27 19:10:00,87,4.349683333333333,-14.703333333333331,5.976103079295821
2026-01-27 20:10:00,87,4.017075,-14.509166666666667,5.929444766810489
2026-01-27 21:10:00,87,4.967625000000001,-14.5875,5.932051972383925
2026-01-27 22:10:00,87,6.7773916666666665,-14.721666666666666,5.950161916132649
2026-01-27 23:10:00,87,6.890383333333332,-15.023333333333332,5.978146640264096
2026-01-28 00:10:00,88,5.23205,-15.522499999999999,6.0441808664669585
2026-01-28 01:10:00,88,5.572125,-15.964166666666669,6.180631668554988
2026-01-28 02:10:00,88,6.583841666666667,-17.519166666666667,6.564107703776868
2026-01-28 03:10:00,88,4.6369,-18.501666666666665,6.8013267997660405
2026-01-28 04:10:00,88,7.021541666666667,-18.398333333333333,6.766804600913596
2026-01-28 05:10:00,88,6.059558333333334,-17.5975,6.55770787423877
2026-01-28 06:10:00,88,6.736775,-18.245,6.729224315799714
2026-01-28 07:10:00,88,6.2225166666666665,-18.666666666666668,6.839316944176948
2026-01-28 08:10:00,88,6.353058333333334,-15.4775,5.912923008891794
2026-01-28 09:10:00,88,7.002066666666665,-13.874166666666666,5.547556723689101
2026-01-28 10:10:00,88,3.2393083333333337,-11.504166666666668,4.970622387863788
2026-01-28 11:10:00,88,4.193458333333332,-10.420833333333333,4.622510539702062
2026-01-28 12:10:00,88,4.573333333333333,-8.926666666666668,4.317559372630447
2026-01-28 13:10:00,88,4.540841666666666,-8.731666666666667,4.271357108067122
2026-01-28 14:10:00,88,4.258824999999999,-9.856666666666667,4.5239174519578
2026-01-28 15:10:00,88,5.245575,-10.800833333333332,4.749268124897222
2026-01-28 16:10:00,88,4.772449999999999,-12.156666666666666,5.168729294771441
2026-01-28 17:10:00,88,5.927983333333332,-13.506666666666666,5.566208374667116
2026-01-28 18:10:00,88,4.510941666666666,-15.342500000000001,6.021659232914953
2026-01-28 19:10:00,88,5.516008333333333,-16.523333333333333,6.299495356671074
2026-01-28 20:10:00,88,6.2265999999999995,-17.455833333333334,6.536761689445771
2026-01-28 21:10:00,88,7.008758333333333,-17.893333333333334,6.6432330268357305
2026-01-28 22:10:00,88,5.498916666666666,-17.8575,6.59873782661843
2026-01-28 23:10:00,88,6.770108333333335,-16.944166666666664,6.350683494903465
2026-01-29 00:10:00,89,5.648416666666667,-15.842500000000001,5.976306665104063
2026-01-29 01:10:00,89,5.779791666666665,-16.004166666666666,6.041811743592681
2026-01-29 02:10:00,89,5.796174999999999,-16.620833333333337,6.219077872601317
2026-01-29 03:10:00,89,6.509108333333332,-16.81,6.198082631592826
2026-01-29 04:10:00,89,6.9758249999999995,-17.5425,6.444045931503
2026-01-29 05:10:00,89,4.624291666666666,-17.888333333333332,6.511160565417578
2026-01-29 06:10:00,89,6.189441666666665,-16.796666666666667,6.260969464444121
2026-01-29 07:10:00,89,7.048400000000001,-15.814166666666667,6.043042204503787
2026-01-29 08:10:00,89,6.601025,-13.564166666666665,5.442454321147164
2026-01-29 09:10:00,89,5.410641666666668,-11.638333333333334,4.985853602138616
2026-01-29 10:10:00,89,4.814191666666667,-9.846666666666666,4.584098859473055
2026-01-29 11:10:00,89,3.663066666666667,-8.374166666666666,4.272782118003706
2026-01-29 12:10:00,89,4.009283333333333,-7.594166666666666,4.076123063023352
2026-01-29 13:10:00,89,3.5916333333333332,-8.111666666666666,4.16805281056805
2026-01-29 14:10:00,89,3.5734083333333335,-9.240833333333333,4.432219600785042
2026-01-29 15:10:00,89,5.205133333333333,-10.420833333333333,4.7245677128808605
2026-01-29 16:10:00,89,5.773008333333333,-11.685,5.053394955761161
2026-01-29 17:10:00,89,6.600216666666667,-12.115833333333335,5.12156085327808
2026-01-29 18:10:00,89,7.0844499999999995,-12.819999999999999,5.217155259199119
2026-01-29 19:10:00,89,4.329274999999999,-13.394166666666665,5.4131407128623765
2026-01-29 20:10:00,89,6.874008333333333,-13.698333333333332,5.500245197772361
2026-01-29 21:10:00,89,6.786483333333333,-14.092500000000001,5.597265685115878
2026-01-29 22:10:00,89,7.046408333333334,-14.593333333333334,5.746885534395532
2026-01-29 23:10:00,89,6.756308333333333,-14.685,5.699198753210038
2026-01-30 00:10:00,90,5.6754999999999995,-14.80083333333333,5.722679007939654
2026-01-30 01:10:00,90,7.108158333333331,-15.156666666666666,5.814263707222281
2026-01-30 02:10:00,90,5.507124999999999,-15.490000000000004,5.886630881503637
2026-01-30 03:10:00,90,7.368825,-15.777499999999998,5.941717055725912
2026-01-30 04:10:00,90,6.237275,-16.078333333333333,5.996879726151667
2026-01-30 05:10:00,90,6.734716666666667,-16.6525,6.124170344924772
2026-01-30 06:10:00,90,8.200716666666667,-16.7225,6.150926226460733
2026-01-30 07:10:00,90,6.672725,-16.477499999999996,6.074908642394226
2026-01-30 08:10:00,90,6.689441666666666,-16.040833333333335,5.973088170500925
2026-01-30 09:10:00,90,7.432816666666666,-14.837500000000004,5.6980338095235625
2026-01-30 10:10:00,90,6.718416666666666,-14.222500000000002,5.5906932258444755
2026-01-30 11:10:00,90,4.307108333333334,-12.935833333333335,5.300976400197952
2026-01-30 12:10:00,90,4.964691666666667,-11.670833333333334,5.029005566251129
2026-01-30 13:10:00,90,5.732666666666667,-11.894166666666669,5.082564779707699
2026-01-30 14:10:00,90,5.956583333333334,-12.130833333333333,5.116670956540251
2026-01-30 15:10:00,90,6.2280500000000005,-13.208333333333334,5.371639607848059
2026-01-30 16:10:00,90,6.104741666666666,-14.245,5.594256986236948
2026-01-30 17:10:00,90,5.022491666666666,-15.018333333333336,5.752141524821514
2026-01-30 18:10:00,90,5.263083333333333,-15.930833333333338,5.969282750105012
2026-01-30 19:10:00,90,5.91865,-16.278333333333332,6.02101254686001
2026-01-30 20:10:00,90,5.7415666666666665,-16.28,6.026555246993963
2026-01-30 21:10:00,90,7.606858333333334,-16.38416666666667,6.073641992496397
2026-01-30 22:10:00,90,8.700633333333334,-16.7175,6.134575350217213
2026-01-30 23:10:00,90,5.808991666666666,-16.884166666666662,6.168271405660086
2026-01-31 00:10:00,91,7.855883333333335,-16.944166666666668,6.370973602804096
2026-01-31 01:10:00,91,6.9482333333333335,-16.805,6.343240341126703
2026-01-31 02:10:00,91,8.469566666666667,-16.74,6.33084059051495
2026-01-31 03:10:00,91,6.570891666666665,-16.820000000000004,6.346111418777109
2026-01-31 04:10:00,91,7.623958333333333,-16.73666666666667,6.328001219706256
2026-01-31 05:10:00,91,7.291549999999999,-16.675833333333333,6.3129775909019346
2026-01-31 06:10:00,91,7.437508333333333,-16.706666666666663,6.317637747659523
2026-01-31 07:10:00,91,6.641575,-15.920833333333333,6.148082003782373
2026-01-31 08:10:00,91,7.043383333333332,-13.973333333333334,5.72489195341237
2026-01-31 09:10:00,91,6.359866666666667,-12.87,5.487747888397053
2026-01-31 10:10:00,91,6.9366166666666675,-10.920833333333334,5.059748158560834
2026-01-31 11:10:00,91,4.251025,-9.574166666666667,4.7649952194294105
2026-01-31 12:10:00,91,3.3228166666666663,-8.611666666666666,4.5544534443445315
2026-01-31 13:10:00,91,2.9221083333333335,-8.490833333333333,4.526965980111074
2026-01-31 14:10:00,91,4.878191666666666,-9.675833333333333,4.784242516134921
2026-01-31 15:10:00,91,4.560708333333333,-10.87,5.0359151466420915
2026-01-31 16:10:00,91,6.818583333333333,-12.194999999999999,5.327521421100205
2026-01-31 17:10:00,91,6.692041666666667,-13.338333333333333,5.577366163663477
2026-01-31 18:10:00,91,5.888374999999999,-14.041666666666666,5.7260795084502165
2026-01-31 19:10:00,91,4.348858333333333,-14.90333333333333,5.908302868656842
2026-01-31 20:10:00,91,4.648041666666666,-15.157499999999999,5.965790746025949
2026-01-31 21:10:00,91,5.242166666666667,-15.625833333333334,6.0685271587548275
2026-01-31 22:10:00,91,6.666541666666666,-16.903333333333336,6.3412615599892685
2026-01-31 23:10:00,91,7.297483333333333,-17.036666666666665,6.3704015502068785
2026-02-01 00:10:00,92,5.497199999999999,-18.135,6.695334597832504
2026-02-01 01:10:00,92,6.743591666666667,-19.37833333333333,6.978517938314042
2026-02-01 02:10:00,92,7.0410666666666675,-19.379166666666666,6.978926802747255
2026-02-01 03:10:00,92,6.346350000000001,-19.883333333333333,7.093537445238848
2026-02-01 04:10:00,92,6.664691666666667,-19.10166666666667,6.918676557249438
2026-02-01 05:10:00,92,7.416158333333331,-19.75916666666667,7.067694157758886
2026-02-01 06:10:00,92,6.190383333333334,-19.897499999999997,7.096764065070072
2026-02-01 07:10:00,92,6.0324583333333335,-19.24083333333333,6.947200745834515
2026-02-01 08:10:00,92,6.475391666666668,-15.13,6.010911591279942
2026-02-01 09:10:00,92,4.937708333333333,-11.473333333333334,5.196602417288995
2026-02-01 10:10:00,92,5.644791666666666,-8.647499999999999,4.554540303678097
2026-02-01 11:10:00,92,3.6482916666666667,-7.685833333333334,4.330967757992869
2026-02-01 12:10:00,92,4.121733333333333,-6.764166666666667,4.125785875251281
2026-02-01 13:10:00,92,3.647491666666666,-5.995833333333334,3.9557073388049266
2026-02-01 14:10:00,92,4.526541666666667,-6.394166666666667,4.038818104869907
2026-02-01 15:10:00,92,5.644983333333332,-7.175,4.21632101567499
2026-02-01 16:10:00,92,6.312841666666666,-8.676666666666668,4.549130486525991
2026-02-01 17:10:00,92,4.068633333333333,-9.625,4.7640745968046385
2026-02-01 18:10:00,92,5.234958333333332,-9.952499999999999,4.849665672736738
2026-02-01 19:10:00,92,4.412958333333333,-10.375,4.940291604205704
2026-02-01 20:10:00,92,5.195991666666667,-10.555833333333334,4.988383268614444
2026-02-01 21:10:00,92,5.317024999999999,-11.505,5.192776091751419
2026-02-01 22:10:00,92,5.269816666666666,-12.448333333333332,5.415983055816282
2026-02-01 23:10:00,92,6.53195,-13.963333333333333,5.750843724328788
2026-02-02 00:10:00,93,5.774566666666665,-15.005833333333337,5.957930145564614
2026-02-02 01:10:00,93,5.595916666666667,-16.171666666666667,6.212115198862557
2026-02-02 02:10:00,93,5.527716666666666,-16.393333333333334,6.260717190749903
2026-02-02 03:10:00,93,6.276133333333334,-16.920833333333334,6.376375314301367
2026-02-02 04:10:00,93,4.811733333333333,-17.06416666666667,6.407802166198447
2026-02-02 05:10:00,93,7.379883333333332,-17.099999999999998,6.415658879172716
2026-02-02 06:10:00,93,5.422466666666666,-17.958333333333332,6.605048120846065
2026-02-02 07:10:00,93,7.052033333333334,-15.93083333333334,6.1593107791052555
2026-02-02 08:10:00,93,5.122216666666667,-10.320833333333335,4.957667896131842
2026-02-02 09:10:00,93,4.4770416666666675,-7.939166666666666,4.452540811451668
2026-02-02 10:10:00,93,3.2193666666666667,-5.245,3.8580026187033836
2026-02-02 11:10:00,93,2.4699,-3.1475000000000004,3.400607252393525
2026-02-02 12:10:00,93,2.419283333333333,-1.9208333333333334,3.1369236088510757
2026-02-02 13:10:00,93,2.069875,-1.0591666666666668,2.9365914125496855
2026-02-02 14:10:00,93,3.0371666666666663,-1.8150000000000004,3.099756590502515
2026-02-02 15:10:00,93,4.350266666666666,-3.000833333333334,3.3431449953644004
2026-02-02 16:10:00,93,4.554825000000001,-4.350833333333333,3.6203134886295176
2026-02-02 17:10:00,93,3.544883333333333,-5.75,3.9289545154898406
2026-02-02 18:10:00,93,4.830575,-6.116666666666666,4.029846542645143
2026-02-02 19:10:00,93,3.032466666666667,-6.36,4.091545728478495
2026-02-02 20:10:00,93,4.850675000000001,-8.375,4.503539716388506
2026-02-02 21:10:00,93,4.647516666666666,-9.574166666666667,4.765566440320789
2026-02-02 22:10:00,93,4.368183333333333,-10.2875,4.933414472509923
2026-02-02 23:10:00,93,4.49095,-10.749166666666667,5.031425606219461
2026-02-03 00:10:00,94,5.320308333333332,-11.500833333333333,5.229399422557854
2026-02-03 01:10:00,94,5.137416666666667,-12.435000000000002,5.432700920577391
2026-02-03 02:10:00,94,4.165633333333333,-13.036666666666667,5.563874478425963
2026-02-03 03:10:00,94,6.308391666666666,-14.082500000000001,5.791883917622581
2026-02-03 04:10:00,94,5.014999999999999,-14.472499999999998,5.876910545147694
2026-02-03 05:10:00,94,4.211491666666666,-15.252500000000003,6.046963800197921
2026-02-03 06:10:00,94,6.3051,-15.864166666666668,6.180317527983034
2026-02-03 07:10:00,94,4.943466666666667,-14.529166666666669,5.889264841454763
2026-02-03 08:10:00,94,5.403733333333334,-8.074166666666667,4.4900561035019555
2026-02-03 09:10:00,94,4.836333333333333,-7.0225,4.265935289982301
2026-02-03 10:10:00,94,2.485875,-3.9716666666666662,3.604691653491822
2026-02-03 11:10:00,94,2.7512999999999996,-2.7258333333333336,3.3440139825154023
2026-02-03 12:10:00,94,3.2677333333333336,-1.3841666666666665,3.0464188857527854
2026-02-03 13:10:00,94,1.9024999999999999,-0.365,2.821586542468403
2026-02-03 14:10:00,94,2.649716666666667,-0.38000000000000006,2.8158658385604114
2026-02-03 15:10:00,94,4.186116666666666,-1.9716666666666665,3.151644619577649
2026-02-03 16:10:00,94,3.787075,-4.444166666666666,3.690563460452794
2026-02-03 17:10:00,94,2.9297416666666667,-6.4624999999999995,4.130594425978059
2026-02-03 18:10:00,94,3.3553333333333333,-8.528333333333334,4.580981198701897
2026-02-03 19:10:00,94,3.848583333333333,-10.769166666666665,5.069520945315208
2026-02-03 20:10:00,94,2.4886000000000004,-12.1625,5.373291289806638
2026-02-03 21:10:00,94,5.031766666666666,-13.176666666666668,5.594396857537542
2026-02-03 22:10:00,94,4.732633333333333,-13.838333333333336,5.738651435005362
2026-02-03 23:10:00,94,4.899958333333333,-14.745,5.936320175918446
2026-02-04 00:10:00,95,4.777316666666667,-15.819999999999999,6.087246098792347
2026-02-04 01:10:00,95,5.92,-16.3,6.200163828970256
2026-02-04 02:10:00,95,4.273816666666667,-15.904166666666667,6.107045909118682
2026-02-04 03:10:00,95,5.566966666666666,-15.167499999999999,5.933748559331751
2026-02-04 04:10:00,95,5.152466666666665,-14.509166666666667,5.778878755789133
2026-02-04 05:10:00,95,5.53825,-13.500833333333333,5.541673107325122
2026-02-04 06:10:00,95,4.524566666666666,-13.079166666666666,5.442478017967445
2026-02-04 07:10:00,95,6.743549999999999,-12.134166666666667,5.220171236679686
2026-02-04 08:10:00,95,3.1017166666666665,-8.397499999999999,4.342001992547918
2026-02-04 09:10:00,95,4.1872,-5.423333333333333,3.658094901820898
2026-02-04 10:10:00,95,4.9078,-3.2933333333333334,3.1550057843369723
2026-02-04 11:10:00,95,10.017033333333334,-1.9783333333333335,2.8958201689094283
2026-02-04 12:10:00,95,2.5349999999999997,-1.2116666666666667,2.7655680864009717
2026-02-04 13:10:00,95,3.9345749999999993,-0.48500000000000004,2.5716383225274213
2026-02-04 14:10:00,95,2.8322583333333333,-1.3708333333333336,2.7838984363508383
2026-02-04 15:10:00,95,4.032299999999999,-2.328333333333333,3.0042390941958272
2026-02-04 16:10:00,95,3.8780416666666664,-3.5316666666666667,3.2941081350629653
2026-02-04 17:10:00,95,4.4027916666666655,-4.6675,3.5883142851267946
2026-02-04 18:10:00,95,4.653783333333333,-5.81,3.8538427806879927
2026-02-04 19:10:00,95,2.7803666666666667,-6.219166666666666,3.9504298896130674
2026-02-04 20:10:00,95,6.280816666666666,-7.426666666666667,4.11982974950113
2026-02-04 21:10:00,95,5.677383333333332,-7.715833333333332,4.299589847992512
2026-02-04 22:10:00,95,4.38175,-8.375,4.3763842235286985
2026-02-04 23:10:00,95,5.0763083333333325,-8.8375,4.486874760821803
2026-02-05 00:10:00,96,4.089875,-8.56,4.654229460568454
2026-02-05 01:10:00,96,4.514125,-8.795833333333334,4.583249104648133
2026-02-05 02:10:00,96,5.015325,-9.450000000000001,4.632159131771043
2026-02-05 03:10:00,96,4.341975,-10.44,4.7957018466269465
2026-02-05 04:10:00,96,4.8755,-11.045833333333333,4.910948875528931
2026-02-05 05:10:00,96,4.527116666666666,-10.319166666666666,4.7686943498719625
2026-02-05 06:10:00,96,5.209433333333333,-8.134166666666667,4.3851262207764155
2026-02-05 07:10:00,96,6.0376416666666675,-7.504166666666666,4.2295246363108685
2026-02-05 08:10:00,96,8.053908333333332,-6.8475,4.199851348919319
2026-02-05 09:10:00,96,4.2131,-5.995,4.137803487022588
2026-02-05 10:10:00,96,2.3606833333333337,-4.0225,3.836865339706416
2026-02-05 11:10:00,96,3.533275,-3.7550000000000003,3.860401436911487
2026-02-05 12:10:00,96,3.8230500000000003,-3.2275000000000005,3.603689307059638
2026-02-05 13:10:00,96,3.808958333333333,-4.0233333333333325,3.913460726881098
2026-02-05 14:10:00,96,2.9879083333333334,-4.240833333333334,3.915343740203681
2026-02-05 15:10:00,96,3.1927250000000003,-5.773333333333333,4.163320425440048
2026-02-05 16:10:00,96,5.292741666666666,-7.495833333333334,4.300077894733925
2026-02-05 17:10:00,96,5.429491666666666,-9.648333333333333,4.7562724580719085
2026-02-05 18:10:00,96,4.475791666666666,-10.5425,4.948351541826184
2026-02-05 19:10:00,96,4.010758333333333,-11.478333333333333,5.099629931865426
2026-02-05 20:10:00,96,5.235766666666667,-12.63,5.245597698388749
2026-02-05 21:10:00,96,5.972641666666666,-13.209166666666668,5.4643375142454635
2026-02-05 22:10:00,96,3.8394333333333335,-15.597499999999997,5.805963880792929
2026-02-05 23:10:00,96,6.4378166666666665,-16.505,5.979652313119293
2026-02-06 00:10:00,97,6.14325,-17.14916666666667,6.048170970215269
2026-02-06 01:10:00,97,4.712083333333333,-18.400000000000002,6.288905634129518
2026-02-06 02:10:00,97,6.532916666666666,-20.14833333333333,6.625388861905732
2026-02-06 03:10:00,97,4.88765,-21.38083333333334,6.862595103031101
2026-02-06 04:10:00,97,6.132366666666666,-22.37,7.052969550776746
2026-02-06 05:10:00,97,7.1023249999999996,-23.725833333333327,7.313912454300054
2026-02-06 06:10:00,97,7.189925000000001,-24.277500000000003,7.420085903674629
2026-02-06 07:10:00,97,6.827608333333333,-22.596666666666668,7.096593687075664
2026-02-06 08:10:00,97,6.005391666666666,-18.254166666666666,6.260838634672494
2026-02-06 09:10:00,97,6.780891666666666,-14.37,5.638196617793749
2026-02-06 10:10:00,97,4.5957333333333334,-10.44,4.882396055687798
2026-02-06 11:10:00,97,4.972391666666666,-8.958333333333334,4.684535618070346
2026-02-06 12:10:00,97,3.8430333333333326,-7.55,4.402846499049545
2026-02-06 13:10:00,97,4.237716666666667,-6.724166666666666,4.242687984272092
2026-02-06 14:10:00,97,4.038291666666667,-6.795833333333333,4.193917251859783
2026-02-06 15:10:00,97,5.697716666666666,-7.096666666666667,4.144641906769887
2026-02-06 16:10:00,97,4.749258333333333,-8.8925,4.459097652385559
2026-02-06 17:10:00,97,6.39655,-11.1725,4.897905141039382
2026-02-06 18:10:00,97,5.280924999999999,-13.230000000000002,5.293890407664488
2026-02-06 19:10:00,97,3.8703333333333334,-15.467500000000001,5.724518370762265
2026-02-06 20:10:00,97,5.47705,-17.673333333333332,6.149051785406516
2026-02-06 21:10:00,97,6.931591666666667,-18.361666666666668,6.281528022843672
2026-02-06 22:10:00,97,6.221141666666666,-19.254166666666666,6.453298059520662
2026-02-06 23:10:00,97,6.942733333333332,-19.898333333333333,6.57727400569369
2026-02-07 00:10:00,98,6.316633333333332,-20.463333333333335,6.594640796617848
2026-02-07 01:10:00,98,7.340699999999999,-19.570833333333333,6.430170005204438
2026-02-07 02:10:00,98,4.893466666666667,-18.5925,6.252378089309696
2026-02-07 03:10:00,98,5.976566666666667,-17.583333333333332,6.0689828506823265
2026-02-07 04:10:00,98,7.15055,-17.221666666666668,6.003257389440147
2026-02-07 05:10:00,98,5.514608333333333,-17.124166666666667,5.985538774312648
2026-02-07 06:10:00,98,6.712816666666667,-16.429999999999996,5.859388292251046
2026-02-07 07:10:00,98,5.588741666666667,-15.8375,5.751713631091624
2026-02-07 08:10:00,98,5.295841666666666,-11.934166666666664,5.042363261371888
2026-02-07 09:10:00,98,4.553575,-7.801666666666667,4.518340654745311
2026-02-07 10:10:00,98,5.4959999999999996,-5.377499999999999,4.154738660592699
2026-02-07 11:10:00,98,3.9089916666666666,-3.8183333333333334,3.934511799227929
2026-02-07 12:10:00,98,2.4209916666666667,-2.886666666666667,3.6119725393227124
2026-02-07 13:10:00,98,2.8527750000000003,-3.4433333333333334,3.8079248837904167
2026-02-07 14:10:00,98,4.776591666666667,-3.6675,3.632379202683897
2026-02-07 15:10:00,98,3.274558333333333,-4.659166666666667,3.791934783327315
2026-02-07 16:10:00,98,5.5191333333333334,-5.575,3.9051199324570036
2026-02-07 17:10:00,98,4.7134,-6.1575,3.9969523395606514
2026-02-07 18:10:00,98,5.041333333333333,-6.343333333333334,4.041185690760312
2026-02-07 19:10:00,98,4.605933333333333,-6.551666666666667,4.06863651788256
2026-02-07 20:10:00,98,4.732525,-6.612500000000001,4.1352002010072395
2026-02-07 21:10:00,98,4.672008333333333,-6.704166666666667,4.133653930000807
2026-02-07 22:10:00,98,5.370024999999999,-7.300833333333333,4.391029832945774
2026-02-07 23:10:00,98,5.0168333333333335,-9.034166666666668,4.765441420127192
2026-02-08 00:10:00,99,4.410266666666666,-10.250833333333334,5.104569018247387
2026-02-08 01:10:00,99,6.562366666666668,-11.467500000000001,5.334850512852173
2026-02-08 02:10:00,99,3.9907166666666662,-12.292499999999999,5.440463318499176
2026-02-08 03:10:00,99,6.29325,-12.735833333333332,5.557340533125931
2026-02-08 04:10:00,99,5.695808333333334,-13.379999999999997,5.579061086088839
2026-02-08 05:10:00,99,6.428033333333333,-13.94,5.868668516209789
2026-02-08 06:10:00,99,6.281024999999999,-14.235,5.956705686117709
2026-02-08 07:10:00,99,6.152174999999999,-13.225833333333334,5.801404126657097
2026-02-08 08:10:00,99,6.8280666666666665,-11.125,5.445533314011964
2026-02-08 09:10:00,99,4.829816666666667,-10.916666666666666,5.48279570634959
2026-02-08 10:10:00,99,5.577858333333333,-8.744166666666667,4.941680048049329
2026-02-08 11:10:00,99,3.2813749999999997,-7.146666666666667,4.652613657770827
2026-02-08 12:10:00,99,3.284275,-5.7225,4.371250592614849
2026-02-08 13:10:00,99,1.9743166666666663,-5.5058333333333325,4.411464834249084
2026-02-08 14:10:00,99,3.5473166666666662,-6.815,4.536354529128099
2026-02-08 15:10:00,99,3.934241666666667,-7.616666666666667,4.617850824040187
2026-02-08 16:10:00,99,5.028675,-9.135,5.014085032834435
2026-02-08 17:10:00,99,7.0060916666666655,-10.648333333333333,5.378272237321184
2026-02-08 18:10:00,99,3.8911083333333334,-12.217500000000001,5.739710507655306
2026-02-08 19:10:00,99,5.592416666666667,-13.648333333333333,5.940740127417707
2026-02-08 20:10:00,99,5.554199999999999,-14.574166666666665,6.097688483300579
2026-02-08 21:10:00,99,6.441683333333333,-14.862499999999999,6.238173896441653
2026-02-08 22:10:00,99,4.488758333333333,-15.023333333333332,6.082998405579328
2026-02-08 23:10:00,99,7.3570166666666665,-15.263333333333335,6.114580476349539
2026-02-09 00:10:00,100,5.740375,-15.574166666666665,6.260519513729493
2026-02-09 01:10:00,100,7.830858333333332,-15.834166666666667,6.32549003970273
2026-02-09 02:10:00,100,7.062083333333333,-16.0,6.275409322429182
2026-02-09 03:10:00,100,8.5881,-15.752500000000003,6.203115327695345
2026-02-09 04:10:00,100,7.335516666666665,-15.644166666666669,6.090934254294784
2026-02-09 05:10:00,100,8.451291666666666,-15.652499999999998,6.010141459864142
2026-02-09 06:10:00,100,7.430658333333334,-15.75,6.135676668261273
2026-02-09 07:10:00,100,7.982616666666666,-14.414999999999997,6.068148441299494
2026-02-09 08:10:00,100,7.4561416666666664,-12.412500000000001,5.822740617095507
2026-02-09 09:10:00,100,6.686191666666667,-11.074166666666665,5.5732111605667125
2026-02-09 10:10:00,100,3.8258916666666667,-8.030833333333332,4.932579848554615
2026-02-09 11:10:00,100,3.974491666666666,-5.573333333333334,4.423727240587086
2026-02-09 12:10:00,100,4.757225,-3.9291666666666667,4.140409825558292
2026-02-09 13:10:00,100,3.0265583333333335,-3.01,3.914202318573594
2026-02-09 14:10:00,100,3.1963666666666666,-3.9341666666666666,4.084293217172081
2026-02-09 15:10:00,100,4.726391666666666,-4.420833333333333,4.09013838648987
2026-02-09 16:10:00,100,5.788649999999999,-5.2875000000000005,4.217762236109757
2026-02-09 17:10:00,100,5.906391666666666,-6.805,4.492086075840868
2026-02-09 18:10:00,100,4.083816666666666,-7.8374999999999995,4.631197609369881
2026-02-09 19:10:00,100,6.150416666666667,-8.62,4.858677986195626
2026-02-09 20:10:00,100,6.521133333333333,-9.209166666666667,4.923484270464121
2026-02-09 21:10:00,100,4.021575,-10.147499999999999,5.058400717007066
2026-02-09 22:10:00,100,6.234383333333333,-11.009166666666665,5.28167620493751
2026-02-09 23:10:00,100,5.374608333333334,-11.586666666666666,5.264761753238298
2026-02-10 00:10:00,101,5.263475000000001,-12.0,5.3659473556535495
2026-02-10 01:10:00,101,5.963508333333333,-12.153333333333336,5.50204439454239
2026-02-10 02:10:00,101,5.19395,-12.44,5.523554553761818
2026-02-10 03:10:00,101,6.107549999999999,-13.148333333333332,5.456287407747922
2026-02-10 04:10:00,101,5.153999999999999,-13.5875,5.408731106453056
2026-02-10 05:10:00,101,6.985283333333332,-13.759166666666665,5.520422803357402
2026-02-10 06:10:00,101,7.384391666666668,-14.509166666666667,5.54079503790649
2026-02-10 07:10:00,101,5.470291666666666,-11.975833333333334,5.373477703451667
2026-02-10 08:10:00,101,5.067025,-9.156666666666666,4.9271972669616915
2026-02-10 09:10:00,101,4.6526,-7.25,4.504921332622995
2026-02-10 10:10:00,101,1.556158333333333,-3.9858333333333333,3.9298498478173087
2026-02-10 11:10:00,101,2.760491666666666,-1.5241666666666667,3.3249006032091364
2026-02-10 12:10:00,101,2.053983333333333,0.19833333333333333,2.9668742155326346
2026-02-10 13:10:00,101,1.6712833333333335,1.7924999999999998,2.64346209633195
2026-02-10 14:10:00,101,2.656133333333333,0.6016666666666666,2.794790280297779
2026-02-10 15:10:00,101,3.558116666666667,-1.5741666666666667,3.1336563834206212
2026-02-10 16:10:00,101,3.8117583333333336,-3.940833333333334,3.5694342260511536
2026-02-10 17:10:00,101,4.735925,-5.413333333333334,3.844106561215038
2026-02-10 18:10:00,101,2.918625,-6.125,3.976857084265381
2026-02-10 19:10:00,101,4.471191666666667,-7.333333333333333,4.2022531714117495
2026-02-10 20:10:00,101,4.649849999999999,-7.915833333333333,4.310909629974033
2026-02-10 21:10:00,101,4.491783333333333,-7.473333333333333,4.228368028405259
2026-02-10 22:10:00,101,4.819341666666666,-6.916666666666667,4.124530382740588
2026-02-10 23:10:00,101,4.0992,-6.0008333333333335,4.036765895399579
2026-02-11 00:10:00,102,4.002841666666667,-5.711666666666666,3.9592342682324833
2026-02-11 01:10:00,102,5.088966666666666,-5.715833333333332,3.965368864828921
2026-02-11 02:10:00,102,3.886183333333333,-5.559166666666666,3.945658659808619
2026-02-11 03:10:00,102,4.305225,-5.360833333333333,3.9006236471920395
2026-02-11 04:10:00,102,2.8387249999999997,-5.1475,3.850778335483801
2026-02-11 05:10:00,102,5.4397166666666665,-5.206666666666666,3.8600951477591208
2026-02-11 06:10:00,102,3.393499999999999,-5.148333333333333,3.849277932623031
2026-02-11 07:10:00,102,4.39445,-4.709166666666667,3.767839755812755
2026-02-11 08:10:00,102,3.464166666666666,-3.6341666666666668,3.568493934019099
2026-02-11 09:10:00,102,3.790083333333333,-2.796666666666667,3.4131896309938092
2026-02-11 10:10:00,102,4.120566666666667,-2.328333333333333,3.326342846615488
2026-02-11 11:10:00,102,2.7932666666666663,-1.6875,3.2075080117633012
2026-02-11 12:10:00,102,3.419583333333333,-1.5691666666666668,3.185564518201519
2026-02-11 13:10:00,102,2.6949666666666663,-0.685,3.0333985722098435
2026-02-11 14:10:00,102,4.0402249999999995,-0.24083333333333332,2.9405453086621347
2026-02-11 15:10:00,102,2.838883333333333,-1.2258333333333333,3.12189748054339
2026-02-11 16:10:00,102,2.4920833333333334,-2.3741666666666665,3.3348420870795588
2026-02-11 17:10:00,102,2.6146416666666665,-2.8200000000000003,3.417516517048245
2026-02-11 18:10:00,102,2.6131916666666664,-3.0833333333333335,3.466348516805451
2026-02-11 19:10:00,102,4.02085,-3.6758333333333333,3.576220516259163
2026-02-11 20:10:00,102,3.559808333333333,-3.615,3.5649397061886696
2026-02-11 21:10:00,102,4.379191666666666,-3.519166666666667,3.547168567036522
2026-02-11 22:10:00,102,4.300241666666666,-4.254166666666667,3.683465477751254
2026-02-11 23:10:00,102,5.213866666666666,-4.088333333333334,3.6527136804357987
2026-02-12 00:10:00,103,3.4760833333333334,-3.75,3.630336700308502
2026-02-12 01:10:00,103,3.852383333333333,-3.7449999999999997,3.6294309178467654
2026-02-12 02:10:00,103,3.958766666666666,-3.735,3.6276193529232916
2026-02-12 03:10:00,103,3.842624999999999,-3.7750000000000004,3.6348656126171868
2026-02-12 04:10:00,103,4.085991666666666,-3.856666666666666,3.6496600594922217
2026-02-12 05:10:00,103,3.7427083333333333,-3.89,3.6556986092371346
2026-02-12 06:10:00,103,5.392691666666667,-3.894166666666667,3.6564534279552485
2026-02-12 07:10:00,103,3.388433333333333,-3.560833333333333,3.5960679305061243
2026-02-12 08:10:00,103,3.4083916666666663,-1.9900000000000002,3.418775247382167
2026-02-12 09:10:00,103,3.419625,-1.1849999999999998,3.253418657611259
2026-02-12 10:10:00,103,1.4337333333333333,-0.4025,3.148338242492846
2026-02-12 11:10:00,103,3.152833333333333,-0.2908333333333334,3.108541731761507
2026-02-12 12:10:00,103,2.9487083333333333,0.39916666666666667,3.0596969469990127
2026-02-12 13:10:00,103,2.233033333333333,-0.6391666666666667,3.3442802498194135
2026-02-12 14:10:00,103,2.2988833333333334,-1.1341666666666668,3.396031185320562
2026-02-12 15:10:00,103,4.103141666666667,-1.8291666666666664,3.600004531134259
2026-02-12 16:10:00,103,3.393816666666666,-3.0833333333333335,3.7953461791167262
2026-02-12 17:10:00,103,4.805408333333333,-3.9125,3.9994323641977654
2026-02-12 18:10:00,103,2.289191666666667,-4.508333333333333,4.0951739253833805
2026-02-12 19:10:00,103,3.6601166666666667,-5.245,4.289673964890964
2026-02-12 20:10:00,103,3.8564249999999998,-6.1625000000000005,4.49428849657017
2026-02-12 21:10:00,103,4.087733333333333,-7.1308333333333325,4.703066218447935
2026-02-12 22:10:00,103,3.9080333333333335,-7.875,4.740535084010782
2026-02-12 23:10:00,103,3.4459083333333327,-8.588333333333333,4.806234689722591
2026-02-13 00:10:00,104,4.807041666666667,-9.2925,4.974116347534153
2026-02-13 01:10:00,104,5.531616666666667,-9.943333333333333,4.892026083780647
2026-02-13 02:10:00,104,4.836916666666666,-9.351666666666667,4.99188452974017
2026-02-13 03:10:00,104,5.4183916666666665,-10.352500000000001,4.924659785161343
2026-02-13 04:10:00,104,5.3233500000000005,-10.906666666666666,4.986988131477295
2026-02-13 05:10:00,104,4.803108333333332,-11.838333333333333,5.137628372064909
2026-02-13 06:10:00,104,4.9913333333333325,-12.885,5.296096994330709
2026-02-13 07:10:00,104,5.628025,-10.674999999999999,5.081027790304887
2026-02-13 08:10:00,104,5.348916666666666,-7.546666666666667,4.780058725441398
2026-02-13 09:10:00,104,5.548291666666665,-5.995,4.521040348007745
2026-02-13 10:10:00,104,2.155866666666667,-4.021666666666667,4.163772633619912
2026-02-13 11:10:00,104,0.8782333333333332,-2.19,3.781205002750819
2026-02-13 12:10:00,104,2.490241666666667,-1.4016666666666666,3.570941715984777
2026-02-13 13:10:00,104,0.8633083333333333,-0.2166666666666667,3.3518049631414053
2026-02-13 14:10:00,104,1.7560833333333332,-0.9108333333333333,3.4467010829563316
2026-02-13 15:10:00,104,2.283541666666667,-2.286666666666666,3.658459406975251
2026-02-13 16:10:00,104,3.2109916666666667,-3.333333333333334,3.8769267196402604
2026-02-13 17:10:00,104,3.9592249999999996,-4.573333333333333,4.058749885741326
2026-02-13 18:10:00,104,3.5432,-5.7825,4.281834236261561
2026-02-13 19:10:00,104,3.5524916666666666,-6.918333333333334,4.3654543485469555
2026-02-13 20:10:00,104,3.1354249999999992,-7.908333333333334,4.515181299029972
2026-02-13 21:10:00,104,5.654425000000001,-8.189166666666667,4.710441244674103
2026-02-13 22:10:00,104,7.068083333333333,-8.036666666666667,4.724991978965151
2026-02-13 23:10:00,104,4.612166666666666,-8.574166666666667,4.7287940812731755
2026-02-14 00:10:00,105,6.328891666666666,-7.903333333333333,4.696977964330743
2026-02-14 01:10:00,105,4.150016666666667,-7.781666666666667,4.664337346858506
2026-02-14 02:10:00,105,5.836574999999999,-8.624166666666666,4.69954758509574
2026-02-14 03:10:00,105,5.798858333333334,-9.8425,4.930563704628695
2026-02-14 04:10:00,105,5.0464,-10.513333333333334,4.969147452881165
2026-02-14 05:10:00,105,4.672883333333334,-12.676666666666668,5.393899339696767
2026-02-14 06:10:00,105,6.269675,-14.564166666666665,5.75756612734761
2026-02-14 07:10:00,105,4.5353916666666665,-10.929166666666667,5.053524532998265
2026-02-14 08:10:00,105,5.6489,-5.240833333333334,4.036599258353023
2026-02-14 09:10:00,105,3.408208333333333,-3.8466666666666662,3.8306206169111534
2026-02-14 10:10:00,105,3.290058333333333,-1.241666666666667,3.2744338591286883
2026-02-14 11:10:00,105,1.9425833333333333,-0.2866666666666667,3.0895892670407594
2026-02-14 12:10:00,105,3.1104083333333334,-0.023333333333333307,3.0120634925342378
2026-02-14 13:10:00,105,2.9581166666666667,-0.08416666666666668,3.0799581890669794
2026-02-14 14:10:00,105,2.940941666666667,-0.7083333333333334,3.1543194934762893
2026-02-14 15:10:00,105,3.2429499999999996,-1.5550000000000004,3.2993779458815005
2026-02-14 16:10:00,105,3.54685,-2.8624999999999994,3.4848060781059553
2026-02-14 17:10:00,105,3.1203833333333333,-3.2225,3.595131278297756
2026-02-14 18:10:00,105,3.7694666666666663,-3.0283333333333338,3.587167301097717
2026-02-14 19:10:00,105,4.77515,-3.5283333333333338,3.646559400237793
2026-02-14 20:10:00,105,2.3582083333333332,-4.101666666666667,3.794880805701262
2026-02-14 21:10:00,105,3.59705,-5.338333333333334,4.1219489772332425
2026-02-14 22:10:00,105,4.429058333333334,-5.829166666666667,4.165796560276571
2026-02-14 23:10:00,105,4.738133333333334,-6.550833333333333,4.278525663803283
2026-02-15 00:10:00,106,4.7189,-7.1725,4.378006191797439
2026-02-15 01:10:00,106,4.985925,-8.2325,4.708582473541791
2026-02-15 02:10:00,106,5.294216666666666,-9.773333333333333,4.959973935075296
2026-02-15 03:10:00,106,4.354283333333333,-11.134166666666667,5.194776899286386
2026-02-15 04:10:00,106,4.454908333333333,-12.291666666666666,5.345046246370232
2026-02-15 05:10:00,106,4.80315,-12.834166666666668,5.457202630439482
2026-02-15 06:10:00,106,5.96435,-13.245833333333335,5.542310547075747
2026-02-15 07:10:00,106,4.855591666666665,-11.481666666666667,5.341687303986563
2026-02-15 08:10:00,106,3.8735166666666667,-8.574166666666667,4.773352550986958
2026-02-15 09:10:00,106,5.555183333333333,-7.023333333333333,4.479426850748691
2026-02-15 10:10:00,106,2.621766666666667,-4.676666666666667,4.009640877525401
2026-02-15 11:10:00,106,2.4191916666666664,-2.9858333333333325,3.615194191211998
2026-02-15 12:10:00,106,0.9313333333333333,-0.45,3.093354317245307
2026-02-15 13:10:00,106,1.6431749999999998,0.4208333333333334,2.8477125356680193
2026-02-15 14:10:00,106,0.8707250000000001,0.4083333333333332,2.754954918661291
2026-02-15 15:10:00,106,3.7911916666666667,-1.7966666666666669,3.1985923420050133
2026-02-15 16:10:00,106,3.6035166666666663,-3.5283333333333338,3.535967532228066
2026-02-15 17:10:00,106,4.561374999999999,-5.235833333333333,3.894551179469951
2026-02-15 18:10:00,106,4.726599999999999,-6.6575,4.180239314431378
2026-02-15 19:10:00,106,3.528083333333333,-8.370833333333334,4.534453639541019
2026-02-15 20:10:00,106,3.814216666666666,-9.852500000000001,4.840773226138754
2026-02-15 21:10:00,106,4.490591666666666,-10.9675,5.071288190631312
2026-02-15 22:10:00,106,4.837375,-12.09666666666667,5.304731970068843
2026-02-15 23:10:00,106,5.064691666666666,-13.615000000000002,5.618632018877095
2026-02-16 00:10:00,107,6.229541666666666,-14.795833333333334,5.842034694468454
2026-02-16 01:10:00,107,4.132216666666666,-15.348333333333334,5.959458096050558
2026-02-16 02:10:00,107,4.8140583333333336,-16.45,6.193596462402807
2026-02-16 03:10:00,107,6.177225,-17.115,6.334929606388506
2026-02-16 04:10:00,107,4.771858333333332,-17.629166666666666,6.44420598463309
2026-02-16 05:10:00,107,5.532750000000001,-17.263333333333335,6.366455044520656
2026-02-16 06:10:00,107,4.955708333333334,-16.7225,6.251511171780406
2026-02-16 07:10:00,107,6.412066666666668,-14.06916666666667,5.687595469461526
2026-02-16 08:10:00,107,4.485216666666666,-8.456666666666665,4.494764987326578
2026-02-16 09:10:00,107,4.061441666666667,-4.9675,3.8170227732418183
2026-02-16 10:10:00,107,1.3382916666666667,-1.2691666666666668,3.0721510574376185
2026-02-16 11:10:00,107,2.3721916666666667,1.1666666666666665,2.5825728582744207
2026-02-16 12:10:00,107,1.1329416666666665,3.0041666666666664,2.2056504750592234
2026-02-16 13:10:00,107,1.8876333333333335,3.7716666666666665,2.02795685846886
2026-02-16 14:10:00,107,2.125658333333333,3.2083333333333335,2.1333174562774504
2026-02-16 15:10:00,107,3.0984000000000003,2.0508333333333333,2.3256613232008347
2026-02-16 16:10:00,107,3.736508333333333,-0.48583333333333334,2.806543662859842
2026-02-16 17:10:00,107,3.3362916666666673,-3.2925,3.397219256400035
2026-02-16 18:10:00,107,3.3715999999999995,-4.889166666666667,3.7365604893281064
2026-02-16 19:10:00,107,3.708833333333333,-6.560833333333334,4.091841550525241
2026-02-16 20:10:00,107,4.528908333333333,-7.570833333333333,4.3064979045486345
2026-02-16 21:10:00,107,2.9629833333333333,-8.829166666666667,4.573932801062929
2026-02-16 22:10:00,107,4.922999999999999,-9.850833333333332,4.7910686839281755
2026-02-16 23:10:00,107,4.769433333333334,-10.601666666666667,4.950644075821804
2026-02-17 00:10:00,108,3.6829416666666663,-10.4675,4.9893680836706835
2026-02-17 01:10:00,108,4.254583333333334,-10.602500000000001,5.020111582478512
2026-02-17 02:10:00,108,4.546166666666666,-10.063333333333333,4.8973273619311986
2026-02-17 03:10:00,108,5.907524999999999,-9.721666666666666,4.819519741491635
2026-02-17 04:10:00,108,4.682358333333333,-9.64,4.800921822459739
2026-02-17 05:10:00,108,3.628058333333333,-10.926666666666668,5.093933934554098
2026-02-17 06:10:00,108,5.156624999999999,-11.991666666666667,5.341940484388558
2026-02-17 07:10:00,108,4.865041666666666,-9.246666666666668,4.713851111803748
2026-02-17 08:10:00,108,3.8354833333333334,-4.084166666666667,3.5677484647736373
2026-02-17 09:10:00,108,3.775058333333333,-0.7866666666666666,2.9026260714614636
2026-02-17 10:10:00,108,1.3350416666666667,1.25,2.471209493756987
2026-02-17 11:10:00,108,2.208241666666667,2.9675,2.063240261336439
2026-02-17 12:10:00,108,1.5570583333333334,2.5641666666666665,2.1601122434996496
2026-02-17 13:10:00,108,3.3152333333333335,1.8200000000000003,2.287769335638351
2026-02-17 14:10:00,108,3.3912166666666663,1.7358333333333331,2.25479291546779
2026-02-17 15:10:00,108,3.5274333333333328,1.6066666666666671,2.2864462141547515
2026-02-17 16:10:00,108,3.5682333333333336,1.1300000000000001,2.3512883270857023
2026-02-17 17:10:00,108,3.8901416666666675,0.42999999999999994,2.510118248382995
2026-02-17 18:10:00,108,2.90945,0.1575,2.5797229487957725
2026-02-17 19:10:00,108,2.692508333333333,0.21666666666666667,2.595913998444444
2026-02-17 20:10:00,108,2.5758083333333333,0.6858333333333332,2.5640794505988773
2026-02-17 21:10:00,108,3.3541166666666666,0.07833333333333332,2.677857369592508
2026-02-17 22:10:00,108,4.232725,0.12083333333333336,2.6477032125087097
2026-02-17 23:10:00,108,4.218641666666667,-0.036666666666666674,2.673283325838651
2026-02-18 00:10:00,109,2.8635333333333333,-0.9900000000000001,2.892171109483961
2026-02-18 01:10:00,109,4.284833333333333,-3.0875,3.3522418127634297
2026-02-18 02:10:00,109,3.4199166666666665,-2.9525,3.3222095542927566
2026-02-18 03:10:00,109,4.08295,-2.5041666666666664,3.273039389550502
2026-02-18 04:10:00,109,3.5602166666666664,-1.4016666666666666,3.2456884716941747
2026-02-18 05:10:00,109,4.340224999999999,-2.1658333333333335,3.3752260657874027
2026-02-18 06:10:00,109,3.7146083333333326,-2.4766666666666666,3.4654102277268506
2026-02-18 07:10:00,109,4.235025000000001,-1.8991666666666667,3.3084572609817933
2026-02-18 08:10:00,109,2.453958333333333,-0.07833333333333344,2.9105517537113967
2026-02-18 09:10:00,109,4.392233333333333,0.7308333333333333,2.7099615092908804
2026-02-18 10:10:00,109,1.0196,1.9308333333333332,2.44660280479192
2026-02-18 11:10:00,109,0.0,2.1675,2.3846353769375828
2026-02-18 12:10:00,109,1.328825,3.388333333333333,2.080576842531281
2026-02-18 13:10:00,109,1.1105333333333334,3.5033333333333334,2.0318307389341634
2026-02-18 14:10:00,109,2.2629916666666667,1.8808333333333334,2.377350178649496
2026-02-18 15:10:00,109,2.9158416666666667,0.7391666666666666,2.6293843177359415
2026-02-18 16:10:00,109,3.3009583333333334,-0.9899999999999999,2.9532162101450345
2026-02-18 17:10:00,109,3.6543916666666663,-2.4208333333333334,3.2980580967444117
2026-02-18 18:10:00,109,3.485908333333333,-2.894166666666667,3.415264806318621
2026-02-18 19:10:00,109,3.558225,-3.3850000000000002,3.535683762435206
2026-02-18 20:10:00,109,5.818633333333333,-3.9683333333333333,3.68864390848161
2026-02-18 21:10:00,109,3.3752749999999994,-4.639166666666667,3.81703292274197
2026-02-18 22:10:00,109,5.187591666666666,-5.453333333333333,3.917949486134272
2026-02-18 23:10:00,109,3.7020833333333334,-5.949166666666667,4.000283622109117
2026-02-19 00:10:00,110,3.8143083333333334,-6.565,4.182020924682076
2026-02-19 01:10:00,110,4.988949999999999,-5.788333333333334,4.008331090880087
2026-02-19 02:10:00,110,3.586333333333333,-7.199999999999999,4.294625422109145
2026-02-19 03:10:00,110,4.2778833333333335,-8.083333333333334,4.531318779531225
2026-02-19 04:10:00,110,5.8576999999999995,-8.934166666666666,4.7150431185072295
2026-02-19 05:10:00,110,4.109291666666667,-11.209166666666667,5.188853423026444
2026-02-19 06:10:00,110,5.8652,-12.815,5.553695800608212
2026-02-19 07:10:00,110,4.160191666666667,-8.495833333333334,4.580235323555286
2026-02-19 08:10:00,110,4.568575,-4.2825,3.7641823305661624
2026-02-19 09:10:00,110,3.9715,-2.9266666666666663,3.4947031310621086
2026-02-19 10:10:00,110,1.1893833333333332,-0.5408333333333334,2.9560771889593256
2026-02-19 11:10:00,110,1.1324333333333332,0.75,2.727613126113218
2026-02-19 12:10:00,110,1.853375,2.0083333333333333,2.398097438052827
2026-02-19 13:10:00,110,2.35565,2.8008333333333333,2.1783439218636005
2026-02-19 14:10:00,110,2.221375,2.3558333333333334,2.2921048835954028
2026-02-19 15:10:00,110,2.9995333333333334,1.1583333333333332,2.560415943822136
2026-02-19 16:10:00,110,2.1479166666666667,-0.6241666666666666,2.876328341951649
2026-02-19 17:10:00,110,1.054425,-2.991666666666667,3.321852548437026
2026-02-19 18:10:00,110,3.4331750000000003,-4.163333333333333,3.5880530584940913
2026-02-19 19:10:00,110,2.3044833333333337,-5.758333333333333,3.950434122682728
2026-02-19 20:10:00,110,4.399,-7.490833333333334,4.344054933784179
2026-02-19 21:10:00,110,3.7301750000000005,-8.943333333333333,4.674060260263172
2026-02-19 22:10:00,110,3.6958333333333333,-10.44,5.01410017211416
2026-02-19 23:10:00,110,3.7984999999999998,-11.759166666666667,5.3138124106776985
2026-02-20 00:10:00,111,4.618658333333333,-12.655833333333334,5.354599152360885
2026-02-20 01:10:00,111,4.008783333333334,-13.455,5.514844199071906
2026-02-20 02:10:00,111,3.3808166666666666,-14.420833333333334,5.7085084421772985
2026-02-20 03:10:00,111,4.480975,-15.180833333333332,5.860899977735641
2026-02-20 04:10:00,111,5.500808333333333,-16.055833333333336,6.036350758806101
2026-02-20 05:10:00,111,4.1214916666666666,-16.838333333333335,6.1932538858776836
2026-02-20 06:10:00,111,4.365975000000001,-16.731666666666666,6.171865600185284
2026-02-20 07:10:00,111,4.901008333333333,-12.486666666666666,5.320678668020596
2026-02-20 08:10:00,111,5.86025,-6.088333333333334,3.9974808914558078
2026-02-20 09:10:00,111,2.899316666666667,-3.5825,3.397664897598631
2026-02-20 10:10:00,111,2.441125,-1.43,2.9855406513843676
2026-02-20 11:10:00,111,1.4330833333333333,-0.18999999999999997,2.741654421308475
2026-02-20 12:10:00,111,1.4623583333333332,0.8458333333333332,2.552627413466874
2026-02-20 13:10:00,111,3.8984749999999995,1.2916666666666667,2.498134508002441
2026-02-20 14:10:00,111,1.9332166666666666,1.0358333333333332,2.5310289977467075
2026-02-20 15:10:00,111,2.209533333333334,0.02416666666666668,2.7410367577583648
2026-02-20 16:10:00,111,3.7489833333333333,-1.4908333333333335,3.053691583617888
2026-02-20 17:10:00,111,4.07095,-2.670833333333334,3.2421458784116313
2026-02-20 18:10:00,111,3.1342749999999997,-3.5833333333333326,3.40354304820675
2026-02-20 19:10:00,111,3.7984166666666663,-4.480833333333333,3.5982119603861986
2026-02-20 20:10:00,111,2.248091666666667,-5.357500000000001,3.767998880405651
2026-02-20 21:10:00,111,5.224983333333332,-6.041666666666667,3.934834110132721
2026-02-20 22:10:00,111,5.673283333333333,-7.0375000000000005,4.139839534068832
2026-02-20 23:10:00,111,4.1269,-8.021666666666667,4.328248207040958
2026-02-21 00:10:00,112,4.469391666666667,-9.056666666666667,4.378940456249737
2026-02-21 01:10:00,112,5.81315,-9.865833333333333,4.498868977442119
2026-02-21 02:10:00,112,3.5155416666666666,-10.604999999999999,4.661858648102119
2026-02-21 03:10:00,112,5.508308333333333,-11.19,4.800796004806249
2026-02-21 04:10:00,112,5.618566666666667,-11.578333333333333,4.879926298466232
2026-02-21 05:10:00,112,3.6036666666666672,-12.971666666666666,5.1262315466376265
2026-02-21 06:10:00,112,5.9035666666666655,-13.7725,5.296085428467118
2026-02-21 07:10:00,112,4.7532749999999995,-10.625,4.700818773847957
2026-02-21 08:10:00,112,5.77805,-8.370833333333334,4.249510447858374
2026-02-21 09:10:00,112,3.453708333333333,-7.075,4.048282777177045
2026-02-21 10:10:00,112,2.83605,-4.1258333333333335,3.558931553426295
2026-02-21 11:10:00,112,0.0,-3.689166666666667,3.4212121232324537
2026-02-21 12:10:00,112,1.9207416666666668,-2.608333333333334,3.2369233802121102
2026-02-21 13:10:00,112,2.404816666666667,-0.9058333333333333,2.9964732620460786
2026-02-21 14:10:00,112,1.076125,-0.49499999999999994,2.945902486518601
2026-02-21 15:10:00,112,2.240158333333333,-1.63,3.170979436948838
2026-02-21 16:10:00,112,2.8714999999999997,-2.9250000000000003,3.413036417086977
2026-02-21 17:10:00,112,2.891641666666666,-4.546666666666667,3.696445089420343
2026-02-21 18:10:00,112,3.1608499999999995,-6.009999999999999,3.952182822522804
2026-02-21 19:10:00,112,4.316841666666666,-7.584166666666667,4.227290213086899
2026-02-21 20:10:00,112,3.470366666666666,-8.6075,4.4061318624319
2026-02-21 21:10:00,112,2.999533333333333,-9.615,4.557590871166016
2026-02-21 22:10:00,112,4.633158333333332,-10.365,4.709130657375714
2026-02-21 23:10:00,112,3.3532583333333337,-11.399166666666668,4.894014212029422
2026-02-22 00:10:00,113,5.909275,-11.935,4.907031244944134
2026-02-22 01:10:00,113,5.918991666666666,-12.547500000000001,5.01717471246728
2026-02-22 02:10:00,113,4.96185,-13.221666666666666,5.140220241706695
2026-02-22 03:10:00,113,4.640583333333333,-14.5375,5.378695258473587
2026-02-22 04:10:00,113,5.4911166666666675,-15.39,5.533198071743081
2026-02-22 05:10:00,113,5.623383333333332,-15.94,5.632877306110496
2026-02-22 06:10:00,113,5.138233333333333,-15.443333333333333,5.542863936893861
2026-02-22 07:10:00,113,6.0282083333333345,-11.550833333333332,4.837406810029925
2026-02-22 08:10:00,113,3.7298500000000003,-5.1775,3.680772165706114
2026-02-22 09:10:00,113,5.5483,-2.254166666666667,3.1411519271219337
2026-02-22 10:10:00,113,0.9204083333333334,0.365,2.669794405420261
2026-02-22 11:10:00,113,1.8377833333333333,1.4658333333333335,2.4694091311893915
2026-02-22 12:10:00,113,0.9407166666666666,2.9825,2.1946761185071493
2026-02-22 13:10:00,113,0.9513333333333333,3.3674999999999997,2.123247958454221
2026-02-22 14:10:00,113,0.9226249999999999,2.815,2.2233286550796043
2026-02-22 15:10:00,113,1.8183833333333328,1.7258333333333333,2.42293459463747
2026-02-22 16:10:00,113,2.9546250000000005,0.03750000000000007,2.7344265900657168
2026-02-22 17:10:00,113,4.878333333333333,-3.045833333333333,3.296003376766527
2026-02-22 18:10:00,113,3.1245583333333338,-4.389166666666667,3.5394623552517905
2026-02-22 19:10:00,113,4.198625,-5.694166666666667,3.7759739931599308
2026-02-22 20:10:00,113,4.663041666666667,-6.773333333333333,3.971556733320239
2026-02-22 21:10:00,113,3.2762416666666665,-7.555833333333333,4.113373098579334
2026-02-22 22:10:00,113,4.4319083333333325,-8.463333333333333,4.277843835285569
2026-02-22 23:10:00,113,4.582725,-9.5325,4.471614225730106
2026-02-23 00:10:00,114,2.9816749999999996,-9.93,4.544160078498202
2026-02-23 01:10:00,114,4.803850000000001,-10.133333333333333,4.584361279278439
2026-02-23 02:10:00,114,4.0005749999999995,-10.1525,4.587263120550166
2026-02-23 03:10:00,114,4.278091666666667,-9.11,4.398456781927873
2026-02-23 04:10:00,114,5.099975,-8.435,4.320801315778488
2026-02-23 05:10:00,114,3.9041416666666664,-8.694166666666666,4.351842033217897
2026-02-23 06:10:00,114,4.361549999999999,-8.291666666666666,4.272100796745334
2026-02-23 07:10:00,114,4.233258333333333,-7.458333333333333,4.114335845717909
2026-02-23 08:10:00,114,4.561033333333333,-6.7075,3.991852744172559
2026-02-23 09:10:00,114,3.9620249999999997,-6.084166666666667,3.8620537101732473
2026-02-23 10:10:00,114,5.2141,-5.514166666666667,3.748625410267325
2026-02-23 11:10:00,114,2.528766666666667,-5.538333333333333,3.7484288700733477
2026-02-23 12:10:00,114,4.327641666666667,-5.2491666666666665,3.6854647813585095
2026-02-23 13:10:00,114,4.127199999999999,-5.015,3.6357592228270934
2026-02-23 14:10:00,114,4.8709,-4.744166666666666,3.5904641889632627
2026-02-23 15:10:00,114,4.74405,-4.5975,3.5622844833672844
2026-02-23 16:10:00,114,5.646191666666667,-4.9941666666666675,3.64036817614761
2026-02-23 17:10:00,114,4.207883333333332,-5.38,3.6996689889624834
2026-02-23 18:10:00,114,3.563875,-5.605833333333333,3.7422487097056396
2026-02-23 19:10:00,114,1.9623000000000002,-5.730833333333333,3.763701493347081
2026-02-23 20:10:00,114,4.6324250000000005,-5.639166666666667,3.7493171511018644
2026-02-23 21:10:00,114,2.768825,-5.555833333333333,3.7364520738902427
2026-02-23 22:10:00,114,4.255566666666666,-5.698333333333333,3.7677815802336188
2026-02-23 23:10:00,114,4.769491666666666,-5.7316666666666665,3.7687568449754663
2026-02-24 00:10:00,115,5.274575,-5.801666666666667,3.822754464692218
2026-02-24 01:10:00,115,5.0115083333333335,-5.6258333333333335,3.7810800922890464
2026-02-24 02:10:00,115,3.2485166666666663,-5.5325,3.752496676205751
2026-02-24 03:10:00,115,5.192383333333333,-5.685,3.7739704434973116
2026-02-24 04:10:00,115,4.5633333333333335,-5.926666666666667,3.8728883253501984
2026-02-24 05:10:00,115,4.762416666666667,-6.32,3.9383513800280854
2026-02-24 06:10:00,115,4.077716666666666,-6.394166666666667,3.958347624762094
2026-02-24 07:10:00,115,4.965366666666666,-5.865000000000001,3.8760366929864714
2026-02-24 08:10:00,115,4.175291666666667,-3.4683333333333333,3.4383627563507724
2026-02-24 09:10:00,115,2.6397749999999998,-2.579166666666667,3.2992791170754603
2026-02-24 10:10:00,115,3.6017666666666663,-2.3000000000000003,3.2620059339339083
2026-02-24 11:10:00,115,2.186625,-2.5216666666666665,3.299763468384686
2026-02-24 12:10:00,115,4.1453500000000005,-1.1725,3.04362386664579
2026-02-24 13:10:00,115,2.444933333333333,-1.4991666666666668,3.123184945165823
2026-02-24 14:10:00,115,2.5811333333333333,-2.033333333333333,3.204567952804214
2026-02-24 15:10:00,115,4.4162583333333325,-3.1075,3.3823044244444493
2026-02-24 16:10:00,115,3.419083333333333,-4.260833333333334,3.558858177893378
2026-02-24 17:10:00,115,4.210333333333333,-5.6575,3.8298891714367653
2026-02-24 18:10:00,115,4.070566666666667,-7.148333333333333,4.153065883613918
2026-02-24 19:10:00,115,2.3103499999999997,-8.393333333333333,4.395247770126038
2026-02-24 20:10:00,115,5.878549999999999,-9.490833333333333,4.617266742071502
2026-02-24 21:10:00,115,5.970433333333333,-10.430833333333334,4.762565719574345
2026-02-24 22:10:00,115,6.056508333333333,-11.375,4.869152855682364
2026-02-24 23:10:00,115,5.103291666666666,-11.725833333333332,4.957714402943828
2026-02-25 00:10:00,116,5.8069749999999996,-12.849166666666667,5.011043383877838
2026-02-25 01:10:00,116,6.675566666666666,-14.16666666666667,5.252352769226856
2026-02-25 02:10:00,116,4.010716666666667,-14.906666666666666,5.3949379017071
2026-02-25 03:10:00,116,4.681274999999999,-15.055000000000001,5.47302648077265
2026-02-25 04:10:00,116,6.4791,-16.213333333333335,5.628666060842702
2026-02-25 05:10:00,116,4.789516666666667,-16.828333333333333,5.748207661634024
2026-02-25 06:10:00,116,6.508716666666667,-15.675833333333332,5.528843438401582
2026-02-25 07:10:00,116,5.201491666666667,-13.389166666666668,5.104171692698586
2026-02-25 08:10:00,116,7.16495,-11.38,4.753101593861586
2026-02-25 09:10:00,116,6.1786166666666675,-10.231666666666667,4.6325045280503545
2026-02-25 10:10:00,116,3.817866666666666,-9.5925,4.626854212518419
2026-02-25 11:10:00,116,4.573716666666666,-8.7075,4.425095690288239
2026-02-25 12:10:00,116,4.801525,-6.8425,4.066599514977401
2026-02-25 13:10:00,116,3.8683916666666662,-5.269166666666667,3.77383458297306
2026-02-25 14:10:00,116,3.6267333333333327,-4.865833333333334,3.614910253936542
2026-02-25 15:10:00,116,4.211158333333333,-4.88,3.5341080210779805
2026-02-25 16:10:00,116,3.504341666666667,-5.1625000000000005,3.5763438962044205
2026-02-25 17:10:00,116,5.568091666666667,-5.411666666666666,3.622618259165498
2026-02-25 18:10:00,116,3.085008333333333,-5.420833333333333,3.624320660478447
2026-02-25 19:10:00,116,2.9318666666666666,-5.39,3.6185944015167086
2026-02-25 20:10:00,116,3.8138916666666662,-5.39,3.6185944015167086
2026-02-25 21:10:00,116,2.4603916666666668,-5.524166666666666,3.643511366188058
2026-02-25 22:10:00,116,4.019916666666667,-6.885833333333334,3.896395343038895
2026-02-25 23:10:00,116,3.7977999999999996,-7.801666666666667,4.071631452287033
2026-02-26 00:10:00,117,5.52055,-8.088333333333333,4.154357318200324
2026-02-26 01:10:00,117,4.586516666666666,-7.736666666666667,4.089396765939872
2026-02-26 02:10:00,117,4.532775,-8.020000000000001,4.1417346516473454
2026-02-26 03:10:00,117,5.492333333333333,-6.881666666666667,3.9323182534920242
2026-02-26 04:10:00,117,3.9075999999999995,-6.921666666666667,3.9388483770519076
2026-02-26 05:10:00,117,4.2753,-6.550833333333333,3.875028144202232
2026-02-26 06:10:00,117,5.115075,-6.134166666666666,3.7933798417767264
2026-02-26 07:10:00,117,4.154083333333333,-5.041666666666667,3.5959801822492703
2026-02-26 08:10:00,117,2.7996666666666665,-1.0183333333333333,2.8867284575185663
2026-02-26 09:10:00,117,3.6030583333333337,0.5966666666666667,2.670368524739358
2026-02-26 10:10:00,117,1.5553,2.355,2.4119682829170688
2026-02-26 11:10:00,117,1.1765416666666666,2.879166666666667,2.3489434067551827
2026-02-26 12:10:00,117,1.8692999999999997,2.2775,2.4679260462982113
2026-02-26 13:10:00,117,0.9868999999999999,1.9991666666666663,2.470882343889079
2026-02-26 14:10:00,117,0.977125,1.4083333333333332,2.5883174215416638
2026-02-26 15:10:00,117,2.348225,-0.09333333333333334,2.8569930548957143
2026-02-26 16:10:00,117,1.928783333333333,-1.055,2.9994364725255473
2026-02-26 17:10:00,117,4.5134,-2.7224999999999997,3.234560067689649
2026-02-26 18:10:00,117,2.5157333333333334,-3.8425,3.3887990443562406
2026-02-26 19:10:00,117,3.8204166666666666,-5.013333333333333,3.649164781241275
2026-02-26 20:10:00,117,3.8714666666666666,-6.528333333333333,3.8823472442444595
2026-02-26 21:10:00,117,4.945341666666667,-8.487499999999999,4.228092163064675
2026-02-26 22:10:00,117,4.5028749999999995,-8.778333333333334,4.365001791479605
2026-02-26 23:10:00,117,3.337008333333333,-8.08,4.235718416869807
2026-02-27 00:10:00,118,4.586941666666666,-9.230833333333333,4.528072278487542
2026-02-27 01:10:00,118,5.473491666666667,-10.194166666666666,4.696005567827544
2026-02-27 02:10:00,118,3.2791250000000005,-10.828333333333333,4.781381425497891
2026-02-27 03:10:00,118,5.023499999999999,-11.068333333333333,4.889038089497294
2026-02-27 04:10:00,118,5.5509,-11.397499999999999,4.935480544882902
2026-02-27 05:10:00,118,4.298916666666667,-12.134166666666667,5.0502700341939475
2026-02-27 06:10:00,118,5.606625,-12.411666666666667,5.096735815774935
2026-02-27 07:10:00,118,5.514658333333334,-8.254166666666666,4.297857862540406
2026-02-27 08:10:00,118,3.870933333333333,-6.634166666666666,4.019637146204192
2026-02-27 09:10:00,118,4.919949999999999,-5.5275,3.8332411946389486
2026-02-27 10:10:00,118,2.3813833333333334,-3.7691666666666666,3.4851296891231436
2026-02-27 11:10:00,118,2.131866666666667,-1.8049999999999997,3.093354457859444
2026-02-27 12:10:00,118,1.4566916666666665,-0.4716666666666667,2.820009635630878
2026-02-27 13:10:00,118,1.6997083333333334,0.14916666666666667,2.693071063466534
2026-02-27 14:10:00,118,2.818183333333333,0.009166666666666675,2.716332811496821
2026-02-27 15:10:00,118,2.048775,-1.1258333333333332,2.9251009560003745
2026-02-27 16:10:00,118,3.801166666666666,-1.7916666666666667,3.03307451214546
2026-02-27 17:10:00,118,4.009483333333334,-3.500833333333333,3.3601528344975646
2026-02-27 18:10:00,118,2.6868916666666665,-4.685,3.586982306160487
2026-02-27 19:10:00,118,3.5891249999999997,-5.199166666666667,3.6860528658127403
2026-02-27 20:10:00,118,2.521258333333333,-6.513333333333333,3.9392688667391633
2026-02-27 21:10:00,118,2.5609749999999996,-6.415833333333334,3.920482391083874
2026-02-27 22:10:00,118,4.618266666666667,-7.5275,4.134680327187772
2026-02-27 23:10:00,118,5.220066666666667,-9.6575,4.54509256458025
2026-02-28 00:10:00,119,4.29945,-10.968333333333334,4.769045649366294
2026-02-28 01:10:00,119,5.306091666666667,-12.278333333333334,5.050374886077557
2026-02-28 02:10:00,119,5.438749999999999,-12.805,5.163479261142135
2026-02-28 03:10:00,119,4.544016666666666,-12.0875,5.0093924463785235
2026-02-28 04:10:00,119,5.867683333333334,-9.7575,4.52034319199543
2026-02-28 05:10:00,119,3.616575,-7.403333333333333,4.004651566417584
2026-02-28 06:10:00,119,4.790366666666666,-4.449166666666667,3.4049918199488713
2026-02-28 07:10:00,119,3.3334833333333327,-3.0124999999999997,3.17871541972884
2026-02-28 08:10:00,119,3.7525333333333335,-1.5133333333333336,2.930796238596074
2026-02-28 09:10:00,119,3.9234916666666666,1.3949999999999998,2.335421032716319
2026-02-28 10:10:00,119,2.391883333333333,3.7875,1.7748255674285434
2026-02-28 11:10:00,119,3.0108083333333338,6.203333333333333,1.3299136511735778
2026-02-28 12:10:00,119,1.6967249999999996,7.178333333333334,1.134157603141524
2026-02-28 13:10:00,119,1.0232666666666668,7.801666666666667,0.9856291875622506
2026-02-28 14:10:00,119,3.0233999999999996,4.749166666666667,1.6652714544559444
2026-02-28 15:10:00,119,2.337125,4.291666666666667,1.684813806511711
2026-02-28 16:10:00,119,1.5218999999999998,4.800833333333333,1.5499380347740686
2026-02-28 17:10:00,119,2.745833333333333,3.57,1.7522294324285155
2026-02-28 18:10:00,119,2.447183333333333,1.7625,2.158234720542064
2026-02-28 19:10:00,119,1.2620583333333333,1.2541666666666667,2.2725218905081093
2026-02-28 20:10:00,119,2.1349249999999995,1.0933333333333335,2.272681898886434
2026-02-28 21:10:00,119,2.507525,0.3241666666666667,2.3881900928972195
2026-02-28 22:10:00,119,4.188375,-0.385,2.4970944288338215
