t,day,actual,T_o,pred
2025-11-07 00:00:00,6,2.906125,1.2950000000000002,2.3411780090532917
2025-11-07 01:00:00,6,1.960775,1.255,2.1497658733045437
2025-11-07 02:00:00,6,3.7670083333333326,0.7824999999999999,2.129833745372227
2025-11-07 03:00:00,6,1.795,0.7116666666666666,2.3422191729949615
2025-11-07 04:00:00,6,2.2236749999999996,0.3741666666666667,2.688831188298205
2025-11-07 05:00:00,6,3.8073499999999996,-0.4716666666666667,2.7704263645584954
2025-11-07 06:00:00,6,1.9930750000000002,-0.9491666666666667,2.8192415859735265
2025-11-07 07:00:00,6,2.9094083333333334,-0.7466666666666666,2.8710729151203607
2025-11-07 08:00:00,6,1.7210833333333333,0.17166666666666672,2.8393587103845874
2025-11-07 09:00:00,6,2.0959166666666667,1.2316666666666667,2.4144579458575066
2025-11-07 10:00:00,6,4.137775,1.7858333333333334,2.0954273063893227
2025-11-07 11:00:00,6,1.7563333333333333,2.2358333333333333,1.9505334073463163
2025-11-07 12:00:00,6,1.6692666666666667,2.5316666666666667,1.8542296204319944
2025-11-07 13:00:00,6,1.0320416666666665,3.5508333333333333,1.6143265154276383
2025-11-07 14:00:00,6,2.80025,3.2583333333333333,1.6183550093347914
2025-11-07 15:00:00,6,1.8244583333333333,2.6808333333333327,1.7341609767459762
2025-11-07 16:00:00,6,2.9484916666666665,1.5233333333333334,1.9787084666376167
2025-11-07 17:00:00,6,1.7645749999999998,1.175,2.0157466656309864
2025-11-07 18:00:00,6,1.6675416666666667,0.7216666666666667,2.092493564682893
2025-11-07 19:00:00,6,3.3366416666666665,0.36166666666666675,2.1653359624527773
2025-11-07 20:00:00,6,1.3192416666666666,-0.755,2.404747824363106
2025-11-07 21:00:00,6,2.121825,-1.2633333333333334,2.5129715395358287
2025-11-07 22:00:00,6,2.0421083333333336,-0.7683333333333334,2.413368602629565
2025-11-07 23:00:00,6,3.2063416666666664,-0.18999999999999997,2.282726328048818
2025-11-08 00:00:00,7,2.819375,0.0,2.3341863182117812
2025-11-08 01:00:00,7,1.7947749999999998,0.0,2.3341863182117812
2025-11-08 02:00:00,7,1.7756083333333332,0.0,2.3341863182117812
2025-11-08 03:00:00,7,2.548058333333333,0.009166666666666667,2.3322603461904245
2025-11-08 04:00:00,7,1.6842666666666666,0.005,2.3331357880183137
2025-11-08 05:00:00,7,2.5974166666666667,0.07916666666666665,2.3175529234818812
2025-11-08 06:00:00,7,2.986683333333333,0.14833333333333334,2.3030205891389164
2025-11-08 07:00:00,7,0.254475,0.48583333333333334,2.2481463363299694
2025-11-08 08:00:00,7,1.31145,4.471666666666667,1.4645296519159836
2025-11-08 09:00:00,7,2.497533333333333,7.88,0.7217779907169687
2025-11-08 10:00:00,7,0.110125,9.601666666666667,0.3368479399161215
2025-11-08 11:00:00,7,1.8747083333333332,7.800833333333333,0.7983550173089566
2025-11-08 12:00:00,7,0.6566666666666666,9.166666666666666,0.5226371208786914
2025-11-08 13:00:00,7,0.0,9.675833333333333,0.41834998505290066
2025-11-08 14:00:00,7,0.26795,8.443333333333333,0.6391514741784903
2025-11-08 15:00:00,7,1.3845750000000001,5.921666666666667,1.2440277712728438
2025-11-08 16:00:00,7,1.1183416666666666,3.9166666666666665,1.6675507519193251
2025-11-08 17:00:00,7,1.1280583333333334,2.6391666666666667,1.8287387931316084
2025-11-08 18:00:00,7,1.0920916666666667,1.4574999999999998,2.0684418295308844
2025-11-08 19:00:00,7,2.0578916666666665,0.1791666666666666,2.2965423196125343
2025-11-08 20:00:00,7,1.1522999999999999,-0.505,2.4402898677519844
2025-11-08 21:00:00,7,1.054275,-1.8324999999999996,2.7192056341175674
2025-11-08 22:00:00,7,2.320766666666666,-2.3383333333333334,2.825484272023348
2025-11-08 23:00:00,7,2.8879083333333333,-2.366666666666667,2.8828186030808256
2025-11-09 00:00:00,8,1.4963250000000001,-2.245833333333333,2.66568235573111
2025-11-09 01:00:00,8,1.4729999999999999,-2.559166666666667,2.6573646435832257
2025-11-09 02:00:00,8,3.942825,-1.7266666666666666,2.5314458052313427
2025-11-09 03:00:00,8,1.3976416666666667,-2.1533333333333338,2.58097055026266
2025-11-09 04:00:00,8,3.563391666666667,-1.8283333333333331,2.5718615341577893
2025-11-09 05:00:00,8,2.6378,-2.0558333333333336,2.5626171438591565
2025-11-09 06:00:00,8,2.1279166666666667,-2.0749999999999997,2.566225078451298
2025-11-09 07:00:00,8,2.742233333333333,-0.9958333333333335,2.3630826742415794
2025-11-09 08:00:00,8,1.5805749999999998,0.9950000000000001,2.012664210764255
2025-11-09 09:00:00,8,1.8436749999999997,1.9308333333333334,1.8778841772569281
2025-11-09 10:00:00,8,2.6741416666666664,2.4199999999999995,1.778602202081173
2025-11-09 11:00:00,8,1.8453583333333332,2.5508333333333333,1.796761899571585
2025-11-09 12:00:00,8,1.797,2.3558333333333334,1.8066119191426104
2025-11-09 13:00:00,8,1.6867916666666667,2.2025,1.8326166743522259
2025-11-09 14:00:00,8,5.57335,2.0241666666666664,1.8613659387162191
2025-11-09 15:00:00,8,4.310616666666666,1.5650000000000002,1.914965676104341
2025-11-09 16:00:00,8,3.582808333333333,0.4591666666666667,2.0956763916873227
2025-11-09 17:00:00,8,2.9641083333333333,0.027499999999999997,2.178678017421679
2025-11-09 18:00:00,8,0.0,0.005,2.174685741843223
2025-11-09 19:00:00,8,1.5781916666666669,0.08333333333333333,2.1680019552098067
2025-11-09 20:00:00,8,1.4786500000000002,0.2125,2.2293879443563314
2025-11-09 21:00:00,8,1.3901083333333333,0.445,2.174801098400054
2025-11-09 22:00:00,8,1.35905,0.4766666666666666,2.113783834038128
2025-11-12 00:00:00,11,3.2982916666666666,-2.4708333333333337,2.973210047710683
2025-11-12 01:00:00,11,3.3517833333333327,-2.3558333333333334,3.1517446835856857
2025-11-12 02:00:00,11,3.859058333333333,-1.6491666666666667,2.9435342692109785
2025-11-12 03:00:00,11,2.73145,-1.3283333333333334,2.764705224476756
2025-11-12 04:00:00,11,4.554366666666667,-0.9774999999999999,2.7843320556496014
2025-11-12 05:00:00,11,2.138316666666667,-0.5925,2.796256537339523
2025-11-12 06:00:00,11,2.684583333333333,-0.25833333333333336,2.7032022671891975
2025-11-12 07:00:00,11,4.5991,0.00416666666666667,2.7022946780617056
2025-11-12 08:00:00,11,1.7989416666666669,0.5825,2.4580856489863465
2025-11-12 09:00:00,11,3.3118416666666666,1.5575000000000003,2.2799229272062083
2025-11-12 10:00:00,11,0.21005833333333332,2.6199999999999997,1.9983210275830083
2025-11-12 11:00:00,11,2.84455,4.3125,1.7022955548847865
2025-11-12 12:00:00,11,1.7042833333333334,5.283333333333333,1.51589416259347
2025-11-12 13:00:00,11,0.0,5.273333333333333,1.4345487679970892
2025-11-12 14:00:00,11,1.611225,3.8433333333333337,1.6515242352814314
2025-11-12 15:00:00,11,2.1713916666666666,2.8891666666666667,1.6697350906374042
2025-11-12 16:00:00,11,1.9070916666666664,1.75,1.8702221953657439
2025-11-12 17:00:00,11,1.0436166666666666,0.4808333333333333,2.100038953158328
2025-11-12 18:00:00,11,2.8365249999999995,-0.1575,2.2156263704066004
2025-11-12 19:00:00,11,1.9808,-0.8983333333333333,2.3497741692756793
2025-11-12 20:00:00,11,2.4418666666666664,-0.9900000000000001,2.366372884546319
2025-11-12 21:00:00,11,3.0444999999999998,-0.8291666666666667,2.337249684116924
2025-11-12 22:00:00,11,1.4244833333333333,-0.935,2.356413655383935
2025-11-12 23:00:00,11,2.41415,-0.9266666666666669,2.3549046812684225
2025-11-13 00:00:00,12,3.3249999999999997,-0.8208333333333333,2.3241837510526393
2025-11-13 01:00:00,12,1.2522749999999998,-0.8616666666666668,2.332044218614423
2025-11-13 02:00:00,12,2.415008333333333,-0.8441666666666666,2.32867544680223
2025-11-13 03:00:00,12,2.1302666666666665,-0.73,2.3066982211703047
2025-11-13 04:00:00,12,3.761758333333333,-0.6791666666666666,2.296912741144411
2025-11-13 05:00:00,12,1.4239333333333333,-0.725,2.3057357149382494
2025-11-13 06:00:00,12,2.6620833333333334,-0.6608333333333335,2.2933835516268757
2025-11-13 07:00:00,12,3.2836166666666666,-0.3891666666666666,2.2410873796852138
2025-11-13 08:00:00,12,1.4564416666666666,0.3558333333333333,2.0976739511090003
2025-11-13 09:00:00,12,2.183125,0.8666666666666667,1.9993378977340353
2025-11-13 10:00:00,12,2.4779666666666667,1.2183333333333333,1.9316416260794915
2025-11-13 11:00:00,12,1.3543916666666664,1.5708333333333335,1.9228294451994383
2025-11-13 12:00:00,12,2.2706083333333336,1.9525,1.8384818997415922
2025-11-13 13:00:00,12,2.304091666666667,2.750833333333334,1.7107788868582121
2025-11-13 14:00:00,12,2.080475,2.7866666666666666,1.6297355046248678
2025-11-13 15:00:00,12,1.2498666666666667,2.24,1.740202210672607
2025-11-13 16:00:00,12,2.351958333333333,1.3383333333333336,1.9085414765101685
2025-11-13 17:00:00,12,2.043083333333333,0.5833333333333334,2.0538799175504923
2025-11-13 18:00:00,12,2.9643583333333337,0.6425000000000001,2.0424902604711734
2025-11-13 19:00:00,12,1.373475,0.4949999999999999,2.0708841943167995
2025-11-13 20:00:00,12,1.6938833333333332,0.16666666666666666,2.1340887702217524
2025-11-13 21:00:00,12,2.1780333333333335,-0.04083333333333333,2.17403277885204
2025-11-13 22:00:00,12,3.056025,0.01,2.1642472988261465
2025-11-13 23:00:00,12,2.447375,-0.5,2.262422934495769
2025-11-14 00:00:00,13,1.3521083333333332,-1.695,2.531711743544858
2025-11-14 01:00:00,13,2.807691666666667,-2.019166666666667,2.5947587366332217
2025-11-14 02:00:00,13,3.1464916666666665,-2.5141666666666667,2.691031008855555
2025-11-14 03:00:00,13,2.8201083333333337,-3.1383333333333336,2.812424833593817
2025-11-14 04:00:00,13,2.300683333333333,-3.699166666666667,2.9215009938726566
2025-11-14 05:00:00,13,2.64095,-4.05,2.9897343719965663
2025-11-14 06:00:00,13,3.3395083333333333,-4.251666666666668,3.041133127344504
2025-11-14 07:00:00,13,2.6407916666666664,-2.6941666666666664,2.812927527300157
2025-11-14 08:00:00,13,2.7280499999999996,-0.3658333333333334,2.29313875913459
2025-11-14 09:00:00,13,2.3409,0.5983333333333334,2.3097241221297375
2025-11-14 10:00:00,13,1.3367083333333334,1.5216666666666665,2.0486750169779775
2025-11-14 11:00:00,13,2.8174749999999995,1.4708333333333334,2.0086983096827553
2025-11-14 12:00:00,13,1.41105,2.68,1.7769669325477886
2025-11-14 13:00:00,13,2.5320666666666667,2.5058333333333334,2.024930674815217
2025-11-14 14:00:00,13,0.5633166666666666,2.0224999999999995,1.9295277842552934
2025-11-14 15:00:00,13,2.9077583333333332,0.7266666666666666,2.171782594472234
2025-11-14 16:00:00,13,2.3657749999999997,-0.7824999999999999,2.3542401306097482
2025-11-14 17:00:00,13,2.141625,-1.416666666666667,2.498382937484171
2025-11-14 18:00:00,13,2.851866666666666,-1.278333333333333,2.4506744773644424
2025-11-14 19:00:00,13,1.251725,-0.7908333333333332,2.364281965560739
2025-11-14 20:00:00,13,2.2112333333333334,-0.5783333333333334,2.3304150951082407
2025-11-14 21:00:00,13,3.4643333333333333,-0.6566666666666666,2.3315730519064988
2025-11-14 22:00:00,13,1.4898500000000001,-0.7266666666666667,2.3518590067594216
2025-11-14 23:00:00,13,2.92805,-1.4066666666666665,2.5312835891326944
2025-11-15 00:00:00,14,2.4482416666666666,-1.7774999999999999,2.6094072067018064
2025-11-15 01:00:00,14,2.9400833333333334,-2.3708333333333336,2.6880668902343796
2025-11-15 02:00:00,14,2.255441666666667,-3.060833333333333,2.819643087749103
2025-11-15 03:00:00,14,2.6656500000000003,-2.7091666666666665,2.8814917073020907
2025-11-15 04:00:00,14,3.457841666666667,-2.9116666666666666,2.87321133555756
2025-11-15 05:00:00,14,2.2415166666666666,-3.5466666666666664,2.8894165061991477
2025-11-15 06:00:00,14,3.4800416666666667,-2.9258333333333333,2.9942428572682203
2025-11-15 07:00:00,14,3.231633333333333,-1.6624999999999999,2.893069478462567
2025-11-15 08:00:00,14,1.6159166666666667,-0.4766666666666666,2.7060439666872544
2025-11-15 09:00:00,14,2.977583333333333,0.35666666666666663,2.660603985064717
2025-11-15 10:00:00,14,0.0,1.3775000000000002,2.5444231494730154
2025-11-15 11:00:00,14,1.5442666666666667,2.1116666666666664,2.3032867832462975
2025-11-15 12:00:00,14,1.4403666666666664,2.598333333333333,2.109959409937051
2025-11-15 13:00:00,14,0.0,1.9599999999999997,2.197027108550812
2025-11-15 14:00:00,14,1.298325,1.1533333333333333,2.23687234777693
2025-11-15 15:00:00,14,3.0101083333333336,-0.03666666666666666,2.398027504427862
2025-11-15 16:00:00,14,1.7866749999999998,-1.4858333333333331,2.5529901709585703
2025-11-15 17:00:00,14,2.545325,-1.8,2.657465160678619
2025-11-15 18:00:00,14,3.8171083333333335,-2.1208333333333336,2.764595897398168
2025-11-15 19:00:00,14,1.7054083333333334,-2.6208333333333336,2.7447372755604333
2025-11-15 20:00:00,14,3.3295,-3.4299999999999997,2.854538079399227
2025-11-15 21:00:00,14,3.104516666666666,-4.134166666666666,2.98312985680705
2025-11-15 22:00:00,14,2.4252583333333333,-5.235833333333333,3.195576763107649
2025-11-15 23:00:00,14,3.0796416666666664,-6.273333333333333,3.3956496816736443
2025-11-16 00:00:00,15,2.5466249999999997,-6.745833333333333,3.430728371827323
2025-11-16 01:00:00,15,2.982758333333333,-5.906666666666666,3.275038401372311
2025-11-16 02:00:00,15,2.994933333333333,-5.37,3.175471031984994
2025-11-16 03:00:00,15,3.05625,-4.5225,3.0182349843655825
2025-11-16 04:00:00,15,2.9479666666666664,-4.179166666666666,2.979299578610668
2025-11-16 05:00:00,15,3.56745,-4.069166666666667,2.934128386622259
2025-11-16 06:00:00,15,2.332058333333333,-3.9625,2.9513493256156527
2025-11-16 07:00:00,15,3.5166833333333334,-3.703333333333333,2.909746532526309
2025-11-16 08:00:00,15,3.1039749999999997,-3.1016666666666666,2.7969789502721674
2025-11-16 09:00:00,15,2.1035,-2.11,2.5741310351924613
2025-11-16 10:00:00,15,2.6603333333333334,-1.3141666666666667,2.422995276071841
2025-11-16 11:00:00,15,2.708225,-0.5641666666666667,2.2914856061836875
2025-11-16 12:00:00,15,2.7173583333333333,-0.010000000000000009,2.1841451562103744
2025-11-16 13:00:00,15,5.2167666666666666,0.5108333333333334,2.084404377068388
2025-11-16 14:00:00,15,1.5456083333333333,0.43583333333333346,2.0983190715479823
2025-11-16 15:00:00,15,2.827716666666666,0.11,2.2489151406082852
2025-11-16 16:00:00,15,2.487258333333333,-0.055,2.2934806571392254
2025-11-16 17:00:00,15,3.8250666666666664,-0.3983333333333334,2.350484678993079
2025-11-16 18:00:00,15,2.40805,-1.2925,2.5915522009821794
2025-11-16 19:00:00,15,2.1589833333333335,-1.8808333333333331,2.715546468206803
2025-11-16 20:00:00,15,3.1467166666666664,-2.2275000000000005,2.8340426939731733
2025-11-16 21:00:00,15,2.0315833333333333,-2.398333333333334,2.985104888186124
2025-11-16 22:00:00,15,3.4978416666666665,-2.5,2.937224524375594
2025-11-16 23:00:00,15,3.4856166666666666,-2.5875,2.9858197193649776
2025-11-17 00:00:00,16,1.7699249999999997,-2.6749999999999994,3.0284135694500125
2025-11-17 01:00:00,16,3.342425,-2.9175,3.1421537442348493
2025-11-17 02:00:00,16,3.0833416666666666,-3.2316666666666674,3.237371006794424
2025-11-17 03:00:00,16,2.38855,-3.2883333333333327,3.2043150021618025
2025-11-17 04:00:00,16,3.7761750000000003,-3.283333333333333,3.1482261602409887
2025-11-17 05:00:00,16,3.473058333333333,-3.1750000000000003,3.1889944980377916
2025-11-17 06:00:00,16,3.144183333333333,-3.0141666666666667,3.160100518945142
2025-11-17 07:00:00,16,3.2487833333333334,-2.5141666666666667,3.029504516704395
2025-11-17 08:00:00,16,3.8836583333333325,-1.9541666666666668,2.9389760255738118
2025-11-17 09:00:00,16,2.821933333333333,-1.0516666666666665,2.764525405956071
2025-11-17 10:00:00,16,2.736983333333333,-0.19000000000000003,2.6823398959021807
2025-11-17 11:00:00,16,2.7252750000000003,0.22666666666666668,2.594143136035702
2025-11-17 12:00:00,16,2.297833333333333,0.44333333333333336,2.537725760246513
2025-11-17 13:00:00,16,2.564975,0.45250000000000007,2.4521567993272795
2025-11-17 14:00:00,16,2.334891666666666,0.3008333333333333,2.6173239097777357
2025-11-17 15:00:00,16,3.752016666666666,-0.25000000000000006,2.717249121355882
2025-11-17 16:00:00,16,2.8754333333333335,-0.2833333333333334,2.72767806605461
2025-11-17 17:00:00,16,2.6767916666666665,-0.41583333333333333,2.6717790615855668
2025-11-17 18:00:00,16,2.6895249999999997,-0.37500000000000006,2.640815691688125
2025-11-17 19:00:00,16,1.8167,-0.3191666666666667,2.626297354510241
2025-11-17 20:00:00,16,2.5665166666666663,-0.43583333333333335,2.6921398998595407
2025-11-17 21:00:00,16,3.440425,-0.6258333333333334,2.703144713993338
2025-11-17 22:00:00,16,2.4160083333333335,-0.7275,2.732078307263698
2025-11-17 23:00:00,16,3.2633583333333327,-0.8566666666666666,2.7915893692287352
2025-11-18 00:00:00,17,3.061616666666666,-0.8816666666666665,2.9099066867736996
2025-11-18 01:00:00,17,2.860958333333333,-1.055,2.9045687744288484
2025-11-18 02:00:00,17,2.8151,-0.9941666666666666,2.8431747984874556
2025-11-18 03:00:00,17,2.6677583333333335,-0.8408333333333333,2.7384063412576456
2025-11-18 04:00:00,17,2.9102249999999996,-0.8291666666666666,2.518115351506777
2025-11-18 05:00:00,17,2.9947,-1.1849999999999998,2.741306347181511
2025-11-18 06:00:00,17,2.8090083333333338,-0.9158333333333332,2.604959424016543
2025-11-18 07:00:00,17,2.340875,-0.7208333333333333,2.7149216410424866
2025-11-18 08:00:00,17,3.6488666666666667,0.4625000000000001,2.5347521232213706
2025-11-18 09:00:00,17,1.80445,0.6616666666666665,2.4713297424043845
2025-11-18 10:00:00,17,1.4774666666666665,2.555833333333333,2.027914940833875
2025-11-18 11:00:00,17,1.4867833333333333,2.7675,1.9990359012684662
2025-11-18 12:00:00,17,1.5645916666666666,2.7591666666666668,1.9814404709985143
2025-11-18 13:00:00,17,0.0,1.67,2.3426368200586345
2025-11-18 14:00:00,17,3.19405,0.9808333333333334,2.520321281672596
2025-11-18 15:00:00,17,1.3175,0.4908333333333334,2.6870975865515168
2025-11-18 16:00:00,17,2.302583333333333,0.29999999999999993,2.6858848666127804
2025-11-18 17:00:00,17,2.514275,0.20833333333333334,2.6224375663681303
2025-11-18 18:00:00,17,3.3028249999999995,0.22583333333333333,2.421319401956392
2025-11-18 19:00:00,17,2.9990500000000004,0.31416666666666676,2.3095826842617324
2025-11-18 20:00:00,17,1.944308333333333,0.41666666666666674,2.4362311870830617
2025-11-18 21:00:00,17,2.6906166666666667,0.061666666666666675,2.5133805338671076
2025-11-18 22:00:00,17,2.766316666666666,-0.05083333333333332,2.4069538824441223
2025-11-21 00:00:00,20,2.5582,-5.023333333333333,3.152082953518658
2025-11-21 01:00:00,20,2.772491666666667,-5.0183333333333335,3.1511528948191008
2025-11-21 02:00:00,20,3.292133333333333,-5.491666666666667,3.2391984517105135
2025-11-21 03:00:00,20,3.2430333333333334,-6.2225,3.37514203162912
2025-11-21 04:00:00,20,3.2245583333333334,-6.887499999999999,3.498839838670224
2025-11-21 05:00:00,20,3.9281749999999995,-7.197500000000001,3.556503478042769
2025-11-21 06:00:00,20,1.6028333333333333,-6.256666666666667,3.3814974327427607
2025-11-21 07:00:00,20,2.885025,-5.411666666666666,3.2243175125175982
2025-11-21 08:00:00,20,2.4128833333333333,-3.0925,2.7929252857063296
2025-11-21 09:00:00,20,3.3483583333333327,-0.5233333333333333,2.3188371458067496
2025-11-21 10:00:00,20,2.564308333333333,1.0283333333333333,2.0956436821651425
2025-11-21 11:00:00,20,2.2005166666666662,1.9574999999999998,1.9441410242020054
2025-11-21 12:00:00,20,1.5462333333333336,2.161666666666667,1.8411537847162376
2025-11-21 13:00:00,20,3.010883333333333,2.3233333333333337,1.8015190646378454
2025-11-21 14:00:00,20,1.4916749999999999,1.7874999999999999,1.8898794273077923
2025-11-21 15:00:00,20,2.6699916666666668,1.1766666666666665,1.9988101660677633
2025-11-21 16:00:00,20,1.0027083333333333,0.4666666666666666,2.1308785014048817
2025-11-21 17:00:00,20,3.0825,0.23500000000000007,2.1739712211510307
2025-11-21 18:00:00,20,1.5287416666666667,0.18583333333333332,2.183116798363343
2025-11-21 19:00:00,20,2.9713083333333334,0.2175,2.179735055381989
2025-11-21 20:00:00,20,1.4998916666666666,0.7391666666666666,2.086231971165242
2025-11-21 21:00:00,20,1.5217,0.9266666666666667,2.046393735147665
2025-11-21 22:00:00,20,3.3526750000000005,0.3058333333333333,2.1607953895739707
2025-11-26 00:00:00,25,2.3153666666666664,-0.2700000000000001,2.26029417521199
2025-11-26 01:00:00,25,2.2167499999999998,-0.035833333333333335,2.218006835113684
2025-11-26 02:00:00,25,2.280333333333333,0.23083333333333336,2.169850433578246
2025-11-26 03:00:00,25,2.0273250000000003,0.3983333333333334,2.1396021938637992
2025-11-26 04:00:00,25,1.9307083333333332,0.7033333333333335,2.0845233096076425
2025-11-26 05:00:00,25,1.8907916666666666,0.7458333333333332,2.076848383112932
2025-11-26 06:00:00,25,2.1607916666666664,0.7925,2.0684210128442304
2025-11-26 07:00:00,25,1.5397083333333332,0.9625,2.037721306865389
2025-11-26 08:00:00,25,2.2135249999999997,1.9166666666666667,1.8654116826214011
2025-11-26 09:00:00,25,2.9524166666666667,2.8108333333333335,1.7039372487228865
2025-11-26 10:00:00,25,1.9922,3.7916666666666665,1.5289161904745499
2025-11-26 11:00:00,25,1.5861416666666668,4.906666666666667,1.3301401725284603
2025-11-26 12:00:00,25,1.5265333333333333,5.345833333333332,1.2461504566266324
2025-11-26 13:00:00,25,1.5499249999999998,5.821666666666666,1.1971975977871439
2025-11-26 14:00:00,25,1.5385499999999999,5.5325,1.2610273370537073
2025-11-26 15:00:00,25,1.5939666666666665,4.754166666666666,1.3549523810819784
2025-11-26 16:00:00,25,1.327925,4.148333333333333,1.4726480473952446
2025-11-26 17:00:00,25,1.315825,3.7600000000000002,1.540571651398869
2025-11-26 18:00:00,25,2.313191666666667,3.579166666666667,1.571606413624757
2025-11-26 19:00:00,25,1.79365,3.4574999999999996,1.5996364631755295
2025-11-26 20:00:00,25,1.693158333333333,3.4616666666666664,1.5970236980351145
2025-11-26 21:00:00,25,1.6982916666666665,3.400833333333333,1.6192539141658306
2025-11-26 22:00:00,25,1.6878833333333334,3.4299999999999997,1.6069997106820488
2025-11-26 23:00:00,25,1.7016916666666668,3.3525000000000005,1.6337066041104382
2025-11-27 00:00:00,26,2.9029000000000003,3.3575000000000004,1.6479620142552738
2025-11-27 01:00:00,26,1.49635,3.106666666666666,1.6766048843284183
2025-11-27 02:00:00,26,1.4102416666666668,2.8883333333333336,1.7143951829974813
2025-11-27 03:00:00,26,1.3145749999999998,2.954166666666667,1.7068594583307724
2025-11-27 04:00:00,26,2.369933333333333,2.8200000000000003,1.8175057213566914
2025-11-27 05:00:00,26,2.1946666666666665,1.985,2.0539014663471855
2025-11-27 06:00:00,26,1.5532416666666666,1.3291666666666668,2.0432367727854297
2025-11-27 07:00:00,26,2.4601666666666664,1.0275,2.058260023080086
2025-11-27 08:00:00,26,1.2150083333333332,1.8475000000000001,1.9206534566444997
2025-11-27 09:00:00,26,2.2858666666666667,2.39,1.9358441034720006
2025-11-27 10:00:00,26,0.0,4.5008333333333335,1.6232070454473864
2025-11-27 11:00:00,26,0.9668916666666667,4.258333333333333,1.7464037201066467
2025-11-27 12:00:00,26,1.8648833333333332,3.9808333333333334,1.7050765471679998
2025-11-27 13:00:00,26,1.7484166666666665,4.3275,1.6228708397324698
2025-11-27 14:00:00,26,1.5784833333333332,4.230833333333333,1.4979347327067702
2025-11-27 15:00:00,26,2.430475,2.893333333333334,1.7162843365333302
2025-11-27 16:00:00,26,1.710475,2.1108333333333333,1.8522273118050778
2025-11-27 17:00:00,26,1.8817583333333332,2.144166666666667,1.8603892968402815
2025-11-27 18:00:00,26,3.4262666666666663,2.069166666666667,1.8647183951070168
2025-11-27 19:00:00,26,1.667025,1.9858333333333338,1.8753658883160251
2025-11-27 20:00:00,26,3.2952999999999997,1.3341666666666665,1.9921992062301401
2025-11-27 21:00:00,26,1.6201083333333333,0.8341666666666668,2.0785497355277336
2025-11-27 22:00:00,26,1.5966749999999998,0.3841666666666667,2.1583239579887223
2025-11-27 23:00:00,26,2.4584999999999995,0.19416666666666668,2.1920064074722507
2025-11-28 00:00:00,27,3.168658333333333,0.04750000000000001,2.2291119904839785
2025-11-28 01:00:00,27,1.4998833333333335,-0.31499999999999995,2.2934156712576814
2025-11-28 02:00:00,27,3.0349749999999998,-0.9533333333333335,2.406649279240799
2025-11-28 03:00:00,27,1.4086666666666665,-1.2499999999999998,2.4592748202877837
2025-11-28 04:00:00,27,2.7888583333333328,-1.4024999999999999,2.4863267135787894
2025-11-28 05:00:00,27,2.5209249999999996,-1.7366666666666666,2.545604359533398
2025-11-28 06:00:00,27,2.4989666666666666,-2.1583333333333328,2.620403583605797
2025-11-28 07:00:00,27,2.1273916666666666,-1.6983333333333333,2.538804430072271
2025-11-28 08:00:00,27,2.9906916666666663,-0.62,2.3475194578396934
2025-11-28 09:00:00,27,1.8751666666666666,0.8241666666666667,2.0923045692146816
2025-11-28 10:00:00,27,2.6162666666666667,1.7225000000000001,1.9712058157253285
2025-11-28 11:00:00,27,2.6235166666666663,2.35,1.8935871998089513
2025-11-28 12:00:00,27,2.25475,2.4858333333333333,1.8498998938850144
2025-11-28 13:00:00,27,3.226775,2.0525,2.039571929287726
2025-11-28 14:00:00,27,2.805308333333333,-0.9808333333333333,2.465350765816207
2025-11-28 15:00:00,27,3.0689749999999996,-1.4483333333333335,2.506496892251605
2025-11-28 16:00:00,27,2.7038249999999997,-1.9816666666666665,2.591605194047576
2025-11-28 17:00:00,27,2.37975,-2.8625000000000003,2.827741583048987
2025-11-28 18:00:00,27,2.325833333333333,-3.4308333333333336,2.9469396911840224
2025-11-28 19:00:00,27,2.7869333333333337,-3.4616666666666664,3.0175120630218424
2025-11-28 20:00:00,27,2.0286416666666667,-3.2541666666666664,2.9828067499657904
2025-11-28 21:00:00,27,3.2090916666666662,-3.328333333333333,2.9229232706993433
2025-11-28 22:00:00,27,2.6447833333333333,-3.454166666666667,2.8768345945524785
2025-11-28 23:00:00,27,2.8629250000000006,-2.9408333333333334,2.843465557299575
2025-11-29 00:00:00,28,3.077691666666667,-2.2224999999999997,2.7819171293534066
2025-11-29 01:00:00,28,3.8518916666666665,-2.0125,2.8520942989057083
2025-11-29 02:00:00,28,2.884158333333333,-1.885,2.761660055158387
2025-11-29 03:00:00,28,3.359183333333333,-1.801666666666667,2.8084905044012713
2025-11-29 04:00:00,28,3.3921666666666668,-1.8691666666666669,2.833563174751089
2025-11-29 05:00:00,28,3.3555083333333333,-1.8566666666666667,2.89819749389108
2025-11-29 06:00:00,28,3.2530416666666664,-2.0091666666666663,2.8457358420384655
2025-11-29 07:00:00,28,2.6476666666666664,-1.8099999999999998,2.8925561118495096
2025-11-29 08:00:00,28,2.888575,-1.505,2.8444239511159797
2025-11-29 09:00:00,28,2.7927750000000002,-0.9866666666666668,2.7353083453531615
2025-11-29 10:00:00,28,2.7047416666666666,-0.20750000000000002,2.6287406351410816
2025-11-29 11:00:00,28,2.7269416666666664,-0.17166666666666663,2.642154663387751
2025-11-29 12:00:00,28,3.381275,0.21250000000000002,2.5239809686224244
2025-11-29 13:00:00,28,3.2413250000000002,-0.25,2.6365001447009857
2025-11-29 14:00:00,28,2.8660249999999996,-0.38833333333333336,2.6255016748625035
2025-11-29 15:00:00,28,2.3270166666666667,-0.7266666666666666,2.55536379858288
2025-11-29 16:00:00,28,3.9633499999999997,-1.343333333333333,2.700868988885494
2025-11-29 17:00:00,28,2.9361583333333328,-1.8225000000000005,2.8776890778993756
2025-11-29 18:00:00,28,2.385483333333333,-2.415833333333333,2.8195914943985496
2025-11-29 19:00:00,28,2.8433500000000005,-3.2083333333333335,2.8428592071331953
2025-11-29 20:00:00,28,2.4468083333333333,-3.138333333333333,2.9720463803040977
2025-11-29 21:00:00,28,4.4301,-3.310833333333333,2.9736035280877133
2025-11-29 22:00:00,28,4.54655,-3.801666666666667,2.9534644805576193
2025-11-29 23:00:00,28,4.800283333333333,-4.8275,3.085049502891603
2025-11-30 00:00:00,29,4.009949999999999,-5.348333333333334,3.2291452594731735
2025-11-30 01:00:00,29,4.74575,-6.273333333333333,3.4056376675331714
2025-11-30 02:00:00,29,3.802183333333333,-7.365833333333334,3.5963712838879225
2025-11-30 03:00:00,29,4.848083333333334,-8.181666666666667,3.744869539939984
2025-11-30 04:00:00,29,4.278975,-8.448333333333332,3.7934082957486246
2025-11-30 05:00:00,29,3.5119083333333325,-7.638333333333333,3.6459718249798776
2025-11-30 06:00:00,29,3.0477999999999996,-7.028333333333333,3.5349394210676115
2025-11-30 07:00:00,29,3.883566666666667,-6.2875000000000005,3.4000926900867308
2025-11-30 08:00:00,29,3.5072083333333333,-4.584166666666667,3.117323939945278
2025-11-30 09:00:00,29,4.237275,-2.9025,2.952584525225327
2025-11-30 10:00:00,29,5.010475,-3.2225,3.113435296618575
2025-11-30 11:00:00,29,1.8551749999999996,-2.9633333333333334,3.0319500925357876
2025-11-30 12:00:00,29,3.1847250000000003,-2.7724999999999995,2.8472120765321804
2025-11-30 13:00:00,29,3.099458333333333,-2.3333333333333335,2.77500626126732
2025-11-30 14:00:00,29,2.13745,-1.8758333333333335,2.7185923203406577
2025-11-30 15:00:00,29,2.989866666666667,-1.615,2.6898254827216768
2025-11-30 16:00:00,29,4.0327666666666655,-1.1391666666666667,2.6701881491854267
2025-11-30 17:00:00,29,2.7189749999999995,-0.2575,2.513860063952304
2025-11-30 18:00:00,29,2.6515666666666666,0.2558333333333334,2.288248260569251
2025-11-30 19:00:00,29,1.960508333333333,0.28250000000000014,2.2220081831638505
2025-11-30 20:00:00,29,3.1332249999999995,0.01916666666666667,2.252151115212371
2025-11-30 21:00:00,29,2.436808333333333,0.06083333333333333,2.244566934617271
2025-11-30 22:00:00,29,3.3733083333333336,-0.009166666666666662,2.257308358017039
2025-11-30 23:00:00,29,5.290466666666666,-0.5225,2.3507454629486735
2025-12-01 00:00:00,30,4.7886999999999995,-0.7916666666666666,2.447998376788765
2025-12-01 01:00:00,30,4.3153,-0.67,2.4248027510171415
2025-12-01 02:00:00,30,4.076099999999999,-0.6208333333333335,2.4154291762190194
2025-12-01 03:00:00,30,4.64165,-0.3291666666666667,2.35982322402677
2025-12-01 04:00:00,30,2.837008333333333,-0.6583333333333333,2.4225785129294515
2025-12-01 05:00:00,30,2.6863833333333336,-0.48166666666666674,2.3888971933158603
2025-12-01 06:00:00,30,3.801008333333333,-0.42583333333333334,2.3808781995872095
2025-12-01 07:00:00,30,2.3594583333333334,-0.12499999999999999,2.3742553988265325
2025-12-01 08:00:00,30,2.225241666666667,0.15250000000000002,2.2679939658349983
2025-12-01 09:00:00,30,2.4372000000000003,0.2358333333333333,2.5641769360470543
2025-12-01 10:00:00,30,2.336308333333333,0.01666666666666666,2.7000697359266868
2025-12-01 11:00:00,30,2.2561166666666668,-0.8733333333333332,2.913281114683021
2025-12-01 12:00:00,30,3.2467583333333336,-1.5041666666666664,3.0235810875979827
2025-12-01 13:00:00,30,3.0438999999999994,-2.5041666666666664,3.1233028773641522
2025-12-01 14:00:00,30,3.076733333333333,-3.4583333333333335,3.246400954924784
2025-12-01 15:00:00,30,3.4376,-4.7683333333333335,3.487529334041065
2025-12-01 16:00:00,30,1.3084083333333334,-5.930000000000001,3.4668256510255326
2025-12-01 17:00:00,30,1.2761666666666667,-6.589166666666667,3.7167271028413227
2025-12-01 18:00:00,30,5.681783333333333,-7.43,3.8079640209739822
2025-12-01 19:00:00,30,2.8459083333333335,-7.8,4.199516967057877
2025-12-01 20:00:00,30,4.709608333333334,-8.19,4.128006821659495
2025-12-01 21:00:00,30,4.946841666666667,-8.6525,4.144524888237099
2025-12-01 22:00:00,30,4.862008333333333,-9.346666666666666,4.169846447355924
2025-12-01 23:00:00,30,5.126741666666668,-10.63,4.335005272282485
2025-12-02 00:00:00,31,5.983583333333333,-11.29,4.503257785822861
2025-12-02 01:00:00,31,4.330691666666667,-11.6725,4.57657681743846
2025-12-02 02:00:00,31,4.2458833333333335,-11.37,4.5185924852457315
2025-12-02 03:00:00,31,5.218491666666667,-10.959166666666668,4.439842414251197
2025-12-02 04:00:00,31,5.069783333333333,-10.44,4.345991533687813
2025-12-02 05:00:00,31,4.918616666666667,-10.139166666666666,4.282661745166774
2025-12-02 06:00:00,31,4.031133333333333,-9.5925,4.190452771940193
2025-12-02 07:00:00,31,5.096133333333333,-8.884166666666667,4.081582007229233
2025-12-02 08:00:00,31,5.555441666666667,-8.375833333333334,3.96653412711424
2025-12-02 09:00:00,31,4.468908333333332,-8.147499999999999,3.9131743679802935
2025-12-02 10:00:00,31,4.665525,-7.75,3.867439310469907
2025-12-02 11:00:00,31,5.06245,-7.180833333333333,3.744532831898188
2025-12-02 12:00:00,31,4.936175,-7.115833333333334,3.7989841923524326
2025-12-02 13:00:00,31,3.7529999999999997,-6.935,3.6764248959538346
2025-12-02 14:00:00,31,4.6226,-6.543333333333334,3.5933989533992055
2025-12-02 15:00:00,31,2.769458333333333,-6.512499999999999,3.587488704663307
2025-12-02 16:00:00,31,2.3454083333333333,-6.3758333333333335,3.56129192648257
2025-12-02 17:00:00,31,2.380125,-6.2925,3.545318281250413
2025-12-02 18:00:00,31,3.2790833333333333,-6.2175,3.530942000541472
2025-12-02 19:00:00,31,4.254375,-6.069166666666667,3.54729147673992
2025-12-02 20:00:00,31,4.533125,-5.954166666666667,3.542862956139263
2025-12-02 21:00:00,31,5.853908333333333,-5.89,3.537343265847925
2025-12-02 22:00:00,31,4.7728166666666665,-5.7316666666666665,3.4641042438854606
2025-12-05 00:00:00,34,8.262208333333334,-16.939999999999998,6.085753216559861
2025-12-05 01:00:00,34,5.9571000000000005,-17.096666666666668,6.199566147117357
2025-12-05 02:00:00,34,6.874225000000001,-17.800833333333333,6.207238515721184
2025-12-05 03:00:00,34,7.201149999999998,-17.281666666666666,6.448052810495097
2025-12-05 04:00:00,34,5.529491666666666,-17.388333333333332,6.303361455051558
2025-12-05 05:00:00,34,7.142116666666666,-17.259166666666673,6.317393138270033
2025-12-05 06:00:00,34,6.516883333333333,-17.175833333333333,6.213582846716287
2025-12-05 07:00:00,34,7.708383333333332,-16.7875,6.165043116430086
2025-12-05 08:00:00,34,6.849,-15.334166666666667,5.850107733532614
2025-12-05 09:00:00,34,5.3881499999999996,-13.1625,5.453347877215084
2025-12-05 10:00:00,34,5.490766666666667,-10.799999999999999,4.82669531433297
2025-12-05 11:00:00,34,3.746941666666667,-9.375,4.532335740090423
2025-12-05 12:00:00,34,5.2761249999999995,-8.014166666666666,4.130996926316616
2025-12-05 13:00:00,34,5.0496583333333325,-8.6625,4.206068320632528
2025-12-05 14:00:00,34,5.555774999999999,-8.9725,4.230079902449801
2025-12-05 15:00:00,34,5.187091666666666,-9.8425,4.4033208624639215
2025-12-05 16:00:00,34,6.062833333333333,-11.750833333333333,4.780716665033842
2025-12-05 17:00:00,34,6.117366666666667,-12.862499999999999,5.034900860948356
2025-12-05 18:00:00,34,6.948041666666667,-14.605833333333335,5.358130466700649
2025-12-05 19:00:00,34,3.7458416666666663,-15.009166666666667,5.440747927393696
2025-12-05 20:00:00,34,4.7989999999999995,-14.435,5.32313753396909
2025-12-05 21:00:00,34,5.999733333333333,-13.870833333333332,5.207575507338525
2025-12-05 22:00:00,34,7.700241666666666,-14.17,5.2688558139269634
2025-12-05 23:00:00,34,6.480533333333333,-13.980833333333335,5.230107542072993
2025-12-06 00:00:00,35,4.647358333333333,-13.464166666666669,5.367954319909959
2025-12-06 01:00:00,35,5.137983333333333,-13.049166666666666,5.275741587581611
2025-12-06 02:00:00,35,5.667574999999999,-13.018333333333336,5.268890440802196
2025-12-06 03:00:00,35,5.194333333333333,-13.361666666666665,5.345178886021631
2025-12-06 04:00:00,35,4.990566666666666,-13.4125,5.356474019901208
2025-12-06 05:00:00,35,6.587775,-13.106666666666667,5.2885180504945755
2025-12-06 06:00:00,35,4.894041666666666,-13.399999999999999,5.353696527963606
2025-12-06 07:00:00,35,6.109558333333333,-13.857500000000002,5.464297914938335
2025-12-06 08:00:00,35,4.9687,-12.519166666666665,5.212868657174021
2025-12-06 09:00:00,35,5.174783333333333,-10.431666666666667,4.760650494159069
2025-12-06 10:00:00,35,5.426366666666667,-8.518333333333333,4.347463964333469
2025-12-06 11:00:00,35,2.9702916666666668,-7.434166666666666,4.140199108374603
2025-12-06 12:00:00,35,1.1098333333333332,-6.235833333333335,3.830289119136802
2025-12-06 13:00:00,35,2.771433333333333,-6.255,3.8863059738991685
2025-12-06 14:00:00,35,3.439308333333333,-6.208333333333333,3.8402752879464215
2025-12-06 15:00:00,35,4.174424999999999,-6.435833333333334,3.927265261767223
2025-12-06 16:00:00,35,4.715658333333334,-6.61,3.9006379329086633
2025-12-06 17:00:00,35,5.09645,-6.565,3.883960804730965
2025-12-06 18:00:00,35,3.29745,-6.505,3.866381247874244
2025-12-06 19:00:00,35,1.6844249999999998,-6.375,3.7927460590319484
2025-12-06 20:00:00,35,4.32695,-6.273333333333333,3.7701557912727948
2025-12-06 21:00:00,35,4.099008333333334,-6.239999999999999,3.7627491461058593
2025-12-06 22:00:00,35,4.049383333333333,-6.445,3.808300013882513
2025-12-06 23:00:00,35,5.328016666666667,-7.295833333333334,3.997354631768542
2025-12-07 00:00:00,36,4.059325,-7.463333333333334,4.032660150409259
2025-12-07 01:00:00,36,4.816491666666667,-9.4025,4.463319480452508
2025-12-07 02:00:00,36,5.467066666666667,-10.341666666666667,4.682919280743023
2025-12-07 03:00:00,36,4.771750000000001,-9.555833333333334,4.498777687845777
2025-12-07 04:00:00,36,6.852925,-10.986666666666666,4.815138726869446
2025-12-07 05:00:00,36,3.9928166666666667,-11.292499999999999,4.901157995765612
2025-12-07 06:00:00,36,3.69555,-9.522499999999999,4.7367187797059795
2025-12-07 07:00:00,36,5.4962583333333335,-9.824166666666667,4.738901563532671
2025-12-07 08:00:00,36,5.397241666666666,-8.727500000000001,4.6596761605960335
2025-12-07 09:00:00,36,4.071375,-6.857500000000001,4.09701520620675
2025-12-07 10:00:00,36,3.056941666666667,-5.3325,3.766930252730399
2025-12-07 11:00:00,36,2.2176416666666663,-5.151666666666666,3.769568059956251
2025-12-07 12:00:00,36,3.2256083333333336,-4.658333333333334,3.6376349242928163
2025-12-07 13:00:00,36,3.0585083333333336,-4.9525,3.586672220640185
2025-12-07 14:00:00,36,3.903325,-5.305,3.633690409104964
2025-12-07 15:00:00,36,4.806033333333334,-6.121666666666666,3.734696454075082
2025-12-07 16:00:00,36,2.8979583333333334,-6.952500000000001,3.919211861059663
2025-12-07 17:00:00,36,3.131083333333333,-7.434166666666666,4.026182678749821
2025-12-07 18:00:00,36,3.5652916666666665,-7.653333333333333,4.074856251505031
2025-12-07 19:00:00,36,2.5050583333333334,-7.620833333333334,4.067638497370228
2025-12-07 20:00:00,36,4.728741666666667,-7.529166666666666,4.047280729297706
2025-12-07 21:00:00,36,2.883933333333333,-7.735833333333333,4.0931782427703
2025-12-07 22:00:00,36,2.779275,-8.041666666666666,4.163762038499296
2025-12-07 23:00:00,36,5.4457249999999995,-8.23,4.202925119743075
2025-12-08 00:00:00,37,3.9623250000000008,-8.485833333333334,4.252878061359926
2025-12-08 01:00:00,37,5.757991666666666,-8.916666666666666,4.34833271898702
2025-12-08 02:00:00,37,6.308375,-9.189166666666667,4.408707328356575
2025-12-08 03:00:00,37,4.373225000000001,-9.339166666666667,4.441941058284772
2025-12-08 04:00:00,37,5.053458333333333,-10.139166666666666,4.619187617901813
2025-12-08 05:00:00,37,5.712216666666666,-11.460833333333333,4.912013704935804
2025-12-08 06:00:00,37,4.25755,-12.591666666666667,5.16255910222781
2025-12-08 07:00:00,37,5.065741666666667,-12.856666666666667,5.221272025100957
2025-12-08 08:00:00,37,4.338675,-12.570833333333333,5.15794330640445
2025-12-08 09:00:00,37,6.395341666666667,-11.737500000000002,4.973311473470031
2025-12-08 10:00:00,37,3.705258333333333,-10.614166666666666,5.018589613484748
2025-12-08 11:00:00,37,4.2474083333333335,-10.341666666666667,5.1839597437682885
2025-12-08 12:00:00,37,3.267933333333333,-10.227500000000001,5.056643633232986
2025-12-08 13:00:00,37,6.948883333333332,-11.240833333333333,5.142051179361856
2025-12-08 14:00:00,37,6.559241666666667,-11.643333333333333,5.284026008386483
2025-12-08 15:00:00,37,5.372716666666666,-12.602500000000001,5.312862854026942
2025-12-08 16:00:00,37,4.850508333333333,-13.174999999999999,5.7633726942298145
2025-12-08 17:00:00,37,6.891824999999999,-14.166666666666666,5.911392069761969
2025-12-08 18:00:00,37,5.865891666666666,-14.828333333333333,5.947254978826572
2025-12-08 19:00:00,37,6.112933333333334,-14.583333333333336,6.147604539622458
2025-12-08 20:00:00,37,5.760775,-15.105833333333331,6.122485852777741
2025-12-08 21:00:00,37,6.484491666666666,-15.555000000000001,6.016021678719587
2025-12-08 22:00:00,37,4.627908333333333,-16.179999999999996,6.235117854829118
2025-12-08 23:00:00,37,6.8081249999999995,-16.656666666666663,6.387568368634629
2025-12-09 00:00:00,38,6.1919,-16.6575,6.4821208958329954
2025-12-09 01:00:00,38,6.917199999999999,-17.151666666666667,6.534870290516266
2025-12-09 02:00:00,38,5.233791666666667,-17.037499999999998,6.4959029745564
2025-12-09 03:00:00,38,6.729041666666666,-17.393333333333334,6.376146544954105
2025-12-09 04:00:00,38,6.5699499999999995,-16.93166666666667,6.299248183119291
2025-12-09 05:00:00,38,6.304366666666668,-16.968333333333334,6.483485894238687
2025-12-09 06:00:00,38,7.556266666666666,-16.834166666666665,6.559180925191907
2025-12-09 07:00:00,38,5.948524999999999,-16.99083333333333,6.507750067601238
2025-12-09 08:00:00,38,6.245783333333333,-15.161666666666667,6.19958572852446
2025-12-09 09:00:00,38,5.8126999999999995,-13.060833333333335,5.5215565335920305
2025-12-09 10:00:00,38,5.144033333333334,-10.749166666666667,4.967870383061554
2025-12-09 11:00:00,38,4.537508333333333,-9.375833333333334,4.613805880785583
2025-12-09 12:00:00,38,2.6948499999999997,-7.444166666666667,4.134635462337609
2025-12-09 13:00:00,38,4.460183333333333,-8.689166666666667,4.366641942135996
2025-12-09 14:00:00,38,4.7755833333333335,-9.7125,4.555730353801879
2025-12-09 15:00:00,38,4.9431666666666665,-10.885,4.810344886765099
2025-12-09 16:00:00,38,5.854633333333332,-13.149166666666666,5.313810929618285
2025-12-09 17:00:00,38,4.570675,-14.68083333333333,5.654396349848007
2025-12-09 18:00:00,38,0.0,-14.888333333333335,5.700536594481958
2025-12-09 19:00:00,38,1.9772333333333332,-14.648333333333333,5.647169564543894
2025-12-09 20:00:00,38,5.295325,-15.573333333333332,5.852854992430179
2025-12-09 21:00:00,38,4.628341666666667,-16.115833333333335,5.973486716352676
2025-12-09 22:00:00,38,4.307875,-15.154166666666663,5.759647992225853
2025-12-09 23:00:00,38,5.9130416666666665,-14.444166666666666,5.6454403050210455
2025-12-10 00:00:00,39,6.077299999999999,-13.420833333333334,5.237975172959372
2025-12-10 01:00:00,39,4.782916666666667,-12.605833333333335,5.063682301065364
2025-12-10 02:00:00,39,5.8932166666666665,-12.288333333333334,4.995782930726287
2025-12-10 03:00:00,39,5.2821083333333325,-11.954166666666666,4.924319288978335
2025-12-10 04:00:00,39,4.491683333333334,-11.63,4.854994210075708
2025-12-10 05:00:00,39,6.722375000000001,-11.551666666666668,4.838242134453994
2025-12-10 06:00:00,39,3.852175,-12.541666666666666,5.049959856141193
2025-12-10 07:00:00,39,4.694458333333333,-13.277500000000002,5.207322438843043
2025-12-10 08:00:00,39,6.080349999999999,-11.744166666666665,4.879409469226505
2025-12-10 09:00:00,39,3.5289916666666667,-8.985,4.3513842214575496
2025-12-10 10:00:00,39,4.545216666666666,-6.855833333333333,3.9466542265870004
2025-12-10 11:00:00,39,4.3983,-5.788333333333334,3.768960661538716
2025-12-10 12:00:00,39,3.2476166666666666,-4.9575000000000005,3.5558154818381262
2025-12-10 13:00:00,39,4.307466666666667,-4.990833333333334,3.5493187095244756
2025-12-10 14:00:00,39,3.778966666666667,-5.44,3.582479949273649
2025-12-10 15:00:00,39,4.495525000000001,-5.61,3.5675793771899107
2025-12-10 16:00:00,39,2.9088499999999997,-5.564166666666666,3.5643194221793646
2025-12-10 17:00:00,39,1.3865583333333331,-5.25,3.5281253952127063
2025-12-10 18:00:00,39,3.941858333333333,-5.189166666666666,3.491908287478641
2025-12-10 19:00:00,39,4.077866666666667,-5.075,3.4543319571024287
2025-12-10 20:00:00,39,4.350083333333334,-4.902500000000001,3.4162760558831495
2025-12-10 21:00:00,39,4.872583333333333,-4.710000000000001,3.3751087211106388
2025-12-10 22:00:00,39,3.26205,-4.552499999999999,3.3414263562967657
2025-12-10 23:00:00,39,3.245,-4.459166666666667,3.321466436407064
2025-12-11 00:00:00,40,4.180591666666667,-4.550833333333333,3.357441904056174
2025-12-11 01:00:00,40,3.9768666666666674,-4.528333333333333,3.352597149100649
2025-12-11 02:00:00,40,3.8950416666666667,-4.61,3.370181815235518
2025-12-11 03:00:00,40,3.080741666666666,-4.564166666666666,3.3603128699557443
2025-12-11 04:00:00,40,4.270125,-5.0375000000000005,3.462232159390494
2025-12-11 05:00:00,40,4.301233333333333,-6.175833333333333,3.7073408730663178
2025-12-11 06:00:00,40,4.663975,-5.892499999999999,3.6463328477004464
2025-12-11 07:00:00,40,3.3904083333333332,-5.444166666666667,3.5497966193273918
2025-12-11 08:00:00,40,3.1494,-5.0225,3.459002322753477
2025-12-11 09:00:00,40,3.2379166666666666,-4.4816666666666665,3.3425487684521524
2025-12-11 10:00:00,40,4.23375,-3.75,3.1850045147132264
2025-12-11 11:00:00,40,4.378725,-2.875833333333333,2.9967768129226413
2025-12-11 12:00:00,40,2.877125,-3.0041666666666664,3.0244098597060063
2025-12-11 13:00:00,40,2.836091666666667,-3.5174999999999996,3.134942046839467
2025-12-11 14:00:00,40,5.50385,-4.834166666666667,3.4184499294220454
2025-12-11 15:00:00,40,4.190508333333334,-6.0275,3.753179657652736
2025-12-11 16:00:00,40,3.479141666666667,-7.899166666666667,4.388174612166717
2025-12-11 17:00:00,40,3.2371000000000003,-9.055,4.584667433877781
2025-12-11 18:00:00,40,4.389483333333334,-9.916666666666666,4.818070183406619
2025-12-11 19:00:00,40,4.111908333333333,-10.751666666666667,4.899216122618475
2025-12-11 20:00:00,40,4.6944,-10.765,4.867909579810063
2025-12-11 21:00:00,40,4.44485,-10.782499999999999,4.8236065910786134
2025-12-11 22:00:00,40,4.996766666666666,-10.9625,4.879993426573168
2025-12-11 23:00:00,40,4.552858333333333,-11.268333333333333,4.946991762210332
2025-12-12 00:00:00,41,5.305516666666667,-10.7875,4.966622683495618
2025-12-12 01:00:00,41,4.57415,-10.295833333333333,4.864329095738816
2025-12-12 02:00:00,41,3.7423833333333336,-10.079166666666667,4.665273642798109
2025-12-12 03:00:00,41,4.759358333333333,-10.274166666666668,4.628019959844955
2025-12-12 04:00:00,41,5.126683333333333,-9.739166666666666,4.724368534394185
2025-12-12 05:00:00,41,3.806425,-9.227500000000001,4.626898788644307
2025-12-12 06:00:00,41,4.824166666666667,-9.074166666666667,4.709305586097238
2025-12-12 07:00:00,41,4.506966666666667,-9.029166666666667,4.743707234780487
2025-12-12 08:00:00,41,5.399283333333333,-8.319166666666666,4.580872926612444
2025-12-12 09:00:00,41,5.077,-7.3975,4.495429484694704
2025-12-12 10:00:00,41,4.458283333333333,-7.3475,4.392283198606118
2025-12-12 11:00:00,41,5.150833333333333,-6.943333333333334,4.140078564524901
2025-12-12 12:00:00,41,5.0967,-6.9366666666666665,4.258050539703075
2025-12-12 13:00:00,41,5.240375,-6.476666666666667,4.238903502272281
2025-12-12 14:00:00,41,4.581741666666666,-5.81,4.021548586308169
2025-12-12 15:00:00,41,4.032775,-6.361666666666667,4.152183444119759
2025-12-12 16:00:00,41,5.086708333333333,-6.735833333333333,4.22746616175947
2025-12-12 17:00:00,41,3.1726916666666667,-6.403333333333333,4.055884580820927
2025-12-12 18:00:00,41,3.6099750000000004,-6.199166666666667,3.994676277658843
2025-12-12 19:00:00,41,3.3853416666666662,-6.125,4.005500812935926
2025-12-12 20:00:00,41,2.5393,-5.9624999999999995,4.090546921041911
2025-12-12 21:00:00,41,6.103833333333333,-5.969166666666667,4.174453408778588
2025-12-12 22:00:00,41,4.524258333333333,-6.091666666666668,4.0137765117164905
2025-12-12 23:00:00,41,4.890866666666667,-6.204999999999999,3.966707258625965
2025-12-13 00:00:00,42,4.643258333333333,-6.740833333333334,4.031072046771065
2025-12-13 01:00:00,42,5.471425,-6.839166666666667,4.276308804228795
2025-12-13 02:00:00,42,4.58695,-7.63,4.383926944156699
2025-12-13 03:00:00,42,4.271125,-8.37,4.374566209548945
2025-12-13 04:00:00,42,5.416991666666666,-9.064166666666667,4.36590344473452
2025-12-13 05:00:00,42,5.693225,-9.3575,4.5087022938913135
2025-12-13 06:00:00,42,3.2854249999999996,-10.148333333333333,4.567449557132565
2025-12-13 07:00:00,42,4.459016666666667,-10.911666666666667,4.72701628806222
2025-12-13 08:00:00,42,3.5322333333333336,-9.272499999999999,4.418264759809697
2025-12-13 09:00:00,42,4.286833333333332,-6.398333333333333,3.88088159483078
2025-12-13 10:00:00,42,3.545633333333333,-4.7225,3.5209004661122805
2025-12-13 11:00:00,42,2.3878333333333335,-4.153333333333333,3.3625579983997533
2025-12-13 12:00:00,42,4.403975,-4.026666666666666,3.3166866429364186
2025-12-13 13:00:00,42,3.0809333333333337,-3.6441666666666666,3.2482613305191785
2025-12-13 14:00:00,42,3.6935,-3.6475000000000004,3.234954837286644
2025-12-13 15:00:00,42,3.9102083333333333,-4.579166666666667,3.3816240603496217
2025-12-13 16:00:00,42,4.6034999999999995,-7.1066666666666665,3.909391580495341
2025-12-13 17:00:00,42,3.5174666666666665,-8.116666666666667,4.126422054777219
2025-12-13 18:00:00,42,4.107541666666666,-8.11,4.1249895103925205
2025-12-13 19:00:00,42,4.725433333333333,-9.740833333333333,4.47542568049948
2025-12-13 20:00:00,42,4.124083333333332,-11.213333333333333,4.791838921469843
2025-12-13 21:00:00,42,3.4414166666666666,-12.135833333333336,4.99006725070255
2025-12-13 22:00:00,42,4.54285,-12.64,5.098403419795401
2025-12-13 23:00:00,42,3.869641666666667,-13.463333333333333,5.275322651305711
2025-12-14 00:00:00,43,4.1637749999999984,-13.25,5.208897807203364
2025-12-14 01:00:00,43,5.157183333333333,-13.347499999999998,5.229651987865714
2025-12-14 02:00:00,43,4.445624999999999,-12.921666666666667,5.1390076603575015
2025-12-14 03:00:00,43,3.08995,-12.976666666666667,5.150715146884981
2025-12-14 04:00:00,43,4.301875,-14.286666666666667,5.4295661896304015
2025-12-14 05:00:00,43,5.420725,-15.509166666666665,5.68979168562756
2025-12-14 06:00:00,43,4.562783333333334,-15.449166666666665,5.6770198821430355
2025-12-14 07:00:00,43,5.349550000000001,-15.1075,5.604291556745057
2025-12-14 08:00:00,43,6.372783333333333,-14.375,5.448369122538172
2025-12-14 09:00:00,43,4.64815,-11.834166666666667,4.910984590290482
2025-12-14 10:00:00,43,4.532941666666666,-7.276666666666666,3.944572847731553
2025-12-14 11:00:00,43,4.371458333333333,-3.540833333333333,3.259312763423489
2025-12-14 12:00:00,43,3.63805,-2.955,3.114705260537205
2025-12-14 13:00:00,43,3.4857416666666667,-3.2583333333333333,3.2081162489812143
2025-12-14 14:00:00,43,2.58035,-3.5641666666666665,3.270462221783152
2025-12-14 15:00:00,43,4.0399416666666665,-4.76,3.4912972069624355
2025-12-14 16:00:00,43,4.6302666666666665,-6.8425,3.9281243950643985
2025-12-14 17:00:00,43,5.568641666666666,-8.6075,4.266666562823233
2025-12-14 18:00:00,43,4.986141666666666,-9.795,4.592363314367041
2025-12-14 19:00:00,43,4.590775,-10.314166666666667,4.807103204777467
2025-12-14 20:00:00,43,6.3382000000000005,-9.99,4.899235821798186
2025-12-14 21:00:00,43,5.500291666666667,-10.098333333333334,4.931134578156518
2025-12-14 22:00:00,43,5.6925,-10.656666666666666,5.007916822079555
2025-12-14 23:00:00,43,5.547741666666666,-10.689166666666665,4.933319528783811
2025-12-15 00:00:00,44,4.854958333333332,-10.699166666666668,5.032265251124797
2025-12-15 01:00:00,44,6.073708333333333,-10.990833333333333,4.958273656938871
2025-12-15 02:00:00,44,4.5168333333333335,-11.963333333333333,5.269541924231678
2025-12-15 03:00:00,44,5.904491666666666,-12.333333333333334,5.279258334221326
2025-12-15 04:00:00,44,6.196066666666667,-11.795833333333334,5.235540740243498
2025-12-15 05:00:00,44,4.290191666666667,-12.119166666666667,5.32064284634622
2025-12-15 06:00:00,44,5.515625,-12.708333333333334,5.448058900634227
2025-12-15 07:00:00,44,5.866616666666666,-13.213333333333333,5.606518924191589
2025-12-15 08:00:00,44,6.436966666666666,-11.846666666666666,5.350251197918971
2025-12-15 09:00:00,44,6.5259833333333335,-10.018333333333333,5.011964094882632
2025-12-15 10:00:00,44,5.638066666666667,-7.644166666666667,4.490719601752556
2025-12-15 11:00:00,44,3.9095416666666667,-6.754166666666666,4.387660085583933
2025-12-15 12:00:00,44,5.024208333333333,-6.359166666666667,4.183117134074782
2025-12-15 13:00:00,44,5.452949999999999,-7.435833333333334,4.511280290617162
2025-12-15 14:00:00,44,5.081908333333333,-7.8808333333333325,4.5924504685406795
2025-12-15 15:00:00,44,6.570558333333334,-9.014166666666666,4.956076416089888
2025-12-15 16:00:00,44,5.497283333333334,-9.57,5.133072662742685
2025-12-15 17:00:00,44,7.1440166666666665,-9.906666666666666,4.861001641132602
2025-12-15 18:00:00,44,6.583666666666667,-10.661666666666667,4.761623135145041
2025-12-15 19:00:00,44,4.070508333333334,-10.545833333333333,4.808349889947538
2025-12-15 20:00:00,44,4.055166666666667,-10.499166666666666,5.138536330722493
2025-12-15 21:00:00,44,4.568108333333333,-10.439166666666667,5.083349539941211
2025-12-15 22:00:00,44,5.313899999999999,-10.5125,4.874748918200646
2025-12-15 23:00:00,44,5.9345583333333325,-11.079166666666667,5.0203120269688135
2025-12-16 00:00:00,45,4.652733333333334,-12.199166666666668,5.1362375421104325
2025-12-16 01:00:00,45,4.445491666666666,-11.971666666666666,5.245133965249052
2025-12-16 02:00:00,45,6.320058333333333,-13.737499999999999,5.321785647967339
2025-12-16 03:00:00,45,6.681291666666667,-15.115833333333333,5.596949575270956
2025-12-16 04:00:00,45,4.8497916666666665,-16.183333333333334,5.8222085868020095
2025-12-16 05:00:00,45,5.607924999999999,-16.62916666666667,6.086045385110136
2025-12-16 06:00:00,45,6.90275,-12.865833333333335,5.571065541662806
2025-12-16 07:00:00,45,4.775883333333333,-12.699166666666665,5.1000373252634095
2025-12-16 08:00:00,45,4.963533333333334,-11.235833333333334,4.772515819581703
2025-12-16 09:00:00,45,5.371758333333332,-9.786666666666667,4.459480531446661
2025-12-16 10:00:00,45,3.4931666666666668,-4.956666666666666,3.548603665066482
2025-12-16 11:00:00,45,3.2124166666666665,-2.750833333333333,3.1647669556771163
2025-12-16 12:00:00,45,3.3206833333333337,-1.665,2.921708991604824
2025-12-16 13:00:00,45,3.8495749999999993,-2.1158333333333332,2.9446691655465203
2025-12-16 14:00:00,45,3.398325,-2.3049999999999997,2.9248567721536904
2025-12-16 15:00:00,45,4.930991666666667,-2.440833333333333,2.932584643241093
2025-12-16 16:00:00,45,4.867908333333333,-2.9075,3.0641307101094273
2025-12-16 17:00:00,45,3.6040083333333333,-4.9125000000000005,3.449740155629795
2025-12-16 18:00:00,45,3.5484750000000003,-7.225833333333334,3.9139277286708682
2025-12-16 19:00:00,45,4.736383333333333,-8.505,4.186437833539349
2025-12-16 20:00:00,45,4.529258333333333,-8.259166666666667,4.134066184720977
2025-12-16 21:00:00,45,3.5178499999999997,-7.875,4.05222438775396
2025-12-16 22:00:00,45,3.3512249999999995,-7.205000000000001,4.0090999589556695
2025-12-16 23:00:00,45,6.362733333333332,-4.46,3.4874698068575882
2025-12-17 00:00:00,46,4.578316666666666,-4.351666666666667,3.417243557460835
2025-12-17 01:00:00,46,4.5157,-4.411666666666666,3.452848158391701
2025-12-17 02:00:00,46,4.975733333333333,-4.656666666666666,3.530216498113891
2025-12-17 03:00:00,46,3.9064749999999995,-4.848333333333334,3.503182864462713
2025-12-17 04:00:00,46,5.218841666666666,-4.931666666666666,3.498777583575156
2025-12-17 05:00:00,46,4.864258333333334,-3.8699999999999997,3.366696611372524
2025-12-17 06:00:00,46,3.0019333333333336,-3.6058333333333334,3.388399186831582
2025-12-17 07:00:00,46,4.131308333333333,-3.3524999999999996,3.3172499890574776
2025-12-17 08:00:00,46,4.0527750000000005,-2.635,3.185108752739905
2025-12-18 13:55:00,47,2.352125,2.533333333333333,2.0505617909694647
2025-12-18 14:55:00,47,2.532475,0.44083333333333324,2.3537382349602254
2025-12-18 15:55:00,47,2.6248666666666667,-2.7875,2.996070243547869
2025-12-18 16:55:00,47,3.224191666666666,-2.5933333333333333,2.9925043888056426
2025-12-18 17:55:00,47,2.331975,0.9083333333333332,2.3715507302418235
2025-12-18 18:55:00,47,1.4520666666666668,1.7958333333333334,2.214592083295926
2025-12-18 19:55:00,47,2.908091666666667,2.5649999999999995,2.1631283598209547
2025-12-18 20:55:00,47,2.454683333333333,2.8049999999999997,2.1662346186623216
2025-12-18 21:55:00,47,4.097166666666666,3.060833333333333,2.0989709781675154
2025-12-18 22:55:00,47,2.963933333333333,3.0558333333333336,1.9506581928417903
2025-12-18 23:55:00,47,2.651683333333333,2.81,1.9152608272095892
2025-12-19 00:55:00,48,4.518891666666667,2.5566666666666666,1.9681895156369433
2025-12-19 01:55:00,48,3.397641666666667,3.0275,1.8772194550658199
2025-12-19 02:55:00,48,3.083566666666667,2.9491666666666667,1.8208681528990074
2025-12-19 03:55:00,48,3.029108333333333,2.0691666666666664,1.9928818295441588
2025-12-19 04:55:00,48,3.2196249999999997,2.268333333333333,1.9567202394367615
2025-12-19 05:55:00,48,2.0116833333333335,4.0675,1.574301383022761
2025-12-19 06:55:00,48,3.0648583333333335,4.653333333333333,1.4488755301770058
2025-12-19 07:55:00,48,2.1734416666666667,5.574166666666667,1.2858059152922008
2025-12-19 08:55:00,48,2.1248416666666663,7.5183333333333335,0.9197177867889317
2025-12-19 09:55:00,48,3.0218333333333334,8.8925,0.7444219641189633
2025-12-19 10:55:00,48,2.159625,9.736666666666666,0.5927045829204525
2025-12-19 11:55:00,48,1.936,9.929166666666665,0.5499029258183291
2025-12-19 12:55:00,48,2.171358333333333,10.560833333333333,0.4045981439921794
2025-12-19 13:55:00,48,1.652825,11.296666666666667,0.29294261419641954
2025-12-20 18:05:00,49,2.6451499999999997,-4.149166666666667,3.354059853288301
2025-12-20 19:05:00,49,1.795425,-4.055,3.4045027429670385
2025-12-20 20:05:00,49,2.6847,-3.8983333333333334,3.393255239215701
2025-12-20 21:05:00,49,6.560466666666667,-3.2866666666666666,3.3488925371979144
2025-12-20 22:05:00,49,4.416458333333333,-2.4175000000000004,3.3148344722587404
2025-12-20 23:05:00,49,3.862325,-2.2500000000000004,3.2428004769791228
2025-12-21 00:05:00,50,4.520766666666666,-2.1999999999999997,3.158752736818186
2025-12-21 01:05:00,50,4.469691666666667,-2.225833333333333,3.0529915558546814
2025-12-21 02:05:00,50,3.2110749999999992,-2.185833333333333,3.077326062168813
2025-12-21 03:05:00,50,4.24745,-2.6833333333333336,3.1409472913590943
2025-12-21 04:05:00,50,4.134058333333333,-2.588333333333333,3.0547943226176493
2025-12-21 05:05:00,50,2.725825,-2.203333333333333,2.9945495128612767
2025-12-21 06:05:00,50,3.645266666666667,-1.685833333333333,2.9015698811952015
2025-12-21 07:05:00,50,3.5681249999999998,-2.0599999999999996,2.9247203642130306
2025-12-21 08:05:00,50,2.7329166666666667,-1.4641666666666666,2.882946666378263
2025-12-21 09:05:00,50,2.534116666666667,0.24,2.6164028335704694
2025-12-21 10:05:00,50,2.357725,1.2783333333333333,2.4413226117870224
2025-12-21 11:05:00,50,2.2941166666666666,1.7550000000000006,2.410406414019346
2025-12-21 12:05:00,50,1.5015499999999997,0.7225,2.684632903555943
2025-12-21 13:05:00,50,0.0,0.21833333333333338,2.987946438370127
2025-12-21 14:05:00,50,0.0,-0.36166666666666675,3.1030887943157053
2025-12-21 15:05:00,50,0.0,-1.1941666666666666,3.1286809967558233
2025-12-21 16:05:00,50,0.0,-2.1525000000000003,3.346087532654373
2025-12-21 17:05:00,50,0.0,-2.750833333333334,3.572665077838519
2025-12-21 18:05:00,50,0.0,-3.356666666666667,3.785725592572139
2025-12-21 19:05:00,50,0.0,-3.8516666666666666,3.8120831011383434
2025-12-21 20:05:00,50,0.0,-4.365000000000001,3.761266696257385
2025-12-21 21:05:00,50,0.0,-5.110833333333333,4.123590405830206
2025-12-21 22:05:00,50,0.0,-6.1933333333333325,4.126366777432631
2025-12-21 23:05:00,50,0.0,-7.490833333333334,4.694972258585269
2025-12-22 00:05:00,51,0.0,-8.495833333333334,4.537693703693291
2025-12-22 01:05:00,51,0.0,-9.064166666666667,4.611569962514951
2025-12-22 02:05:00,51,0.0,-9.215833333333334,4.657761579397557
2025-12-22 03:05:00,51,0.0,-9.278333333333334,4.678164462938372
2025-12-22 04:05:00,51,0.0,-9.522499999999999,4.7059630801508225
2025-12-22 05:05:00,51,0.0,-10.0375,4.838069190615595
2025-12-22 06:05:00,51,0.0,-10.634166666666667,4.976997969604766
2025-12-22 07:05:00,51,0.0,-11.351666666666667,5.085119686688428
2025-12-22 08:05:00,51,0.0,-10.5825,4.91777862343849
2025-12-22 09:05:00,51,0.0,-9.977500000000001,4.81015593688834
2025-12-22 10:05:00,51,0.0,-8.4625,4.497345191658675
2025-12-22 11:05:00,51,0.0,-8.106666666666667,4.4220741978507245
2025-12-22 12:05:00,51,3.0351583333333334,-7.940833333333334,4.428825183145979
2025-12-22 13:05:00,51,6.049266666666665,-8.403333333333334,4.5092304590637395
2025-12-22 14:05:00,51,6.2186916666666665,-8.619166666666667,4.478320031650178
2025-12-22 15:05:00,51,6.175891666666668,-9.5325,4.555487523351617
2025-12-22 16:05:00,51,5.413275,-10.518333333333333,4.834836813245466
2025-12-22 17:05:00,51,4.247058333333333,-10.785833333333334,4.858241925786678
2025-12-22 18:05:00,51,4.1983999999999995,-10.758333333333333,4.7954731915413
2025-12-22 19:05:00,51,6.3072833333333325,-10.645000000000001,4.7317455517775775
2025-12-22 20:05:00,51,6.038683333333333,-10.852500000000001,4.775612514096636
2025-12-22 21:05:00,51,8.887575,-10.319166666666666,4.6926214140013744
2025-12-22 22:05:00,51,6.1751,-9.990833333333333,4.584806539179437
2025-12-22 23:05:00,51,7.189866666666666,-10.055,4.587331375102423
2025-12-23 00:05:00,52,7.497191666666667,-10.755,4.78013958313792
2025-12-23 01:05:00,52,6.394291666666665,-12.729166666666666,5.176552973193956
2025-12-23 02:05:00,52,6.915333333333333,-13.545833333333329,5.341479933851393
2025-12-23 03:05:00,52,5.616591666666667,-14.690000000000003,5.568424831431543
2025-12-23 04:05:00,52,5.3237,-15.560000000000002,5.743365087592988
2025-12-23 05:05:00,52,5.557908333333333,-15.921666666666669,5.812752917013514
2025-12-23 06:05:00,52,4.112075,-16.3,5.8937822132093745
2025-12-23 07:05:00,52,3.405783333333333,-15.600833333333334,5.754816841841668
2025-12-23 08:05:00,52,5.532825000000001,-13.259166666666667,5.268595543474536
2025-12-23 09:05:00,52,5.675883333333332,-10.772499999999999,4.72506415920238
2025-12-23 10:05:00,52,4.140541666666667,-9.041666666666666,4.327908423297921
2025-12-23 11:05:00,52,4.674099999999999,-8.115,4.133889197502296
2025-12-23 12:05:00,52,3.8981749999999997,-7.615833333333334,4.075634412159811
2025-12-23 13:05:00,52,3.8697749999999993,-7.555833333333333,4.0520407984403
2025-12-23 14:05:00,52,3.5295416666666664,-7.028333333333333,3.9991958180242557
2025-12-23 15:05:00,52,5.322175,-7.291666666666667,4.0364518388942034
2025-12-23 16:05:00,52,4.170108333333333,-7.480833333333333,4.0818901554307345
2025-12-23 17:05:00,52,3.057008333333333,-7.485833333333333,4.09615963911519
2025-12-23 18:05:00,52,2.217925,-7.648333333333333,4.124579237111366
2025-12-23 19:05:00,52,5.218358333333334,-8.036666666666667,4.157396814292714
2025-12-23 20:05:00,52,3.3437833333333336,-8.213333333333333,4.186552049058381
2025-12-23 21:05:00,52,4.626608333333333,-8.338333333333333,4.246817393530691
2025-12-23 22:05:00,52,4.918824999999999,-8.991666666666667,4.331117591474945
2025-12-23 23:05:00,52,4.364533333333333,-9.653333333333334,4.45920590665575
2025-12-24 00:05:00,53,6.7738749999999985,-9.926666666666668,4.507552648285577
2025-12-24 01:05:00,53,4.484341666666666,-10.36,4.518695939671949
2025-12-24 02:05:00,53,4.189391666666667,-10.775,4.6199739999580265
2025-12-24 03:05:00,53,5.436633333333334,-10.921666666666667,4.692307958146841
2025-12-24 04:05:00,53,5.116241666666666,-11.184166666666668,4.717949254987441
2025-12-24 05:05:00,53,5.023941666666666,-11.265,4.776664770845431
2025-12-24 06:05:00,53,5.008541666666667,-11.28,4.741453800913234
2025-12-24 07:05:00,53,4.303308333333333,-11.292499999999999,4.788390424299977
2025-12-24 08:05:00,53,6.199525,-11.056666666666667,4.748302374015574
2025-12-24 09:05:00,53,4.7036999999999995,-10.486666666666666,4.675488679365456
2025-12-24 10:05:00,53,3.7113666666666667,-9.9725,4.553228732328321
2025-12-24 11:05:00,53,4.447608333333333,-9.051666666666668,4.32315609835116
2025-12-24 12:05:00,53,3.6822916666666665,-8.138333333333334,4.17084595127134
2025-12-24 13:05:00,53,4.402941666666667,-7.5874999999999995,4.131763574526192
2025-12-24 14:05:00,53,5.685708333333333,-7.705000000000001,4.16139337437476
2025-12-24 15:05:00,53,3.5891166666666665,-8.476666666666667,4.330740213752924
2025-12-24 16:05:00,53,5.2856749999999995,-10.111666666666666,4.657096956911412
2025-12-24 17:05:00,53,4.945366666666666,-11.703333333333333,4.974184741390171
2025-12-24 18:05:00,53,4.735483333333333,-13.023333333333332,5.235703903474282
2025-12-24 19:05:00,53,3.3337916666666665,-14.592500000000001,5.549757175310515
2025-12-24 20:05:00,53,2.7336083333333336,-15.897499999999999,5.809735955673727
2025-12-24 21:05:00,53,3.680233333333333,-15.850833333333332,5.79965173067983
2025-12-24 22:05:00,53,5.541108333333334,-14.84666666666667,5.5962079311532
2025-12-24 23:05:00,53,5.7283583333333326,-14.041666666666666,5.440021559844306
2025-12-25 00:05:00,54,6.1478,-13.286666666666667,5.258666708737828
2025-12-25 01:05:00,54,6.318125,-12.541666666666666,5.115273507438112
2025-12-25 02:05:00,54,3.6821166666666674,-10.976666666666667,4.804605451862189
2025-12-25 03:05:00,54,6.4045749999999995,-9.5375,4.498775489567145
2025-12-25 04:05:00,54,5.418691666666667,-9.289166666666667,4.445137969641355
2025-12-25 05:05:00,54,4.685275,-9.275,4.461328162352394
2025-12-25 06:05:00,54,3.755183333333333,-9.225,4.462758067911805
2025-12-25 07:05:00,54,6.2103166666666665,-9.324166666666667,4.491347629936172
2025-12-25 08:05:00,54,4.552791666666667,-9.290833333333333,4.48486115912204
2025-12-25 09:05:00,54,3.859683333333333,-8.805,4.390320847006069
2025-12-25 10:05:00,54,4.826025,-7.9816666666666665,4.230105017897012
2025-12-25 11:05:00,54,3.0931083333333333,-6.403333333333333,3.922970624847869
2025-12-25 12:05:00,54,3.5921833333333337,-6.283333333333334,3.8996193299169946
2025-12-25 13:05:00,54,5.205266666666667,-5.574166666666667,3.7616196633463392
2025-12-25 14:05:00,54,3.916366666666667,-5.3625,3.7192677303306545
2025-12-25 15:05:00,54,3.9982749999999987,-6.389166666666667,3.8781451796945974
2025-12-25 16:05:00,54,4.813783333333333,-7.730833333333333,4.092686344443316
2025-12-25 17:05:00,54,5.472475000000001,-8.634166666666667,4.3192675968062835
2025-12-25 18:05:00,54,4.7722500000000005,-9.319166666666666,4.421754030670279
2025-12-25 19:05:00,54,4.773883333333334,-10.4625,4.634967713823517
2025-12-25 20:05:00,54,4.672733333333333,-11.9125,4.894017904024247
2025-12-25 21:05:00,54,6.154766666666666,-12.884166666666665,5.092148233951061
2025-12-25 22:05:00,54,6.258266666666667,-14.065000000000003,5.37659261578484
2025-12-25 23:05:00,54,4.326841666666666,-14.794166666666667,5.527253813631306
2025-12-26 00:05:00,55,5.96805,-14.698333333333332,5.475561419073348
2025-12-26 01:05:00,55,6.3675999999999995,-14.768333333333336,5.463007054565751
2025-12-26 02:05:00,55,4.116633333333334,-15.24083333333333,5.583088074920437
2025-12-26 03:05:00,55,6.306125,-15.940000000000003,5.755538165994799
2025-12-26 04:05:00,55,5.981283333333334,-16.473333333333333,5.8596653805182095
2025-12-26 05:05:00,55,5.494941666666667,-16.5975,5.827575482764701
2025-12-26 06:05:00,55,4.211075,-17.689166666666665,6.123814541010283
2025-12-26 07:05:00,55,6.053333333333333,-18.39833333333333,6.236349316160596
2025-12-26 08:05:00,55,5.088374999999999,-16.435,5.878848233314823
2025-12-26 09:05:00,55,5.860066666666666,-14.254166666666663,5.396117342254402
2025-12-26 10:05:00,55,3.769883333333333,-13.175833333333335,5.087593919002504
2025-12-26 11:05:00,55,4.055133333333333,-12.667499999999999,5.0009051628660375
2025-12-26 12:05:00,55,3.9632166666666664,-10.94,4.7413545876174945
2025-12-26 13:05:00,55,3.8458750000000004,-11.780833333333334,4.924731853120846
2025-12-26 14:05:00,55,6.112933333333334,-12.35666666666667,5.105004706053685
2025-12-26 15:05:00,55,5.146366666666666,-13.29166666666667,5.265166250888635
2025-12-26 16:05:00,55,5.084208333333334,-15.403333333333336,5.696870919167496
2025-12-26 17:05:00,55,4.550191666666666,-17.609166666666663,6.12254934334068
2025-12-26 18:05:00,55,6.1157916666666665,-19.09916666666667,6.41008731932166
2025-12-26 19:05:00,55,5.4631,-20.505,6.676565945702061
2025-12-26 20:05:00,55,4.729141666666667,-20.88083333333333,6.725208485800459
2025-12-26 21:05:00,55,5.687408333333334,-18.726666666666667,6.311378411757707
2025-12-26 22:05:00,55,7.832741666666668,-18.81333333333333,6.354927629298462
2025-12-26 23:05:00,55,8.041075000000001,-19.489166666666666,6.485348937195876
2025-12-27 00:05:00,56,5.733275,-19.685833333333335,6.473065369209795
2025-12-27 01:05:00,56,4.994716666666666,-19.860833333333332,6.50835649502086
2025-12-27 02:05:00,56,7.196516666666666,-19.86916666666667,6.509934243455813
2025-12-27 03:05:00,56,7.982091666666668,-20.406666666666666,6.611699017510247
2025-12-27 04:05:00,56,6.102508333333334,-20.6575,6.659189245402316
2025-12-27 05:05:00,56,5.3488083333333325,-20.453333333333333,6.62053440874598
2025-12-27 06:05:00,56,7.466358333333333,-19.375,6.416373761263132
2025-12-27 07:05:00,56,7.311083333333333,-18.296666666666663,6.212213113780282
2025-12-27 08:05:00,56,4.586708333333332,-16.281666666666663,5.830713542208777
2025-12-27 09:05:00,56,7.015675,-14.049999999999999,5.360607493184972
2025-12-27 10:05:00,56,7.3442583333333324,-12.060833333333335,4.965532303897634
2025-12-27 11:05:00,56,5.471016666666666,-11.126666666666667,4.810175623802448
2025-12-27 12:05:00,56,4.575541666666666,-9.721666666666666,4.535519389918942
2025-12-27 13:05:00,56,5.810308333333334,-9.88,4.6028554629441905
2025-12-27 14:05:00,56,4.251766666666667,-10.134166666666667,4.633308855235328
2025-12-27 15:05:00,56,4.672116666666666,-10.685,4.730098642322768
2025-12-27 16:05:00,56,4.128933333333333,-12.999166666666667,5.209238433681001
2025-12-27 17:05:00,56,4.264941666666666,-14.619999999999997,5.516110504279255
2025-12-27 18:05:00,56,3.5187416666666667,-15.161666666666667,5.618664152551165
2025-12-27 19:05:00,56,4.231158333333333,-16.776666666666667,5.924431799244953
2025-12-27 20:05:00,56,2.9401,-17.695000000000004,6.0871894787175895
2025-12-27 21:05:00,56,2.8666000000000005,-18.389999999999997,6.229883896251749
2025-12-27 22:05:00,56,5.278233333333333,-17.388333333333335,6.040238534370465
2025-12-27 23:05:00,56,5.856741666666667,-15.410833333333334,5.656549149226885
2025-12-28 00:05:00,57,4.658641666666665,-14.5875,5.446061484396415
2025-12-28 01:05:00,57,5.776050000000001,-14.082499999999998,5.35276957839893
2025-12-28 02:05:00,57,6.760075,-14.537500000000001,5.44115412959795
2025-12-28 03:05:00,57,4.5675,-14.139166666666666,5.347926702601204
2025-12-28 04:05:00,57,5.461716666666667,-13.723333333333334,5.262146602741388
2025-12-28 05:05:00,57,6.268166666666667,-13.360833333333334,5.172592629527564
2025-12-28 06:05:00,57,4.3636333333333335,-13.7825,5.288638868340438
2025-12-28 07:05:00,57,4.491175,-13.717499999999996,5.2730620273129585
2025-12-28 08:05:00,57,5.838233333333333,-11.46,4.8312950957727265
2025-12-28 09:05:00,57,4.991708333333333,-9.227500000000001,4.387607989743982
2025-12-28 10:05:00,57,2.93595,-6.7366666666666655,3.918997764324612
2025-12-28 11:05:00,57,1.5305166666666667,-5.25,3.6615932414744674
2025-12-28 12:05:00,57,2.407725,-4.0125,3.407337777534344
2025-12-28 13:05:00,57,2.1751750000000003,-4.406666666666667,3.4979780732871646
2025-12-28 14:05:00,57,4.341141666666666,-4.703333333333333,3.569327704799136
2025-12-28 15:05:00,57,4.282791666666667,-5.5200000000000005,3.772921356654577
2025-12-28 16:05:00,57,4.624633333333333,-6.625,3.971883537426666
2025-12-28 17:05:00,57,4.429233333333334,-7.523333333333333,4.143019904797384
2025-12-28 18:05:00,57,3.995508333333333,-7.755,4.186395185046974
2025-12-28 19:05:00,57,4.496941666666666,-9.0275,4.421807017990743
2025-12-28 20:05:00,57,4.826675,-8.800833333333333,4.379873803478167
2025-12-28 21:05:00,57,4.978791666666666,-9.339166666666667,4.479465187945538
2025-12-28 22:05:00,57,4.359066666666667,-10.707500000000001,4.732606137319257
2025-12-28 23:05:00,57,5.989833333333333,-11.120833333333332,4.809072587312779
2025-12-29 00:05:00,58,4.546025,-11.185833333333335,4.8218179790837805
2025-12-29 01:05:00,58,3.352208333333334,-11.027500000000002,4.792682023818648
2025-12-29 02:05:00,58,4.968675,-10.471666666666666,4.690399486124736
2025-12-29 03:05:00,58,5.594683333333334,-9.768333333333333,4.560974505894359
2025-12-29 04:05:00,58,4.275341666666666,-9.0375,4.426489070275828
2025-12-29 05:05:00,58,3.6051416666666665,-8.39,4.307338347954735
2025-12-29 06:05:00,58,5.074875,-8.005833333333333,4.236132115289446
2025-12-29 07:05:00,58,5.129016666666666,-7.2924999999999995,4.105380173827477
2025-12-29 08:05:00,58,3.4258416666666665,-6.545833333333333,3.9670032528858004
2025-12-29 09:05:00,58,5.550541666666667,-5.754166666666666,3.8218312473153024
2025-12-29 10:05:00,58,4.348275,-4.6066666666666665,3.592237048864523
2025-12-29 11:05:00,58,4.083383333333332,-2.6850000000000005,3.2410886149235516
2025-12-29 12:05:00,58,4.261991666666667,-1.0225,2.939707828715627
2025-12-29 13:05:00,58,3.029575,0.48166666666666674,2.6213933213685476
2025-12-29 14:05:00,58,4.1347,0.6666666666666666,2.58761581749443
2025-12-29 15:05:00,58,4.365691666666667,0.7083333333333334,2.589701389357555
2025-12-29 16:05:00,58,3.6402166666666664,0.8191666666666665,2.5812584063963575
2025-12-29 17:05:00,58,2.488108333333333,0.5558333333333333,2.654987052479812
2025-12-29 18:05:00,58,3.062441666666666,0.12083333333333333,2.7412040788873937
2025-12-29 19:05:00,58,1.874658333333333,0.009166666666666667,2.7617525947059605
2025-12-29 20:05:00,58,1.9069500000000001,0.027499999999999997,2.758378957780524
2025-12-29 21:05:00,58,1.8820500000000002,-0.004999999999999998,2.764359495966525
2025-12-29 22:05:00,58,3.1876999999999995,-0.0375,2.7613491333363895
2025-12-29 23:05:00,58,4.070825,0.056666666666666664,2.697433651687643
2025-12-30 00:05:00,59,3.7044916666666667,-0.5516666666666666,2.755210991641088
2025-12-30 01:05:00,59,2.7707083333333333,-1.7400000000000002,2.9534619677497647
2025-12-30 02:05:00,59,3.3757249999999996,-2.3183333333333334,3.0892239218613953
2025-12-30 03:05:00,59,4.385533333333333,-2.5133333333333336,3.1328935352274763
2025-12-30 04:05:00,59,3.257441666666667,-2.9858333333333333,3.2190426370293825
2025-12-30 05:05:00,59,3.778958333333333,-4.4816666666666665,3.4154848657572994
2025-12-30 06:05:00,59,3.830025000000001,-6.216666666666666,3.753317563158255
2025-12-30 07:05:00,59,3.917883333333333,-7.814166666666666,4.026965900301373
2025-12-30 08:05:00,59,4.518283333333333,-8.485833333333334,4.139812298853948
2025-12-30 09:05:00,59,4.781783333333333,-8.163333333333334,4.0575650455399845
2025-12-30 10:05:00,59,4.129791666666667,-8.397499999999999,4.107514499567053
2025-12-30 11:05:00,59,3.719533333333333,-9.2375,4.265768106063369
2025-12-30 12:05:00,59,5.064075,-9.714166666666667,4.3823495004122615
2025-12-30 13:05:00,59,5.230408333333333,-10.449166666666667,4.455484865547049
2025-12-30 14:05:00,59,5.257524999999999,-11.166666666666666,4.568596418283108
2025-12-30 15:05:00,59,4.5604499999999994,-12.027499999999998,4.739777257377012
2025-12-30 16:05:00,59,4.620575,-12.689999999999998,4.907139805993291
2025-12-30 17:05:00,59,3.673341666666667,-13.060833333333335,4.993970646561615
2025-12-30 18:05:00,59,4.001933333333334,-13.292500000000004,5.005178257888548
2025-12-30 19:05:00,59,3.2157250000000004,-13.535833333333334,5.052164778464045
2025-12-30 20:05:00,59,4.859075,-13.791666666666666,5.138383568051896
2025-12-30 21:05:00,59,5.612308333333333,-14.166666666666666,5.171818023305882
2025-12-30 22:05:00,59,6.310691666666667,-14.880833333333333,5.3582060433220216
2025-12-30 23:05:00,59,5.881808333333333,-15.148333333333333,5.446991679779797
2025-12-31 00:05:00,60,7.817500000000001,-15.235,5.457685338092548
2025-12-31 01:05:00,60,6.383366666666666,-15.718333333333334,5.589346486306941
2025-12-31 02:05:00,60,5.259875,-16.263333333333335,5.700946160460886
2025-12-31 03:05:00,60,6.205558333333334,-16.38,5.735772049083308
2025-12-31 04:05:00,60,6.754416666666665,-16.156666666666666,5.646734915303385
2025-12-31 05:05:00,60,5.658675000000001,-16.703333333333333,5.8084065538346215
2025-12-31 06:05:00,60,5.447033333333333,-18.310000000000002,6.108749598522526
2025-12-31 07:05:00,60,6.344674999999999,-17.889166666666668,6.032762013419625
2025-12-31 08:05:00,60,6.302091666666666,-15.384166666666665,5.547321930638821
2025-12-31 09:05:00,60,5.318725,-13.149166666666664,5.1170767236157975
2025-12-31 10:05:00,60,6.407983333333333,-11.295833333333334,4.735244734276468
2025-12-31 11:05:00,60,3.2850750000000004,-10.139166666666666,4.514111504541563
2025-12-31 12:05:00,60,6.795066666666665,-8.0175,4.137422765726453
2025-12-31 13:05:00,60,7.399874999999999,-7.759166666666666,4.114418190954129
2025-12-31 14:05:00,60,6.599724999999999,-7.5225,4.077817089229419
2025-12-31 15:05:00,60,6.12915,-8.174999999999999,4.2472909756299035
2025-12-31 16:05:00,60,5.9303333333333335,-10.713333333333333,4.736632457425173
2025-12-31 17:05:00,60,4.482516666666665,-12.385833333333332,5.039552590848249
2025-12-31 18:05:00,60,6.010508333333332,-13.741666666666667,5.285118638222114
2025-12-31 19:05:00,60,5.791574999999999,-14.851666666666668,5.486159803005142
2025-12-31 20:05:00,60,5.188591666666667,-15.329166666666667,5.572643727495138
2025-12-31 21:05:00,60,7.232449999999999,-15.978333333333333,5.690219603896024
2025-12-31 22:05:00,60,3.570658333333333,-16.33666666666667,5.754456894266146
2025-12-31 23:05:00,60,6.434891666666666,-16.486666666666668,5.782288005185549
2026-01-01 00:05:00,61,4.145766666666667,-16.63,5.847812404546875
2026-01-01 01:05:00,61,7.002624999999998,-15.81583333333333,5.700663102359902
2026-01-01 02:05:00,61,6.4745,-14.72166666666667,5.502907694200749
2026-01-01 03:05:00,61,3.9173999999999993,-13.731666666666667,5.32397896237053
2026-01-01 04:05:00,61,5.653141666666667,-12.796666666666667,5.154990715641992
2026-01-01 05:05:00,61,4.648783333333333,-12.129166666666668,5.034349373726163
2026-01-01 06:05:00,61,6.537433333333334,-11.536666666666667,4.927263238767168
2026-01-01 07:05:00,61,3.3347416666666665,-11.181666666666667,4.8631019258381505
2026-01-01 08:05:00,61,4.193991666666666,-9.623333333333333,4.581454847957252
2026-01-01 09:05:00,61,4.6862416666666675,-7.2975,4.161092818884745
2026-01-01 10:05:00,61,4.585958333333333,-6.395833333333333,3.996082532052937
2026-01-01 11:05:00,61,3.513116666666667,-5.584166666666667,3.851431646626388
2026-01-01 12:05:00,61,4.738841666666667,-4.642499999999999,3.6812384926127963
2026-01-01 13:05:00,61,2.998625,-4.3774999999999995,3.6333434280319805
2026-01-01 14:05:00,61,3.1436750000000004,-4.6575,3.6839495340041633
2026-01-01 15:05:00,61,3.906283333333333,-5.541666666666667,3.830080443478196
2026-01-01 16:05:00,61,1.878058333333333,-7.860833333333333,4.183039683462765
2026-01-01 17:05:00,61,4.375416666666666,-9.62,4.475015059080191
2026-01-01 18:05:00,61,6.3309999999999995,-10.62,4.649312522236821
2026-01-01 19:05:00,61,4.601566666666667,-11.19,4.752640451848003
2026-01-01 20:05:00,61,4.8678,-11.815,4.810486265988213
2026-01-01 21:05:00,61,4.6543,-12.44,4.9125499347497685
2026-01-01 22:05:00,61,5.548725000000001,-13.078333333333333,5.025203500127418
2026-01-01 23:05:00,61,7.599716666666667,-14.134999999999998,5.180530164268024
2026-01-02 00:05:00,62,7.725775,-15.33916666666667,5.383725586199468
2026-01-02 01:05:00,62,6.9605999999999995,-15.829166666666666,5.511245943332878
2026-01-02 02:05:00,62,6.3357,-16.5275,5.672116340218963
2026-01-02 03:05:00,62,7.397275,-17.0425,5.702653638224467
2026-01-02 04:05:00,62,7.227591666666665,-17.57,5.846982992950294
2026-01-02 05:05:00,62,6.727891666666667,-17.995833333333334,5.959396523763905
2026-01-02 06:05:00,62,6.744833333333333,-18.87,6.211787020746974
2026-01-02 07:05:00,62,7.364424999999999,-18.935833333333335,6.179119400250267
2026-01-02 08:05:00,62,7.422625,-17.45916666666667,5.860362497540986
2026-01-02 09:05:00,62,6.0749,-15.9125,5.547124563826137
2026-01-02 10:05:00,62,5.651816666666667,-14.050833333333332,5.214703241723367
2026-01-02 11:05:00,62,4.570841666666667,-13.019166666666665,5.0116602444580565
2026-01-02 12:05:00,62,6.231633333333332,-12.119166666666665,4.844450524646631
2026-01-02 13:05:00,62,7.067925000000001,-12.659999999999998,4.943225747147881
2026-01-02 14:05:00,62,7.244558333333333,-12.9775,5.018828257100922
2026-01-02 15:05:00,62,5.521,-13.81083333333333,5.215439403607018
2026-01-02 16:05:00,62,6.4334083333333325,-14.741666666666667,5.456663624912667
2026-01-02 17:05:00,62,5.174975,-14.991666666666669,5.455318096747149
2026-01-02 18:05:00,62,4.860216666666667,-15.323333333333332,5.528698508784052
2026-01-02 19:05:00,62,4.726675,-15.680000000000001,5.602567186087609
2026-01-02 20:05:00,62,6.477391666666666,-16.44,5.787739949134442
2026-01-02 21:05:00,62,5.9715750000000005,-16.352500000000003,5.740437126445219
2026-01-02 22:05:00,62,6.827708333333333,-16.051666666666666,5.691936758503431
2026-01-02 23:05:00,62,6.5736083333333335,-14.828333333333335,5.393459418833994
2026-01-03 00:05:00,63,6.405908333333335,-15.143333333333333,5.580581336221384
2026-01-03 01:05:00,63,6.149033333333334,-15.315000000000003,5.614791718618539
2026-01-03 02:05:00,63,7.2538,-15.40333333333333,5.630653004596616
2026-01-03 03:05:00,63,5.486466666666667,-15.810833333333333,5.703335921971435
2026-01-03 04:05:00,63,6.902966666666666,-16.545833333333334,5.838966975784266
2026-01-03 05:05:00,63,7.304633333333332,-17.110833333333332,5.943383772920778
2026-01-03 06:05:00,63,5.1824916666666665,-17.485833333333336,6.014840276734499
2026-01-03 07:05:00,63,7.3292,-17.395,5.99535061782344
2026-01-03 08:05:00,63,7.2870583333333325,-15.792499999999999,5.691613313950276
2026-01-03 09:05:00,63,6.003316666666667,-14.537500000000001,5.452276032139565
2026-01-03 10:05:00,63,6.748208333333333,-13.329999999999998,5.231585445068443
2026-01-03 11:05:00,63,5.549808333333333,-12.671666666666667,5.111214683702242
2026-01-03 12:05:00,63,4.604841666666666,-12.079166666666667,5.00122120075034
2026-01-03 13:05:00,63,5.318233333333334,-12.494166666666667,5.082499136392907
2026-01-03 14:05:00,63,7.282699999999999,-12.847499999999998,5.153120503711978
2026-01-03 15:05:00,63,7.490091666666667,-13.782499999999999,5.3297280468751635
2026-01-03 16:05:00,63,6.146166666666667,-15.092500000000001,5.5698542579750825
2026-01-03 17:05:00,63,7.301774999999998,-15.341666666666667,5.613422053163846
2026-01-03 18:05:00,63,6.624675000000002,-15.883333333333335,5.721079749576486
2026-01-03 19:05:00,63,5.826508333333332,-16.31833333333333,5.802209396409029
2026-01-03 20:05:00,63,5.9998499999999995,-16.991666666666667,5.917004961322807
2026-01-03 21:05:00,63,5.512824999999999,-17.518333333333334,6.021371554720542
2026-01-03 22:05:00,63,5.316333333333334,-17.75833333333333,6.072565269171015
2026-01-03 23:05:00,63,7.335850000000001,-18.06,6.1271262578808035
2026-01-04 00:05:00,64,6.917083333333333,-18.675,6.291626141791456
2026-01-04 01:05:00,64,5.674641666666666,-19.49333333333333,6.444319939655465
2026-01-04 02:05:00,64,7.428191666666667,-19.74,6.507140932503177
2026-01-04 03:05:00,64,7.406766666666666,-18.99083333333333,6.353806084709315
2026-01-04 04:05:00,64,5.329983333333334,-19.713333333333335,6.482921046698411
2026-01-04 05:05:00,64,7.414725,-20.764166666666664,6.679872996716091
2026-01-04 06:05:00,64,7.052816666666666,-21.49416666666667,6.817632145669844
2026-01-04 07:05:00,64,6.181383333333334,-22.269166666666667,6.963883296956362
2026-01-04 08:05:00,64,7.181658333333333,-19.276666666666667,6.406917343989751
2026-01-04 09:05:00,64,7.023916666666667,-15.505,5.716905107503104
2026-01-04 10:05:00,64,4.904458333333333,-13.684166666666668,5.373597610959844
2026-01-04 11:05:00,64,4.400983333333333,-12.46,5.136822397609847
2026-01-04 12:05:00,64,4.311841666666666,-11.878333333333332,5.029254057218795
2026-01-04 13:05:00,64,5.418758333333332,-12.828333333333333,5.20009841849555
2026-01-04 14:05:00,64,7.902758333333332,-13.28416666666667,5.287191572001729
2026-01-04 15:05:00,64,7.7110166666666675,-14.379999999999997,5.477474300775188
2026-01-04 16:05:00,64,5.323641666666667,-15.97166666666667,5.775474748276562
2026-01-04 17:05:00,64,6.151216666666666,-17.175,6.022361609638648
2026-01-04 18:05:00,64,6.664591666666666,-17.713333333333335,6.104475819457151
2026-01-04 19:05:00,64,5.032041666666667,-16.392500000000002,5.857782757544824
2026-01-04 20:05:00,64,4.905849999999999,-15.560000000000002,5.715417006035405
2026-01-04 21:05:00,64,4.012658333333333,-16.420833333333334,5.887132726859395
2026-01-04 22:05:00,64,5.6383833333333335,-16.874166666666667,5.9728036487224525
2026-01-04 23:05:00,64,7.759533333333331,-17.4175,6.0689077918883525
2026-01-05 00:05:00,65,6.864133333333332,-18.147499999999997,6.212846706881823
2026-01-05 01:05:00,65,7.220958333333332,-18.475833333333334,6.283264904969393
2026-01-05 02:05:00,65,6.249424999999999,-19.119166666666665,6.388300890177656
2026-01-05 03:05:00,65,7.056016666666666,-18.3475,6.251896928142182
2026-01-05 04:05:00,65,7.092641666666665,-19.06083333333333,6.385298097833197
2026-01-05 05:05:00,65,5.022525,-19.918333333333337,6.543353321278272
2026-01-05 06:05:00,65,6.759458333333333,-19.523333333333333,6.464046065853881
2026-01-05 07:05:00,65,7.208124999999998,-19.2125,6.404927642004824
2026-01-05 08:05:00,65,6.839758333333333,-17.574166666666667,6.1027582106317055
2026-01-05 09:05:00,65,5.104041666666666,-15.5,5.711550734161857
2026-01-05 10:05:00,65,5.468758333333334,-13.605833333333335,5.361999688206442
2026-01-05 11:05:00,65,5.0515,-11.986666666666666,5.051687060871666
2026-01-05 12:05:00,65,5.372525,-10.609166666666665,4.7915154584306245
2026-01-05 13:05:00,65,8.090450000000002,-10.63,4.785960774408397
2026-01-05 14:05:00,65,7.197758333333334,-10.717500000000001,4.796400084600808
2026-01-05 15:05:00,65,7.453508333333333,-11.713333333333333,4.982413817711966
2026-01-05 16:05:00,65,5.821008333333333,-13.468333333333334,5.314867002554236
2026-01-05 17:05:00,65,5.1353583333333335,-14.313333333333333,5.475221200784745
2026-01-05 18:05:00,65,4.5050333333333334,-14.646666666666668,5.538477294761277
2026-01-05 19:05:00,65,5.121825,-14.079166666666667,5.430783794766231
2026-01-05 20:05:00,65,5.245491666666666,-13.741666666666669,5.366736999614993
2026-01-05 21:05:00,65,7.300983333333333,-13.338333333333333,5.290197125903388
2026-01-05 22:05:00,65,8.456408333333332,-13.106666666666664,5.246234140589698
2026-01-05 23:05:00,65,4.939691666666667,-12.777500000000002,5.183768747787874
2026-01-06 00:05:00,66,6.10065,-12.7125,5.209141707013023
2026-01-06 01:05:00,66,5.789891666666667,-13.94,5.441031369556562
2026-01-06 02:05:00,66,5.398408333333333,-15.388333333333334,5.714639131607257
2026-01-06 03:05:00,66,5.047291666666666,-16.855833333333333,5.99186770984159
2026-01-06 04:05:00,66,5.743283333333332,-17.824166666666667,6.174797640510696
2026-01-06 05:05:00,66,6.7089,-16.93916666666667,6.007610388900893
2026-01-06 06:05:00,66,5.087291666666666,-17.52416666666667,6.118123995897204
2026-01-06 07:05:00,66,6.682200000000001,-18.124166666666664,6.231471285124188
2026-01-08 11:10:00,68,3.644633333333333,0.7541666666666665,2.7807180997703598
2026-01-08 12:10:00,68,1.3664249999999998,1.015,2.7160935446275425
2026-01-08 13:10:00,68,2.641758333333333,0.8333333333333334,2.747575582601938
2026-01-08 14:10:00,68,3.2698583333333326,0.6716666666666667,2.783158878490365
2026-01-08 15:10:00,68,2.3707916666666664,0.20416666666666664,2.8666908130344004
2026-01-08 16:10:00,68,4.414791666666667,-0.10166666666666667,2.9223163079155805
2026-01-08 17:10:00,68,2.6529166666666666,-0.3466666666666667,2.9705339179007373
2026-01-08 18:10:00,68,3.8215,-1.1116666666666668,3.114756197228804
2026-01-08 19:10:00,68,1.3577166666666667,-1.4816666666666667,3.1728861186367916
2026-01-08 20:10:00,68,2.467833333333333,-1.2033333333333334,3.1269367214048085
2026-01-08 21:10:00,68,1.3902666666666668,-1.2449999999999999,3.1364792811818942
2026-01-08 22:10:00,68,2.5542,-1.2216666666666667,3.138980122348075
2026-01-08 23:10:00,68,2.5278166666666664,-1.3808333333333334,3.170905583643929
2026-01-09 00:10:00,69,3.711708333333333,-1.3341666666666665,3.146643713536664
2026-01-09 01:10:00,69,3.621641666666667,-1.3166666666666669,3.1454635360347525
2026-01-09 02:10:00,69,2.8087333333333335,-1.39,3.1593193676726297
2026-01-09 03:10:00,69,3.6750583333333338,-1.3941666666666668,3.160077314313372
2026-01-09 04:10:00,69,2.255075,-1.4299999999999997,3.166595655423754
2026-01-09 05:10:00,69,3.5802416666666668,-1.5100000000000005,3.181053903975876
2026-01-09 06:10:00,69,3.9197416666666665,-1.6341666666666665,3.2031166330478027
2026-01-09 07:10:00,69,2.687091666666667,-1.125,3.1077371744439195
2026-01-09 08:10:00,69,3.373725,-0.42249999999999993,2.975263127130974
2026-01-09 09:10:00,69,2.7030666666666665,0.6625,2.7720512153536956
2026-01-09 10:10:00,69,4.313233333333334,0.5425,2.78868425467107
2026-01-09 11:10:00,69,3.0980250000000003,0.6808333333333333,2.767821491690083
2026-01-09 12:10:00,69,1.4499833333333332,1.1991666666666667,2.675967193514573
2026-01-09 13:10:00,69,3.392533333333333,1.7924999999999998,2.5671083412075975
2026-01-09 14:10:00,69,3.453691666666667,1.964166666666667,2.539298926959119
2026-01-09 15:10:00,69,2.010625,2.0500000000000003,2.5176172190831583
2026-01-09 16:10:00,69,2.3571833333333334,2.795833333333334,2.376967841565711
2026-01-09 17:10:00,69,3.099183333333333,2.9666666666666663,2.343723115192692
2026-01-09 18:10:00,69,2.034275,2.864166666666667,2.3673260112877683
2026-01-09 19:10:00,69,1.0417083333333332,3.018333333333333,2.343912589647075
2026-01-09 20:10:00,69,3.2849749999999998,3.2308333333333334,2.3064005376152257
2026-01-09 21:10:00,69,0.0,3.5083333333333333,2.2537614965694637
2026-01-09 22:10:00,69,3.9873999999999996,3.6199999999999997,2.2402856390877814
2026-01-09 23:10:00,69,2.716608333333333,3.9591666666666665,2.1778894234566426
2026-01-10 00:10:00,70,3.988883333333333,3.6341666666666668,2.2559240845643194
2026-01-10 01:10:00,70,2.942658333333333,3.420833333333333,2.296138608181592
2026-01-10 02:10:00,70,4.024074999999999,3.4766666666666666,2.2663009410085806
2026-01-10 03:10:00,70,1.4650583333333334,2.8475,2.363337338830304
2026-01-10 04:10:00,70,3.692424999999999,2.3333333333333335,2.454166164457651
2026-01-10 05:10:00,70,2.4387416666666666,2.4391666666666665,2.4330622987728376
2026-01-10 06:10:00,70,3.2229,2.1716666666666664,2.480809705848937
2026-01-10 07:10:00,70,4.200366666666666,1.7225000000000001,2.5616627097608227
2026-01-10 08:10:00,70,2.8284083333333334,1.9949999999999999,2.533898535533996
2026-01-10 09:10:00,70,2.2570083333333333,1.4866666666666666,2.615750009090952
2026-01-10 10:10:00,70,0.0,3.185,2.3253725426633873
2026-01-10 11:10:00,70,4.0207749999999995,3.7808333333333337,2.2135311060914353
2026-01-10 12:10:00,70,1.3334666666666666,3.8649999999999998,2.20394080421135
2026-01-10 13:10:00,70,2.468383333333333,3.6533333333333338,2.2537581794778143
2026-01-10 14:10:00,70,3.047683333333333,2.6616666666666666,2.4392338456993516
2026-01-10 15:10:00,70,1.7964166666666663,1.2074999999999998,2.6977281474973775
2026-01-10 16:10:00,70,4.5134333333333325,0.022500000000000003,2.913775784590264
2026-01-10 17:10:00,70,1.5879083333333335,-0.5541666666666668,3.0197885921252587
2026-01-10 18:10:00,70,1.2836083333333332,-1.3941666666666668,3.1743383935284264
2026-01-10 19:10:00,70,1.6983583333333332,-2.198333333333333,3.3198775290764972
2026-01-10 20:10:00,70,1.5225416666666667,-2.4450000000000003,3.364519585161709
2026-01-10 21:10:00,70,4.1062916666666665,-3.0233333333333334,3.4691871085506847
2026-01-10 22:10:00,70,2.6780583333333334,-2.5608333333333335,3.3854832533909134
2026-01-10 23:10:00,70,2.479808333333333,-1.9708333333333332,3.2782022332437597
2026-01-11 00:10:00,71,3.536133333333333,-1.4816666666666667,3.1831254768229096
2026-01-11 01:10:00,71,3.3484833333333333,-1.5750000000000002,3.2021822987352504
2026-01-11 02:10:00,71,3.92965,-2.1766666666666663,3.3096117483297394
2026-01-11 03:10:00,71,1.7877750000000001,-3.084166666666667,3.4708755310737
2026-01-11 04:10:00,71,4.298025,-3.578333333333333,3.5575310984983286
2026-01-11 05:10:00,71,1.7157916666666666,-3.6566666666666663,3.5713316806038455
2026-01-11 06:10:00,71,4.23445,-3.75,3.588558047300074
2026-01-11 07:10:00,71,2.2951,-3.6200000000000006,3.56459241180889
2026-01-11 08:10:00,71,3.3944166666666664,-3.0275,3.4577106280363505
2026-01-11 09:10:00,71,1.5127833333333334,-2.334166666666667,3.3328223972204687
2026-01-11 10:10:00,71,3.4890833333333338,-1.6450000000000002,3.2086846966378553
2026-01-11 11:10:00,71,1.2061666666666666,-0.9716666666666667,3.0873990109416622
2026-01-11 12:10:00,71,2.8554083333333335,-1.1075000000000002,3.112388979207817
2026-01-11 13:10:00,71,1.4335666666666667,-1.344166666666667,3.1565966283622036
2026-01-11 14:10:00,71,3.5287166666666665,-1.5241666666666667,3.187186573165703
2026-01-11 15:10:00,71,2.969491666666667,-1.6441666666666668,3.2085345905912015
2026-01-11 16:10:00,71,2.501791666666667,-2.1666666666666665,3.302673465224235
2026-01-11 17:10:00,71,3.378725,-2.3250000000000006,3.331171230707278
2026-01-11 18:10:00,71,0.0,-2.7583333333333333,3.4092263749672043
2026-01-11 19:10:00,71,0.4343333333333333,-3.6525,3.570290163026629
2026-01-11 20:10:00,71,2.0362166666666663,-4.0825,3.64774488309994
2026-01-11 21:10:00,71,2.3731,-4.398333333333333,3.7046350747816943
2026-01-11 22:10:00,71,3.842583333333333,-5.555833333333333,3.9131323735836894
2026-01-11 23:10:00,71,2.114158333333333,-6.1525,4.020608302987742
2026-01-12 00:10:00,72,4.2021749999999995,-6.3325,3.9985792527084474
2026-01-12 01:10:00,72,2.4504666666666663,-6.509166666666666,4.031063958798505
2026-01-12 02:10:00,72,3.226475,-4.781666666666666,3.7291993590524504
2026-01-12 03:10:00,72,2.953191666666666,-4.9208333333333325,3.8082851463092564
2026-01-12 04:10:00,72,3.415633333333333,-6.194166666666667,4.037455572224157
2026-01-12 05:10:00,72,3.532341666666667,-6.9525,4.145121152343411
2026-01-12 06:10:00,72,3.7863916666666664,-8.281666666666666,4.42805577773774
2026-01-12 07:10:00,72,5.139525,-8.384166666666667,4.419550561656774
2026-01-12 08:10:00,72,3.147933333333333,-8.102500000000001,4.402102203146934
2026-01-12 09:10:00,72,4.162916666666667,-7.403333333333333,4.253693370195154
2026-01-12 10:10:00,72,5.0658,-6.075,4.003670519404824
2026-01-12 11:10:00,72,1.4972416666666668,-5.740833333333334,3.951015216048666
2026-01-12 12:10:00,72,3.9966666666666666,-4.888333333333333,3.7773983104053563
2026-01-12 13:10:00,72,2.4555666666666665,-5.3133333333333335,3.850065963176065
2026-01-12 14:10:00,72,4.03215,-5.644166666666667,3.8972306438874362
2026-01-12 15:10:00,72,4.092583333333333,-5.3741666666666665,3.842574049926771
2026-01-12 16:10:00,72,3.2914083333333335,-5.5075,3.850196354835349
2026-01-12 17:10:00,72,4.462458333333333,-5.716666666666666,3.8853424706303663
2026-01-12 18:10:00,72,1.621375,-5.536666666666666,3.852244845557477
2026-01-12 19:10:00,72,2.878258333333333,-5.769166666666667,3.89499594460996
2026-01-12 20:10:00,72,1.6966416666666666,-5.6383333333333345,3.870938874533832
2026-01-12 21:10:00,72,3.874525,-5.4725,3.840446155137975
2026-01-12 22:10:00,72,3.508808333333332,-5.293333333333334,3.807501759810793
2026-01-12 23:10:00,72,2.8351083333333333,-5.13,3.77746872965206
2026-01-13 00:10:00,73,4.377700000000001,-4.2975,3.6066968511442696
2026-01-13 01:10:00,73,2.5380249999999998,-3.5641666666666665,3.469938536083201
2026-01-13 02:10:00,73,3.5032333333333328,-3.185,3.4016173954531013
2026-01-13 03:10:00,73,1.9476166666666668,-2.69,3.3104660983894396
2026-01-13 04:10:00,73,3.5708,-2.5416666666666665,3.283544014880198
2026-01-13 05:10:00,73,4.159999999999999,-2.690833333333334,3.3089261055913246
2026-01-13 06:10:00,73,1.9497249999999997,-2.6475000000000004,3.3045496154587397
2026-01-13 07:10:00,73,3.6491083333333334,-3.3841666666666668,3.4378068061542946
2026-01-13 08:10:00,73,3.9472333333333336,-1.6791666666666663,3.1205297728217056
2026-01-13 09:10:00,73,3.6388833333333337,-0.2725,2.862543773803231
2026-01-13 10:10:00,73,1.6654416666666665,0.9166666666666666,2.6436130557438675
2026-01-13 11:10:00,73,3.8388249999999995,1.1716666666666666,2.604414223604176
2026-01-13 12:10:00,73,2.4395916666666664,1.6358333333333335,2.518533480346157
2026-01-13 13:10:00,73,2.2239166666666668,2.606666666666667,2.336243175022057
2026-01-13 14:10:00,73,2.453433333333334,2.203333333333333,2.4111573534341826
2026-01-13 15:10:00,73,3.2960499999999997,0.8441666666666666,2.651760693908906
2026-01-13 16:10:00,73,3.5437749999999997,-0.07333333333333333,2.822185348035052
2026-01-13 17:10:00,73,2.5898666666666665,-1.0658333333333332,3.0075090194477525
2026-01-13 18:10:00,73,1.4689999999999999,-1.805,3.1448788081429133
2026-01-13 19:10:00,73,1.351675,-0.31416666666666665,2.8779659509911024
2026-01-13 20:10:00,73,2.3140166666666664,-0.5091666666666667,2.9163197976539026
2026-01-13 21:10:00,73,2.44735,-0.9208333333333334,2.9852115661806886
2026-01-13 22:10:00,73,3.4953499999999997,-0.49499999999999994,2.911953219656511
2026-01-13 23:10:00,73,3.0731916666666668,-0.19083333333333338,2.851427121182167
2026-01-14 00:10:00,74,2.977066666666667,0.1616666666666667,2.785160672575338
2026-01-14 01:10:00,74,3.1019416666666664,0.6725,2.6935296590279907
2026-01-14 02:10:00,74,3.037158333333333,0.7325,2.6752310281775165
2026-01-14 03:10:00,74,2.8658583333333336,0.49166666666666664,2.715019788098817
2026-01-14 04:10:00,74,3.7739083333333334,0.49500000000000005,2.7200775695221835
2026-01-14 05:10:00,74,2.21875,0.305,2.7479961607634054
2026-01-14 06:10:00,74,3.515616666666666,0.39833333333333326,2.728954008868313
2026-01-14 07:10:00,74,2.446358333333333,0.425,2.725506040982789
2026-01-14 08:10:00,74,1.1279416666666666,0.8991666666666666,2.639670288814394
2026-01-14 09:10:00,74,3.240758333333333,1.7825,2.480044031642002
2026-01-14 10:10:00,74,2.2800499999999997,2.3325,2.3821106382123753
2026-01-14 11:10:00,74,3.279558333333333,3.1108333333333333,2.2355867047343505
2026-01-14 12:10:00,74,2.0160333333333336,4.421666666666667,1.9869159914775059
2026-01-14 13:10:00,74,3.233875,4.7683333333333335,1.919194714891714
2026-01-14 14:10:00,74,2.1524916666666667,4.1975,2.0217562837093177
2026-01-14 15:10:00,74,2.2462333333333335,2.466666666666667,2.342748282575616
2026-01-14 16:10:00,74,3.4183583333333334,1.1333333333333335,2.590498549589285
2026-01-14 17:10:00,74,2.2689166666666667,0.6208333333333335,2.685727558472664
2026-01-14 18:10:00,74,2.400966666666667,0.40416666666666673,2.7259869768623854
2026-01-14 19:10:00,74,2.157633333333333,0.2800000000000001,2.749058720478033
2026-01-14 20:10:00,74,2.2366083333333333,0.32416666666666677,2.7408519928832056
2026-01-14 21:10:00,74,2.232433333333333,0.22083333333333335,2.7600526385767647
2026-01-14 22:10:00,74,2.1220749999999997,0.14666666666666667,2.7738337471794
2026-01-14 23:10:00,74,2.448633333333333,0.1516666666666667,2.7729046836780986
2026-01-15 00:10:00,75,3.3120249999999993,0.18833333333333335,2.780318666994779
2026-01-15 01:10:00,75,2.165691666666667,0.25500000000000006,2.7681573460034294
2026-01-15 02:10:00,75,3.3888416666666665,0.29250000000000015,2.761316602945795
2026-01-15 03:10:00,75,3.388133333333333,0.36250000000000004,2.7486323103671255
2026-01-15 04:10:00,75,2.3562999999999996,0.3841666666666667,2.7445947865826894
2026-01-15 05:10:00,75,3.4327666666666663,0.32083333333333336,2.7561480415244715
2026-01-15 06:10:00,75,2.1475666666666666,0.37500000000000006,2.746266968219
2026-01-15 07:10:00,75,3.46965,0.4166666666666667,2.7386661425994063
2026-01-15 08:10:00,75,2.25345,0.82,2.665090150601741
2026-01-15 09:10:00,75,2.8480000000000003,1.425,2.5547261626052427
2026-01-15 10:10:00,75,2.0465166666666668,2.486666666666667,2.3610571258179993
2026-01-15 11:10:00,75,3.1916249999999997,2.5091666666666668,2.3569526799834186
2026-01-15 12:10:00,75,2.697075,2.578333333333333,2.3443353094548933
2026-01-15 13:10:00,75,3.2249666666666665,2.848333333333333,2.295081959439927
2026-01-15 14:10:00,75,2.795,2.82,2.300250520861251
2026-01-15 15:10:00,75,2.4138333333333333,2.3841666666666668,2.379755156842199
2026-01-15 16:10:00,75,3.314491666666666,2.214166666666667,2.410766525370141
2026-01-15 17:10:00,75,2.3556833333333334,2.14,2.4257430714251993
2026-01-15 18:10:00,75,1.2108,2.329166666666667,2.3916721302789843
2026-01-15 19:10:00,75,2.362258333333333,1.9908333333333337,2.452609516372032
2026-01-15 20:10:00,75,2.3783,1.0333333333333334,2.626173923429422
2026-01-15 21:10:00,75,4.4701,0.38833333333333325,2.74383470402073
2026-01-15 22:10:00,75,2.005358333333333,0.6849999999999999,2.68980120033952
2026-01-15 23:10:00,75,3.650958333333333,0.30583333333333335,2.7646229821288753
2026-01-16 00:10:00,76,2.3859666666666666,-1.9125000000000003,3.2059337799378915
2026-01-16 01:10:00,76,4.493975,-3.9641666666666673,3.5804838539939805
2026-01-16 02:10:00,76,2.6393,-4.991666666666667,3.767141718982398
2026-01-16 03:10:00,76,4.749458333333333,-5.8566666666666665,3.9252285379320675
2026-01-16 04:10:00,76,2.9527249999999996,-6.3566666666666665,4.017358056270555
2026-01-16 05:10:00,76,4.913349999999999,-7.008333333333333,4.137784974454323
2026-01-16 06:10:00,76,5.028466666666666,-7.814166666666666,4.287745965537592
2026-01-16 07:10:00,76,4.0291,-8.753333333333332,4.454690659284457
2026-01-16 08:10:00,76,4.936508333333333,-10.384166666666667,4.755481301390823
2026-01-16 09:10:00,76,3.854799999999999,-10.924166666666666,4.863038502042676
2026-01-16 10:10:00,76,5.419041666666667,-11.145000000000001,4.89393975348214
2026-01-16 11:10:00,76,6.727608333333333,-10.99,4.865558683225677
2026-01-16 12:10:00,76,4.226008333333334,-10.4125,4.759128832429788
2026-01-16 13:10:00,76,3.89425,-10.319166666666666,4.745265172667379
2026-01-16 14:10:00,76,5.2859333333333325,-10.601666666666667,4.795516646138314
2026-01-16 15:10:00,76,5.046908333333333,-11.43,4.9358822545565415
2026-01-16 16:10:00,76,6.666258333333333,-12.232500000000002,5.0677270453190575
2026-01-16 17:10:00,76,7.214316666666665,-12.786666666666667,5.179833187544193
2026-01-16 18:10:00,76,5.451741666666667,-13.2875,5.257243951111541
2026-01-16 19:10:00,76,5.107458333333333,-13.475833333333332,5.304616114125003
2026-01-16 20:10:00,76,7.041916666666666,-13.921666666666667,5.380775607579833
2026-01-16 21:10:00,76,6.2414250000000004,-14.288333333333334,5.441490665311041
2026-01-16 22:10:00,76,5.743341666666666,-14.410833333333334,5.453012465480686
2026-01-16 23:10:00,76,7.784333333333333,-13.486666666666666,5.284762200574316
2026-01-17 00:10:00,77,6.968658333333333,-13.273333333333335,5.256299143659987
2026-01-17 01:10:00,77,7.409916666666665,-12.758333333333333,5.162492927414692
2026-01-17 02:10:00,77,6.471516666666666,-12.217500000000001,5.064631564163851
2026-01-17 03:10:00,77,6.611608333333334,-11.855833333333335,4.998510906539057
2026-01-17 04:10:00,77,5.283200000000001,-11.624166666666667,4.959499277451746
2026-01-17 05:10:00,77,6.095274999999999,-11.467500000000001,4.934580648746515
2026-01-17 06:10:00,77,5.665341666666666,-11.693333333333333,4.973725001141751
2026-01-17 07:10:00,77,6.266425,-11.435833333333333,4.924948723930327
2026-01-17 08:10:00,77,5.481116666666666,-10.87,4.828682148821872
2026-01-17 09:10:00,77,3.994591666666667,-9.924999999999999,4.661629283215678
2026-01-17 10:10:00,77,4.994733333333333,-9.531666666666668,4.586495617067719
2026-01-17 11:10:00,77,4.417274999999999,-9.193333333333333,4.524246009949291
2026-01-17 12:10:00,77,5.462858333333332,-8.7675,4.443055162947049
2026-01-17 13:10:00,77,4.524408333333334,-8.4625,4.389683713179933
2026-01-17 14:10:00,77,2.9767083333333333,-8.281666666666666,4.354136063028941
2026-01-17 15:10:00,77,3.0094749999999997,-8.265,4.34669781650584
2026-01-17 16:10:00,77,4.675983333333334,-8.28,4.349420637489965
2026-01-17 17:10:00,77,3.920316666666666,-8.230833333333333,4.3404958353753305
2026-01-17 18:10:00,77,4.1522499999999996,-8.101666666666667,4.317049321345358
2026-01-17 19:10:00,77,4.896208333333334,-8.005,4.299502252780993
2026-01-17 20:10:00,77,3.0291,-7.848333333333334,4.271063900280124
2026-01-17 21:10:00,77,3.9354,-8.463333333333333,4.38269956062928
2026-01-17 22:10:00,77,4.923791666666666,-10.685,4.7859796019447955
2026-01-17 23:10:00,77,5.4138416666666656,-12.199166666666668,5.060833253509047
2026-01-18 00:10:00,78,5.435366666666666,-13.435000000000002,5.297460428296292
2026-01-18 01:10:00,78,6.485083333333333,-13.888333333333335,5.380072093819598
2026-01-18 02:10:00,78,5.970358333333333,-13.823333333333336,5.368227038836476
2026-01-18 03:10:00,78,4.7556416666666665,-13.527499999999998,5.314316852695348
2026-01-18 04:10:00,78,6.001441666666667,-13.1625,5.247802313174746
2026-01-18 05:10:00,78,5.3961500000000004,-12.801666666666668,5.182047072050497
2026-01-18 06:10:00,78,5.0894,-12.318333333333333,5.0939684580734435
2026-01-18 07:10:00,78,5.522174999999999,-11.478333333333333,4.940893901368495
2026-01-18 08:10:00,78,5.621841666666667,-9.995833333333334,4.670735531945773
2026-01-18 09:10:00,78,3.951075,-8.268333333333333,4.355930416817442
2026-01-18 10:10:00,78,4.566533333333333,-6.194166666666667,3.9779516751124655
2026-01-18 11:10:00,78,3.4105,-4.118333333333333,3.6006642929737507
2026-01-18 12:10:00,78,1.0778999999999999,-2.1941666666666664,3.2504597096743844
2026-01-18 13:10:00,78,1.869875,-2.4299999999999997,3.292475812263403
2026-01-18 14:10:00,78,2.800875,-2.3508333333333336,3.2783645208957406
2026-01-18 15:10:00,78,2.7132666666666667,-3.2641666666666667,3.444013042796395
2026-01-18 16:10:00,78,0.0,-4.3025,3.63323020316779
2026-01-18 17:10:00,78,3.025975,-5.028333333333333,3.765499983812641
2026-01-18 18:10:00,78,1.5024666666666664,-5.519166666666667,3.8549453349031317
2026-01-18 19:10:00,78,3.0004083333333327,-5.894166666666667,3.9232821905749837
2026-01-18 20:10:00,78,4.353616666666667,-6.1475,3.9694475330733017
2026-01-18 21:10:00,78,3.617008333333333,-6.045833333333333,3.950920652202266
2026-01-18 22:10:00,78,3.5353750000000006,-6.091666666666666,3.9592729345621587
2026-01-18 23:10:00,78,2.605433333333333,-6.174166666666667,3.9743070428099667
2026-01-19 00:10:00,79,4.1254,-6.239999999999999,3.988966677020718
2026-01-19 01:10:00,79,3.5858750000000006,-6.255,3.9917516810771625
2026-01-19 02:10:00,79,3.870566666666667,-6.2700000000000005,3.9945366851336064
2026-01-19 03:10:00,79,3.8956833333333334,-6.289166666666667,3.998095301427951
2026-01-19 04:10:00,79,3.2252833333333335,-6.473333333333334,4.032288962343179
2026-01-19 05:10:00,79,2.3502083333333332,-6.7175,4.077622639484183
2026-01-19 06:10:00,79,5.483616666666666,-7.269166666666667,4.180048899782285
2026-01-19 07:10:00,79,3.670075,-7.079166666666667,4.14471057068677
2026-01-19 08:10:00,79,4.274091666666667,-6.005,3.9440853147963857
2026-01-19 09:10:00,79,3.997425,-4.7775,3.715457943936116
2026-01-19 10:10:00,79,2.9921499999999996,-3.795833333333333,3.5322992512742646
2026-01-19 11:10:00,79,2.58,-2.5050000000000003,3.2935563352215893
2026-01-19 12:10:00,79,2.5084333333333335,-2.023333333333334,3.204959810611375
2026-01-19 13:10:00,79,4.764583333333333,-1.9816666666666665,3.1971087350338823
2026-01-19 14:10:00,79,2.667758333333333,-2.458333333333333,3.2866881288831897
2026-01-19 15:10:00,79,4.51615,-2.9574999999999996,3.3795149560022457
2026-01-19 16:10:00,79,1.6174333333333333,-3.8524999999999996,3.5454439413985166
2026-01-19 17:10:00,79,2.8818333333333332,-4.204166666666667,3.6109009627519724
2026-01-19 18:10:00,79,1.5529166666666667,-4.120833333333334,3.5947692193030245
2026-01-19 19:10:00,79,4.551716666666667,-3.9666666666666663,3.5667522664646674
2026-01-19 20:10:00,79,3.1024749999999996,-3.9450000000000003,3.5627021540610975
2026-01-19 21:10:00,79,4.192216666666667,-4.416666666666667,3.65040946296773
2026-01-19 22:10:00,79,4.039991666666666,-5.0825,3.772045658533344
2026-01-19 23:10:00,79,3.81,-6.430833333333333,4.02375182150887
2026-01-20 00:10:00,80,3.6982249999999994,-8.56,4.409390027446411
2026-01-20 01:10:00,80,5.273816666666666,-10.555833333333334,4.780187367531302
2026-01-20 02:10:00,80,2.9230916666666666,-9.980833333333333,4.673463626166093
2026-01-20 03:10:00,80,5.189033333333334,-10.448333333333332,4.760235938896279
2026-01-20 04:10:00,80,3.1065166666666664,-11.199166666666665,4.899712678858812
2026-01-20 05:10:00,80,4.8920416666666675,-12.551666666666668,5.151030986484131
2026-01-20 06:10:00,80,3.651816666666667,-13.375833333333333,5.3041169705524105
2026-01-20 07:10:00,80,5.490291666666667,-13.190833333333332,5.269745702269111
2026-01-20 08:10:00,80,3.307291666666667,-9.93,4.664499152263305
2026-01-20 09:10:00,80,4.328616666666667,-8.329166666666667,4.369121511273753
2026-01-20 10:10:00,80,2.979183333333333,-7.533333333333334,4.222544877508392
2026-01-20 11:10:00,80,3.221033333333333,-7.541666666666667,4.224949463540465
2026-01-20 12:10:00,80,3.503508333333333,-8.245,4.355683664947988
2026-01-20 13:10:00,80,5.472208333333332,-9.2875,4.549905692046253
2026-01-20 14:10:00,80,4.5863,-9.638333333333334,4.614545438456463
2026-01-20 15:10:00,80,5.045733333333333,-10.661666666666667,4.80311146165694
2026-01-20 16:10:00,80,4.852741666666667,-12.102500000000001,5.0702790363566335
2026-01-20 17:10:00,80,5.931299999999999,-12.656666666666666,5.172926476979804
2026-01-20 18:10:00,80,4.476324999999999,-13.403333333333334,5.3108127915552545
2026-01-20 19:10:00,80,3.3237583333333327,-13.7875,5.3817140235392
2026-01-20 20:10:00,80,4.379991666666666,-13.908333333333333,5.404016195002323
2026-01-20 21:10:00,80,5.748766666666667,-13.59666666666667,5.345997281438446
2026-01-20 22:10:00,80,5.476108333333333,-13.2675,5.285635028835949
2026-01-20 23:10:00,80,6.523799999999999,-13.336666666666668,5.297864039610562
2026-01-21 00:10:00,81,6.050800000000001,-13.685833333333333,5.344301624232414
2026-01-21 01:10:00,81,5.27095,-14.972499999999998,5.58151808975956
2026-01-21 02:10:00,81,5.155166666666667,-17.296666666666667,6.014631524761493
2026-01-21 03:10:00,81,6.455424999999999,-18.924999999999997,6.314727877025539
2026-01-21 04:10:00,81,5.687791666666667,-17.74166666666667,6.096640435741198
2026-01-21 05:10:00,81,5.379816666666667,-18.209166666666665,6.182383885243112
2026-01-21 06:10:00,81,5.9787083333333335,-20.064166666666665,6.5253593464450645
2026-01-21 07:10:00,81,6.135208333333333,-20.194166666666664,6.5504395145732035
2026-01-21 08:10:00,81,4.520316666666666,-13.466666666666669,5.309406036266527
2026-01-21 09:10:00,81,5.632225000000001,-10.091666666666667,4.688020759332126
2026-01-21 10:10:00,81,4.4313666666666665,-9.519166666666665,4.582108375879502
2026-01-21 11:10:00,81,3.5454666666666665,-7.478333333333334,4.204258594390582
2026-01-21 12:10:00,81,4.980358333333333,-5.721666666666667,3.8790863498595174
2026-01-21 13:10:00,81,2.632141666666666,-6.314166666666666,3.988467242372601
2026-01-21 14:10:00,81,4.038975,-6.4775,4.015172078502013
2026-01-21 15:10:00,81,4.298633333333334,-7.209166666666667,4.146947381061098
2026-01-21 16:10:00,81,4.987083333333333,-8.7675,4.4330209796775
2026-01-21 17:10:00,81,4.774858333333333,-10.046666666666667,4.670080236573901
2026-01-21 18:10:00,81,4.065050000000001,-10.048333333333334,4.668788186512503
2026-01-21 19:10:00,81,4.476866666666666,-9.953333333333333,4.651650844475774
2026-01-21 20:10:00,81,5.838983333333332,-8.4625,4.37893192588743
2026-01-21 21:10:00,81,3.21375,-8.105,4.316109514562608
2026-01-21 22:10:00,81,5.639024999999998,-8.596666666666666,4.403658168077175
2026-01-21 23:10:00,81,5.483841666666667,-8.480833333333333,4.379777491318598
2026-01-22 00:10:00,82,4.0436749999999995,-8.343333333333334,4.355327637993912
2026-01-22 01:10:00,82,4.911549999999999,-8.165833333333333,4.32650192853247
2026-01-22 02:10:00,82,4.150183333333333,-8.189166666666667,4.330136096532412
2026-01-22 03:10:00,82,4.638283333333333,-8.115,4.318558023058781
2026-01-22 04:10:00,82,4.292791666666666,-8.18,4.330703025772697
2026-01-22 05:10:00,82,5.768191666666667,-8.648333333333333,4.41751432191396
2026-01-22 06:10:00,82,3.8779499999999993,-8.661666666666667,4.419982576003596
2026-01-22 07:10:00,82,3.9474333333333336,-8.1675,4.328502908806449
2026-01-22 08:10:00,82,4.437883333333334,-7.0025,4.112264957036031
2026-01-22 09:10:00,82,3.6345249999999996,-5.420833333333333,3.819000052478696
2026-01-22 10:10:00,82,5.113125,-3.7175,3.5034677804076284
2026-01-22 11:10:00,82,2.129016666666667,-1.3483333333333334,3.0578603315880377
2026-01-22 12:10:00,82,3.463458333333333,0.48500000000000004,2.7181917005757805
2026-01-22 13:10:00,82,2.4534499999999997,-0.08666666666666667,2.827890135469459
2026-01-22 14:10:00,82,3.6839749999999998,-0.5983333333333334,2.9273059152960093
2026-01-22 15:10:00,82,3.037616666666666,-1.5141666666666669,3.091632456171872
2026-01-22 16:10:00,82,3.1468416666666665,-2.5700000000000003,3.290890274155866
2026-01-22 17:10:00,82,3.709566666666666,-3.5133333333333336,3.4627532643337973
2026-01-22 18:10:00,82,3.249716666666667,-3.861666666666667,3.5146760089041775
2026-01-22 19:10:00,82,1.8156666666666665,-3.8983333333333334,3.522996455830451
2026-01-22 20:10:00,82,2.958433333333333,-5.411666666666666,3.8162503495123663
2026-01-22 21:10:00,82,4.021583333333333,-6.0325,3.930053673287048
2026-01-22 22:10:00,82,4.252858333333333,-7.524166666666666,4.2086461938299715
2026-01-22 23:10:00,82,3.915141666666667,-8.547500000000001,4.398848150361085
2026-01-23 00:10:00,83,3.7020916666666666,-9.985833333333334,4.681487145874045
2026-01-23 01:10:00,83,4.411566666666666,-11.099166666666667,4.888636268415924
2026-01-23 02:10:00,83,5.1570583333333335,-12.165833333333333,5.087102493605748
2026-01-23 03:10:00,83,4.136658333333333,-13.94,5.417207644722261
2026-01-23 04:10:00,83,4.224083333333334,-9.054166666666665,4.481052785765143
2026-01-23 05:10:00,83,5.204716666666667,-10.199166666666667,4.72118039091201
2026-01-23 06:10:00,83,4.116883333333333,-12.959166666666668,5.23471174859068
2026-01-23 07:10:00,83,5.451866666666667,-13.450000000000001,5.3260372225256845
2026-01-23 08:10:00,83,3.4063166666666667,-9.773333333333332,4.632909947219169
2026-01-23 09:10:00,83,3.5891666666666664,-7.328333333333333,4.1568013392188154
2026-01-23 10:10:00,83,3.4894583333333333,-4.903333333333333,3.677667240882494
2026-01-23 11:10:00,83,4.062291666666666,-5.513333333333333,3.78378711052406
2026-01-23 12:10:00,83,3.898541666666666,-6.0925,3.8857738631700145
2026-01-23 13:10:00,83,3.5067999999999997,-6.573333333333333,3.968029414901994
2026-01-23 14:10:00,83,6.148583333333335,-7.5,4.148550319663909
2026-01-23 15:10:00,83,3.6305083333333332,-9.1575,4.4544920128608965
2026-01-23 16:10:00,83,6.235458333333333,-10.76,4.774214843599157
2026-01-23 17:10:00,83,5.371183333333333,-11.514166666666666,4.9317835880397025
2026-01-23 18:10:00,83,4.789875,-12.514166666666666,5.127158811783375
2026-01-23 19:10:00,83,5.005875,-12.509166666666667,5.140127168274113
2026-01-23 20:10:00,83,4.976241666666666,-13.244166666666667,5.261000593427795
2026-01-23 21:10:00,83,4.402525,-14.292499999999999,5.411028331701399
2026-01-23 22:10:00,83,6.610974999999998,-15.34666666666667,5.605345916581761
2026-01-23 23:10:00,83,6.846033333333331,-16.425833333333333,5.8170813449328564
2026-01-24 00:10:00,84,6.8727583333333335,-17.19083333333333,5.9672377364590545
2026-01-24 01:10:00,84,6.548233333333333,-17.584166666666672,6.002410739509372
2026-01-24 02:10:00,84,6.564533333333332,-18.7275,6.192156783814777
2026-01-24 03:10:00,84,7.949883333333333,-19.695000000000004,6.377923758963799
2026-01-24 04:10:00,84,6.1219666666666654,-20.509166666666665,6.476381279698165
2026-01-24 05:10:00,84,7.08325,-21.699166666666667,6.765888060781521
2026-01-24 06:10:00,84,7.758125,-22.602500000000003,6.950189622566118
2026-01-24 07:10:00,84,6.210375,-22.754166666666666,6.978754637518276
2026-01-24 08:10:00,84,7.385833333333333,-21.86,6.813008467461165
2026-01-24 09:10:00,84,7.351983333333333,-21.15416666666667,6.686525980624937
2026-01-24 10:10:00,84,11.026133333333334,-19.27416666666667,6.287001447310653
2026-01-24 11:10:00,84,7.419100000000001,-17.78583333333333,6.032855857726295
2026-01-24 12:10:00,84,4.49725,-16.68083333333333,5.799378839913221
2026-01-24 13:10:00,84,4.774016666666666,-16.860833333333332,5.850543756268466
2026-01-24 14:10:00,84,6.328991666666666,-17.175000000000004,5.90701248305707
2026-01-24 15:10:00,84,5.374683333333333,-17.791666666666668,6.068603990145807
2026-01-24 16:10:00,84,5.7344,-18.916666666666668,6.290209124153026
2026-01-24 17:10:00,84,5.665475,-19.874166666666664,6.475684388379092
2026-01-24 18:10:00,84,5.902375,-20.6675,6.586244921153957
2026-01-24 19:10:00,84,5.296824999999999,-21.30916666666667,6.665400736357686
2026-01-24 20:10:00,84,6.969691666666665,-21.930000000000003,6.791913520548281
2026-01-24 21:10:00,84,7.971216666666667,-22.414999999999996,6.91343992295451
2026-01-24 22:10:00,84,6.265350000000001,-22.555000000000003,6.938141660442569
2026-01-24 23:10:00,84,7.491833333333333,-22.745,6.991135418301297
2026-01-25 00:10:00,85,7.4089,-22.9375,7.013208177025873
2026-01-25 01:10:00,85,6.989741666666667,-22.870833333333337,6.942214996982806
2026-01-25 02:10:00,85,7.547350000000001,-22.830000000000002,6.936963119976055
2026-01-25 03:10:00,85,7.341775,-22.869999999999994,6.9766264301408745
2026-01-25 04:10:00,85,9.186441666666667,-22.860833333333332,7.011483862812788
2026-01-25 05:10:00,85,8.303749999999999,-22.679999999999996,6.95731483620122
2026-01-25 06:10:00,85,9.933583333333335,-22.412499999999998,6.843471558654404
2026-01-25 07:10:00,85,5.736275,-22.19416666666667,6.852416313313368
2026-01-25 08:10:00,85,7.1085499999999975,-20.70333333333333,6.597853885060074
2026-01-25 09:10:00,85,6.354391666666666,-19.088333333333335,6.302340992676723
2026-01-25 10:10:00,85,4.622708333333333,-17.322499999999998,5.969349621300201
2026-01-25 11:10:00,85,5.9882333333333335,-15.8375,5.716634902103031
2026-01-25 12:10:00,85,7.202233333333333,-15.235833333333334,5.622249704642157
2026-01-25 13:10:00,85,8.894033333333335,-15.269166666666665,5.641474824822589
2026-01-25 14:10:00,85,5.224383333333333,-15.208333333333334,5.638210207428306
2026-01-25 15:10:00,85,16.321700000000003,-15.249999999999995,5.661638435421784
2026-01-25 16:10:00,85,11.335991666666667,-15.524166666666668,5.718276583050116
2026-01-25 17:10:00,85,6.267449999999999,-15.646666666666667,5.7425637282996265
2026-01-25 18:10:00,85,6.430158333333334,-15.729999999999999,5.75738831119989
2026-01-25 19:10:00,85,7.915441666666666,-15.729999999999999,5.749996909724613
2026-01-25 20:10:00,85,7.459191666666668,-15.9075,5.745846477159059
2026-01-25 21:10:00,85,6.048449999999999,-16.46333333333334,5.843401744256144
2026-01-25 22:10:00,85,6.062316666666667,-16.5825,5.844614336412173
2026-01-25 23:10:00,85,8.355824999999998,-16.463333333333335,5.824572813117185
2026-01-26 00:10:00,86,5.945183333333334,-16.72333333333333,5.969119328652068
2026-01-26 01:10:00,86,4.659833333333334,-17.042500000000004,6.0138063060106655
2026-01-26 02:10:00,86,7.352466666666666,-17.231666666666666,6.085999404955532
2026-01-26 03:10:00,86,8.555958333333333,-17.185000000000002,6.067496153196344
2026-01-26 04:10:00,86,4.725933333333333,-17.013333333333332,6.04231150815272
2026-01-26 05:10:00,86,4.7586,-16.830000000000002,5.985881323608698
2026-01-26 06:10:00,86,6.525516666666666,-16.68916666666667,6.00051701254783
2026-01-26 07:10:00,86,6.658341666666666,-16.46833333333333,5.963190713281833
2026-01-26 08:10:00,86,7.733599999999998,-16.065,5.87733117607876
2026-01-26 09:10:00,86,6.5402000000000005,-15.407499999999999,5.74575848924126
2026-01-26 10:10:00,86,6.007991666666667,-14.523333333333335,5.533567808112778
2026-01-26 11:10:00,86,3.5824666666666665,-13.646666666666667,5.38675338130903
2026-01-26 12:10:00,86,5.828591666666667,-13.000833333333333,5.281407498681694
2026-01-26 13:10:00,86,7.037141666666666,-12.616666666666667,5.2049240278481115
2026-01-26 14:10:00,86,5.709375,-12.36,5.1756371184841905
2026-01-26 15:10:00,86,4.8201583333333335,-12.430833333333334,5.19846648350042
2026-01-26 16:10:00,86,4.708441666666666,-12.695,5.239499229771486
2026-01-26 17:10:00,86,6.196633333333334,-12.765,5.25403126352652
2026-01-26 18:10:00,86,5.258416666666666,-12.550833333333335,5.213665060068567
2026-01-26 19:10:00,86,5.8265916666666655,-12.279166666666667,5.153489754890701
2026-01-26 20:10:00,86,5.582216666666667,-12.393333333333333,5.200985085360348
2026-01-26 21:10:00,86,7.735966666666667,-12.565000000000003,5.238316272225726
2026-01-26 22:10:00,86,6.635983333333334,-12.518333333333333,5.2291487177634215
2026-01-26 23:10:00,86,5.938816666666665,-12.370833333333332,5.199700764105042
2026-01-27 00:10:00,87,4.881083333333333,-12.39,5.224082820121444
2026-01-27 01:10:00,87,4.951508333333333,-12.555833333333334,5.257063833950836
2026-01-27 02:10:00,87,5.852308333333333,-12.505833333333333,5.227780226186658
2026-01-27 03:10:00,87,3.946075,-12.718333333333334,5.272261344372886
2026-01-27 04:10:00,87,5.580358333333332,-13.217500000000001,5.3886564217927315
2026-01-27 05:10:00,87,6.273441666666668,-13.583333333333334,5.461413532702796
2026-01-27 06:10:00,87,5.728233333333334,-14.157499999999999,5.553780486859035
2026-01-27 07:10:00,87,5.599783333333333,-14.505000000000003,5.613106248269525
2026-01-27 08:10:00,87,5.368458333333333,-13.125833333333333,5.295294484970001
2026-01-27 09:10:00,87,6.446874999999999,-12.264166666666668,5.067292557174781
2026-01-27 10:10:00,87,2.8953,-10.454166666666667,4.720628742640429
2026-01-27 11:10:00,87,3.6378500000000003,-9.268333333333333,4.491612477056474
2026-01-27 12:10:00,87,3.65225,-8.836666666666666,4.418628315498329
2026-01-27 13:10:00,87,3.6517999999999993,-8.9125,4.4402571947707
2026-01-27 14:10:00,87,4.671241666666667,-9.726666666666667,4.619938262011079
2026-01-27 15:10:00,87,5.7292499999999995,-10.674999999999999,4.825892272758249
2026-01-27 16:10:00,87,4.920858333333333,-12.264166666666668,5.1919038771991275
2026-01-27 17:10:00,87,5.227666666666667,-14.958333333333334,5.7348742001324275
2026-01-27 18:10:00,87,5.742208333333334,-14.996666666666664,5.74249795207289
2026-01-27 19:10:00,87,4.349683333333333,-14.703333333333331,5.671730004550585
2026-01-27 20:10:00,87,4.017075,-14.509166666666667,5.6341302712993695
2026-01-27 21:10:00,87,4.967625000000001,-14.5875,5.641317739858331
2026-01-27 22:10:00,87,6.7773916666666665,-14.721666666666666,5.660343844122826
2026-01-27 23:10:00,87,6.890383333333332,-15.023333333333332,5.6968552180449725
2026-01-28 00:10:00,88,5.23205,-15.522499999999999,5.820596976332558
2026-01-28 01:10:00,88,5.572125,-15.964166666666669,5.932142542937782
2026-01-28 02:10:00,88,6.583841666666667,-17.519166666666667,6.24705373771781
2026-01-28 03:10:00,88,4.6369,-18.501666666666665,6.441952104676619
2026-01-28 04:10:00,88,7.021541666666667,-18.398333333333333,6.413769224368126
2026-01-28 05:10:00,88,6.059558333333334,-17.5975,6.24227277203907
2026-01-28 06:10:00,88,6.736775,-18.245,6.382903928374777
2026-01-28 07:10:00,88,6.2225166666666665,-18.666666666666668,6.473199507795674
2026-01-28 08:10:00,88,6.353058333333334,-15.4775,5.715025211411023
2026-01-28 09:10:00,88,7.002066666666665,-13.874166666666666,5.414431622890893
2026-01-28 10:10:00,88,3.2393083333333337,-11.504166666666668,4.940513219669289
2026-01-28 11:10:00,88,4.193458333333332,-10.420833333333333,4.656137044477108
2026-01-28 12:10:00,88,4.573333333333333,-8.926666666666668,4.404538370832506
2026-01-28 13:10:00,88,4.540841666666666,-8.731666666666667,4.366562179174144
2026-01-28 14:10:00,88,4.258824999999999,-9.856666666666667,4.574424199575044
2026-01-28 15:10:00,88,5.245575,-10.800833333333332,4.759620764472554
2026-01-28 16:10:00,88,4.772449999999999,-12.156666666666666,5.102512571861094
2026-01-28 17:10:00,88,5.927983333333332,-13.506666666666666,5.427731754884371
2026-01-28 18:10:00,88,4.510941666666666,-15.342500000000001,5.801698625625742
2026-01-28 19:10:00,88,5.516008333333333,-16.523333333333333,6.030104816404014
2026-01-28 20:10:00,88,6.2265999999999995,-17.455833333333334,6.224813559386671
2026-01-28 21:10:00,88,7.008758333333333,-17.893333333333334,6.31227421024221
2026-01-28 22:10:00,88,5.498916666666666,-17.8575,6.276392706868993
2026-01-28 23:10:00,88,6.770108333333335,-16.944166666666664,6.0731111447537955
2026-01-29 00:10:00,89,5.648416666666667,-15.842500000000001,5.816315790930389
2026-01-29 01:10:00,89,5.779791666666665,-16.004166666666666,5.885033453480367
2026-01-29 02:10:00,89,5.796174999999999,-16.620833333333337,6.058987086929389
2026-01-29 03:10:00,89,6.509108333333332,-16.81,6.02081418156496
2026-01-29 04:10:00,89,6.9758249999999995,-17.5425,6.270433260862348
2026-01-29 05:10:00,89,4.624291666666666,-17.888333333333332,6.328764807046813
2026-01-29 06:10:00,89,6.189441666666665,-16.796666666666667,6.098078737970668
2026-01-29 07:10:00,89,7.048400000000001,-15.814166666666667,5.8992594308915525
2026-01-29 08:10:00,89,6.601025,-13.564166666666665,5.32066264136269
2026-01-29 09:10:00,89,5.410641666666668,-11.638333333333334,4.895204889550358
2026-01-29 10:10:00,89,4.814191666666667,-9.846666666666666,4.527362903390638
2026-01-29 11:10:00,89,3.663066666666667,-8.374166666666666,4.2479637583044125
2026-01-29 12:10:00,89,4.009283333333333,-7.594166666666666,4.061403720907623
2026-01-29 13:10:00,89,3.5916333333333332,-8.111666666666666,4.138368083873837
2026-01-29 14:10:00,89,3.5734083333333335,-9.240833333333333,4.3835136952489036
2026-01-29 15:10:00,89,5.205133333333333,-10.420833333333333,4.659477019653486
2026-01-29 16:10:00,89,5.773008333333333,-11.685,4.974101464434015
2026-01-29 17:10:00,89,6.600216666666667,-12.115833333333335,5.028013936082074
2026-01-29 18:10:00,89,7.0844499999999995,-12.819999999999999,5.096920421246218
2026-01-29 19:10:00,89,4.329274999999999,-13.394166666666665,5.2964550757477316
2026-01-29 20:10:00,89,6.874008333333333,-13.698333333333332,5.381854756452624
2026-01-29 21:10:00,89,6.786483333333333,-14.092500000000001,5.473265845500654
2026-01-29 22:10:00,89,7.046408333333334,-14.593333333333334,5.621407107052082
2026-01-29 23:10:00,89,6.756308333333333,-14.685,5.557352790380393
2026-01-30 00:10:00,90,5.6754999999999995,-14.80083333333333,5.535156341442878
2026-01-30 01:10:00,90,7.108158333333331,-15.156666666666666,5.627179872999735
2026-01-30 02:10:00,90,5.507124999999999,-15.490000000000004,5.693598189999301
2026-01-30 03:10:00,90,7.368825,-15.777499999999998,5.740081103541026
2026-01-30 04:10:00,90,6.237275,-16.078333333333333,5.785067617787609
2026-01-30 05:10:00,90,6.734716666666667,-16.6525,5.903360993318343
2026-01-30 06:10:00,90,8.200716666666667,-16.7225,5.934342859846202
2026-01-30 07:10:00,90,6.672725,-16.477499999999996,5.8518844888508115
2026-01-30 08:10:00,90,6.689441666666666,-16.040833333333335,5.754531984427985
2026-01-30 09:10:00,90,7.432816666666666,-14.837500000000004,5.494411915610292
2026-01-30 10:10:00,90,6.718416666666666,-14.222500000000002,5.41044661666882
2026-01-30 11:10:00,90,4.307108333333334,-12.935833333333335,5.138775727088969
2026-01-30 12:10:00,90,4.964691666666667,-11.670833333333334,4.890642042785538
2026-01-30 13:10:00,90,5.732666666666667,-11.894166666666669,4.942618635498742
2026-01-30 14:10:00,90,5.956583333333334,-12.130833333333333,4.964318404194479
2026-01-30 15:10:00,90,6.2280500000000005,-13.208333333333334,5.210024589267058
2026-01-30 16:10:00,90,6.104741666666666,-14.245,5.41298307694899
2026-01-30 17:10:00,90,5.022491666666666,-15.018333333333336,5.552325932887197
2026-01-30 18:10:00,90,5.263083333333333,-15.930833333333338,5.762199313608011
2026-01-30 19:10:00,90,5.91865,-16.278333333333332,5.796494887756435
2026-01-30 20:10:00,90,5.7415666666666665,-16.28,5.8044619532664
2026-01-30 21:10:00,90,7.606858333333334,-16.38416666666667,5.861281758425558
2026-01-30 22:10:00,90,8.700633333333334,-16.7175,5.9108502050408145
2026-01-30 23:10:00,90,5.808991666666666,-16.884166666666662,5.940393519641236
2026-01-31 00:10:00,91,7.855883333333335,-16.944166666666668,6.184841184716097
2026-01-31 01:10:00,91,6.9482333333333335,-16.805,6.167379810005375
2026-01-31 02:10:00,91,8.469566666666667,-16.74,6.161545853767786
2026-01-31 03:10:00,91,6.570891666666665,-16.820000000000004,6.168766360448489
2026-01-31 04:10:00,91,7.623958333333333,-16.73666666666667,6.152004309059645
2026-01-31 05:10:00,91,7.291549999999999,-16.675833333333333,6.13220468546677
2026-01-31 06:10:00,91,7.437508333333333,-16.706666666666663,6.129847420665875
2026-01-31 07:10:00,91,6.641575,-15.920833333333333,5.976912881107835
2026-01-31 08:10:00,91,7.043383333333332,-13.973333333333334,5.585373755844837
2026-01-31 09:10:00,91,6.359866666666667,-12.87,5.374496394345218
2026-01-31 10:10:00,91,6.9366166666666675,-10.920833333333334,4.963967405469126
2026-01-31 11:10:00,91,4.251025,-9.574166666666667,4.684317396077334
2026-01-31 12:10:00,91,3.3228166666666663,-8.611666666666666,4.484973629921487
2026-01-31 13:10:00,91,2.9221083333333335,-8.490833333333333,4.455519256677112
2026-01-31 14:10:00,91,4.878191666666666,-9.675833333333333,4.692824944788208
2026-01-31 15:10:00,91,4.560708333333333,-10.87,4.900113456721028
2026-01-31 16:10:00,91,6.818583333333333,-12.194999999999999,5.1819569775343615
2026-01-31 17:10:00,91,6.692041666666667,-13.338333333333333,5.417690482916061
2026-01-31 18:10:00,91,5.888374999999999,-14.041666666666666,5.5418109515664264
2026-01-31 19:10:00,91,4.348858333333333,-14.90333333333333,5.694007003891526
2026-01-31 20:10:00,91,4.648041666666666,-15.157499999999999,5.75457615210122
2026-01-31 21:10:00,91,5.242166666666667,-15.625833333333334,5.852793344053036
2026-01-31 22:10:00,91,6.666541666666666,-16.903333333333336,6.0892240667420126
2026-01-31 23:10:00,91,7.297483333333333,-17.036666666666665,6.116729858396546
2026-02-01 00:10:00,92,5.497199999999999,-18.135,6.280980835503369
2026-02-01 01:10:00,92,6.743591666666667,-19.37833333333333,6.527512781110067
2026-02-01 02:10:00,92,7.0410666666666675,-19.379166666666666,6.5290223336185225
2026-02-01 03:10:00,92,6.346350000000001,-19.883333333333333,6.627645729526728
2026-02-01 04:10:00,92,6.664691666666667,-19.10166666666667,6.492123669463047
2026-02-01 05:10:00,92,7.416158333333331,-19.75916666666667,6.617981150524034
2026-02-01 06:10:00,92,6.190383333333334,-19.897499999999997,6.630454739630826
2026-02-01 07:10:00,92,6.0324583333333335,-19.24083333333333,6.500248859511471
2026-02-01 08:10:00,92,6.475391666666668,-15.13,5.685140221657692
2026-02-01 09:10:00,92,4.937708333333333,-11.473333333333334,5.0738486479572815
2026-02-01 10:10:00,92,5.644791666666666,-8.647499999999999,4.523067922500436
2026-02-01 11:10:00,92,3.6482916666666667,-7.685833333333334,4.304513004020501
2026-02-01 12:10:00,92,4.121733333333333,-6.764166666666667,4.150838875931463
2026-02-01 13:10:00,92,3.647491666666666,-5.995833333333334,4.028672330553533
2026-02-01 14:10:00,92,4.526541666666667,-6.394166666666667,4.0609293863470715
2026-02-01 15:10:00,92,5.644983333333332,-7.175,4.2136641493341775
2026-02-01 16:10:00,92,6.312841666666666,-8.676666666666668,4.454886896276041
2026-02-01 17:10:00,92,4.068633333333333,-9.625,4.636484193983989
2026-02-01 18:10:00,92,5.234958333333332,-9.952499999999999,4.768920347762856
2026-02-01 19:10:00,92,4.412958333333333,-10.375,4.818309646152165
2026-02-01 20:10:00,92,5.195991666666667,-10.555833333333334,4.896538307839047
2026-02-01 21:10:00,92,5.317024999999999,-11.505,5.012386442600742
2026-02-01 22:10:00,92,5.269816666666666,-12.448333333333332,5.2506871135262445
2026-02-01 23:10:00,92,6.53195,-13.963333333333333,5.488505214445571
2026-02-02 00:10:00,93,5.774566666666665,-15.005833333333337,5.678782294149346
2026-02-02 01:10:00,93,5.595916666666667,-16.171666666666667,5.90537587748829
2026-02-02 02:10:00,93,5.527716666666666,-16.393333333333334,5.949405145098425
2026-02-02 03:10:00,93,6.276133333333334,-16.920833333333334,6.054181560125551
2026-02-02 04:10:00,93,4.811733333333333,-17.06416666666667,6.08265161286594
2026-02-02 05:10:00,93,7.379883333333332,-17.099999999999998,6.089769126051037
2026-02-02 06:10:00,93,5.422466666666666,-17.958333333333332,6.26440352968275
2026-02-02 07:10:00,93,7.052033333333334,-15.93083333333334,5.8575395679419415
2026-02-02 08:10:00,93,5.122216666666667,-10.320833333333335,4.841829351299386
2026-02-02 09:10:00,93,4.4770416666666675,-7.939166666666666,4.4280466469965365
2026-02-02 10:10:00,93,3.2193666666666667,-5.245,3.8796319766174046
2026-02-02 11:10:00,93,2.4699,-3.1475000000000004,3.4716790164614255
2026-02-02 12:10:00,93,2.419283333333333,-1.9208333333333334,3.2463366646554133
2026-02-02 13:10:00,93,2.069875,-1.0591666666666668,3.0355743680498373
2026-02-02 14:10:00,93,3.0371666666666663,-1.8150000000000004,3.1768251927872697
2026-02-02 15:10:00,93,4.350266666666666,-3.000833333333334,3.3546661965050872
2026-02-02 16:10:00,93,4.554825000000001,-4.350833333333333,3.5574241442184866
2026-02-02 17:10:00,93,3.544883333333333,-5.75,3.8418110074301395
2026-02-02 18:10:00,93,4.830575,-6.116666666666666,3.985828439124873
2026-02-02 19:10:00,93,3.032466666666667,-6.36,4.063148474959612
2026-02-02 20:10:00,93,4.850675000000001,-8.375,4.359859892614372
2026-02-02 21:10:00,93,4.647516666666666,-9.574166666666667,4.5949258336182135
2026-02-02 22:10:00,93,4.368183333333333,-10.2875,4.776360287320424
2026-02-02 23:10:00,93,4.49095,-10.749166666666667,4.856903364038397
2026-02-03 00:10:00,94,5.320308333333332,-11.500833333333333,4.998120314924761
2026-02-03 01:10:00,94,5.137416666666667,-12.435000000000002,5.183476678653053
2026-02-03 02:10:00,94,4.165633333333333,-13.036666666666667,5.3041078961516295
2026-02-03 03:10:00,94,6.308391666666666,-14.082500000000001,5.51379235316093
2026-02-03 04:10:00,94,5.014999999999999,-14.472499999999998,5.591985441511808
2026-02-03 05:10:00,94,4.211491666666666,-15.252500000000003,5.748371618213565
2026-02-03 06:10:00,94,6.3051,-15.864166666666668,5.871007786695499
2026-02-03 07:10:00,94,4.943466666666667,-14.529166666666669,5.603346830417491
2026-02-03 08:10:00,94,5.403733333333334,-8.074166666666667,4.352414705371941
2026-02-03 09:10:00,94,4.836333333333333,-7.0225,4.169154194979598
2026-02-03 10:10:00,94,2.485875,-3.9716666666666662,3.5782768968221994
2026-02-03 11:10:00,94,2.7512999999999996,-2.7258333333333336,3.3869656398731527
2026-02-03 12:10:00,94,3.2677333333333336,-1.3841666666666665,3.090756485327413
2026-02-03 13:10:00,94,1.9024999999999999,-0.365,2.8723197259165394
2026-02-03 14:10:00,94,2.649716666666667,-0.38000000000000006,2.8272509481949193
2026-02-03 15:10:00,94,4.186116666666666,-1.9716666666666665,3.0863150118514837
2026-02-03 16:10:00,94,3.787075,-4.444166666666666,3.5813537637031088
2026-02-03 17:10:00,94,2.9297416666666667,-6.4624999999999995,3.986019703843766
2026-02-03 18:10:00,94,3.3553333333333333,-8.528333333333334,4.400209161155364
2026-02-03 19:10:00,94,3.848583333333333,-10.769166666666665,4.849485260675689
2026-02-03 20:10:00,94,2.4886000000000004,-12.1625,5.128841764356605
2026-02-03 21:10:00,94,5.031766666666666,-13.176666666666668,5.332177209918612
2026-02-03 22:10:00,94,4.732633333333333,-13.838333333333336,5.464838133317325
2026-02-03 23:10:00,94,4.899958333333333,-14.745,5.646620355808254
2026-02-04 00:10:00,95,4.777316666666667,-15.819999999999999,5.832304160673865
2026-02-04 01:10:00,95,5.92,-16.3,5.928241825529895
2026-02-04 02:10:00,95,4.273816666666667,-15.904166666666667,5.849126563712857
2026-02-04 03:10:00,95,5.566966666666666,-15.167499999999999,5.701888897510199
2026-02-04 04:10:00,95,5.152466666666665,-14.509166666666667,5.570307725225019
2026-02-04 05:10:00,95,5.53825,-13.500833333333333,5.368772005648983
2026-02-04 06:10:00,95,4.524566666666666,-13.079166666666666,5.2844934320080945
2026-02-04 07:10:00,95,6.743549999999999,-12.134166666666667,5.095616154322785
2026-02-04 08:10:00,95,3.1017166666666665,-8.397499999999999,4.349723007103169
2026-02-04 09:10:00,95,4.1872,-5.423333333333333,3.77268673213416
2026-02-04 10:10:00,95,4.9078,-3.2933333333333334,3.3447342168527623
2026-02-04 11:10:00,95,10.017033333333334,-1.9783333333333335,3.1373509506322734
2026-02-04 12:10:00,95,2.5349999999999997,-1.2116666666666667,3.0394976053641
2026-02-04 13:10:00,95,3.9345749999999993,-0.48500000000000004,2.8688525528860858
2026-02-04 14:10:00,95,2.8322583333333333,-1.3708333333333336,3.05018406879043
2026-02-04 15:10:00,95,4.032299999999999,-2.328333333333333,3.2361361642536237
2026-02-04 16:10:00,95,3.8780416666666664,-3.5316666666666667,3.484152441272928
2026-02-04 17:10:00,95,4.4027916666666655,-4.6675,3.7410232155627097
2026-02-04 18:10:00,95,4.653783333333333,-5.81,3.9657943987046176
2026-02-04 19:10:00,95,2.7803666666666667,-6.219166666666666,4.047942215593142
2026-02-04 20:10:00,95,6.280816666666666,-7.426666666666667,4.162548465272898
2026-02-04 21:10:00,95,5.677383333333332,-7.715833333333332,4.343849394772191
2026-02-04 22:10:00,95,4.38175,-8.375,4.389080560735972
2026-02-04 23:10:00,95,5.0763083333333325,-8.8375,4.483388079614902
2026-02-05 00:10:00,96,4.089875,-8.56,4.562776900175637
2026-02-05 01:10:00,96,4.514125,-8.795833333333334,4.532544233499111
2026-02-05 02:10:00,96,5.015325,-9.450000000000001,4.6108207114556485
2026-02-05 03:10:00,96,4.341975,-10.44,4.78833517020605
2026-02-05 04:10:00,96,4.8755,-11.045833333333333,4.906970055885941
2026-02-05 05:10:00,96,4.527116666666666,-10.319166666666666,4.762020747692281
2026-02-05 06:10:00,96,5.209433333333333,-8.134166666666667,4.355314317089117
2026-02-05 07:10:00,96,6.0376416666666675,-7.504166666666666,4.208360318251527
2026-02-05 08:10:00,96,8.053908333333332,-6.8475,4.142597201532546
2026-02-05 09:10:00,96,4.2131,-5.995,4.041703892306251
2026-02-05 10:10:00,96,2.3606833333333337,-4.0225,3.7044501607884177
2026-02-05 11:10:00,96,3.533275,-3.7550000000000003,3.701159557935705
2026-02-05 12:10:00,96,3.8230500000000003,-3.2275000000000005,3.4947193915071684
2026-02-05 13:10:00,96,3.808958333333333,-4.0233333333333325,3.7550337082438103
2026-02-05 14:10:00,96,2.9879083333333334,-4.240833333333334,3.7715746489257795
2026-02-05 15:10:00,96,3.1927250000000003,-5.773333333333333,4.042943813576499
2026-02-05 16:10:00,96,5.292741666666666,-7.495833333333334,4.25431349266143
2026-02-05 17:10:00,96,5.429491666666666,-9.648333333333333,4.70664076398829
2026-02-05 18:10:00,96,4.475791666666666,-10.5425,4.8962379169032495
2026-02-05 19:10:00,96,4.010758333333333,-11.478333333333333,5.061852352336077
2026-02-05 20:10:00,96,5.235766666666667,-12.63,5.239145327611671
2026-02-05 21:10:00,96,5.972641666666666,-13.209166666666668,5.424171867321093
2026-02-05 22:10:00,96,3.8394333333333335,-15.597499999999997,5.8175144446932725
2026-02-05 23:10:00,96,6.4378166666666665,-16.505,5.99591835631789
2026-02-06 00:10:00,97,6.14325,-17.14916666666667,6.189165805762984
2026-02-06 01:10:00,97,4.712083333333333,-18.400000000000002,6.443138677776545
2026-02-06 02:10:00,97,6.532916666666666,-20.14833333333333,6.798125410277844
2026-02-06 03:10:00,97,4.88765,-21.38083333333334,7.048375828471088
2026-02-06 04:10:00,97,6.132366666666666,-22.37,7.249219132321918
2026-02-06 05:10:00,97,7.1023249999999996,-23.725833333333327,7.524511512579121
2026-02-06 06:10:00,97,7.189925000000001,-24.277500000000003,7.63652353208144
2026-02-06 07:10:00,97,6.827608333333333,-22.596666666666668,7.295242197736767
2026-02-06 08:10:00,97,6.005391666666666,-18.254166666666666,6.413528249660374
2026-02-06 09:10:00,97,6.780891666666666,-14.37,5.687366850019743
2026-02-06 10:10:00,97,4.5957333333333334,-10.44,4.889690782472608
2026-02-06 11:10:00,97,4.972391666666666,-8.958333333333334,4.632526908198857
2026-02-06 12:10:00,97,3.8430333333333326,-7.55,4.3412503203972825
2026-02-06 13:10:00,97,4.237716666666667,-6.724166666666666,4.172960752698591
2026-02-06 14:10:00,97,4.038291666666667,-6.795833333333333,4.1562103131668175
2026-02-06 15:10:00,97,5.697716666666666,-7.096666666666667,4.163671322010496
2026-02-06 16:10:00,97,4.749258333333333,-8.8925,4.512707967048551
2026-02-06 17:10:00,97,6.39655,-11.1725,4.9756458603390925
2026-02-06 18:10:00,97,5.280924999999999,-13.230000000000002,5.393406700446676
2026-02-06 19:10:00,97,3.8703333333333334,-15.467500000000001,5.847715268971934
2026-02-06 20:10:00,97,5.47705,-17.673333333333332,6.295594144534823
2026-02-06 21:10:00,97,6.931591666666667,-18.361666666666668,6.435355365243151
2026-02-06 22:10:00,97,6.221141666666666,-19.254166666666666,6.61657118531412
2026-02-06 23:10:00,97,6.942733333333332,-19.898333333333333,6.747364676364408
2026-02-07 00:10:00,98,6.316633333333332,-20.463333333333335,6.818101856230047
2026-02-07 01:10:00,98,7.340699999999999,-19.570833333333333,6.638483817215322
2026-02-07 02:10:00,98,4.893466666666667,-18.5925,6.44288877040586
2026-02-07 03:10:00,98,5.976566666666667,-17.583333333333332,6.241129314114329
2026-02-07 04:10:00,98,7.15055,-17.221666666666668,6.168822456946266
2026-02-07 05:10:00,98,5.514608333333333,-17.124166666666667,6.149329594529991
2026-02-07 06:10:00,98,6.712816666666667,-16.429999999999996,6.0105470783525785
2026-02-07 07:10:00,98,5.588741666666667,-15.8375,5.892090452899831
2026-02-07 08:10:00,98,5.295841666666666,-11.934166666666664,5.1117095336021166
2026-02-07 09:10:00,98,4.553575,-7.801666666666667,4.403456037730024
2026-02-07 10:10:00,98,5.4959999999999996,-5.377499999999999,3.958781157018188
2026-02-07 11:10:00,98,3.9089916666666666,-3.8183333333333334,3.6798611704673445
2026-02-07 12:10:00,98,2.4209916666666667,-2.886666666666667,3.413973178430467
2026-02-07 13:10:00,98,2.8527750000000003,-3.4433333333333334,3.5745219086940714
2026-02-07 14:10:00,98,4.776591666666667,-3.6675,3.5069501425357354
2026-02-07 15:10:00,98,3.274558333333333,-4.659166666666667,3.694475508204076
2026-02-07 16:10:00,98,5.5191333333333334,-5.575,3.849905181170378
2026-02-07 17:10:00,98,4.7134,-6.1575,3.959074659709135
2026-02-07 18:10:00,98,5.041333333333333,-6.343333333333334,4.00166414395091
2026-02-07 19:10:00,98,4.605933333333333,-6.551666666666667,4.037906424845413
2026-02-07 20:10:00,98,4.732525,-6.612500000000001,4.078912860873148
2026-02-07 21:10:00,98,4.672008333333333,-6.704166666666667,4.087779609043549
2026-02-07 22:10:00,98,5.370024999999999,-7.300833333333333,4.284465996422022
2026-02-07 23:10:00,98,5.0168333333333335,-9.034166666666668,4.661879438329335
2026-02-08 00:10:00,99,4.410266666666666,-10.250833333333334,4.938756284210877
2026-02-08 01:10:00,99,6.562366666666668,-11.467500000000001,5.191069790376356
2026-02-08 02:10:00,99,3.9907166666666662,-12.292499999999999,5.3354938219351675
2026-02-08 03:10:00,99,6.29325,-12.735833333333332,5.444827076743704
2026-02-08 04:10:00,99,5.695808333333334,-13.379999999999997,5.525544286687433
2026-02-08 05:10:00,99,6.428033333333333,-13.94,5.738559928053642
2026-02-08 06:10:00,99,6.281024999999999,-14.235,5.816728225026665
2026-02-08 07:10:00,99,6.152174999999999,-13.225833333333334,5.626286083208097
2026-02-08 08:10:00,99,6.8280666666666665,-11.125,5.2126469497230135
2026-02-08 09:10:00,99,4.829816666666667,-10.916666666666666,5.209909386466127
2026-02-08 10:10:00,99,5.577858333333333,-8.744166666666667,4.690822770235895
2026-02-08 11:10:00,99,3.2813749999999997,-7.146666666666667,4.3665473579091625
2026-02-08 12:10:00,99,3.284275,-5.7225,4.064972189402823
2026-02-08 13:10:00,99,1.9743166666666663,-5.5058333333333325,4.062896190329826
2026-02-08 14:10:00,99,3.5473166666666662,-6.815,4.269545902089286
2026-02-08 15:10:00,99,3.934241666666667,-7.616666666666667,4.398736481225981
2026-02-08 16:10:00,99,5.028675,-9.135,4.7710462973853485
2026-02-08 17:10:00,99,7.0060916666666655,-10.648333333333333,5.1259093064362515
2026-02-08 18:10:00,99,3.8911083333333334,-12.217500000000001,5.485324707898803
2026-02-08 19:10:00,99,5.592416666666667,-13.648333333333333,5.745229598369387
2026-02-08 20:10:00,99,5.554199999999999,-14.574166666666665,5.927581196318888
2026-02-08 21:10:00,99,6.441683333333333,-14.862499999999999,6.032706459533743
2026-02-08 22:10:00,99,4.488758333333333,-15.023333333333332,5.968121618157417
2026-02-08 23:10:00,99,7.3570166666666665,-15.263333333333335,6.010588778181968
2026-02-09 00:10:00,100,5.740375,-15.574166666666665,6.176386161846945
2026-02-09 01:10:00,100,7.830858333333332,-15.834166666666667,6.240352033099085
2026-02-09 02:10:00,100,7.062083333333333,-16.0,6.224809507299176
2026-02-09 03:10:00,100,8.5881,-15.752500000000003,6.157487553023435
2026-02-09 04:10:00,100,7.335516666666665,-15.644166666666669,6.0784400723184495
2026-02-09 05:10:00,100,8.451291666666666,-15.652499999999998,6.029471026596145
2026-02-09 06:10:00,100,7.430658333333334,-15.75,6.115740808519197
2026-02-09 07:10:00,100,7.982616666666666,-14.414999999999997,5.951097703008985
2026-02-09 08:10:00,100,7.4561416666666664,-12.412500000000001,5.61541334239671
2026-02-09 09:10:00,100,6.686191666666667,-11.074166666666665,5.338420193189542
2026-02-09 10:10:00,100,3.8258916666666667,-8.030833333333332,4.663477291891758
2026-02-09 11:10:00,100,3.974491666666666,-5.573333333333334,4.123666498420533
2026-02-09 12:10:00,100,4.757225,-3.9291666666666667,3.7976786369787545
2026-02-09 13:10:00,100,3.0265583333333335,-3.01,3.5736851982374707
2026-02-09 14:10:00,100,3.1963666666666666,-3.9341666666666666,3.7635933347717985
2026-02-09 15:10:00,100,4.726391666666666,-4.420833333333333,3.8120567973199164
2026-02-09 16:10:00,100,5.788649999999999,-5.2875000000000005,3.9705207263956446
2026-02-09 17:10:00,100,5.906391666666666,-6.805,4.279294790598604
2026-02-09 18:10:00,100,4.083816666666666,-7.8374999999999995,4.46011864602142
2026-02-09 19:10:00,100,6.150416666666667,-8.62,4.672296583282853
2026-02-09 20:10:00,100,6.521133333333333,-9.209166666666667,4.7665067373398236
2026-02-09 21:10:00,100,4.021575,-10.147499999999999,4.93606694589349
2026-02-09 22:10:00,100,6.234383333333333,-11.009166666666665,5.152954548013378
2026-02-09 23:10:00,100,5.374608333333334,-11.586666666666666,5.1957806306198036
2026-02-10 00:10:00,101,5.263475000000001,-12.0,5.2585207257075375
2026-02-10 01:10:00,101,5.963508333333333,-12.153333333333336,5.3389352461114505
2026-02-10 02:10:00,101,5.19395,-12.44,5.382424685535218
2026-02-10 03:10:00,101,6.107549999999999,-13.148333333333332,5.434646191853421
2026-02-10 04:10:00,101,5.153999999999999,-13.5875,5.464339702966748
2026-02-10 05:10:00,101,6.985283333333332,-13.759166666666665,5.535709254511106
2026-02-10 06:10:00,101,7.384391666666668,-14.509166666666667,5.633019704497096
2026-02-10 07:10:00,101,5.470291666666666,-11.975833333333334,5.259140613803534
2026-02-10 08:10:00,101,5.067025,-9.156666666666666,4.723770872111082
2026-02-10 09:10:00,101,4.6526,-7.25,4.306436921803514
2026-02-10 10:10:00,101,1.556158333333333,-3.9858333333333333,3.659795344582642
2026-02-10 11:10:00,101,2.760491666666666,-1.5241666666666667,3.093571083367921
2026-02-10 12:10:00,101,2.053983333333333,0.19833333333333333,2.7273100843553584
2026-02-10 13:10:00,101,1.6712833333333335,1.7924999999999998,2.391979199099776
2026-02-10 14:10:00,101,2.656133333333333,0.6016666666666666,2.6010658731551444
2026-02-10 15:10:00,101,3.558116666666667,-1.5741666666666667,3.011707785721045
2026-02-10 16:10:00,101,3.8117583333333336,-3.940833333333334,3.4891873817150683
2026-02-10 17:10:00,101,4.735925,-5.413333333333334,3.7878904028754405
2026-02-10 18:10:00,101,2.918625,-6.125,3.932255077505298
2026-02-10 19:10:00,101,4.471191666666667,-7.333333333333333,4.177370742860442
2026-02-10 20:10:00,101,4.649849999999999,-7.915833333333333,4.295533398090267
2026-02-10 21:10:00,101,4.491783333333333,-7.473333333333333,4.2057703509843485
2026-02-10 22:10:00,101,4.819341666666666,-6.916666666666667,4.092848099634531
2026-02-10 23:10:00,101,4.0992,-6.0008333333333335,3.9451733371159414
2026-02-11 00:10:00,102,4.002841666666667,-5.711666666666666,3.8623909902805402
2026-02-11 01:10:00,102,5.088966666666666,-5.715833333333332,3.8661436079789517
2026-02-11 02:10:00,102,3.886183333333333,-5.559166666666666,3.839222505319278
2026-02-11 03:10:00,102,4.305225,-5.360833333333333,3.794271728174784
2026-02-11 04:10:00,102,2.8387249999999997,-5.1475,3.7451612386341235
2026-02-11 05:10:00,102,5.4397166666666665,-5.206666666666666,3.7563420496699482
2026-02-11 06:10:00,102,3.393499999999999,-5.148333333333333,3.744435595217804
2026-02-11 07:10:00,102,4.39445,-4.709166666666667,3.654797002413807
2026-02-11 08:10:00,102,3.464166666666666,-3.6341666666666668,3.435378056081441
2026-02-11 09:10:00,102,3.790083333333333,-2.796666666666667,3.2644353885899466
2026-02-11 10:10:00,102,4.120566666666667,-2.328333333333333,3.168843568559877
2026-02-11 11:10:00,102,2.7932666666666663,-1.6875,3.0380426617927534
2026-02-11 12:10:00,102,3.419583333333333,-1.5691666666666668,3.0138895684755473
2026-02-11 13:10:00,102,2.6949666666666663,-0.685,2.8398042438633895
2026-02-11 14:10:00,102,4.0402249999999995,-0.24083333333333332,2.7434685089274646
2026-02-11 15:10:00,102,2.838883333333333,-1.2258333333333333,2.9438115794143576
2026-02-11 16:10:00,102,2.4920833333333334,-2.3741666666666665,3.1781986399151325
2026-02-11 17:10:00,102,2.6146416666666665,-2.8200000000000003,3.269197970370804
2026-02-11 18:10:00,102,2.6131916666666664,-3.0833333333333335,3.3229471076119106
2026-02-11 19:10:00,102,4.02085,-3.6758333333333333,3.4438826664044004
2026-02-11 20:10:00,102,3.559808333333333,-3.615,3.4314659353328794
2026-02-11 21:10:00,102,4.379191666666666,-3.519166666666667,3.4119053315900714
2026-02-11 22:10:00,102,4.300241666666666,-4.254166666666667,3.5619266576870845
2026-02-11 23:10:00,102,5.213866666666666,-4.088333333333334,3.528078308601704
2026-02-12 00:10:00,103,3.4760833333333334,-3.75,3.4835763393769708
2026-02-12 01:10:00,103,3.852383333333333,-3.7449999999999997,3.4825618462964085
2026-02-12 02:10:00,103,3.958766666666666,-3.735,3.480532860135284
2026-02-12 03:10:00,103,3.842624999999999,-3.7750000000000004,3.488648804779782
2026-02-12 04:10:00,103,4.085991666666666,-3.856666666666666,3.505218858428965
2026-02-12 05:10:00,103,3.7427083333333333,-3.89,3.511982145632713
2026-02-12 06:10:00,103,5.392691666666667,-3.894166666666667,3.512827556533182
2026-02-12 07:10:00,103,3.388433333333333,-3.560833333333333,3.445194684495699
2026-02-12 08:10:00,103,3.4083916666666663,-1.9900000000000002,3.180417999755152
2026-02-12 09:10:00,103,3.419625,-1.1849999999999998,3.0072660667686426
2026-02-12 10:10:00,103,1.4337333333333333,-0.4025,2.866939865540767
2026-02-12 11:10:00,103,3.152833333333333,-0.2908333333333334,2.834443309363911
2026-02-12 12:10:00,103,2.9487083333333333,0.39916666666666667,2.732737258324249
2026-02-12 13:10:00,103,2.233033333333333,-0.6391666666666667,2.991930325012164
2026-02-12 14:10:00,103,2.2988833333333334,-1.1341666666666668,3.073296120263221
2026-02-12 15:10:00,103,4.103141666666667,-1.8291666666666664,3.2535683176437726
2026-02-12 16:10:00,103,3.393816666666666,-3.0833333333333335,3.492016657455461
2026-02-12 17:10:00,103,4.805408333333333,-3.9125,3.687345861618597
2026-02-12 18:10:00,103,2.289191666666667,-4.508333333333333,3.802106042053594
2026-02-12 19:10:00,103,3.6601166666666667,-5.245,3.982273009974243
2026-02-12 20:10:00,103,3.8564249999999998,-6.1625000000000005,4.187743846606976
2026-02-12 21:10:00,103,4.087733333333333,-7.1308333333333325,4.400991493337741
2026-02-12 22:10:00,103,3.9080333333333335,-7.875,4.503033117249486
2026-02-12 23:10:00,103,3.4459083333333327,-8.588333333333333,4.615823436423366
2026-02-13 00:10:00,104,4.807041666666667,-9.2925,4.773869668324354
2026-02-13 01:10:00,104,5.531616666666667,-9.943333333333333,4.805429607813597
2026-02-13 02:10:00,104,4.836916666666666,-9.351666666666667,4.789368578100191
2026-02-13 03:10:00,104,5.4183916666666665,-10.352500000000001,4.867439838303918
2026-02-13 04:10:00,104,5.3233500000000005,-10.906666666666666,4.960500474052281
2026-02-13 05:10:00,104,4.803108333333332,-11.838333333333333,5.139907206378103
2026-02-13 06:10:00,104,4.9913333333333325,-12.885,5.336069903477766
2026-02-13 07:10:00,104,5.628025,-10.674999999999999,4.9817131301407125
2026-02-13 08:10:00,104,5.348916666666666,-7.546666666666667,4.481845039641502
2026-02-13 09:10:00,104,5.548291666666665,-5.995,4.178977671588681
2026-02-13 10:10:00,104,2.155866666666667,-4.021666666666667,3.7798595559587667
2026-02-13 11:10:00,104,0.8782333333333332,-2.19,3.383891174065139
2026-02-13 12:10:00,104,2.490241666666667,-1.4016666666666666,3.1906391271858943
2026-02-13 13:10:00,104,0.8633083333333333,-0.2166666666666667,2.9486658489908844
2026-02-13 14:10:00,104,1.7560833333333332,-0.9108333333333333,3.073656944917227
2026-02-13 15:10:00,104,2.283541666666667,-2.286666666666666,3.3332393179618798
2026-02-13 16:10:00,104,3.2109916666666667,-3.333333333333334,3.5594355024609214
2026-02-13 17:10:00,104,3.9592249999999996,-4.573333333333333,3.788870341466558
2026-02-13 18:10:00,104,3.5432,-5.7825,4.03551736239016
2026-02-13 19:10:00,104,3.5524916666666666,-6.918333333333334,4.20416678560726
2026-02-13 20:10:00,104,3.1354249999999992,-7.908333333333334,4.389628036826734
2026-02-13 21:10:00,104,5.654425000000001,-8.189166666666667,4.5187182277277405
2026-02-13 22:10:00,104,7.068083333333333,-8.036666666666667,4.508978473405688
2026-02-13 23:10:00,104,4.612166666666666,-8.574166666666667,4.570882201800912
2026-02-14 00:10:00,105,6.328891666666666,-7.903333333333333,4.501864126294924
2026-02-14 01:10:00,105,4.150016666666667,-7.781666666666667,4.470270947789053
2026-02-14 02:10:00,105,5.836574999999999,-8.624166666666666,4.548203247858477
2026-02-14 03:10:00,105,5.798858333333334,-9.8425,4.7938307934574205
2026-02-14 04:10:00,105,5.0464,-10.513333333333334,4.86366907390609
2026-02-14 05:10:00,105,4.672883333333334,-12.676666666666668,5.310555511430309
2026-02-14 06:10:00,105,6.269675,-14.564166666666665,5.695348976345843
2026-02-14 07:10:00,105,4.5353916666666665,-10.929166666666667,4.9515853652681265
2026-02-14 08:10:00,105,5.6489,-5.240833333333334,3.8502867433774433
2026-02-14 09:10:00,105,3.408208333333333,-3.8466666666666662,3.612298368419043
2026-02-14 10:10:00,105,3.290058333333333,-1.241666666666667,3.0411697461174145
2026-02-14 11:10:00,105,1.9425833333333333,-0.2866666666666667,2.845856849746736
2026-02-14 12:10:00,105,3.1104083333333334,-0.023333333333333307,2.772399763246528
2026-02-14 13:10:00,105,2.9581166666666667,-0.08416666666666668,2.8262631902098794
2026-02-14 14:10:00,105,2.940941666666667,-0.7083333333333334,2.9196315316734283
2026-02-14 15:10:00,105,3.2429499999999996,-1.5550000000000004,3.0788992275045177
2026-02-14 16:10:00,105,3.54685,-2.8624999999999994,3.296375983281994
2026-02-14 17:10:00,105,3.1203833333333333,-3.2225,3.400002105739398
2026-02-14 18:10:00,105,3.7694666666666663,-3.0283333333333338,3.382152712312709
2026-02-14 19:10:00,105,4.77515,-3.5283333333333338,3.456816934126716
2026-02-14 20:10:00,105,2.3582083333333332,-4.101666666666667,3.601640818620821
2026-02-14 21:10:00,105,3.59705,-5.338333333333334,3.919294307303287
2026-02-14 22:10:00,105,4.429058333333334,-5.829166666666667,3.9819200227874836
2026-02-14 23:10:00,105,4.738133333333334,-6.550833333333333,4.10961877171721
2026-02-15 00:10:00,106,4.7189,-7.1725,4.240545054696124
2026-02-15 01:10:00,106,4.985925,-8.2325,4.541209673515635
2026-02-15 02:10:00,106,5.294216666666666,-9.773333333333333,4.803976248723797
2026-02-15 03:10:00,106,4.354283333333333,-11.134166666666667,5.045766233787021
2026-02-15 04:10:00,106,4.454908333333333,-12.291666666666666,5.213816708829569
2026-02-15 05:10:00,106,4.80315,-12.834166666666668,5.32431731964636
2026-02-15 06:10:00,106,5.96435,-13.245833333333335,5.408168781617935
2026-02-15 07:10:00,106,4.855591666666665,-11.481666666666667,5.173644949844043
2026-02-15 08:10:00,106,3.8735166666666667,-8.574166666666667,4.606341255009421
2026-02-15 09:10:00,106,5.555183333333333,-7.023333333333333,4.310758577027382
2026-02-15 10:10:00,106,2.621766666666667,-4.676666666666667,3.8444569119644556
2026-02-15 11:10:00,106,2.4191916666666664,-2.9858333333333325,3.46591591502732
2026-02-15 12:10:00,106,0.9313333333333333,-0.45,2.9512368393410258
2026-02-15 13:10:00,106,1.6431749999999998,0.4208333333333334,2.723958734274643
2026-02-15 14:10:00,106,0.8707250000000001,0.4083333333333332,2.6539874627477014
2026-02-15 15:10:00,106,3.7911916666666667,-1.7966666666666669,3.0938213523607407
2026-02-15 16:10:00,106,3.6035166666666663,-3.5283333333333338,3.4308498894414927
2026-02-15 17:10:00,106,4.561374999999999,-5.235833333333333,3.7828873398528957
2026-02-15 18:10:00,106,4.726599999999999,-6.6575,4.066205910469623
2026-02-15 19:10:00,106,3.528083333333333,-8.370833333333334,4.415190942480871
2026-02-15 20:10:00,106,3.814216666666666,-9.852500000000001,4.716988309657914
2026-02-15 21:10:00,106,4.490591666666666,-10.9675,4.944100164147724
2026-02-15 22:10:00,106,4.837375,-12.09666666666667,5.174097595264087
2026-02-15 23:10:00,106,5.064691666666666,-13.615000000000002,5.483363513709852
2026-02-16 00:10:00,107,6.229541666666666,-14.795833333333334,5.728169952943433
2026-02-16 01:10:00,107,4.132216666666666,-15.348333333333334,5.84146018279096
2026-02-16 02:10:00,107,4.8140583333333336,-16.45,6.067357141853449
2026-02-16 03:10:00,107,6.177225,-17.115,6.20371551805002
2026-02-16 04:10:00,107,4.771858333333332,-17.629166666666666,6.309145490623058
2026-02-16 05:10:00,107,5.532750000000001,-17.263333333333335,6.234131296199131
2026-02-16 06:10:00,107,4.955708333333334,-16.7225,6.123233318565578
2026-02-16 07:10:00,107,6.412066666666668,-14.06916666666667,5.579166815044424
2026-02-16 08:10:00,107,4.485216666666666,-8.456666666666665,4.428322624964343
2026-02-16 09:10:00,107,4.061441666666667,-4.9675,3.7530551231894695
2026-02-16 10:10:00,107,1.3382916666666667,-1.2691666666666668,3.0206183507247317
2026-02-16 11:10:00,107,2.3721916666666667,1.1666666666666665,2.5388537552501265
2026-02-16 12:10:00,107,1.1329416666666665,3.0041666666666664,2.170640758779495
2026-02-16 13:10:00,107,1.8876333333333335,3.7716666666666665,2.0040854977825666
2026-02-16 14:10:00,107,2.125658333333333,3.2083333333333335,2.11055062617686
2026-02-16 15:10:00,107,3.0984000000000003,2.0508333333333333,2.314103400141976
2026-02-16 16:10:00,107,3.736508333333333,-0.48583333333333334,2.7975720391420245
2026-02-16 17:10:00,107,3.3362916666666673,-3.2925,3.369409269964156
2026-02-16 18:10:00,107,3.3715999999999995,-4.889166666666667,3.696806072962439
2026-02-16 19:10:00,107,3.708833333333333,-6.560833333333334,4.0395816401934175
2026-02-16 20:10:00,107,4.528908333333333,-7.570833333333333,4.24668233186039
2026-02-16 21:10:00,107,2.9629833333333333,-8.829166666666667,4.5047038206534
2026-02-16 22:10:00,107,4.922999999999999,-9.850833333333332,4.714196764534346
2026-02-16 23:10:00,107,4.769433333333334,-10.601666666666667,4.868155282019448
2026-02-17 00:10:00,108,3.6829416666666663,-10.4675,4.824151579257247
2026-02-17 01:10:00,108,4.254583333333334,-10.602500000000001,4.851680953325351
2026-02-17 02:10:00,108,4.546166666666666,-10.063333333333333,4.741733391460766
2026-02-17 03:10:00,108,5.907524999999999,-9.721666666666666,4.672060284251369
2026-02-17 04:10:00,108,4.682358333333333,-9.64,4.655406712284246
2026-02-17 05:10:00,108,3.628058333333333,-10.926666666666668,4.917785437970363
2026-02-17 06:10:00,108,5.156624999999999,-11.991666666666667,5.13921917606285
2026-02-17 07:10:00,108,4.865041666666666,-9.246666666666668,4.5771442282068735
2026-02-17 08:10:00,108,3.8354833333333334,-4.084166666666667,3.54738302321685
2026-02-17 09:10:00,108,3.775058333333333,-0.7866666666666666,2.941692378869522
2026-02-17 10:10:00,108,1.3350416666666667,1.25,2.5515647844475913
2026-02-17 11:10:00,108,2.208241666666667,2.9675,2.188230561980151
2026-02-17 12:10:00,108,1.5570583333333334,2.5641666666666665,2.274383714152978
2026-02-17 13:10:00,108,3.3152333333333335,1.8200000000000003,2.3936178494625877
2026-02-17 14:10:00,108,3.3912166666666663,1.7358333333333331,2.370228684613918
2026-02-17 15:10:00,108,3.5274333333333328,1.6066666666666671,2.398309201328547
2026-02-17 16:10:00,108,3.5682333333333336,1.1300000000000001,2.4615188420939615
2026-02-17 17:10:00,108,3.8901416666666675,0.42999999999999994,2.6038120415939026
2026-02-17 18:10:00,108,2.90945,0.1575,2.6652510269083294
2026-02-17 19:10:00,108,2.692508333333333,0.21666666666666667,2.6762564300899743
2026-02-17 20:10:00,108,2.5758083333333333,0.6858333333333332,2.6389181403981
2026-02-17 21:10:00,108,3.3541166666666666,0.07833333333333332,2.743693731055961
2026-02-17 22:10:00,108,4.232725,0.12083333333333336,2.719103002426281
2026-02-17 23:10:00,108,4.218641666666667,-0.036666666666666674,2.7432200892777168
2026-02-18 00:10:00,109,2.8635333333333333,-0.9900000000000001,2.924485803624859
2026-02-18 01:10:00,109,4.284833333333333,-3.0875,3.3416652920741496
2026-02-18 02:10:00,109,3.4199166666666665,-2.9525,3.3144612254455534
2026-02-18 03:10:00,109,4.08295,-2.5041666666666664,3.266563041838763
2026-02-18 04:10:00,109,3.5602166666666664,-1.4016666666666666,3.2273147979619985
2026-02-18 05:10:00,109,4.340224999999999,-2.1658333333333335,3.3473408076783255
2026-02-18 06:10:00,109,3.7146083333333326,-2.4766666666666666,3.4276350373164304
2026-02-18 07:10:00,109,4.235025000000001,-1.8991666666666667,3.287354267873216
2026-02-18 08:10:00,109,2.453958333333333,-0.07833333333333344,2.9264447478175706
2026-02-18 09:10:00,109,4.392233333333333,0.7308333333333333,2.746111439635555
2026-02-18 10:10:00,109,1.0196,1.9308333333333332,2.50731495035768
2026-02-18 11:10:00,109,0.0,2.1675,2.451801995522814
2026-02-18 12:10:00,109,1.328825,3.388333333333333,2.1785337823628614
2026-02-18 13:10:00,109,1.1105333333333334,3.5033333333333334,2.1359165995755327
2026-02-18 14:10:00,109,2.2629916666666667,1.8808333333333334,2.4499222491646035
2026-02-18 15:10:00,109,2.9158416666666667,0.7391666666666666,2.6783508851591744
2026-02-18 16:10:00,109,3.3009583333333334,-0.9899999999999999,2.9757277686484156
2026-02-18 17:10:00,109,3.6543916666666663,-2.4208333333333334,3.2863327748858637
2026-02-18 18:10:00,109,3.485908333333333,-2.894166666666667,3.391711000709355
2026-02-18 19:10:00,109,3.558225,-3.3850000000000002,3.5000441880577045
2026-02-18 20:10:00,109,5.818633333333333,-3.9683333333333333,3.6370595257107716
2026-02-18 21:10:00,109,3.3752749999999994,-4.639166666666667,3.7547423932888573
2026-02-18 22:10:00,109,5.187591666666666,-5.453333333333333,3.851482333956498
2026-02-18 23:10:00,109,3.7020833333333334,-5.949166666666667,3.9279205574495517
2026-02-19 00:10:00,110,3.8143083333333334,-6.565,4.066126416579255
2026-02-19 01:10:00,110,4.988949999999999,-5.788333333333334,3.909832590952933
2026-02-19 02:10:00,110,3.586333333333333,-7.199999999999999,4.1765790723406955
2026-02-19 03:10:00,110,4.2778833333333335,-8.083333333333334,4.37741542216088
2026-02-19 04:10:00,110,5.8576999999999995,-8.934166666666666,4.544772231351997
2026-02-19 05:10:00,110,4.109291666666667,-11.209166666666667,4.981978209870128
2026-02-19 06:10:00,110,5.8652,-12.815,5.30850366613695
2026-02-19 07:10:00,110,4.160191666666667,-8.495833333333334,4.434882072133285
2026-02-19 08:10:00,110,4.568575,-4.2825,3.661393565534488
2026-02-19 09:10:00,110,3.9715,-2.9266666666666663,3.408434528275063
2026-02-19 10:10:00,110,1.1893833333333332,-0.5408333333333334,2.9253286270625463
2026-02-19 11:10:00,110,1.1324333333333332,0.75,2.70105849850703
2026-02-19 12:10:00,110,1.853375,2.0083333333333333,2.4194771943844335
2026-02-19 13:10:00,110,2.35565,2.8008333333333333,2.2349311629326736
2026-02-19 14:10:00,110,2.221375,2.3558333333333334,2.332877558042181
2026-02-19 15:10:00,110,2.9995333333333334,1.1583333333333332,2.5741580418703616
2026-02-19 16:10:00,110,2.1479166666666667,-0.6241666666666666,2.884103181816288
2026-02-19 17:10:00,110,1.054425,-2.991666666666667,3.3110557790205504
2026-02-19 18:10:00,110,3.4331750000000003,-4.163333333333333,3.5492990543247287
2026-02-19 19:10:00,110,2.3044833333333337,-5.758333333333333,3.8736216922565907
2026-02-19 20:10:00,110,4.399,-7.490833333333334,4.2259031782860275
2026-02-19 21:10:00,110,3.7301750000000005,-8.943333333333333,4.5212502827349486
2026-02-19 22:10:00,110,3.6958333333333333,-10.44,4.825578108087939
2026-02-19 23:10:00,110,3.7984999999999998,-11.759166666666667,5.0938136022604255
2026-02-20 00:10:00,111,4.618658333333333,-12.655833333333334,5.28189075133175
2026-02-20 01:10:00,111,4.008783333333334,-13.455,5.446664978143996
2026-02-20 02:10:00,111,3.3808166666666666,-14.420833333333334,5.645802964458277
2026-02-20 03:10:00,111,4.480975,-15.180833333333332,5.8025017077875445
2026-02-20 04:10:00,111,5.500808333333333,-16.055833333333336,5.982911445173217
2026-02-20 05:10:00,111,4.1214916666666666,-16.838333333333335,6.144249296035259
2026-02-20 06:10:00,111,4.365975000000001,-16.731666666666666,6.122256489953958
2026-02-20 07:10:00,111,4.901008333333333,-12.486666666666666,5.247011535437187
2026-02-20 08:10:00,111,5.86025,-6.088333333333334,3.993539397663411
2026-02-20 09:10:00,111,2.899316666666667,-3.5825,3.635985352821373
2026-02-20 10:10:00,111,2.441125,-1.43,3.160335138119535
2026-02-20 11:10:00,111,1.4330833333333333,-0.18999999999999997,2.896901984390741
2026-02-20 12:10:00,111,1.4623583333333332,0.8458333333333332,2.652814928257111
2026-02-20 13:10:00,111,3.8984749999999995,1.2916666666666667,2.5038519373746646
2026-02-20 14:10:00,111,1.9332166666666666,1.0358333333333332,2.5866764690233377
2026-02-20 15:10:00,111,2.209533333333334,0.02416666666666668,2.7835745193311765
2026-02-20 16:10:00,111,3.7489833333333333,-1.4908333333333335,3.081438477855733
2026-02-20 17:10:00,111,4.07095,-2.670833333333334,3.403427533511767
2026-02-20 18:10:00,111,3.1342749999999997,-3.5833333333333326,3.626824047590789
2026-02-20 19:10:00,111,3.7984166666666663,-4.480833333333333,3.787839160202987
2026-02-20 20:10:00,111,2.248091666666667,-5.357500000000001,3.978394677936669
2026-02-20 21:10:00,111,5.224983333333332,-6.041666666666667,4.071004199087558
2026-02-20 22:10:00,111,5.673283333333333,-7.0375000000000005,4.267624250974382
2026-02-20 23:10:00,111,4.1269,-8.021666666666667,4.485138590544234
2026-02-21 00:10:00,112,4.469391666666667,-9.056666666666667,4.684395044830933
2026-02-21 01:10:00,112,5.81315,-9.865833333333333,4.876013352241818
2026-02-21 02:10:00,112,3.5155416666666666,-10.604999999999999,4.982551664324017
2026-02-21 03:10:00,112,5.508308333333333,-11.19,5.054123940878272
2026-02-21 04:10:00,112,5.618566666666667,-11.578333333333333,5.118427113854334
2026-02-21 05:10:00,112,3.6036666666666672,-12.971666666666666,5.397364362296364
2026-02-21 06:10:00,112,5.9035666666666655,-13.7725,5.521423111929425
2026-02-21 07:10:00,112,4.7532749999999995,-10.625,4.941142241365336
2026-02-21 08:10:00,112,5.77805,-8.370833333333334,4.557597644179412
2026-02-21 09:10:00,112,3.453708333333333,-7.075,4.262486608278302
2026-02-21 10:10:00,112,2.83605,-4.1258333333333335,3.631076682995251
2026-02-21 11:10:00,112,0.0,-3.689166666666667,3.6212536829143054
2026-02-21 12:10:00,112,1.9207416666666668,-2.608333333333334,3.396192293757786
2026-02-21 13:10:00,112,2.404816666666667,-0.9058333333333333,2.9777925416982804
2026-02-21 14:10:00,112,1.076125,-0.49499999999999994,2.8672736458542807
2026-02-21 15:10:00,112,2.240158333333333,-1.63,3.063164850887023
2026-02-21 16:10:00,112,2.8714999999999997,-2.9250000000000003,3.3055782864933936
2026-02-21 17:10:00,112,2.891641666666666,-4.546666666666667,3.634405757860642
2026-02-21 18:10:00,112,3.1608499999999995,-6.009999999999999,3.931127772105702
2026-02-21 19:10:00,112,4.316841666666666,-7.584166666666667,4.250323606336295
2026-02-21 20:10:00,112,3.470366666666666,-8.6075,4.457826244999697
2026-02-21 21:10:00,112,2.999533333333333,-9.615,4.693674713942563
2026-02-21 22:10:00,112,4.633158333333332,-10.365,4.819515236159432
2026-02-21 23:10:00,112,3.3532583333333337,-11.399166666666668,5.0238961468909
2026-02-22 00:10:00,113,5.909275,-11.935,5.123229838676052
2026-02-22 01:10:00,113,5.918991666666666,-12.547500000000001,5.2565365449696175
2026-02-22 02:10:00,113,4.96185,-13.221666666666666,5.383951975529062
2026-02-22 03:10:00,113,4.640583333333333,-14.5375,5.650584264448041
2026-02-22 04:10:00,113,5.4911166666666675,-15.39,5.82332956626192
2026-02-22 05:10:00,113,5.623383333333332,-15.94,5.934778148077326
2026-02-22 06:10:00,113,5.138233333333333,-15.443333333333333,5.834136701468263
2026-02-22 07:10:00,113,6.0282083333333345,-11.550833333333332,5.045384692892867
2026-02-22 08:10:00,113,3.7298500000000003,-5.1775,3.7705916266565818
2026-02-22 09:10:00,113,5.5483,-2.254166666666667,3.2827369590571074
2026-02-22 10:10:00,113,0.9204083333333334,0.365,2.716560129342655
2026-02-22 11:10:00,113,1.8377833333333333,1.4658333333333335,2.502824236037519
2026-02-22 12:10:00,113,0.9407166666666666,2.9825,2.194004537432812
2026-02-22 13:10:00,113,0.9513333333333333,3.3674999999999997,2.1335976183571628
2026-02-22 14:10:00,113,0.9226249999999999,2.815,2.246102776249549
2026-02-22 15:10:00,113,1.8183833333333328,1.7258333333333333,2.443251331182677
2026-02-22 16:10:00,113,2.9546250000000005,0.03750000000000007,2.7266960900325032
2026-02-22 17:10:00,113,4.878333333333333,-3.045833333333333,3.3219843504564537
2026-02-22 18:10:00,113,3.1245583333333338,-4.389166666666667,3.5941890684662026
2026-02-22 19:10:00,113,4.198625,-5.694166666666667,3.858626158046393
2026-02-22 20:10:00,113,4.663041666666667,-6.773333333333333,4.0773017844872275
2026-02-22 21:10:00,113,3.2762416666666665,-7.555833333333333,4.235862721342782
2026-02-22 22:10:00,113,4.4319083333333325,-8.463333333333333,4.419752881338202
2026-02-22 23:10:00,113,4.582725,-9.5325,4.636402169927847
2026-02-23 00:10:00,114,2.9816749999999996,-9.93,4.716829248288243
2026-02-23 01:10:00,114,4.803850000000001,-10.133333333333333,4.762849783397015
2026-02-23 02:10:00,114,4.0005749999999995,-10.1525,4.764069086869799
2026-02-23 03:10:00,114,4.278091666666667,-9.11,4.588929506896824
2026-02-23 04:10:00,114,5.099975,-8.435,4.632211066830757
2026-02-23 05:10:00,114,3.9041416666666664,-8.694166666666666,4.619896687671528
2026-02-23 06:10:00,114,4.361549999999999,-8.291666666666666,4.528227249976246
2026-02-23 07:10:00,114,4.233258333333333,-7.458333333333333,4.364192619149205
2026-02-23 08:10:00,114,4.561033333333333,-6.7075,4.285485078998161
2026-02-23 09:10:00,114,3.9620249999999997,-6.084166666666667,4.121359246435574
2026-02-23 10:10:00,114,5.2141,-5.514166666666667,3.9897749589106106
2026-02-23 11:10:00,114,2.528766666666667,-5.538333333333333,3.9777661980800234
2026-02-23 12:10:00,114,4.327641666666667,-5.2491666666666665,3.8919658981416823
2026-02-23 13:10:00,114,4.127199999999999,-5.015,3.8269916444491217
2026-02-23 14:10:00,114,4.8709,-4.744166666666666,3.794686506437863
2026-02-23 15:10:00,114,4.74405,-4.5975,3.764365048006
2026-02-23 16:10:00,114,5.646191666666667,-4.9941666666666675,3.8529425772497383
2026-02-23 17:10:00,114,4.207883333333332,-5.38,3.88059890076458
2026-02-23 18:10:00,114,3.563875,-5.605833333333333,3.9244388839517317
2026-02-23 19:10:00,114,1.9623000000000002,-5.730833333333333,3.94127221519269
2026-02-23 20:10:00,114,4.6324250000000005,-5.639166666666667,3.9336630016261003
2026-02-23 21:10:00,114,2.768825,-5.555833333333333,3.927488996671359
2026-02-23 22:10:00,114,4.255566666666666,-5.698333333333333,3.9708289015381104
2026-02-23 23:10:00,114,4.769491666666666,-5.7316666666666665,3.9586442425328046
2026-02-24 00:10:00,115,5.274575,-5.801666666666667,3.976555855523149
2026-02-24 01:10:00,115,5.0115083333333335,-5.6258333333333335,3.9296575118606576
2026-02-24 02:10:00,115,3.2485166666666663,-5.5325,3.8971500413676448
2026-02-24 03:10:00,115,5.192383333333333,-5.685,3.9205413447379693
2026-02-24 04:10:00,115,4.5633333333333335,-5.926666666666667,4.03405641271104
2026-02-24 05:10:00,115,4.762416666666667,-6.32,4.106260272174261
2026-02-24 06:10:00,115,4.077716666666666,-6.394166666666667,4.128890699319958
2026-02-24 07:10:00,115,4.965366666666666,-5.865000000000001,4.038536953439623
2026-02-24 08:10:00,115,4.175291666666667,-3.4683333333333333,3.5528796525416935
2026-02-24 09:10:00,115,2.6397749999999998,-2.579166666666667,3.400143440710682
2026-02-24 10:10:00,115,3.6017666666666663,-2.3000000000000003,3.3597228113224835
2026-02-24 11:10:00,115,2.186625,-2.5216666666666665,3.4014333093327322
2026-02-24 12:10:00,115,4.1453500000000005,-1.1725,3.116544071652432
2026-02-24 13:10:00,115,2.444933333333333,-1.4991666666666668,3.2061911151613796
2026-02-24 14:10:00,115,2.5811333333333333,-2.033333333333333,3.2953891046261594
2026-02-24 15:10:00,115,4.4162583333333325,-3.1075,3.491349236523731
2026-02-24 16:10:00,115,3.419083333333333,-4.260833333333334,3.684925715762545
2026-02-24 17:10:00,115,4.210333333333333,-5.6575,3.986764769368639
2026-02-24 18:10:00,115,4.070566666666667,-7.148333333333333,4.3488602868703845
2026-02-24 19:10:00,115,2.3103499999999997,-8.393333333333333,4.618608516317835
2026-02-24 20:10:00,115,5.878549999999999,-9.490833333333333,4.866447252522601
2026-02-24 21:10:00,115,5.970433333333333,-10.430833333333334,5.02587008028311
2026-02-24 22:10:00,115,6.056508333333333,-11.375,5.1396332704221095
2026-02-24 23:10:00,115,5.103291666666666,-11.725833333333332,5.23958173200171
2026-02-25 00:10:00,116,5.8069749999999996,-12.849166666666667,5.312918437077626
2026-02-25 01:10:00,116,6.675566666666666,-14.16666666666667,5.582890594786391
2026-02-25 02:10:00,116,4.010716666666667,-14.906666666666666,5.7408456995434625
2026-02-25 03:10:00,116,4.681274999999999,-15.055000000000001,5.816894855957276
2026-02-25 04:10:00,116,6.4791,-16.213333333333335,6.003579824722042
2026-02-25 05:10:00,116,4.789516666666667,-16.828333333333333,6.1357873701121015
2026-02-25 06:10:00,116,6.508716666666667,-15.675833333333332,5.892205946426739
2026-02-25 07:10:00,116,5.201491666666667,-13.389166666666668,5.418392113803005
2026-02-25 08:10:00,116,7.16495,-11.38,5.021861474096725
2026-02-25 09:10:00,116,6.1786166666666675,-10.231666666666667,4.867001701486478
2026-02-25 10:10:00,116,3.817866666666666,-9.5925,4.8359225809641435
2026-02-25 11:10:00,116,4.573716666666666,-8.7075,4.619012850326834
2026-02-25 12:10:00,116,4.801525,-6.8425,4.2216915656738125
2026-02-25 13:10:00,116,3.8683916666666662,-5.269166666666667,3.89517363771176
2026-02-25 14:10:00,116,3.6267333333333327,-4.865833333333334,3.7362710977226534
2026-02-25 15:10:00,116,4.211158333333333,-4.88,3.664402473562617
2026-02-25 16:10:00,116,3.504341666666667,-5.1625000000000005,3.713767421506538
2026-02-25 17:10:00,116,5.568091666666667,-5.411666666666666,3.76539655268529
2026-02-25 18:10:00,116,3.085008333333333,-5.420833333333333,3.7672959521600937
2026-02-25 19:10:00,116,2.9318666666666666,-5.39,3.760907063017572
2026-02-25 20:10:00,116,3.8138916666666662,-5.39,3.760907063017572
2026-02-25 21:10:00,116,2.4603916666666668,-5.524166666666666,3.7887073644215157
2026-02-25 22:10:00,116,4.019916666666667,-6.885833333333334,4.070854522769615
2026-02-25 23:10:00,116,3.7977999999999996,-7.801666666666667,4.265239819091949
2026-02-26 00:10:00,117,5.52055,-8.088333333333333,4.31359271820609
2026-02-26 01:10:00,117,4.586516666666666,-7.736666666666667,4.241161795208939
2026-02-26 02:10:00,117,4.532775,-8.020000000000001,4.2995184630265495
2026-02-26 03:10:00,117,5.492333333333333,-6.881666666666667,4.065916239082664
2026-02-26 04:10:00,117,3.9075999999999995,-6.921666666666667,4.073300556604165
2026-02-26 05:10:00,117,4.2753,-6.550833333333333,4.001578361589841
2026-02-26 06:10:00,117,5.115075,-6.134166666666666,3.911103347522866
2026-02-26 07:10:00,117,4.154083333333333,-5.041666666666667,3.6904729525696647
2026-02-26 08:10:00,117,2.7996666666666665,-1.0183333333333333,2.8955772889173903
2026-02-26 09:10:00,117,3.6030583333333337,0.5966666666666667,2.6444823545700986
2026-02-26 10:10:00,117,1.5553,2.355,2.3483835723428665
2026-02-26 11:10:00,117,1.1765416666666666,2.879166666666667,2.2740474787921956
2026-02-26 12:10:00,117,1.8692999999999997,2.2775,2.4057702382744033
2026-02-26 13:10:00,117,0.9868999999999999,1.9991666666666663,2.4148921026708092
2026-02-26 14:10:00,117,0.977125,1.4083333333333332,2.544834802157279
2026-02-26 15:10:00,117,2.348225,-0.09333333333333334,2.845455482440797
2026-02-26 16:10:00,117,1.928783333333333,-1.055,3.008511120475104
2026-02-26 17:10:00,117,4.5134,-2.7224999999999997,3.27943762990826
2026-02-26 18:10:00,117,2.5157333333333334,-3.8425,3.457743381147222
2026-02-26 19:10:00,117,3.8204166666666666,-5.013333333333333,3.7427506716818257
2026-02-26 20:10:00,117,3.8714666666666666,-6.528333333333333,4.008359586896697
2026-02-26 21:10:00,117,4.945341666666667,-8.487499999999999,4.395806964925606
2026-02-26 22:10:00,117,4.5028749999999995,-8.778333333333334,4.538460381377908
2026-02-26 23:10:00,117,3.337008333333333,-8.08,4.394343971671695
2026-02-27 00:10:00,118,4.586941666666666,-9.230833333333333,4.702737764358401
2026-02-27 01:10:00,118,5.473491666666667,-10.194166666666666,4.858631195296746
2026-02-27 02:10:00,118,3.2791250000000005,-10.828333333333333,4.89984261345683
2026-02-27 03:10:00,118,5.023499999999999,-11.068333333333333,5.099241918952757
2026-02-27 04:10:00,118,5.5509,-11.397499999999999,5.125823478364499
2026-02-27 05:10:00,118,4.298916666666667,-12.134166666666667,5.211786276554697
2026-02-27 06:10:00,118,5.606625,-12.411666666666667,5.252035261181754
2026-02-27 07:10:00,118,5.514658333333334,-8.254166666666666,4.398425420894193
2026-02-27 08:10:00,118,3.870933333333333,-6.634166666666666,4.146477362496347
2026-02-27 09:10:00,118,4.919949999999999,-5.5275,3.983303528569417
2026-02-27 10:10:00,118,2.3813833333333334,-3.7691666666666666,3.5973018967240415
2026-02-27 11:10:00,118,2.131866666666667,-1.8049999999999997,3.15900762631458
2026-02-27 12:10:00,118,1.4566916666666665,-0.4716666666666667,2.843437591185277
2026-02-27 13:10:00,118,1.6997083333333334,0.14916666666666667,2.6973238758574487
2026-02-27 14:10:00,118,2.818183333333333,0.009166666666666675,2.7171894769551814
2026-02-27 15:10:00,118,2.048775,-1.1258333333333332,2.927475182441114
2026-02-27 16:10:00,118,3.801166666666666,-1.7916666666666667,3.015470482021608
2026-02-27 17:10:00,118,4.009483333333334,-3.500833333333333,3.3631147951608713
2026-02-27 18:10:00,118,2.6868916666666665,-4.685,3.604508143781698
2026-02-27 19:10:00,118,3.5891249999999997,-5.199166666666667,3.710738552774665
2026-02-27 20:10:00,118,2.521258333333333,-6.513333333333333,3.982254525192668
2026-02-27 21:10:00,118,2.5609749999999996,-6.415833333333334,3.962110347150242
2026-02-27 22:10:00,118,4.618266666666667,-7.5275,4.191788411326282
2026-02-27 23:10:00,118,5.220066666666667,-9.6575,4.631861223945444
2026-02-28 00:10:00,119,4.29945,-10.968333333333334,4.910271228888011
2026-02-28 01:10:00,119,5.306091666666667,-12.278333333333334,5.179830601798008
2026-02-28 02:10:00,119,5.438749999999999,-12.805,5.288203072331798
2026-02-28 03:10:00,119,4.544016666666666,-12.0875,5.140562728772315
2026-02-28 04:10:00,119,5.867683333333334,-9.7575,4.668810861467205
2026-02-28 05:10:00,119,3.616575,-7.403333333333333,4.177519601608436
2026-02-28 06:10:00,119,4.790366666666666,-4.449166666666667,3.593243736391958
2026-02-28 07:10:00,119,3.3334833333333327,-3.0124999999999997,3.3534728361569055
2026-02-28 08:10:00,119,3.7525333333333335,-1.5133333333333336,3.095259353247414
2026-02-28 09:10:00,119,3.9234916666666666,1.3949999999999998,2.516640380097475
2026-02-28 10:10:00,119,2.391883333333333,3.7875,1.9925605985165802
2026-02-28 11:10:00,119,3.0108083333333338,6.203333333333333,1.5456332551338292
2026-02-28 12:10:00,119,1.6967249999999996,7.178333333333334,1.3542621674608517
2026-02-28 13:10:00,119,1.0232666666666668,7.801666666666667,1.21604117022327
2026-02-28 14:10:00,119,3.0233999999999996,4.749166666666667,1.8605214891075317
2026-02-28 15:10:00,119,2.337125,4.291666666666667,1.901217258148903
2026-02-28 16:10:00,119,1.5218999999999998,4.800833333333333,1.779110703511061
2026-02-28 17:10:00,119,2.745833333333333,3.57,1.9902560796659519
2026-02-28 18:10:00,119,2.447183333333333,1.7625,2.3742968205963577
2026-02-28 19:10:00,119,1.2620583333333333,1.2541666666666667,2.4823733856585375
2026-02-28 20:10:00,119,2.1349249999999995,1.0933333333333335,2.4921236528105166
2026-02-28 21:10:00,119,2.507525,0.3241666666666667,2.6166657226009877
2026-02-28 22:10:00,119,4.188375,-0.385,2.733126780062169
