t,day,actual,T_o,pred
2025-11-07 00:00:00,6,2.906125,1.2950000000000002,2.974855468899388
2025-11-07 01:00:00,6,1.960775,1.255,2.553678731938053
2025-11-07 02:00:00,6,3.7670083333333326,0.7824999999999999,2.7734659839411684
2025-11-07 03:00:00,6,1.795,0.7116666666666666,1.6769804822892005
2025-11-07 04:00:00,6,2.2236749999999996,0.3741666666666667,2.8902889667300933
2025-11-07 05:00:00,6,3.8073499999999996,-0.4716666666666667,2.518726286470871
2025-11-07 06:00:00,6,1.9930750000000002,-0.9491666666666667,2.092396851672583
2025-11-07 07:00:00,6,2.9094083333333334,-0.7466666666666666,2.350834611769583
2025-11-07 08:00:00,6,1.7210833333333333,0.17166666666666672,2.004459019457542
2025-11-07 09:00:00,6,2.0959166666666667,1.2316666666666667,2.557521704097355
2025-11-07 10:00:00,6,4.137775,1.7858333333333334,2.7084020134491076
2025-11-07 11:00:00,6,1.7563333333333333,2.2358333333333333,1.2285449096815881
2025-11-07 12:00:00,6,1.6692666666666667,2.5316666666666667,1.8655527227658937
2025-11-07 13:00:00,6,1.0320416666666665,3.5508333333333333,1.9836458007564002
2025-11-07 14:00:00,6,2.80025,3.2583333333333333,2.3833875728826333
2025-11-07 15:00:00,6,1.8244583333333333,2.6808333333333327,2.1097189619147327
2025-11-07 16:00:00,6,2.9484916666666665,1.5233333333333334,2.7294739865040913
2025-11-07 17:00:00,6,1.7645749999999998,1.175,2.28639037665219
2025-11-07 18:00:00,6,1.6675416666666667,0.7216666666666667,2.054076457302286
2025-11-07 19:00:00,6,3.3366416666666665,0.36166666666666675,2.9091866252218
2025-11-07 20:00:00,6,1.3192416666666666,-0.755,2.074454487775276
2025-11-07 21:00:00,6,2.121825,-1.2633333333333334,3.0907197906043513
2025-11-07 22:00:00,6,2.0421083333333336,-0.7683333333333334,3.1627985190123
2025-11-07 23:00:00,6,3.2063416666666664,-0.18999999999999997,3.054082024976978
2025-11-08 00:00:00,7,2.819375,0.0,2.3428766280956355
2025-11-08 01:00:00,7,1.7947749999999998,0.0,2.262236774939051
2025-11-08 02:00:00,7,1.7756083333333332,0.0,3.062486275943387
2025-11-08 03:00:00,7,2.548058333333333,0.009166666666666667,2.946120979070471
2025-11-08 04:00:00,7,1.6842666666666666,0.005,2.7942295829238812
2025-11-08 05:00:00,7,2.5974166666666667,0.07916666666666665,3.2272518748667136
2025-11-08 06:00:00,7,2.986683333333333,0.14833333333333334,2.8518535126927453
2025-11-08 07:00:00,7,0.254475,0.48583333333333334,2.3716335270057423
2025-11-08 08:00:00,7,1.31145,4.471666666666667,2.845036498571256
2025-11-08 09:00:00,7,2.497533333333333,7.88,1.8558101100537985
2025-11-08 10:00:00,7,0.110125,9.601666666666667,1.3168450039134556
2025-11-08 11:00:00,7,1.8747083333333332,7.800833333333333,2.0329496963410505
2025-11-08 12:00:00,7,0.6566666666666666,9.166666666666666,1.0306485644687806
2025-11-08 13:00:00,7,0.0,9.675833333333333,0.7533355651319582
2025-11-08 14:00:00,7,0.26795,8.443333333333333,0.711358646076671
2025-11-08 15:00:00,7,1.3845750000000001,5.921666666666667,1.4915970243047112
2025-11-08 16:00:00,7,1.1183416666666666,3.9166666666666665,1.448105749399272
2025-11-08 17:00:00,7,1.1280583333333334,2.6391666666666667,1.8617565297299268
2025-11-08 18:00:00,7,1.0920916666666667,1.4574999999999998,1.8994050649299647
2025-11-08 19:00:00,7,2.0578916666666665,0.1791666666666666,2.877855578921979
2025-11-08 20:00:00,7,1.1522999999999999,-0.505,2.9464151833118457
2025-11-08 21:00:00,7,1.054275,-1.8324999999999996,3.2023104209274647
2025-11-08 22:00:00,7,2.320766666666666,-2.3383333333333334,3.094461542492161
2025-11-08 23:00:00,7,2.8879083333333333,-2.366666666666667,3.29123110577787
2025-11-09 00:00:00,8,1.4963250000000001,-2.245833333333333,1.8302047257056702
2025-11-09 01:00:00,8,1.4729999999999999,-2.559166666666667,2.56477802128067
2025-11-09 02:00:00,8,3.942825,-1.7266666666666666,3.289797647762022
2025-11-09 03:00:00,8,1.3976416666666667,-2.1533333333333338,2.3281804271062
2025-11-09 04:00:00,8,3.563391666666667,-1.8283333333333331,3.119972917545774
2025-11-09 05:00:00,8,2.6378,-2.0558333333333336,2.8534580788425377
2025-11-09 06:00:00,8,2.1279166666666667,-2.0749999999999997,2.729022251870947
2025-11-09 07:00:00,8,2.742233333333333,-0.9958333333333335,2.604143556558445
2025-11-09 08:00:00,8,1.5805749999999998,0.9950000000000001,2.1939121961958215
2025-11-09 09:00:00,8,1.8436749999999997,1.9308333333333334,1.944173156562515
2025-11-09 10:00:00,8,2.6741416666666664,2.4199999999999995,2.5783867925761426
2025-11-09 11:00:00,8,1.8453583333333332,2.5508333333333333,1.9493107777284129
2025-11-09 12:00:00,8,1.797,2.3558333333333334,2.0123458479476706
2025-11-09 13:00:00,8,1.6867916666666667,2.2025,2.128395161044698
2025-11-09 14:00:00,8,5.57335,2.0241666666666664,2.1202339459683355
2025-11-09 15:00:00,8,4.310616666666666,1.5650000000000002,3.166604499730928
2025-11-09 16:00:00,8,3.582808333333333,0.4591666666666667,2.6828462935697375
2025-11-09 17:00:00,8,2.9641083333333333,0.027499999999999997,2.4080753798532077
2025-11-09 18:00:00,8,0.0,0.005,0.47646300620264115
2025-11-09 19:00:00,8,1.5781916666666669,0.08333333333333333,1.6470970449961904
2025-11-09 20:00:00,8,1.4786500000000002,0.2125,2.2069046156663275
2025-11-09 21:00:00,8,1.3901083333333333,0.445,2.0772396388702474
2025-11-09 22:00:00,8,1.35905,0.4766666666666666,2.576709296976487
2025-11-12 00:00:00,11,3.2982916666666666,-2.4708333333333337,3.1184622352421103
2025-11-12 01:00:00,11,3.3517833333333327,-2.3558333333333334,3.2346232172580915
2025-11-12 02:00:00,11,3.859058333333333,-1.6491666666666667,3.2241194902044117
2025-11-12 03:00:00,11,2.73145,-1.3283333333333334,3.10946780322155
2025-11-12 04:00:00,11,4.554366666666667,-0.9774999999999999,3.04117425681568
2025-11-12 05:00:00,11,2.138316666666667,-0.5925,2.346497193005138
2025-11-12 06:00:00,11,2.684583333333333,-0.25833333333333336,2.707389022772129
2025-11-12 07:00:00,11,4.5991,0.00416666666666667,2.8452154484633865
2025-11-12 08:00:00,11,1.7989416666666669,0.5825,1.9873582332523305
2025-11-12 09:00:00,11,3.3118416666666666,1.5575000000000003,2.3859480799397383
2025-11-12 10:00:00,11,0.21005833333333332,2.6199999999999997,1.2921345904845658
2025-11-12 11:00:00,11,2.84455,4.3125,1.8895399314629635
2025-11-12 12:00:00,11,1.7042833333333334,5.283333333333333,0.7287364518123682
2025-11-12 13:00:00,11,0.0,5.273333333333333,0.8692977221564095
2025-11-12 14:00:00,11,1.611225,3.8433333333333337,1.9595756845566554
2025-11-12 15:00:00,11,2.1713916666666666,2.8891666666666667,2.1452281741173054
2025-11-12 16:00:00,11,1.9070916666666664,1.75,2.000227654591736
2025-11-12 17:00:00,11,1.0436166666666666,0.4808333333333333,2.3233688347648394
2025-11-12 18:00:00,11,2.8365249999999995,-0.1575,2.7022445598878138
2025-11-12 19:00:00,11,1.9808,-0.8983333333333333,2.8516247746073082
2025-11-12 20:00:00,11,2.4418666666666664,-0.9900000000000001,2.6292098832681923
2025-11-12 21:00:00,11,3.0444999999999998,-0.8291666666666667,2.7439172132189444
2025-11-12 22:00:00,11,1.4244833333333333,-0.935,2.172660902491229
2025-11-12 23:00:00,11,2.41415,-0.9266666666666669,2.8266733992708946
2025-11-13 00:00:00,12,3.3249999999999997,-0.8208333333333333,3.1510539687221404
2025-11-13 01:00:00,12,1.2522749999999998,-0.8616666666666668,2.441957146114867
2025-11-13 02:00:00,12,2.415008333333333,-0.8441666666666666,3.2874995295271865
2025-11-13 03:00:00,12,2.1302666666666665,-0.73,2.5947151595703617
2025-11-13 04:00:00,12,3.761758333333333,-0.6791666666666666,2.9587538640134547
2025-11-13 05:00:00,12,1.4239333333333333,-0.725,2.3393726509026056
2025-11-13 06:00:00,12,2.6620833333333334,-0.6608333333333335,2.7032789870149707
2025-11-13 07:00:00,12,3.2836166666666666,-0.3891666666666666,2.260456532220163
2025-11-13 08:00:00,12,1.4564416666666666,0.3558333333333333,2.006286975189033
2025-11-13 09:00:00,12,2.183125,0.8666666666666667,2.7988082717083813
2025-11-13 10:00:00,12,2.4779666666666667,1.2183333333333333,2.4487258607131652
2025-11-13 11:00:00,12,1.3543916666666664,1.5708333333333335,2.2396270940567407
2025-11-13 12:00:00,12,2.2706083333333336,1.9525,2.7988666199305037
2025-11-13 13:00:00,12,2.304091666666667,2.750833333333334,2.595013870908215
2025-11-13 14:00:00,12,2.080475,2.7866666666666666,2.030218562790202
2025-11-13 15:00:00,12,1.2498666666666667,2.24,2.642164697872265
2025-11-13 16:00:00,12,2.351958333333333,1.3383333333333336,3.019001855089001
2025-11-13 17:00:00,12,2.043083333333333,0.5833333333333334,2.2627740388210817
2025-11-13 18:00:00,12,2.9643583333333337,0.6425000000000001,2.741052505504777
2025-11-13 19:00:00,12,1.373475,0.4949999999999999,1.6776153541853052
2025-11-13 20:00:00,12,1.6938833333333332,0.16666666666666666,2.237913376583338
2025-11-13 21:00:00,12,2.1780333333333335,-0.04083333333333333,3.039926213652682
2025-11-13 22:00:00,12,3.056025,0.01,3.1292846462127892
2025-11-13 23:00:00,12,2.447375,-0.5,2.5804085662700214
2025-11-14 00:00:00,13,1.3521083333333332,-1.695,2.399298893688712
2025-11-14 01:00:00,13,2.807691666666667,-2.019166666666667,2.905321404606716
2025-11-14 02:00:00,13,3.1464916666666665,-2.5141666666666667,3.150031189087959
2025-11-14 03:00:00,13,2.8201083333333337,-3.1383333333333336,3.0125284846055003
2025-11-14 04:00:00,13,2.300683333333333,-3.699166666666667,2.921894295926964
2025-11-14 05:00:00,13,2.64095,-4.05,2.839145670167416
2025-11-14 06:00:00,13,3.3395083333333333,-4.251666666666668,2.8084857774320606
2025-11-14 07:00:00,13,2.6407916666666664,-2.6941666666666664,3.0570601067190566
2025-11-14 08:00:00,13,2.7280499999999996,-0.3658333333333334,3.1190368858692272
2025-11-14 09:00:00,13,2.3409,0.5983333333333334,2.745521106589304
2025-11-14 10:00:00,13,1.3367083333333334,1.5216666666666665,2.546008821414885
2025-11-14 11:00:00,13,2.8174749999999995,1.4708333333333334,2.2710246689446945
2025-11-14 12:00:00,13,1.41105,2.68,1.9833293019891318
2025-11-14 13:00:00,13,2.5320666666666667,2.5058333333333334,2.461190171734291
2025-11-14 14:00:00,13,0.5633166666666666,2.0224999999999995,2.287331423615467
2025-11-14 15:00:00,13,2.9077583333333332,0.7266666666666666,2.769196071063834
2025-11-14 16:00:00,13,2.3657749999999997,-0.7824999999999999,2.7260049487678417
2025-11-14 17:00:00,13,2.141625,-1.416666666666667,2.2496438832587238
2025-11-14 18:00:00,13,2.851866666666666,-1.278333333333333,2.6424246023807316
2025-11-14 19:00:00,13,1.251725,-0.7908333333333332,1.9264399838033133
2025-11-14 20:00:00,13,2.2112333333333334,-0.5783333333333334,2.8642293424532013
2025-11-14 21:00:00,13,3.4643333333333333,-0.6566666666666666,2.981696169591095
2025-11-14 22:00:00,13,1.4898500000000001,-0.7266666666666667,2.269521984693903
2025-11-14 23:00:00,13,2.92805,-1.4066666666666665,2.7624909005086775
2025-11-15 00:00:00,14,2.4482416666666666,-1.7774999999999999,1.8277640475228258
2025-11-15 01:00:00,14,2.9400833333333334,-2.3708333333333336,2.8187740461966966
2025-11-15 02:00:00,14,2.255441666666667,-3.060833333333333,2.4132208238411477
2025-11-15 03:00:00,14,2.6656500000000003,-2.7091666666666665,2.619215637401652
2025-11-15 04:00:00,14,3.457841666666667,-2.9116666666666666,2.7575722168104964
2025-11-15 05:00:00,14,2.2415166666666666,-3.5466666666666664,2.5450725563768106
2025-11-15 06:00:00,14,3.4800416666666667,-2.9258333333333333,3.00015244071055
2025-11-15 07:00:00,14,3.231633333333333,-1.6624999999999999,2.427937724621332
2025-11-15 08:00:00,14,1.6159166666666667,-0.4766666666666666,1.9928438387419323
2025-11-15 09:00:00,14,2.977583333333333,0.35666666666666663,2.652097959658857
2025-11-15 10:00:00,14,0.0,1.3775000000000002,2.2192013684433576
2025-11-15 11:00:00,14,1.5442666666666667,2.1116666666666664,2.021413638171805
2025-11-15 12:00:00,14,1.4403666666666664,2.598333333333333,1.4873947601575368
2025-11-15 13:00:00,14,0.0,1.9599999999999997,1.5005022849917085
2025-11-15 14:00:00,14,1.298325,1.1533333333333333,2.5828039729266212
2025-11-15 15:00:00,14,3.0101083333333336,-0.03666666666666666,3.012921348085972
2025-11-15 16:00:00,14,1.7866749999999998,-1.4858333333333331,2.437694103454201
2025-11-15 17:00:00,14,2.545325,-1.8,2.573328323485953
2025-11-15 18:00:00,14,3.8171083333333335,-2.1208333333333336,2.7961670140187365
2025-11-15 19:00:00,14,1.7054083333333334,-2.6208333333333336,2.1659207918908416
2025-11-15 20:00:00,14,3.3295,-3.4299999999999997,2.760191803718347
2025-11-15 21:00:00,14,3.104516666666666,-4.134166666666666,2.7145292005319046
2025-11-15 22:00:00,14,2.4252583333333333,-5.235833333333333,2.6679546133481065
2025-11-15 23:00:00,14,3.0796416666666664,-6.273333333333333,2.8680731991959183
2025-11-16 00:00:00,15,2.5466249999999997,-6.745833333333333,3.0200331253770276
2025-11-16 01:00:00,15,2.982758333333333,-5.906666666666666,3.1808494472278213
2025-11-16 02:00:00,15,2.994933333333333,-5.37,3.654265585564949
2025-11-16 03:00:00,15,3.05625,-4.5225,3.266595743637517
2025-11-16 04:00:00,15,2.9479666666666664,-4.179166666666666,3.430750676749367
2025-11-16 05:00:00,15,3.56745,-4.069166666666667,3.242685291243113
2025-11-16 06:00:00,15,2.332058333333333,-3.9625,3.0942166247398166
2025-11-16 07:00:00,15,3.5166833333333334,-3.703333333333333,3.498050684729904
2025-11-16 08:00:00,15,3.1039749999999997,-3.1016666666666666,2.786671541652598
2025-11-16 09:00:00,15,2.1035,-2.11,2.667771037120401
2025-11-16 10:00:00,15,2.6603333333333334,-1.3141666666666667,3.1020205433414256
2025-11-16 11:00:00,15,2.708225,-0.5641666666666667,2.7468653589005347
2025-11-16 12:00:00,15,2.7173583333333333,-0.010000000000000009,2.6213200895667725
2025-11-16 13:00:00,15,5.2167666666666666,0.5108333333333334,5.142376093426809
2025-11-16 14:00:00,15,1.5456083333333333,0.43583333333333346,2.1996672681844096
2025-11-16 15:00:00,15,2.827716666666666,0.11,2.2474996757200736
2025-11-16 16:00:00,15,2.487258333333333,-0.055,2.5373427890634264
2025-11-16 17:00:00,15,3.8250666666666664,-0.3983333333333334,3.2374703685626693
2025-11-16 18:00:00,15,2.40805,-1.2925,2.614126598125404
2025-11-16 19:00:00,15,2.1589833333333335,-1.8808333333333331,2.8337683411984314
2025-11-16 20:00:00,15,3.1467166666666664,-2.2275000000000005,3.065792605361562
2025-11-16 21:00:00,15,2.0315833333333333,-2.398333333333334,3.079121764413659
2025-11-16 22:00:00,15,3.4978416666666665,-2.5,3.179779370221217
2025-11-16 23:00:00,15,3.4856166666666666,-2.5875,2.9306100940925237
2025-11-17 00:00:00,16,1.7699249999999997,-2.6749999999999994,2.052926152312642
2025-11-17 01:00:00,16,3.342425,-2.9175,3.342877615448904
2025-11-17 02:00:00,16,3.0833416666666666,-3.2316666666666674,2.762490184265521
2025-11-17 03:00:00,16,2.38855,-3.2883333333333327,2.4796961874103145
2025-11-17 04:00:00,16,3.7761750000000003,-3.283333333333333,3.2254339358172848
2025-11-17 05:00:00,16,3.473058333333333,-3.1750000000000003,3.143462855780064
2025-11-17 06:00:00,16,3.144183333333333,-3.0141666666666667,3.5691694825653952
2025-11-17 07:00:00,16,3.2487833333333334,-2.5141666666666667,3.376903810243196
2025-11-17 08:00:00,16,3.8836583333333325,-1.9541666666666668,3.197930568138895
2025-11-17 09:00:00,16,2.821933333333333,-1.0516666666666665,2.7673674201083713
2025-11-17 10:00:00,16,2.736983333333333,-0.19000000000000003,2.8789626634477186
2025-11-17 11:00:00,16,2.7252750000000003,0.22666666666666668,2.658510277601849
2025-11-17 12:00:00,16,2.297833333333333,0.44333333333333336,2.9186746973099136
2025-11-17 13:00:00,16,2.564975,0.45250000000000007,2.613123662390163
2025-11-17 14:00:00,16,2.334891666666666,0.3008333333333333,3.1005235518580694
2025-11-17 15:00:00,16,3.752016666666666,-0.25000000000000006,3.0745037928626338
2025-11-17 16:00:00,16,2.8754333333333335,-0.2833333333333334,2.314766785670665
2025-11-17 17:00:00,16,2.6767916666666665,-0.41583333333333333,2.2677606651704427
2025-11-17 18:00:00,16,2.6895249999999997,-0.37500000000000006,2.6562920323000876
2025-11-17 19:00:00,16,1.8167,-0.3191666666666667,2.9162695809692356
2025-11-17 20:00:00,16,2.5665166666666663,-0.43583333333333335,2.842226156249658
2025-11-17 21:00:00,16,3.440425,-0.6258333333333334,2.966570417046524
2025-11-17 22:00:00,16,2.4160083333333335,-0.7275,2.7182424882911813
2025-11-17 23:00:00,16,3.2633583333333327,-0.8566666666666666,2.8784321406730484
2025-11-18 00:00:00,17,3.061616666666666,-0.8816666666666665,2.5536935836057912
2025-11-18 01:00:00,17,2.860958333333333,-1.055,2.888715464944319
2025-11-18 02:00:00,17,2.8151,-0.9941666666666666,3.064560794552092
2025-11-18 03:00:00,17,2.6677583333333335,-0.8408333333333333,2.812037129400488
2025-11-18 04:00:00,17,2.9102249999999996,-0.8291666666666666,3.459019310359876
2025-11-18 05:00:00,17,2.9947,-1.1849999999999998,3.1103242705189054
2025-11-18 06:00:00,17,2.8090083333333338,-0.9158333333333332,2.6581895352834866
2025-11-18 07:00:00,17,2.340875,-0.7208333333333333,2.4526020868346023
2025-11-18 08:00:00,17,3.6488666666666667,0.4625000000000001,2.7135617879893195
2025-11-18 09:00:00,17,1.80445,0.6616666666666665,2.1528481044595433
2025-11-18 10:00:00,17,1.4774666666666665,2.555833333333333,2.2040767536677546
2025-11-18 11:00:00,17,1.4867833333333333,2.7675,1.4976007737054495
2025-11-18 12:00:00,17,1.5645916666666666,2.7591666666666668,1.4447273565985435
2025-11-18 13:00:00,17,0.0,1.67,1.6133221006228329
2025-11-18 14:00:00,17,3.19405,0.9808333333333334,2.41882681348518
2025-11-18 15:00:00,17,1.3175,0.4908333333333334,2.1682733966461183
2025-11-18 16:00:00,17,2.302583333333333,0.29999999999999993,2.4343425778630583
2025-11-18 17:00:00,17,2.514275,0.20833333333333334,2.216160547210687
2025-11-18 18:00:00,17,3.3028249999999995,0.22583333333333333,2.6200644833586884
2025-11-18 19:00:00,17,2.9990500000000004,0.31416666666666676,2.638103359339918
2025-11-18 20:00:00,17,1.944308333333333,0.41666666666666674,2.30259216368492
2025-11-18 21:00:00,17,2.6906166666666667,0.061666666666666675,3.0140083518758622
2025-11-18 22:00:00,17,2.766316666666666,-0.05083333333333332,2.9686944158970494
2025-11-21 00:00:00,20,2.5582,-5.023333333333333,3.1366159861968566
2025-11-21 01:00:00,20,2.772491666666667,-5.0183333333333335,3.3363771764818875
2025-11-21 02:00:00,20,3.292133333333333,-5.491666666666667,3.1693027379084553
2025-11-21 03:00:00,20,3.2430333333333334,-6.2225,2.999231075934241
2025-11-21 04:00:00,20,3.2245583333333334,-6.887499999999999,3.25641260671585
2025-11-21 05:00:00,20,3.9281749999999995,-7.197500000000001,2.656172252869642
2025-11-21 06:00:00,20,1.6028333333333333,-6.256666666666667,2.5962907052126614
2025-11-21 07:00:00,20,2.885025,-5.411666666666666,3.424973508881369
2025-11-21 08:00:00,20,2.4128833333333333,-3.0925,3.2045818865103457
2025-11-21 09:00:00,20,3.3483583333333327,-0.5233333333333333,3.034061196181284
2025-11-21 10:00:00,20,2.564308333333333,1.0283333333333333,2.6419988462208064
2025-11-21 11:00:00,20,2.2005166666666662,1.9574999999999998,2.066051513294751
2025-11-21 12:00:00,20,1.5462333333333336,2.161666666666667,1.8504373670134067
2025-11-21 13:00:00,20,3.010883333333333,2.3233333333333337,2.587419470872618
2025-11-21 14:00:00,20,1.4916749999999999,1.7874999999999999,1.7161463674076884
2025-11-21 15:00:00,20,2.6699916666666668,1.1766666666666665,2.4921561629285045
2025-11-21 16:00:00,20,1.0027083333333333,0.4666666666666666,2.2039561556036182
2025-11-21 17:00:00,20,3.0825,0.23500000000000007,2.4805250947494364
2025-11-21 18:00:00,20,1.5287416666666667,0.18583333333333332,2.14519480581387
2025-11-21 19:00:00,20,2.9713083333333334,0.2175,2.8277791018744365
2025-11-21 20:00:00,20,1.4998916666666666,0.7391666666666666,1.353283980563707
2025-11-21 21:00:00,20,1.5217,0.9266666666666667,1.9061417653709842
2025-11-21 22:00:00,20,3.3526750000000005,0.3058333333333333,3.13260556777175
2025-11-26 00:00:00,25,2.3153666666666664,-0.2700000000000001,2.580108222672009
2025-11-26 01:00:00,25,2.2167499999999998,-0.035833333333333335,2.768351490151329
2025-11-26 02:00:00,25,2.280333333333333,0.23083333333333336,2.112517132089732
2025-11-26 03:00:00,25,2.0273250000000003,0.3983333333333334,2.646512880480895
2025-11-26 04:00:00,25,1.9307083333333332,0.7033333333333335,2.289594293083347
2025-11-26 05:00:00,25,1.8907916666666666,0.7458333333333332,1.9937382650912494
2025-11-26 06:00:00,25,2.1607916666666664,0.7925,2.2947071892454574
2025-11-26 07:00:00,25,1.5397083333333332,0.9625,2.136640554380384
2025-11-26 08:00:00,25,2.2135249999999997,1.9166666666666667,2.4628272857069518
2025-11-26 09:00:00,25,2.9524166666666667,2.8108333333333335,2.2225986408891556
2025-11-26 10:00:00,25,1.9922,3.7916666666666665,1.2801543244117806
2025-11-26 11:00:00,25,1.5861416666666668,4.906666666666667,1.8466816290738444
2025-11-26 12:00:00,25,1.5265333333333333,5.345833333333332,1.5315124838382903
2025-11-26 13:00:00,25,1.5499249999999998,5.821666666666666,0.8102722950560521
2025-11-26 14:00:00,25,1.5385499999999999,5.5325,1.043494117375751
2025-11-26 15:00:00,25,1.5939666666666665,4.754166666666666,1.6330062074328389
2025-11-26 16:00:00,25,1.327925,4.148333333333333,1.6590299100191355
2025-11-26 17:00:00,25,1.315825,3.7600000000000002,1.1439275341514796
2025-11-26 18:00:00,25,2.313191666666667,3.579166666666667,1.5045719053430373
2025-11-26 19:00:00,25,1.79365,3.4574999999999996,1.5424726209307846
2025-11-26 20:00:00,25,1.693158333333333,3.4616666666666664,1.3083085369575898
2025-11-26 21:00:00,25,1.6982916666666665,3.400833333333333,1.793607093351738
2025-11-26 22:00:00,25,1.6878833333333334,3.4299999999999997,1.7964744461212088
2025-11-26 23:00:00,25,1.7016916666666668,3.3525000000000005,2.0865669238716955
2025-11-27 00:00:00,26,2.9029000000000003,3.3575000000000004,2.2713886758409
2025-11-27 01:00:00,26,1.49635,3.106666666666666,1.787312040878927
2025-11-27 02:00:00,26,1.4102416666666668,2.8883333333333336,1.5564986702033556
2025-11-27 03:00:00,26,1.3145749999999998,2.954166666666667,2.016198816996292
2025-11-27 04:00:00,26,2.369933333333333,2.8200000000000003,2.2111755181613004
2025-11-27 05:00:00,26,2.1946666666666665,1.985,1.9430278681677533
2025-11-27 06:00:00,26,1.5532416666666666,1.3291666666666668,2.0084868316763025
2025-11-27 07:00:00,26,2.4601666666666664,1.0275,1.9303753619482615
2025-11-27 08:00:00,26,1.2150083333333332,1.8475000000000001,1.4693507413608775
2025-11-27 09:00:00,26,2.2858666666666667,2.39,2.2037685571017063
2025-11-27 10:00:00,26,0.0,4.5008333333333335,1.0259996169120276
2025-11-27 11:00:00,26,0.9668916666666667,4.258333333333333,1.2740743273940354
2025-11-27 12:00:00,26,1.8648833333333332,3.9808333333333334,1.8359042984841998
2025-11-27 13:00:00,26,1.7484166666666665,4.3275,1.1150816168492048
2025-11-27 14:00:00,26,1.5784833333333332,4.230833333333333,1.836851500744707
2025-11-27 15:00:00,26,2.430475,2.893333333333334,1.9524076898225338
2025-11-27 16:00:00,26,1.710475,2.1108333333333333,1.9494892818160525
2025-11-27 17:00:00,26,1.8817583333333332,2.144166666666667,2.0496693717506567
2025-11-27 18:00:00,26,3.4262666666666663,2.069166666666667,2.2935819467487115
2025-11-27 19:00:00,26,1.667025,1.9858333333333338,2.0033322957736757
2025-11-27 20:00:00,26,3.2952999999999997,1.3341666666666665,2.0284147466304376
2025-11-27 21:00:00,26,1.6201083333333333,0.8341666666666668,1.8626587332649085
2025-11-27 22:00:00,26,1.5966749999999998,0.3841666666666667,2.0928205950484213
2025-11-27 23:00:00,26,2.4584999999999995,0.19416666666666668,2.346127011014076
2025-11-28 00:00:00,27,3.168658333333333,0.04750000000000001,2.3247401225778095
2025-11-28 01:00:00,27,1.4998833333333335,-0.31499999999999995,1.57805680649337
2025-11-28 02:00:00,27,3.0349749999999998,-0.9533333333333335,2.3397832736875883
2025-11-28 03:00:00,27,1.4086666666666665,-1.2499999999999998,2.084667445305113
2025-11-28 04:00:00,27,2.7888583333333328,-1.4024999999999999,2.641254374438097
2025-11-28 05:00:00,27,2.5209249999999996,-1.7366666666666666,2.7833393186840514
2025-11-28 06:00:00,27,2.4989666666666666,-2.1583333333333328,2.628595806542924
2025-11-28 07:00:00,27,2.1273916666666666,-1.6983333333333333,2.212485911678614
2025-11-28 08:00:00,27,2.9906916666666663,-0.62,2.6275859003115882
2025-11-28 09:00:00,27,1.8751666666666666,0.8241666666666667,1.88348297911434
2025-11-28 10:00:00,27,2.6162666666666667,1.7225000000000001,2.3404483722921063
2025-11-28 11:00:00,27,2.6235166666666663,2.35,2.1378004273552853
2025-11-28 12:00:00,27,2.25475,2.4858333333333333,1.8066431993534404
2025-11-28 13:00:00,27,3.226775,2.0525,2.3576601221954014
2025-11-28 14:00:00,27,2.805308333333333,-0.9808333333333333,2.2068146172566676
2025-11-28 15:00:00,27,3.0689749999999996,-1.4483333333333335,2.1290180360353586
2025-11-28 16:00:00,27,2.7038249999999997,-1.9816666666666665,1.9451736646523077
2025-11-28 17:00:00,27,2.37975,-2.8625000000000003,2.066644093947262
2025-11-28 18:00:00,27,2.325833333333333,-3.4308333333333336,2.223146569570678
2025-11-28 19:00:00,27,2.7869333333333337,-3.4616666666666664,2.3512132274489037
2025-11-28 20:00:00,27,2.0286416666666667,-3.2541666666666664,2.0656189836346477
2025-11-28 21:00:00,27,3.2090916666666662,-3.328333333333333,3.0475261255784267
2025-11-28 22:00:00,27,2.6447833333333333,-3.454166666666667,2.9332596144388066
2025-11-28 23:00:00,27,2.8629250000000006,-2.9408333333333334,2.981974066975964
2025-11-29 00:00:00,28,3.077691666666667,-2.2224999999999997,3.4366109269831036
2025-11-29 01:00:00,28,3.8518916666666665,-2.0125,3.623625130336326
2025-11-29 02:00:00,28,2.884158333333333,-1.885,2.6629687375393893
2025-11-29 03:00:00,28,3.359183333333333,-1.801666666666667,3.228200715543264
2025-11-29 04:00:00,28,3.3921666666666668,-1.8691666666666669,2.9915642617700104
2025-11-29 05:00:00,28,3.3555083333333333,-1.8566666666666667,2.909850075213537
2025-11-29 06:00:00,28,3.2530416666666664,-2.0091666666666663,2.8239830458170894
2025-11-29 07:00:00,28,2.6476666666666664,-1.8099999999999998,2.386404024482441
2025-11-29 08:00:00,28,2.888575,-1.505,2.6451910276181465
2025-11-29 09:00:00,28,2.7927750000000002,-0.9866666666666668,2.510374045177626
2025-11-29 10:00:00,28,2.7047416666666666,-0.20750000000000002,2.558779262719753
2025-11-29 11:00:00,28,2.7269416666666664,-0.17166666666666663,2.6663388568443667
2025-11-29 12:00:00,28,3.381275,0.21250000000000002,2.7516394395654906
2025-11-29 13:00:00,28,3.2413250000000002,-0.25,2.565601072685359
2025-11-29 14:00:00,28,2.8660249999999996,-0.38833333333333336,2.3884188826358645
2025-11-29 15:00:00,28,2.3270166666666667,-0.7266666666666666,2.4811285476830895
2025-11-29 16:00:00,28,3.9633499999999997,-1.343333333333333,2.9149305718223033
2025-11-29 17:00:00,28,2.9361583333333328,-1.8225000000000005,2.5634862741780156
2025-11-29 18:00:00,28,2.385483333333333,-2.415833333333333,2.9507931254546182
2025-11-29 19:00:00,28,2.8433500000000005,-3.2083333333333335,2.8802938180059554
2025-11-29 20:00:00,28,2.4468083333333333,-3.138333333333333,2.9827189010268134
2025-11-29 21:00:00,28,4.4301,-3.310833333333333,2.9967655209274495
2025-11-29 22:00:00,28,4.54655,-3.801666666666667,3.5814659495379066
2025-11-29 23:00:00,28,4.800283333333333,-4.8275,3.218943957851004
2025-11-30 00:00:00,29,4.009949999999999,-5.348333333333334,3.032395525691674
2025-11-30 01:00:00,29,4.74575,-6.273333333333333,3.39051524955352
2025-11-30 02:00:00,29,3.802183333333333,-7.365833333333334,2.832361384951203
2025-11-30 03:00:00,29,4.848083333333334,-8.181666666666667,3.4984899844261594
2025-11-30 04:00:00,29,4.278975,-8.448333333333332,3.4569235540553294
2025-11-30 05:00:00,29,3.5119083333333325,-7.638333333333333,3.1132600465023335
2025-11-30 06:00:00,29,3.0477999999999996,-7.028333333333333,3.645196873274699
2025-11-30 07:00:00,29,3.883566666666667,-6.2875000000000005,4.224521255634934
2025-11-30 08:00:00,29,3.5072083333333333,-4.584166666666667,3.116976769646419
2025-11-30 09:00:00,29,4.237275,-2.9025,3.150974219565655
2025-11-30 10:00:00,29,5.010475,-3.2225,3.448320002436125
2025-11-30 11:00:00,29,1.8551749999999996,-2.9633333333333334,2.5268807851239927
2025-11-30 12:00:00,29,3.1847250000000003,-2.7724999999999995,3.3535179778260984
2025-11-30 13:00:00,29,3.099458333333333,-2.3333333333333335,2.927363086161338
2025-11-30 14:00:00,29,2.13745,-1.8758333333333335,2.788834368320872
2025-11-30 15:00:00,29,2.989866666666667,-1.615,3.3874094317579213
2025-11-30 16:00:00,29,4.0327666666666655,-1.1391666666666667,3.3771269770265384
2025-11-30 17:00:00,29,2.7189749999999995,-0.2575,2.5717630407060046
2025-11-30 18:00:00,29,2.6515666666666666,0.2558333333333334,2.261232883828603
2025-11-30 19:00:00,29,1.960508333333333,0.28250000000000014,2.080283280276222
2025-11-30 20:00:00,29,3.1332249999999995,0.01916666666666667,2.776986650266604
2025-11-30 21:00:00,29,2.436808333333333,0.06083333333333333,2.5294237835101554
2025-11-30 22:00:00,29,3.3733083333333336,-0.009166666666666662,2.9821744299594144
2025-11-30 23:00:00,29,5.290466666666666,-0.5225,4.059374818591653
2025-12-01 00:00:00,30,4.7886999999999995,-0.7916666666666666,2.94013153356343
2025-12-01 01:00:00,30,4.3153,-0.67,2.724801988462278
2025-12-01 02:00:00,30,4.076099999999999,-0.6208333333333335,2.552223610173706
2025-12-01 03:00:00,30,4.64165,-0.3291666666666667,2.2660125413239935
2025-12-01 04:00:00,30,2.837008333333333,-0.6583333333333333,1.7993147466524717
2025-12-01 05:00:00,30,2.6863833333333336,-0.48166666666666674,2.4377601133449374
2025-12-01 06:00:00,30,3.801008333333333,-0.42583333333333334,2.5128266672697874
2025-12-01 07:00:00,30,2.3594583333333334,-0.12499999999999999,1.8016242687448858
2025-12-01 08:00:00,30,2.225241666666667,0.15250000000000002,1.5460249435357691
2025-12-01 09:00:00,30,2.4372000000000003,0.2358333333333333,1.495859117845654
2025-12-01 10:00:00,30,2.336308333333333,0.01666666666666666,1.5257526013745522
2025-12-01 11:00:00,30,2.2561166666666668,-0.8733333333333332,1.6726330619914682
2025-12-01 12:00:00,30,3.2467583333333336,-1.5041666666666664,2.5576110224649224
2025-12-01 13:00:00,30,3.0438999999999994,-2.5041666666666664,2.8040192686867282
2025-12-01 14:00:00,30,3.076733333333333,-3.4583333333333335,2.6554487374391327
2025-12-01 15:00:00,30,3.4376,-4.7683333333333335,2.841595771423979
2025-12-01 16:00:00,30,1.3084083333333334,-5.930000000000001,1.8694346338460532
2025-12-01 17:00:00,30,1.2761666666666667,-6.589166666666667,2.5125818410990455
2025-12-01 18:00:00,30,5.681783333333333,-7.43,3.8743519911952475
2025-12-01 19:00:00,30,2.8459083333333335,-7.8,2.8112606946641714
2025-12-01 20:00:00,30,4.709608333333334,-8.19,3.7694281621428494
2025-12-01 21:00:00,30,4.946841666666667,-8.6525,3.647900596961378
2025-12-01 22:00:00,30,4.862008333333333,-9.346666666666666,4.369581185294047
2025-12-01 23:00:00,30,5.126741666666668,-10.63,4.090926538059404
2025-12-02 00:00:00,31,5.983583333333333,-11.29,4.334983605470564
2025-12-02 01:00:00,31,4.330691666666667,-11.6725,3.403796976385804
2025-12-02 02:00:00,31,4.2458833333333335,-11.37,4.331542422783679
2025-12-02 03:00:00,31,5.218491666666667,-10.959166666666668,4.630695364984814
2025-12-02 04:00:00,31,5.069783333333333,-10.44,3.9958246128101784
2025-12-02 05:00:00,31,4.918616666666667,-10.139166666666666,4.292745423536804
2025-12-02 06:00:00,31,4.031133333333333,-9.5925,4.345514876623575
2025-12-02 07:00:00,31,5.096133333333333,-8.884166666666667,4.803032938218715
2025-12-02 08:00:00,31,5.555441666666667,-8.375833333333334,4.376019408726767
2025-12-02 09:00:00,31,4.468908333333332,-8.147499999999999,3.959008600785525
2025-12-02 10:00:00,31,4.665525,-7.75,4.229262563526017
2025-12-02 11:00:00,31,5.06245,-7.180833333333333,4.016760181515689
2025-12-02 12:00:00,31,4.936175,-7.115833333333334,3.7302280400231576
2025-12-02 13:00:00,31,3.7529999999999997,-6.935,3.0160699093113066
2025-12-02 14:00:00,31,4.6226,-6.543333333333334,3.6851234303924967
2025-12-02 15:00:00,31,2.769458333333333,-6.512499999999999,4.581793998396606
2025-12-02 16:00:00,31,2.3454083333333333,-6.3758333333333335,2.9850982860905124
2025-12-02 17:00:00,31,2.380125,-6.2925,3.9065698491665217
2025-12-02 18:00:00,31,3.2790833333333333,-6.2175,3.5019736296923423
2025-12-02 19:00:00,31,4.254375,-6.069166666666667,4.052973192372414
2025-12-02 20:00:00,31,4.533125,-5.954166666666667,5.277398757336506
2025-12-02 21:00:00,31,5.853908333333333,-5.89,4.603310238167365
2025-12-02 22:00:00,31,4.7728166666666665,-5.7316666666666665,3.148854525754156
2025-12-05 00:00:00,34,8.262208333333334,-16.939999999999998,6.7808507390710115
2025-12-05 01:00:00,34,5.9571000000000005,-17.096666666666668,6.451894904552368
2025-12-05 02:00:00,34,6.874225000000001,-17.800833333333333,5.931862572859523
2025-12-05 03:00:00,34,7.201149999999998,-17.281666666666666,5.944759631223555
2025-12-05 04:00:00,34,5.529491666666666,-17.388333333333332,5.996623568556983
2025-12-05 05:00:00,34,7.142116666666666,-17.259166666666673,6.197965476792016
2025-12-05 06:00:00,34,6.516883333333333,-17.175833333333333,5.872172653820336
2025-12-05 07:00:00,34,7.708383333333332,-16.7875,6.532652367226369
2025-12-05 08:00:00,34,6.849,-15.334166666666667,6.145769415180658
2025-12-05 09:00:00,34,5.3881499999999996,-13.1625,4.626912895282815
2025-12-05 10:00:00,34,5.490766666666667,-10.799999999999999,4.618867942977059
2025-12-05 11:00:00,34,3.746941666666667,-9.375,3.419834941377829
2025-12-05 12:00:00,34,5.2761249999999995,-8.014166666666666,4.246033862000595
2025-12-05 13:00:00,34,5.0496583333333325,-8.6625,5.565678156143728
2025-12-05 14:00:00,34,5.555774999999999,-8.9725,4.907752421538519
2025-12-05 15:00:00,34,5.187091666666666,-9.8425,4.9308978916226005
2025-12-05 16:00:00,34,6.062833333333333,-11.750833333333333,5.336798355610423
2025-12-05 17:00:00,34,6.117366666666667,-12.862499999999999,5.030892206216155
2025-12-05 18:00:00,34,6.948041666666667,-14.605833333333335,5.85886875673649
2025-12-05 19:00:00,34,3.7458416666666663,-15.009166666666667,5.886045184508106
2025-12-05 20:00:00,34,4.7989999999999995,-14.435,6.0428525433198494
2025-12-05 21:00:00,34,5.999733333333333,-13.870833333333332,7.029139430633783
2025-12-05 22:00:00,34,7.700241666666666,-14.17,6.698554745144128
2025-12-05 23:00:00,34,6.480533333333333,-13.980833333333335,5.270996913993905
2025-12-06 00:00:00,35,4.647358333333333,-13.464166666666669,5.23828822119008
2025-12-06 01:00:00,35,5.137983333333333,-13.049166666666666,5.58301860868059
2025-12-06 02:00:00,35,5.667574999999999,-13.018333333333336,5.640807176606294
2025-12-06 03:00:00,35,5.194333333333333,-13.361666666666665,5.429074654040812
2025-12-06 04:00:00,35,4.990566666666666,-13.4125,5.463241149331013
2025-12-06 05:00:00,35,6.587775,-13.106666666666667,5.436798004224712
2025-12-06 06:00:00,35,4.894041666666666,-13.399999999999999,6.0494887021909705
2025-12-06 07:00:00,35,6.109558333333333,-13.857500000000002,5.836204545054174
2025-12-06 08:00:00,35,4.9687,-12.519166666666665,5.74265659716298
2025-12-06 09:00:00,35,5.174783333333333,-10.431666666666667,5.221663180261926
2025-12-06 10:00:00,35,5.426366666666667,-8.518333333333333,4.730005562533448
2025-12-06 11:00:00,35,2.9702916666666668,-7.434166666666666,3.7150122712265965
2025-12-06 12:00:00,35,1.1098333333333332,-6.235833333333335,4.152191276306539
2025-12-06 13:00:00,35,2.771433333333333,-6.255,2.587980925951623
2025-12-06 14:00:00,35,3.439308333333333,-6.208333333333333,3.455535176428743
2025-12-06 15:00:00,35,4.174424999999999,-6.435833333333334,4.788323162340663
2025-12-06 16:00:00,35,4.715658333333334,-6.61,4.815245754429205
2025-12-06 17:00:00,35,5.09645,-6.565,4.697603107636524
2025-12-06 18:00:00,35,3.29745,-6.505,4.0902925565507555
2025-12-06 19:00:00,35,1.6844249999999998,-6.375,3.101423326034606
2025-12-06 20:00:00,35,4.32695,-6.273333333333333,4.017838107555267
2025-12-06 21:00:00,35,4.099008333333334,-6.239999999999999,5.058819521386445
2025-12-06 22:00:00,35,4.049383333333333,-6.445,4.504518415926512
2025-12-06 23:00:00,35,5.328016666666667,-7.295833333333334,4.595155581074084
2025-12-07 00:00:00,36,4.059325,-7.463333333333334,4.684038913036071
2025-12-07 01:00:00,36,4.816491666666667,-9.4025,5.241508203616755
2025-12-07 02:00:00,36,5.467066666666667,-10.341666666666667,5.149223222891402
2025-12-07 03:00:00,36,4.771750000000001,-9.555833333333334,5.31301476734792
2025-12-07 04:00:00,36,6.852925,-10.986666666666666,5.358910733841318
2025-12-07 05:00:00,36,3.9928166666666667,-11.292499999999999,4.751117351569442
2025-12-07 06:00:00,36,3.69555,-9.522499999999999,4.515054926996064
2025-12-07 07:00:00,36,5.4962583333333335,-9.824166666666667,5.235943510577045
2025-12-07 08:00:00,36,5.397241666666666,-8.727500000000001,4.8615862598370985
2025-12-07 09:00:00,36,4.071375,-6.857500000000001,3.7793438013365557
2025-12-07 10:00:00,36,3.056941666666667,-5.3325,3.4869066073025605
2025-12-07 11:00:00,36,2.2176416666666663,-5.151666666666666,3.567942862005166
2025-12-07 12:00:00,36,3.2256083333333336,-4.658333333333334,3.622124517493346
2025-12-07 13:00:00,36,3.0585083333333336,-4.9525,4.092758590091885
2025-12-07 14:00:00,36,3.903325,-5.305,4.164887854195132
2025-12-07 15:00:00,36,4.806033333333334,-6.121666666666666,4.271113097408312
2025-12-07 16:00:00,36,2.8979583333333334,-6.952500000000001,4.578209142298521
2025-12-07 17:00:00,36,3.131083333333333,-7.434166666666666,3.764462068909815
2025-12-07 18:00:00,36,3.5652916666666665,-7.653333333333333,3.4350286816504574
2025-12-07 19:00:00,36,2.5050583333333334,-7.620833333333334,4.132431955811984
2025-12-07 20:00:00,36,4.728741666666667,-7.529166666666666,4.206041286817286
2025-12-07 21:00:00,36,2.883933333333333,-7.735833333333333,3.471446267162701
2025-12-07 22:00:00,36,2.779275,-8.041666666666666,3.870971234307001
2025-12-07 23:00:00,36,5.4457249999999995,-8.23,4.246196689894107
2025-12-08 00:00:00,37,3.9623250000000008,-8.485833333333334,3.8588766302373663
2025-12-08 01:00:00,37,5.757991666666666,-8.916666666666666,5.111965290592969
2025-12-08 02:00:00,37,6.308375,-9.189166666666667,5.243814192835099
2025-12-08 03:00:00,37,4.373225000000001,-9.339166666666667,4.747235057156783
2025-12-08 04:00:00,37,5.053458333333333,-10.139166666666666,4.493822772924623
2025-12-08 05:00:00,37,5.712216666666666,-11.460833333333333,5.097480635863828
2025-12-08 06:00:00,37,4.25755,-12.591666666666667,4.722226630446063
2025-12-08 07:00:00,37,5.065741666666667,-12.856666666666667,5.241676122968636
2025-12-08 08:00:00,37,4.338675,-12.570833333333333,5.226863812358595
2025-12-08 09:00:00,37,6.395341666666667,-11.737500000000002,5.247618874131474
2025-12-08 10:00:00,37,3.705258333333333,-10.614166666666666,4.847909226006029
2025-12-08 11:00:00,37,4.2474083333333335,-10.341666666666667,4.224106371851712
2025-12-08 12:00:00,37,3.267933333333333,-10.227500000000001,4.520951565494817
2025-12-08 13:00:00,37,6.948883333333332,-11.240833333333333,5.381163665219466
2025-12-08 14:00:00,37,6.559241666666667,-11.643333333333333,6.286129320015968
2025-12-08 15:00:00,37,5.372716666666666,-12.602500000000001,5.498413574523917
2025-12-08 16:00:00,37,4.850508333333333,-13.174999999999999,5.374324545492875
2025-12-08 17:00:00,37,6.891824999999999,-14.166666666666666,5.975278243205307
2025-12-08 18:00:00,37,5.865891666666666,-14.828333333333333,5.816539049947837
2025-12-08 19:00:00,37,6.112933333333334,-14.583333333333336,5.563319070600742
2025-12-08 20:00:00,37,5.760775,-15.105833333333331,6.14560645583367
2025-12-08 21:00:00,37,6.484491666666666,-15.555000000000001,6.253847756583658
2025-12-08 22:00:00,37,4.627908333333333,-16.179999999999996,5.410395512544428
2025-12-08 23:00:00,37,6.8081249999999995,-16.656666666666663,6.371448847106141
2025-12-09 00:00:00,38,6.1919,-16.6575,6.205827080966249
2025-12-09 01:00:00,38,6.917199999999999,-17.151666666666667,6.586201561570182
2025-12-09 02:00:00,38,5.233791666666667,-17.037499999999998,6.270962008135307
2025-12-09 03:00:00,38,6.729041666666666,-17.393333333333334,6.526759894817679
2025-12-09 04:00:00,38,6.5699499999999995,-16.93166666666667,6.17191385981107
2025-12-09 05:00:00,38,6.304366666666668,-16.968333333333334,6.4998931467210435
2025-12-09 06:00:00,38,7.556266666666666,-16.834166666666665,6.804884914819904
2025-12-09 07:00:00,38,5.948524999999999,-16.99083333333333,6.424959392557199
2025-12-09 08:00:00,38,6.245783333333333,-15.161666666666667,5.71142043081756
2025-12-09 09:00:00,38,5.8126999999999995,-13.060833333333335,5.891823028758366
2025-12-09 10:00:00,38,5.144033333333334,-10.749166666666667,5.336723723842781
2025-12-09 11:00:00,38,4.537508333333333,-9.375833333333334,3.4635430004820904
2025-12-09 12:00:00,38,2.6948499999999997,-7.444166666666667,3.42860997385736
2025-12-09 13:00:00,38,4.460183333333333,-8.689166666666667,4.933913904048285
2025-12-09 14:00:00,38,4.7755833333333335,-9.7125,5.054156304288125
2025-12-09 15:00:00,38,4.9431666666666665,-10.885,5.408944550014328
2025-12-09 16:00:00,38,5.854633333333332,-13.149166666666666,5.847050846435596
2025-12-09 17:00:00,38,4.570675,-14.68083333333333,5.71819154410205
2025-12-09 18:00:00,38,0.0,-14.888333333333335,4.965584897620881
2025-12-09 19:00:00,38,1.9772333333333332,-14.648333333333333,3.7758141222985673
2025-12-09 20:00:00,38,5.295325,-15.573333333333332,5.045307778967366
2025-12-09 21:00:00,38,4.628341666666667,-16.115833333333335,5.99638387650991
2025-12-09 22:00:00,38,4.307875,-15.154166666666663,4.421580627985255
2025-12-09 23:00:00,38,5.9130416666666665,-14.444166666666666,6.052931232961989
2025-12-10 00:00:00,39,6.077299999999999,-13.420833333333334,5.628869533043613
2025-12-10 01:00:00,39,4.782916666666667,-12.605833333333335,4.6239186340181595
2025-12-10 02:00:00,39,5.8932166666666665,-12.288333333333334,5.882505108781564
2025-12-10 03:00:00,39,5.2821083333333325,-11.954166666666666,5.652683839555132
2025-12-10 04:00:00,39,4.491683333333334,-11.63,5.644634877960556
2025-12-10 05:00:00,39,6.722375000000001,-11.551666666666668,5.152258568972095
2025-12-10 06:00:00,39,3.852175,-12.541666666666666,4.629947785087605
2025-12-10 07:00:00,39,4.694458333333333,-13.277500000000002,5.104081798787197
2025-12-10 08:00:00,39,6.080349999999999,-11.744166666666665,5.476818037794715
2025-12-10 09:00:00,39,3.5289916666666667,-8.985,4.638023417207158
2025-12-10 10:00:00,39,4.545216666666666,-6.855833333333333,4.347927598268878
2025-12-10 11:00:00,39,4.3983,-5.788333333333334,4.569787636511984
2025-12-10 12:00:00,39,3.2476166666666666,-4.9575000000000005,4.323692170460028
2025-12-10 13:00:00,39,4.307466666666667,-4.990833333333334,4.335453108212097
2025-12-10 14:00:00,39,3.778966666666667,-5.44,4.221904135484331
2025-12-10 15:00:00,39,4.495525000000001,-5.61,4.348651800706071
2025-12-10 16:00:00,39,2.9088499999999997,-5.564166666666666,4.090782541853538
2025-12-10 17:00:00,39,1.3865583333333331,-5.25,2.5868911774995125
2025-12-10 18:00:00,39,3.941858333333333,-5.189166666666666,2.8006086204758835
2025-12-10 19:00:00,39,4.077866666666667,-5.075,4.846594296422294
2025-12-10 20:00:00,39,4.350083333333334,-4.902500000000001,4.895923019612541
2025-12-10 21:00:00,39,4.872583333333333,-4.710000000000001,4.855878718478085
2025-12-10 22:00:00,39,3.26205,-4.552499999999999,3.727973878725478
2025-12-10 23:00:00,39,3.245,-4.459166666666667,3.4443749119977114
2025-12-11 00:00:00,40,4.180591666666667,-4.550833333333333,3.7409731563296753
2025-12-11 01:00:00,40,3.9768666666666674,-4.528333333333333,4.0887067755006745
2025-12-11 02:00:00,40,3.8950416666666667,-4.61,3.6791394780390716
2025-12-11 03:00:00,40,3.080741666666666,-4.564166666666666,4.115473112068908
2025-12-11 04:00:00,40,4.270125,-5.0375000000000005,3.788475842701218
2025-12-11 05:00:00,40,4.301233333333333,-6.175833333333333,4.009658471411636
2025-12-11 06:00:00,40,4.663975,-5.892499999999999,3.67093041447459
2025-12-11 07:00:00,40,3.3904083333333332,-5.444166666666667,3.994851003636726
2025-12-11 08:00:00,40,3.1494,-5.0225,3.3948584419043404
2025-12-11 09:00:00,40,3.2379166666666666,-4.4816666666666665,3.7647508919239705
2025-12-11 10:00:00,40,4.23375,-3.75,4.016179670575706
2025-12-11 11:00:00,40,4.378725,-2.875833333333333,4.4807680559408665
2025-12-11 12:00:00,40,2.877125,-3.0041666666666664,3.628037419662382
2025-12-11 13:00:00,40,2.836091666666667,-3.5174999999999996,3.639951356688597
2025-12-11 14:00:00,40,5.50385,-4.834166666666667,4.021748529076484
2025-12-11 15:00:00,40,4.190508333333334,-6.0275,4.521373507280708
2025-12-11 16:00:00,40,3.479141666666667,-7.899166666666667,3.2593061933244987
2025-12-11 17:00:00,40,3.2371000000000003,-9.055,3.6493931020671564
2025-12-11 18:00:00,40,4.389483333333334,-9.916666666666666,4.704365244859156
2025-12-11 19:00:00,40,4.111908333333333,-10.751666666666667,5.048434887050396
2025-12-11 20:00:00,40,4.6944,-10.765,5.05831052924667
2025-12-11 21:00:00,40,4.44485,-10.782499999999999,5.342204392775044
2025-12-11 22:00:00,40,4.996766666666666,-10.9625,5.105979100258848
2025-12-11 23:00:00,40,4.552858333333333,-11.268333333333333,4.831783682268075
2025-12-12 00:00:00,41,5.305516666666667,-10.7875,5.125871009082108
2025-12-12 01:00:00,41,4.57415,-10.295833333333333,4.5383180516168515
2025-12-12 02:00:00,41,3.7423833333333336,-10.079166666666667,4.589155083133345
2025-12-12 03:00:00,41,4.759358333333333,-10.274166666666668,4.993667625432306
2025-12-12 04:00:00,41,5.126683333333333,-9.739166666666666,4.91060256086994
2025-12-12 05:00:00,41,3.806425,-9.227500000000001,4.22145898373728
2025-12-12 06:00:00,41,4.824166666666667,-9.074166666666667,5.083810388231039
2025-12-12 07:00:00,41,4.506966666666667,-9.029166666666667,4.512560344863529
2025-12-12 08:00:00,41,5.399283333333333,-8.319166666666666,4.592416641555215
2025-12-12 09:00:00,41,5.077,-7.3975,4.726524579261026
2025-12-12 10:00:00,41,4.458283333333333,-7.3475,4.576321170378358
2025-12-12 11:00:00,41,5.150833333333333,-6.943333333333334,4.94566127310218
2025-12-12 12:00:00,41,5.0967,-6.9366666666666665,4.779234370550647
2025-12-12 13:00:00,41,5.240375,-6.476666666666667,4.72560341184211
2025-12-12 14:00:00,41,4.581741666666666,-5.81,4.099185947976441
2025-12-12 15:00:00,41,4.032775,-6.361666666666667,4.685793144415758
2025-12-12 16:00:00,41,5.086708333333333,-6.735833333333333,4.709299357579505
2025-12-12 17:00:00,41,3.1726916666666667,-6.403333333333333,4.44200475001421
2025-12-12 18:00:00,41,3.6099750000000004,-6.199166666666667,2.646445651507282
2025-12-12 19:00:00,41,3.3853416666666662,-6.125,3.1407465474819185
2025-12-12 20:00:00,41,2.5393,-5.9624999999999995,3.2934546224409695
2025-12-12 21:00:00,41,6.103833333333333,-5.969166666666667,4.49690923318011
2025-12-12 22:00:00,41,4.524258333333333,-6.091666666666668,4.759719873145612
2025-12-12 23:00:00,41,4.890866666666667,-6.204999999999999,5.044054786760555
2025-12-13 00:00:00,42,4.643258333333333,-6.740833333333334,4.553845477588394
2025-12-13 01:00:00,42,5.471425,-6.839166666666667,4.37490994920638
2025-12-13 02:00:00,42,4.58695,-7.63,4.475675182747966
2025-12-13 03:00:00,42,4.271125,-8.37,4.397185916738836
2025-12-13 04:00:00,42,5.416991666666666,-9.064166666666667,4.675782158246202
2025-12-13 05:00:00,42,5.693225,-9.3575,4.976169271893472
2025-12-13 06:00:00,42,3.2854249999999996,-10.148333333333333,4.25944942804345
2025-12-13 07:00:00,42,4.459016666666667,-10.911666666666667,4.718188356165246
2025-12-13 08:00:00,42,3.5322333333333336,-9.272499999999999,4.565258673105372
2025-12-13 09:00:00,42,4.286833333333332,-6.398333333333333,4.164828832152348
2025-12-13 10:00:00,42,3.545633333333333,-4.7225,3.916405290090294
2025-12-13 11:00:00,42,2.3878333333333335,-4.153333333333333,3.748948796235043
2025-12-13 12:00:00,42,4.403975,-4.026666666666666,3.836878433055889
2025-12-13 13:00:00,42,3.0809333333333337,-3.6441666666666666,3.854718137958752
2025-12-13 14:00:00,42,3.6935,-3.6475000000000004,4.0131981644795545
2025-12-13 15:00:00,42,3.9102083333333333,-4.579166666666667,4.282177474263612
2025-12-13 16:00:00,42,4.6034999999999995,-7.1066666666666665,4.374559834312496
2025-12-13 17:00:00,42,3.5174666666666665,-8.116666666666667,4.235539575318827
2025-12-13 18:00:00,42,4.107541666666666,-8.11,4.653222849788
2025-12-13 19:00:00,42,4.725433333333333,-9.740833333333333,5.284279058069089
2025-12-13 20:00:00,42,4.124083333333332,-11.213333333333333,4.586378296205586
2025-12-13 21:00:00,42,3.4414166666666666,-12.135833333333336,4.5188754134693845
2025-12-13 22:00:00,42,4.54285,-12.64,5.045150623848356
2025-12-13 23:00:00,42,3.869641666666667,-13.463333333333333,5.152628906508369
2025-12-14 00:00:00,43,4.1637749999999984,-13.25,5.423921597525071
2025-12-14 01:00:00,43,5.157183333333333,-13.347499999999998,5.459724021042296
2025-12-14 02:00:00,43,4.445624999999999,-12.921666666666667,4.99046166950297
2025-12-14 03:00:00,43,3.08995,-12.976666666666667,4.487916704952973
2025-12-14 04:00:00,43,4.301875,-14.286666666666667,5.055821062049795
2025-12-14 05:00:00,43,5.420725,-15.509166666666665,5.802469734125021
2025-12-14 06:00:00,43,4.562783333333334,-15.449166666666665,5.476982012417937
2025-12-14 07:00:00,43,5.349550000000001,-15.1075,5.560052946442838
2025-12-14 08:00:00,43,6.372783333333333,-14.375,6.102756140360526
2025-12-14 09:00:00,43,4.64815,-11.834166666666667,5.525270320868132
2025-12-14 10:00:00,43,4.532941666666666,-7.276666666666666,4.915611777713211
2025-12-14 11:00:00,43,4.371458333333333,-3.540833333333333,3.8896890989180575
2025-12-14 12:00:00,43,3.63805,-2.955,3.703197081478021
2025-12-14 13:00:00,43,3.4857416666666667,-3.2583333333333333,4.485885697215762
2025-12-14 14:00:00,43,2.58035,-3.5641666666666665,3.6885417080689664
2025-12-14 15:00:00,43,4.0399416666666665,-4.76,4.2381212252909455
2025-12-14 16:00:00,43,4.6302666666666665,-6.8425,3.778859873994337
2025-12-14 17:00:00,43,5.568641666666666,-8.6075,5.541696412316029
2025-12-14 18:00:00,43,4.986141666666666,-9.795,4.973118258473903
2025-12-14 19:00:00,43,4.590775,-10.314166666666667,4.846316216975881
2025-12-14 20:00:00,43,6.3382000000000005,-9.99,5.5300697265457135
2025-12-14 21:00:00,43,5.500291666666667,-10.098333333333334,5.057539158619539
2025-12-14 22:00:00,43,5.6925,-10.656666666666666,5.498680293487636
2025-12-14 23:00:00,43,5.547741666666666,-10.689166666666665,5.152039696555591
2025-12-15 00:00:00,44,4.854958333333332,-10.699166666666668,5.382829239672799
2025-12-15 01:00:00,44,6.073708333333333,-10.990833333333333,5.225193212156775
2025-12-15 02:00:00,44,4.5168333333333335,-11.963333333333333,5.1299282176498995
2025-12-15 03:00:00,44,5.904491666666666,-12.333333333333334,5.337451411161686
2025-12-15 04:00:00,44,6.196066666666667,-11.795833333333334,5.335450137364865
2025-12-15 05:00:00,44,4.290191666666667,-12.119166666666667,4.9855441832945475
2025-12-15 06:00:00,44,5.515625,-12.708333333333334,5.25180112136169
2025-12-15 07:00:00,44,5.866616666666666,-13.213333333333333,5.438646414811244
2025-12-15 08:00:00,44,6.436966666666666,-11.846666666666666,5.4989974398033405
2025-12-15 09:00:00,44,6.5259833333333335,-10.018333333333333,5.521547975399219
2025-12-15 10:00:00,44,5.638066666666667,-7.644166666666667,4.6364141310505325
2025-12-15 11:00:00,44,3.9095416666666667,-6.754166666666666,4.004650981884179
2025-12-15 12:00:00,44,5.024208333333333,-6.359166666666667,3.8945933225561955
2025-12-15 13:00:00,44,5.452949999999999,-7.435833333333334,4.801753872920613
2025-12-15 14:00:00,44,5.081908333333333,-7.8808333333333325,4.97045158972434
2025-12-15 15:00:00,44,6.570558333333334,-9.014166666666666,5.373560573586256
2025-12-15 16:00:00,44,5.497283333333334,-9.57,5.504739652045801
2025-12-15 17:00:00,44,7.1440166666666665,-9.906666666666666,6.002049459299652
2025-12-15 18:00:00,44,6.583666666666667,-10.661666666666667,5.697839960485174
2025-12-15 19:00:00,44,4.070508333333334,-10.545833333333333,4.897606840253511
2025-12-15 20:00:00,44,4.055166666666667,-10.499166666666666,3.129910770470409
2025-12-15 21:00:00,44,4.568108333333333,-10.439166666666667,4.403646637468745
2025-12-15 22:00:00,44,5.313899999999999,-10.5125,5.353055183769415
2025-12-15 23:00:00,44,5.9345583333333325,-11.079166666666667,5.5108516154354135
2025-12-16 00:00:00,45,4.652733333333334,-12.199166666666668,5.320048727860151
2025-12-16 01:00:00,45,4.445491666666666,-11.971666666666666,5.6969482635574415
2025-12-16 02:00:00,45,6.320058333333333,-13.737499999999999,5.865711776308335
2025-12-16 03:00:00,45,6.681291666666667,-15.115833333333333,5.674473164286235
2025-12-16 04:00:00,45,4.8497916666666665,-16.183333333333334,5.169345221680427
2025-12-16 05:00:00,45,5.607924999999999,-16.62916666666667,5.889533882590387
2025-12-16 06:00:00,45,6.90275,-12.865833333333335,6.082256168691362
2025-12-16 07:00:00,45,4.775883333333333,-12.699166666666665,5.622921033143885
2025-12-16 08:00:00,45,4.963533333333334,-11.235833333333334,4.863696024342776
2025-12-16 09:00:00,45,5.371758333333332,-9.786666666666667,4.693560478950664
2025-12-16 10:00:00,45,3.4931666666666668,-4.956666666666666,4.2323116784551065
2025-12-16 11:00:00,45,3.2124166666666665,-2.750833333333333,3.4833369061005297
2025-12-16 12:00:00,45,3.3206833333333337,-1.665,3.359899661322462
2025-12-16 13:00:00,45,3.8495749999999993,-2.1158333333333332,3.9743081584947033
2025-12-16 14:00:00,45,3.398325,-2.3049999999999997,4.0393160046051175
2025-12-16 15:00:00,45,4.930991666666667,-2.440833333333333,4.167940611507033
2025-12-16 16:00:00,45,4.867908333333333,-2.9075,3.818797494291938
2025-12-16 17:00:00,45,3.6040083333333333,-4.9125000000000005,3.8829544247600403
2025-12-16 18:00:00,45,3.5484750000000003,-7.225833333333334,3.362435087630126
2025-12-16 19:00:00,45,4.736383333333333,-8.505,4.932150893335617
2025-12-16 20:00:00,45,4.529258333333333,-8.259166666666667,4.49887758020944
2025-12-16 21:00:00,45,3.5178499999999997,-7.875,4.022870903968669
2025-12-16 22:00:00,45,3.3512249999999995,-7.205000000000001,3.8562246571761087
2025-12-16 23:00:00,45,6.362733333333332,-4.46,4.9613372239999745
2025-12-17 00:00:00,46,4.578316666666666,-4.351666666666667,4.78660926083022
2025-12-17 01:00:00,46,4.5157,-4.411666666666666,4.54663265861943
2025-12-17 02:00:00,46,4.975733333333333,-4.656666666666666,4.456490003474293
2025-12-17 03:00:00,46,3.9064749999999995,-4.848333333333334,3.93620521140498
2025-12-17 04:00:00,46,5.218841666666666,-4.931666666666666,4.1655376713252235
2025-12-17 05:00:00,46,4.864258333333334,-3.8699999999999997,3.512023437966135
2025-12-17 06:00:00,46,3.0019333333333336,-3.6058333333333334,3.394724517043732
2025-12-17 07:00:00,46,4.131308333333333,-3.3524999999999996,3.68276021054158
2025-12-17 08:00:00,46,4.0527750000000005,-2.635,3.3724436552744614
2025-12-18 13:55:00,47,2.352125,2.533333333333333,2.3136147753438383
2025-12-18 14:55:00,47,2.532475,0.44083333333333324,2.624624069848347
2025-12-18 15:55:00,47,2.6248666666666667,-2.7875,2.988620309119577
2025-12-18 16:55:00,47,3.224191666666666,-2.5933333333333333,3.4615378311986076
2025-12-18 17:55:00,47,2.331975,0.9083333333333332,2.86176138323373
2025-12-18 18:55:00,47,1.4520666666666668,1.7958333333333334,2.6368718795988535
2025-12-18 19:55:00,47,2.908091666666667,2.5649999999999995,2.4130138655204414
2025-12-18 20:55:00,47,2.454683333333333,2.8049999999999997,2.1452944032272363
2025-12-18 21:55:00,47,4.097166666666666,3.060833333333333,2.725991228857091
2025-12-18 22:55:00,47,2.963933333333333,3.0558333333333336,3.3654316350182816
2025-12-18 23:55:00,47,2.651683333333333,2.81,3.279523508790935
2025-12-19 00:55:00,48,4.518891666666667,2.5566666666666666,3.285512001069708
2025-12-19 01:55:00,48,3.397641666666667,3.0275,2.663940515388647
2025-12-19 02:55:00,48,3.083566666666667,2.9491666666666667,2.8771223226079874
2025-12-19 03:55:00,48,3.029108333333333,2.0691666666666664,2.7421735170025885
2025-12-19 04:55:00,48,3.2196249999999997,2.268333333333333,2.393239939611526
2025-12-19 05:55:00,48,2.0116833333333335,4.0675,2.476624891056595
2025-12-19 06:55:00,48,3.0648583333333335,4.653333333333333,2.7836015302896655
2025-12-19 07:55:00,48,2.1734416666666667,5.574166666666667,1.878963457127298
2025-12-19 08:55:00,48,2.1248416666666663,7.5183333333333335,2.042494381544361
2025-12-19 09:55:00,48,3.0218333333333334,8.8925,2.248083280172795
2025-12-19 10:55:00,48,2.159625,9.736666666666666,2.200822226381079
2025-12-19 11:55:00,48,1.936,9.929166666666665,1.7178966205036086
2025-12-19 12:55:00,48,2.171358333333333,10.560833333333333,1.472471530492225
2025-12-19 13:55:00,48,1.652825,11.296666666666667,1.89395833814617
2025-12-20 18:05:00,49,2.6451499999999997,-4.149166666666667,2.3879262716170278
2025-12-20 19:05:00,49,1.795425,-4.055,2.646007013886079
2025-12-20 20:05:00,49,2.6847,-3.8983333333333334,2.84225775278654
2025-12-20 21:05:00,49,6.560466666666667,-3.2866666666666666,3.787271280447116
2025-12-20 22:05:00,49,4.416458333333333,-2.4175000000000004,5.200927557161211
2025-12-20 23:05:00,49,3.862325,-2.2500000000000004,3.809080678703275
2025-12-21 00:05:00,50,4.520766666666666,-2.1999999999999997,4.582315023377157
2025-12-21 01:05:00,50,4.469691666666667,-2.225833333333333,4.176283032069638
2025-12-21 02:05:00,50,3.2110749999999992,-2.185833333333333,3.809070159581016
2025-12-21 03:05:00,50,4.24745,-2.6833333333333336,3.936051771971386
2025-12-21 04:05:00,50,4.134058333333333,-2.588333333333333,3.4379860853518767
2025-12-21 05:05:00,50,2.725825,-2.203333333333333,3.5327899882853995
2025-12-21 06:05:00,50,3.645266666666667,-1.685833333333333,3.688726668153868
2025-12-21 07:05:00,50,3.5681249999999998,-2.0599999999999996,3.297308177509549
2025-12-21 08:05:00,50,2.7329166666666667,-1.4641666666666666,3.517849128096743
2025-12-21 09:05:00,50,2.534116666666667,0.24,2.9623989967772184
2025-12-21 10:05:00,50,2.357725,1.2783333333333333,3.06829154966765
2025-12-21 11:05:00,50,2.2941166666666666,1.7550000000000006,2.237552721442488
2025-12-21 12:05:00,50,1.5015499999999997,0.7225,2.9353274472676962
2025-12-21 13:05:00,50,0.0,0.21833333333333338,2.654898169486068
2025-12-21 14:05:00,50,0.0,-0.36166666666666675,2.1928662525341784
2025-12-21 15:05:00,50,0.0,-1.1941666666666666,2.292692265977138
2025-12-21 16:05:00,50,0.0,-2.1525000000000003,2.3762092488952473
2025-12-21 17:05:00,50,0.0,-2.750833333333334,2.4455483128292133
2025-12-21 18:05:00,50,0.0,-3.356666666666667,2.5297314800705752
2025-12-21 19:05:00,50,0.0,-3.8516666666666666,2.6038986811066094
2025-12-21 20:05:00,50,0.0,-4.365000000000001,2.6786428026321456
2025-12-21 21:05:00,50,0.0,-5.110833333333333,2.7613747666858144
2025-12-21 22:05:00,50,0.0,-6.1933333333333325,2.855806992919266
2025-12-21 23:05:00,50,0.0,-7.490833333333334,2.9601420796031497
2025-12-22 00:05:00,51,0.0,-8.495833333333334,1.9612048388019026
2025-12-22 01:05:00,51,0.0,-9.064166666666667,2.0637895374781454
2025-12-22 02:05:00,51,0.0,-9.215833333333334,2.175828198664142
2025-12-22 03:05:00,51,0.0,-9.278333333333334,2.281572411276163
2025-12-22 04:05:00,51,0.0,-9.522499999999999,2.3688377169846735
2025-12-22 05:05:00,51,0.0,-10.0375,2.4325304339716736
2025-12-22 06:05:00,51,0.0,-10.634166666666667,2.477164980281262
2025-12-22 07:05:00,51,0.0,-11.351666666666667,2.4539493859265304
2025-12-22 08:05:00,51,0.0,-10.5825,2.363289118188526
2025-12-22 09:05:00,51,0.0,-9.977500000000001,2.29295032694983
2025-12-22 10:05:00,51,0.0,-8.4625,1.8991572827194547
2025-12-22 11:05:00,51,0.0,-8.106666666666667,1.7728401185423168
2025-12-22 12:05:00,51,3.0351583333333334,-7.940833333333334,1.823222550114544
2025-12-22 13:05:00,51,6.049266666666665,-8.403333333333334,9.429570802232107
2025-12-22 14:05:00,51,6.2186916666666665,-8.619166666666667,9.514948335823872
2025-12-22 15:05:00,51,6.175891666666668,-9.5325,8.890191011873164
2025-12-22 16:05:00,51,5.413275,-10.518333333333333,6.6387733227054655
2025-12-22 17:05:00,51,4.247058333333333,-10.785833333333334,6.225593896428581
2025-12-22 18:05:00,51,4.1983999999999995,-10.758333333333333,6.484511631018051
2025-12-22 19:05:00,51,6.3072833333333325,-10.645000000000001,7.659749123394535
2025-12-22 20:05:00,51,6.038683333333333,-10.852500000000001,11.378367563430501
2025-12-22 21:05:00,51,8.887575,-10.319166666666666,9.723679488296149
2025-12-22 22:05:00,51,6.1751,-9.990833333333333,8.869197011784381
2025-12-22 23:05:00,51,7.189866666666666,-10.055,7.064142347485609
2025-12-23 00:05:00,52,7.497191666666667,-10.755,6.378805384175628
2025-12-23 01:05:00,52,6.394291666666665,-12.729166666666666,6.199813988823987
2025-12-23 02:05:00,52,6.915333333333333,-13.545833333333329,5.222523408085456
2025-12-23 03:05:00,52,5.616591666666667,-14.690000000000003,5.359977318510153
2025-12-23 04:05:00,52,5.3237,-15.560000000000002,5.461563066054072
2025-12-23 05:05:00,52,5.557908333333333,-15.921666666666669,5.265571804093973
2025-12-23 06:05:00,52,4.112075,-16.3,4.943524206716564
2025-12-23 07:05:00,52,3.405783333333333,-15.600833333333334,3.5133891058061253
2025-12-23 08:05:00,52,5.532825000000001,-13.259166666666667,3.681103247835984
2025-12-23 09:05:00,52,5.675883333333332,-10.772499999999999,4.742069647313633
2025-12-23 10:05:00,52,4.140541666666667,-9.041666666666666,4.834688638921419
2025-12-23 11:05:00,52,4.674099999999999,-8.115,4.125521174630171
2025-12-23 12:05:00,52,3.8981749999999997,-7.615833333333334,4.194971352900007
2025-12-23 13:05:00,52,3.8697749999999993,-7.555833333333333,3.749032065750347
2025-12-23 14:05:00,52,3.5295416666666664,-7.028333333333333,4.4458341465782585
2025-12-23 15:05:00,52,5.322175,-7.291666666666667,4.2874271117186975
2025-12-23 16:05:00,52,4.170108333333333,-7.480833333333333,5.164070253921525
2025-12-23 17:05:00,52,3.057008333333333,-7.485833333333333,3.0699576613396555
2025-12-23 18:05:00,52,2.217925,-7.648333333333333,2.578105209079575
2025-12-23 19:05:00,52,5.218358333333334,-8.036666666666667,3.407656439926266
2025-12-23 20:05:00,52,3.3437833333333336,-8.213333333333333,4.114300575207662
2025-12-23 21:05:00,52,4.626608333333333,-8.338333333333333,4.183473541320994
2025-12-23 22:05:00,52,4.918824999999999,-8.991666666666667,5.191068855686753
2025-12-23 23:05:00,52,4.364533333333333,-9.653333333333334,4.796632299512802
2025-12-24 00:05:00,53,6.7738749999999985,-9.926666666666668,5.128288272855536
2025-12-24 01:05:00,53,4.484341666666666,-10.36,5.239065180845421
2025-12-24 02:05:00,53,4.189391666666667,-10.775,4.661570470877741
2025-12-24 03:05:00,53,5.436633333333334,-10.921666666666667,4.796703687221129
2025-12-24 04:05:00,53,5.116241666666666,-11.184166666666668,5.177637268398011
2025-12-24 05:05:00,53,5.023941666666666,-11.265,5.060563754400303
2025-12-24 06:05:00,53,5.008541666666667,-11.28,4.873666474093799
2025-12-24 07:05:00,53,4.303308333333333,-11.292499999999999,4.993221210853042
2025-12-24 08:05:00,53,6.199525,-11.056666666666667,5.007754215247832
2025-12-24 09:05:00,53,4.7036999999999995,-10.486666666666666,5.481103495288275
2025-12-24 10:05:00,53,3.7113666666666667,-9.9725,4.250506638442548
2025-12-24 11:05:00,53,4.447608333333333,-9.051666666666668,4.050680013801562
2025-12-24 12:05:00,53,3.6822916666666665,-8.138333333333334,4.025438390312692
2025-12-24 13:05:00,53,4.402941666666667,-7.5874999999999995,4.514418675689362
2025-12-24 14:05:00,53,5.685708333333333,-7.705000000000001,4.704986350516247
2025-12-24 15:05:00,53,3.5891166666666665,-8.476666666666667,4.440665778106242
2025-12-24 16:05:00,53,5.2856749999999995,-10.111666666666666,3.9735025818627125
2025-12-24 17:05:00,53,4.945366666666666,-11.703333333333333,4.6534407808374825
2025-12-24 18:05:00,53,4.735483333333333,-13.023333333333332,4.594250815951609
2025-12-24 19:05:00,53,3.3337916666666665,-14.592500000000001,4.173399001260452
2025-12-24 20:05:00,53,2.7336083333333336,-15.897499999999999,3.7894707466439472
2025-12-24 21:05:00,53,3.680233333333333,-15.850833333333332,4.228959684570141
2025-12-24 22:05:00,53,5.541108333333334,-14.84666666666667,4.804489454254855
2025-12-24 23:05:00,53,5.7283583333333326,-14.041666666666666,5.846463325044914
2025-12-25 00:05:00,54,6.1478,-13.286666666666667,6.351845723045694
2025-12-25 01:05:00,54,6.318125,-12.541666666666666,6.188281306821854
2025-12-25 02:05:00,54,3.6821166666666674,-10.976666666666667,5.912467447762006
2025-12-25 03:05:00,54,6.4045749999999995,-9.5375,5.063088520235912
2025-12-25 04:05:00,54,5.418691666666667,-9.289166666666667,5.9422081860094185
2025-12-25 05:05:00,54,4.685275,-9.275,5.270601931192708
2025-12-25 06:05:00,54,3.755183333333333,-9.225,4.850043635088193
2025-12-25 07:05:00,54,6.2103166666666665,-9.324166666666667,4.719081900353894
2025-12-25 08:05:00,54,4.552791666666667,-9.290833333333333,5.409835549946513
2025-12-25 09:05:00,54,3.859683333333333,-8.805,4.11801745309158
2025-12-25 10:05:00,54,4.826025,-7.9816666666666665,4.276326531867191
2025-12-25 11:05:00,54,3.0931083333333333,-6.403333333333333,4.314018285361172
2025-12-25 12:05:00,54,3.5921833333333337,-6.283333333333334,4.253294904350511
2025-12-25 13:05:00,54,5.205266666666667,-5.574166666666667,4.488905442879275
2025-12-25 14:05:00,54,3.916366666666667,-5.3625,4.878795510549673
2025-12-25 15:05:00,54,3.9982749999999987,-6.389166666666667,4.241803652218716
2025-12-25 16:05:00,54,4.813783333333333,-7.730833333333333,4.475086750646051
2025-12-25 17:05:00,54,5.472475000000001,-8.634166666666667,4.8231462000923795
2025-12-25 18:05:00,54,4.7722500000000005,-9.319166666666666,4.6145398712264845
2025-12-25 19:05:00,54,4.773883333333334,-10.4625,4.300260528352299
2025-12-25 20:05:00,54,4.672733333333333,-11.9125,5.013863086830252
2025-12-25 21:05:00,54,6.154766666666666,-12.884166666666665,5.286305767890714
2025-12-25 22:05:00,54,6.258266666666667,-14.065000000000003,5.752264563065163
2025-12-25 23:05:00,54,4.326841666666666,-14.794166666666667,5.75300458300924
2025-12-26 00:05:00,55,5.96805,-14.698333333333332,5.313534315854553
2025-12-26 01:05:00,55,6.3675999999999995,-14.768333333333336,6.394112694295447
2025-12-26 02:05:00,55,4.116633333333334,-15.24083333333333,5.842720859410928
2025-12-26 03:05:00,55,6.306125,-15.940000000000003,5.388317101579523
2025-12-26 04:05:00,55,5.981283333333334,-16.473333333333333,6.2462152729469205
2025-12-26 05:05:00,55,5.494941666666667,-16.5975,4.678268994462341
2025-12-26 06:05:00,55,4.211075,-17.689166666666665,4.784430711251221
2025-12-26 07:05:00,55,6.053333333333333,-18.39833333333333,4.985896645289602
2025-12-26 08:05:00,55,5.088374999999999,-16.435,6.152733627051617
2025-12-26 09:05:00,55,5.860066666666666,-14.254166666666663,5.143200143537285
2025-12-26 10:05:00,55,3.769883333333333,-13.175833333333335,4.795023894225181
2025-12-26 11:05:00,55,4.055133333333333,-12.667499999999999,3.7191527394932233
2025-12-26 12:05:00,55,3.9632166666666664,-10.94,4.156469298887075
2025-12-26 13:05:00,55,3.8458750000000004,-11.780833333333334,5.045372900511708
2025-12-26 14:05:00,55,6.112933333333334,-12.35666666666667,5.3827883136720756
2025-12-26 15:05:00,55,5.146366666666666,-13.29166666666667,5.294979355489704
2025-12-26 16:05:00,55,5.084208333333334,-15.403333333333336,4.6436728442283925
2025-12-26 17:05:00,55,4.550191666666666,-17.609166666666663,5.295261621089444
2025-12-26 18:05:00,55,6.1157916666666665,-19.09916666666667,5.298722922818545
2025-12-26 19:05:00,55,5.4631,-20.505,5.563342766770306
2025-12-26 20:05:00,55,4.729141666666667,-20.88083333333333,5.844832414878549
2025-12-26 21:05:00,55,5.687408333333334,-18.726666666666667,5.6350452646028355
2025-12-26 22:05:00,55,7.832741666666668,-18.81333333333333,6.643432637851147
2025-12-26 23:05:00,55,8.041075000000001,-19.489166666666666,7.702614972283701
2025-12-27 00:05:00,56,5.733275,-19.685833333333335,6.898627429408368
2025-12-27 01:05:00,56,4.994716666666666,-19.860833333333332,6.81296732253662
2025-12-27 02:05:00,56,7.196516666666666,-19.86916666666667,7.191475094563572
2025-12-27 03:05:00,56,7.982091666666668,-20.406666666666666,7.7953362014029715
2025-12-27 04:05:00,56,6.102508333333334,-20.6575,7.308981322935754
2025-12-27 05:05:00,56,5.3488083333333325,-20.453333333333333,6.977631983233952
2025-12-27 06:05:00,56,7.466358333333333,-19.375,7.6576940836134995
2025-12-27 07:05:00,56,7.311083333333333,-18.296666666666663,8.01465681369759
2025-12-27 08:05:00,56,4.586708333333332,-16.281666666666663,7.4108033347910025
2025-12-27 09:05:00,56,7.015675,-14.049999999999999,6.390631150895386
2025-12-27 10:05:00,56,7.3442583333333324,-12.060833333333335,6.41842011985717
2025-12-27 11:05:00,56,5.471016666666666,-11.126666666666667,5.6630750124788545
2025-12-27 12:05:00,56,4.575541666666666,-9.721666666666666,4.991161748337736
2025-12-27 13:05:00,56,5.810308333333334,-9.88,5.046210993701203
2025-12-27 14:05:00,56,4.251766666666667,-10.134166666666667,5.211110443095737
2025-12-27 15:05:00,56,4.672116666666666,-10.685,4.189590429487272
2025-12-27 16:05:00,56,4.128933333333333,-12.999166666666667,5.345858710156694
2025-12-27 17:05:00,56,4.264941666666666,-14.619999999999997,4.7990478891352595
2025-12-27 18:05:00,56,3.5187416666666667,-15.161666666666667,3.212751307762745
2025-12-27 19:05:00,56,4.231158333333333,-16.776666666666667,4.2601033397570225
2025-12-27 20:05:00,56,2.9401,-17.695000000000004,4.186225948656626
2025-12-27 21:05:00,56,2.8666000000000005,-18.389999999999997,3.99931050845015
2025-12-27 22:05:00,56,5.278233333333333,-17.388333333333335,4.944156992545742
2025-12-27 23:05:00,56,5.856741666666667,-15.410833333333334,6.279333478543309
2025-12-28 00:05:00,57,4.658641666666665,-14.5875,5.301825081462635
2025-12-28 01:05:00,57,5.776050000000001,-14.082499999999998,5.609144076940596
2025-12-28 02:05:00,57,6.760075,-14.537500000000001,5.997830487854358
2025-12-28 03:05:00,57,4.5675,-14.139166666666666,6.369145048778365
2025-12-28 04:05:00,57,5.461716666666667,-13.723333333333334,5.453493322596078
2025-12-28 05:05:00,57,6.268166666666667,-13.360833333333334,5.855189076902292
2025-12-28 06:05:00,57,4.3636333333333335,-13.7825,5.628347897990548
2025-12-28 07:05:00,57,4.491175,-13.717499999999996,5.018930642298884
2025-12-28 08:05:00,57,5.838233333333333,-11.46,5.72076029087042
2025-12-28 09:05:00,57,4.991708333333333,-9.227500000000001,4.766538898874903
2025-12-28 10:05:00,57,2.93595,-6.7366666666666655,4.42552094537209
2025-12-28 11:05:00,57,1.5305166666666667,-5.25,2.013635744419954
2025-12-28 12:05:00,57,2.407725,-4.0125,1.828235435216376
2025-12-28 13:05:00,57,2.1751750000000003,-4.406666666666667,3.073308386845165
2025-12-28 14:05:00,57,4.341141666666666,-4.703333333333333,3.602359285566445
2025-12-28 15:05:00,57,4.282791666666667,-5.5200000000000005,3.955822612946365
2025-12-28 16:05:00,57,4.624633333333333,-6.625,4.409078635673913
2025-12-28 17:05:00,57,4.429233333333334,-7.523333333333333,5.2464465614313776
2025-12-28 18:05:00,57,3.995508333333333,-7.755,3.677694805983842
2025-12-28 19:05:00,57,4.496941666666666,-9.0275,3.6250848125232613
2025-12-28 20:05:00,57,4.826675,-8.800833333333333,4.999943785206101
2025-12-28 21:05:00,57,4.978791666666666,-9.339166666666667,4.744245147088636
2025-12-28 22:05:00,57,4.359066666666667,-10.707500000000001,5.074104842243779
2025-12-28 23:05:00,57,5.989833333333333,-11.120833333333332,4.607694855246045
2025-12-29 00:05:00,58,4.546025,-11.185833333333335,5.089243180076114
2025-12-29 01:05:00,58,3.352208333333334,-11.027500000000002,4.5329554033213455
2025-12-29 02:05:00,58,4.968675,-10.471666666666666,4.546738875097593
2025-12-29 03:05:00,58,5.594683333333334,-9.768333333333333,5.3011235938731325
2025-12-29 04:05:00,58,4.275341666666666,-9.0375,4.989304709050189
2025-12-29 05:05:00,58,3.6051416666666665,-8.39,4.306654081508567
2025-12-29 06:05:00,58,5.074875,-8.005833333333333,4.626372591456301
2025-12-29 07:05:00,58,5.129016666666666,-7.2924999999999995,5.086416765537337
2025-12-29 08:05:00,58,3.4258416666666665,-6.545833333333333,4.8105423682885595
2025-12-29 09:05:00,58,5.550541666666667,-5.754166666666666,4.3519877787670955
2025-12-29 10:05:00,58,4.348275,-4.6066666666666665,5.156040883569384
2025-12-29 11:05:00,58,4.083383333333332,-2.6850000000000005,4.542464493724441
2025-12-29 12:05:00,58,4.261991666666667,-1.0225,4.503088852795095
2025-12-29 13:05:00,58,3.029575,0.48166666666666674,4.464974724489046
2025-12-29 14:05:00,58,4.1347,0.6666666666666666,3.841468810993431
2025-12-29 15:05:00,58,4.365691666666667,0.7083333333333334,4.268922574080199
2025-12-29 16:05:00,58,3.6402166666666664,0.8191666666666665,3.698611812139943
2025-12-29 17:05:00,58,2.488108333333333,0.5558333333333333,3.2809614709735913
2025-12-29 18:05:00,58,3.062441666666666,0.12083333333333333,2.702038847702305
2025-12-29 19:05:00,58,1.874658333333333,0.009166666666666667,2.3925984844434574
2025-12-29 20:05:00,58,1.9069500000000001,0.027499999999999997,1.9006481844101093
2025-12-29 21:05:00,58,1.8820500000000002,-0.004999999999999998,1.9696454103861076
2025-12-29 22:05:00,58,3.1876999999999995,-0.0375,2.478051209461915
2025-12-29 23:05:00,58,4.070825,0.056666666666666664,3.4815537976420927
2025-12-30 00:05:00,59,3.7044916666666667,-0.5516666666666666,3.7061606223978965
2025-12-30 01:05:00,59,2.7707083333333333,-1.7400000000000002,3.2940599197139786
2025-12-30 02:05:00,59,3.3757249999999996,-2.3183333333333334,2.957118122268562
2025-12-30 03:05:00,59,4.385533333333333,-2.5133333333333336,3.5189622526011792
2025-12-30 04:05:00,59,3.257441666666667,-2.9858333333333333,3.850720204624973
2025-12-30 05:05:00,59,3.778958333333333,-4.4816666666666665,3.3697919550536115
2025-12-30 06:05:00,59,3.830025000000001,-6.216666666666666,3.311861651976638
2025-12-30 07:05:00,59,3.917883333333333,-7.814166666666666,3.8522534906060955
2025-12-30 08:05:00,59,4.518283333333333,-8.485833333333334,3.99425812673972
2025-12-30 09:05:00,59,4.781783333333333,-8.163333333333334,3.9809572509817994
2025-12-30 10:05:00,59,4.129791666666667,-8.397499999999999,3.793288007259262
2025-12-30 11:05:00,59,3.719533333333333,-9.2375,4.254431694874759
2025-12-30 12:05:00,59,5.064075,-9.714166666666667,4.57430124674356
2025-12-30 13:05:00,59,5.230408333333333,-10.449166666666667,5.1428424738490435
2025-12-30 14:05:00,59,5.257524999999999,-11.166666666666666,5.047633443950121
2025-12-30 15:05:00,59,4.5604499999999994,-12.027499999999998,4.728366918385169
2025-12-30 16:05:00,59,4.620575,-12.689999999999998,5.33268071984604
2025-12-30 17:05:00,59,3.673341666666667,-13.060833333333335,5.12648449162261
2025-12-30 18:05:00,59,4.001933333333334,-13.292500000000004,4.20184764751682
2025-12-30 19:05:00,59,3.2157250000000004,-13.535833333333334,4.15449065406838
2025-12-30 20:05:00,59,4.859075,-13.791666666666666,4.506133140900083
2025-12-30 21:05:00,59,5.612308333333333,-14.166666666666666,5.843011239372482
2025-12-30 22:05:00,59,6.310691666666667,-14.880833333333333,6.414710155701901
2025-12-30 23:05:00,59,5.881808333333333,-15.148333333333333,7.123527384457636
2025-12-31 00:05:00,60,7.817500000000001,-15.235,6.949076492990893
2025-12-31 01:05:00,60,6.383366666666666,-15.718333333333334,6.9966641747271545
2025-12-31 02:05:00,60,5.259875,-16.263333333333335,6.41501711896793
2025-12-31 03:05:00,60,6.205558333333334,-16.38,5.897258647621905
2025-12-31 04:05:00,60,6.754416666666665,-16.156666666666666,6.940680888219022
2025-12-31 05:05:00,60,5.658675000000001,-16.703333333333333,6.6618245627183015
2025-12-31 06:05:00,60,5.447033333333333,-18.310000000000002,6.12979790363448
2025-12-31 07:05:00,60,6.344674999999999,-17.889166666666668,6.606675305769332
2025-12-31 08:05:00,60,6.302091666666666,-15.384166666666665,7.193291421493806
2025-12-31 09:05:00,60,5.318725,-13.149166666666664,6.984762689881181
2025-12-31 10:05:00,60,6.407983333333333,-11.295833333333334,4.275991118952638
2025-12-31 11:05:00,60,3.2850750000000004,-10.139166666666666,2.4356311460994506
2025-12-31 12:05:00,60,6.795066666666665,-8.0175,4.354570824005925
2025-12-31 13:05:00,60,7.399874999999999,-7.759166666666666,6.030836964863541
2025-12-31 14:05:00,60,6.599724999999999,-7.5225,6.3203785787251725
2025-12-31 15:05:00,60,6.12915,-8.174999999999999,5.212474531997018
2025-12-31 16:05:00,60,5.9303333333333335,-10.713333333333333,5.048626429813357
2025-12-31 17:05:00,60,4.482516666666665,-12.385833333333332,4.969805619393826
2025-12-31 18:05:00,60,6.010508333333332,-13.741666666666667,4.711048006855333
2025-12-31 19:05:00,60,5.791574999999999,-14.851666666666668,5.5646524028330075
2025-12-31 20:05:00,60,5.188591666666667,-15.329166666666667,5.383298888841591
2025-12-31 21:05:00,60,7.232449999999999,-15.978333333333333,5.545210677370534
2025-12-31 22:05:00,60,3.570658333333333,-16.33666666666667,4.796749615833904
2025-12-31 23:05:00,60,6.434891666666666,-16.486666666666668,4.36689370930118
2026-01-01 00:05:00,61,4.145766666666667,-16.63,5.599521623420587
2026-01-01 01:05:00,61,7.002624999999998,-15.81583333333333,5.292990968882191
2026-01-01 02:05:00,61,6.4745,-14.72166666666667,6.0392650339138365
2026-01-01 03:05:00,61,3.9173999999999993,-13.731666666666667,5.2806830276767815
2026-01-01 04:05:00,61,5.653141666666667,-12.796666666666667,4.77701168501631
2026-01-01 05:05:00,61,4.648783333333333,-12.129166666666668,5.464744096625228
2026-01-01 06:05:00,61,6.537433333333334,-11.536666666666667,5.0519710824911135
2026-01-01 07:05:00,61,3.3347416666666665,-11.181666666666667,5.472143975402448
2026-01-01 08:05:00,61,4.193991666666666,-9.623333333333333,4.031196944006655
2026-01-01 09:05:00,61,4.6862416666666675,-7.2975,3.8227111898084356
2026-01-01 10:05:00,61,4.585958333333333,-6.395833333333333,4.284477635178964
2026-01-01 11:05:00,61,3.513116666666667,-5.584166666666667,4.259037344854825
2026-01-01 12:05:00,61,4.738841666666667,-4.642499999999999,4.629365154053623
2026-01-01 13:05:00,61,2.998625,-4.3774999999999995,3.1744810068707876
2026-01-01 14:05:00,61,3.1436750000000004,-4.6575,2.957853953299497
2026-01-01 15:05:00,61,3.906283333333333,-5.541666666666667,2.855563715142776
2026-01-01 16:05:00,61,1.878058333333333,-7.860833333333333,2.9739020628650774
2026-01-01 17:05:00,61,4.375416666666666,-9.62,3.520213795123759
2026-01-01 18:05:00,61,6.3309999999999995,-10.62,4.993097910512272
2026-01-01 19:05:00,61,4.601566666666667,-11.19,4.44481078510066
2026-01-01 20:05:00,61,4.8678,-11.815,3.9814865541220144
2026-01-01 21:05:00,61,4.6543,-12.44,4.462715183132092
2026-01-01 22:05:00,61,5.548725000000001,-13.078333333333333,5.117687810042536
2026-01-01 23:05:00,61,7.599716666666667,-14.134999999999998,5.768619746287324
2026-01-02 00:05:00,62,7.725775,-15.33916666666667,6.494556735069915
2026-01-02 01:05:00,62,6.9605999999999995,-15.829166666666666,6.463648244768769
2026-01-02 02:05:00,62,6.3357,-16.5275,6.418326909058727
2026-01-02 03:05:00,62,7.397275,-17.0425,6.279116756284823
2026-01-02 04:05:00,62,7.227591666666665,-17.57,6.579088118206868
2026-01-02 05:05:00,62,6.727891666666667,-17.995833333333334,6.701505098759229
2026-01-02 06:05:00,62,6.744833333333333,-18.87,6.359016815168613
2026-01-02 07:05:00,62,7.364424999999999,-18.935833333333335,6.481308534549799
2026-01-02 08:05:00,62,7.422625,-17.45916666666667,6.142224984065276
2026-01-02 09:05:00,62,6.0749,-15.9125,6.194664286838489
2026-01-02 10:05:00,62,5.651816666666667,-14.050833333333332,6.127903392194094
2026-01-02 11:05:00,62,4.570841666666667,-13.019166666666665,5.401199175595907
2026-01-02 12:05:00,62,6.231633333333332,-12.119166666666665,5.537587355560977
2026-01-02 13:05:00,62,7.067925000000001,-12.659999999999998,6.2329852258006895
2026-01-02 14:05:00,62,7.244558333333333,-12.9775,5.909460401816787
2026-01-02 15:05:00,62,5.521,-13.81083333333333,5.494290982270423
2026-01-02 16:05:00,62,6.4334083333333325,-14.741666666666667,5.585781220189034
2026-01-02 17:05:00,62,5.174975,-14.991666666666669,6.237389845962704
2026-01-02 18:05:00,62,4.860216666666667,-15.323333333333332,5.234451253336894
2026-01-02 19:05:00,62,4.726675,-15.680000000000001,5.680035853201629
2026-01-02 20:05:00,62,6.477391666666666,-16.44,4.89368596444825
2026-01-02 21:05:00,62,5.9715750000000005,-16.352500000000003,5.6398183853823305
2026-01-02 22:05:00,62,6.827708333333333,-16.051666666666666,5.329792593300895
2026-01-02 23:05:00,62,6.5736083333333335,-14.828333333333335,6.101667444696884
2026-01-03 00:05:00,63,6.405908333333335,-15.143333333333333,6.127246913456099
2026-01-03 01:05:00,63,6.149033333333334,-15.315000000000003,6.131857945683754
2026-01-03 02:05:00,63,7.2538,-15.40333333333333,5.773117572146146
2026-01-03 03:05:00,63,5.486466666666667,-15.810833333333333,6.318380544305563
2026-01-03 04:05:00,63,6.902966666666666,-16.545833333333334,5.635367844072654
2026-01-03 05:05:00,63,7.304633333333332,-17.110833333333332,6.172811728682315
2026-01-03 06:05:00,63,5.1824916666666665,-17.485833333333336,5.767981390992071
2026-01-03 07:05:00,63,7.3292,-17.395,5.546742692429382
2026-01-03 08:05:00,63,7.2870583333333325,-15.792499999999999,6.413577285367204
2026-01-03 09:05:00,63,6.003316666666667,-14.537500000000001,6.04297628660235
2026-01-03 10:05:00,63,6.748208333333333,-13.329999999999998,6.07211996115543
2026-01-03 11:05:00,63,5.549808333333333,-12.671666666666667,5.5365040394492855
2026-01-03 12:05:00,63,4.604841666666666,-12.079166666666667,4.335704693373169
2026-01-03 13:05:00,63,5.318233333333334,-12.494166666666667,5.177446489396544
2026-01-03 14:05:00,63,7.282699999999999,-12.847499999999998,5.920664691892847
2026-01-03 15:05:00,63,7.490091666666667,-13.782499999999999,6.435890028784148
2026-01-03 16:05:00,63,6.146166666666667,-15.092500000000001,6.521672708505632
2026-01-03 17:05:00,63,7.301774999999998,-15.341666666666667,5.89791779659693
2026-01-03 18:05:00,63,6.624675000000002,-15.883333333333335,6.007656444863182
2026-01-03 19:05:00,63,5.826508333333332,-16.31833333333333,5.766598260371285
2026-01-03 20:05:00,63,5.9998499999999995,-16.991666666666667,5.8497889971543
2026-01-03 21:05:00,63,5.512824999999999,-17.518333333333334,5.1850577061036365
2026-01-03 22:05:00,63,5.316333333333334,-17.75833333333333,5.731906640857726
2026-01-03 23:05:00,63,7.335850000000001,-18.06,5.884329811861171
2026-01-04 00:05:00,64,6.917083333333333,-18.675,6.64082512774357
2026-01-04 01:05:00,64,5.674641666666666,-19.49333333333333,5.970679474066575
2026-01-04 02:05:00,64,7.428191666666667,-19.74,5.870350488330596
2026-01-04 03:05:00,64,7.406766666666666,-18.99083333333333,6.724109874453413
2026-01-04 04:05:00,64,5.329983333333334,-19.713333333333335,6.363094961959022
2026-01-04 05:05:00,64,7.414725,-20.764166666666664,6.136757375310942
2026-01-04 06:05:00,64,7.052816666666666,-21.49416666666667,7.1746365592938
2026-01-04 07:05:00,64,6.181383333333334,-22.269166666666667,6.521647440147735
2026-01-04 08:05:00,64,7.181658333333333,-19.276666666666667,6.902511981702028
2026-01-04 09:05:00,64,7.023916666666667,-15.505,6.788862466950445
2026-01-04 10:05:00,64,4.904458333333333,-13.684166666666668,6.3636796322564795
2026-01-04 11:05:00,64,4.400983333333333,-12.46,5.097505947528394
2026-01-04 12:05:00,64,4.311841666666666,-11.878333333333332,4.448094479005385
2026-01-04 13:05:00,64,5.418758333333332,-12.828333333333333,5.5313968856807785
2026-01-04 14:05:00,64,7.902758333333332,-13.28416666666667,6.371742787197158
2026-01-04 15:05:00,64,7.7110166666666675,-14.379999999999997,6.6517268016230195
2026-01-04 16:05:00,64,5.323641666666667,-15.97166666666667,6.7059189157484305
2026-01-04 17:05:00,64,6.151216666666666,-17.175,6.292312886178232
2026-01-04 18:05:00,64,6.664591666666666,-17.713333333333335,5.697261174599286
2026-01-04 19:05:00,64,5.032041666666667,-16.392500000000002,5.392311907829699
2026-01-04 20:05:00,64,4.905849999999999,-15.560000000000002,4.842623345499939
2026-01-04 21:05:00,64,4.012658333333333,-16.420833333333334,4.712515615575484
2026-01-04 22:05:00,64,5.6383833333333335,-16.874166666666667,5.0850125907105035
2026-01-04 23:05:00,64,7.759533333333331,-17.4175,6.775113021492116
2026-01-05 00:05:00,65,6.864133333333332,-18.147499999999997,6.961523003067098
2026-01-05 01:05:00,65,7.220958333333332,-18.475833333333334,6.54086410119966
2026-01-05 02:05:00,65,6.249424999999999,-19.119166666666665,6.8501377887660855
2026-01-05 03:05:00,65,7.056016666666666,-18.3475,6.545774933893009
2026-01-05 04:05:00,65,7.092641666666665,-19.06083333333333,6.473259384077255
2026-01-05 05:05:00,65,5.022525,-19.918333333333337,7.262676151801501
2026-01-05 06:05:00,65,6.759458333333333,-19.523333333333333,6.459193341341878
2026-01-05 07:05:00,65,7.208124999999998,-19.2125,7.170745119948655
2026-01-05 08:05:00,65,6.839758333333333,-17.574166666666667,7.069285217894195
2026-01-05 09:05:00,65,5.104041666666666,-15.5,7.06727515229158
2026-01-05 10:05:00,65,5.468758333333334,-13.605833333333335,6.785681500818384
2026-01-05 11:05:00,65,5.0515,-11.986666666666666,6.637672316124455
2026-01-05 12:05:00,65,5.372525,-10.609166666666665,5.744057749817769
2026-01-05 13:05:00,65,8.090450000000002,-10.63,6.351540642530197
2026-01-05 14:05:00,65,7.197758333333334,-10.717500000000001,7.057754055210562
2026-01-05 15:05:00,65,7.453508333333333,-11.713333333333333,5.67496559326735
2026-01-05 16:05:00,65,5.821008333333333,-13.468333333333334,5.78012576434789
2026-01-05 17:05:00,65,5.1353583333333335,-14.313333333333333,5.254498858704596
2026-01-05 18:05:00,65,4.5050333333333334,-14.646666666666668,5.151663481379257
2026-01-05 19:05:00,65,5.121825,-14.079166666666667,6.096204741025594
2026-01-05 20:05:00,65,5.245491666666666,-13.741666666666669,6.473405530239493
2026-01-05 21:05:00,65,7.300983333333333,-13.338333333333333,6.759840060277514
2026-01-05 22:05:00,65,8.456408333333332,-13.106666666666664,6.921555129455371
2026-01-05 23:05:00,65,4.939691666666667,-12.777500000000002,6.152508132781514
2026-01-06 00:05:00,66,6.10065,-12.7125,4.810711553500125
2026-01-06 01:05:00,66,5.789891666666667,-13.94,5.032156503644182
2026-01-06 02:05:00,66,5.398408333333333,-15.388333333333334,5.49316817063995
2026-01-06 03:05:00,66,5.047291666666666,-16.855833333333333,4.794060103527074
2026-01-06 04:05:00,66,5.743283333333332,-17.824166666666667,5.5651526049573965
2026-01-06 05:05:00,66,6.7089,-16.93916666666667,5.760621243822491
2026-01-06 06:05:00,66,5.087291666666666,-17.52416666666667,5.526571178860552
2026-01-06 07:05:00,66,6.682200000000001,-18.124166666666664,5.176671569523134
2026-01-08 11:10:00,68,3.644633333333333,0.7541666666666665,2.4437119920879287
2026-01-08 12:10:00,68,1.3664249999999998,1.015,2.650390885635151
2026-01-08 13:10:00,68,2.641758333333333,0.8333333333333334,1.240679800432416
2026-01-08 14:10:00,68,3.2698583333333326,0.6716666666666667,2.5300585686665915
2026-01-08 15:10:00,68,2.3707916666666664,0.20416666666666664,2.4380065129230086
2026-01-08 16:10:00,68,4.414791666666667,-0.10166666666666667,2.7052910295118573
2026-01-08 17:10:00,68,2.6529166666666666,-0.3466666666666667,3.386201824365608
2026-01-08 18:10:00,68,3.8215,-1.1116666666666668,2.834274546609122
2026-01-08 19:10:00,68,1.3577166666666667,-1.4816666666666667,2.275756268940206
2026-01-08 20:10:00,68,2.467833333333333,-1.2033333333333334,1.5766433859255455
2026-01-08 21:10:00,68,1.3902666666666668,-1.2449999999999999,1.6838080698172395
2026-01-08 22:10:00,68,2.5542,-1.2216666666666667,1.5368389333088042
2026-01-08 23:10:00,68,2.5278166666666664,-1.3808333333333334,1.886784033826619
2026-01-09 00:10:00,69,3.711708333333333,-1.3341666666666665,3.299819870375699
2026-01-09 01:10:00,69,3.621641666666667,-1.3166666666666669,3.6534087532830037
2026-01-09 02:10:00,69,2.8087333333333335,-1.39,2.7578616807132055
2026-01-09 03:10:00,69,3.6750583333333338,-1.3941666666666668,2.910933667286241
2026-01-09 04:10:00,69,2.255075,-1.4299999999999997,2.83029904061876
2026-01-09 05:10:00,69,3.5802416666666668,-1.5100000000000005,3.015392235536047
2026-01-09 06:10:00,69,3.9197416666666665,-1.6341666666666665,3.725887598225585
2026-01-09 07:10:00,69,2.687091666666667,-1.125,2.7306885680594966
2026-01-09 08:10:00,69,3.373725,-0.42249999999999993,2.472744394641573
2026-01-09 09:10:00,69,2.7030666666666665,0.6625,2.3794004767875383
2026-01-09 10:10:00,69,4.313233333333334,0.5425,2.3081489341820873
2026-01-09 11:10:00,69,3.0980250000000003,0.6808333333333333,2.5019596503676906
2026-01-09 12:10:00,69,1.4499833333333332,1.1991666666666667,1.9858110719986617
2026-01-09 13:10:00,69,3.392533333333333,1.7924999999999998,2.3702179529359837
2026-01-09 14:10:00,69,3.453691666666667,1.964166666666667,3.619071657598222
2026-01-09 15:10:00,69,2.010625,2.0500000000000003,2.838398001334411
2026-01-09 16:10:00,69,2.3571833333333334,2.795833333333334,1.9387924007013058
2026-01-09 17:10:00,69,3.099183333333333,2.9666666666666663,2.397296482570877
2026-01-09 18:10:00,69,2.034275,2.864166666666667,2.524604864837868
2026-01-09 19:10:00,69,1.0417083333333332,3.018333333333333,2.0655527116282744
2026-01-09 20:10:00,69,3.2849749999999998,3.2308333333333334,0.9811802914921177
2026-01-09 21:10:00,69,0.0,3.5083333333333333,1.3242967254693
2026-01-09 22:10:00,69,3.9873999999999996,3.6199999999999997,0.6046508423999467
2026-01-09 23:10:00,69,2.716608333333333,3.9591666666666665,2.71966346479526
2026-01-10 00:10:00,70,3.988883333333333,3.6341666666666668,2.999051238785267
2026-01-10 01:10:00,70,2.942658333333333,3.420833333333333,2.7740111089194865
2026-01-10 02:10:00,70,4.024074999999999,3.4766666666666666,2.5816250838280626
2026-01-10 03:10:00,70,1.4650583333333334,2.8475,2.0076701737693265
2026-01-10 04:10:00,70,3.692424999999999,2.3333333333333335,2.1305689027645456
2026-01-10 05:10:00,70,2.4387416666666666,2.4391666666666665,2.5005853539177036
2026-01-10 06:10:00,70,3.2229,2.1716666666666664,2.9002231207339744
2026-01-10 07:10:00,70,4.200366666666666,1.7225000000000001,2.7749878695100425
2026-01-10 08:10:00,70,2.8284083333333334,1.9949999999999999,3.0147887873311667
2026-01-10 09:10:00,70,2.2570083333333333,1.4866666666666666,2.3831822118323727
2026-01-10 10:10:00,70,0.0,3.185,0.26702519422452464
2026-01-10 11:10:00,70,4.0207749999999995,3.7808333333333337,0.33955282437955725
2026-01-10 12:10:00,70,1.3334666666666666,3.8649999999999998,1.9435910255338629
2026-01-10 13:10:00,70,2.468383333333333,3.6533333333333338,1.0711006066913558
2026-01-10 14:10:00,70,3.047683333333333,2.6616666666666666,2.324383163022863
2026-01-10 15:10:00,70,1.7964166666666663,1.2074999999999998,2.2064657315075467
2026-01-10 16:10:00,70,4.5134333333333325,0.022500000000000003,2.4327027665205554
2026-01-10 17:10:00,70,1.5879083333333335,-0.5541666666666668,2.0405921997889136
2026-01-10 18:10:00,70,1.2836083333333332,-1.3941666666666668,1.0190148283965945
2026-01-10 19:10:00,70,1.6983583333333332,-2.198333333333333,1.036708132470907
2026-01-10 20:10:00,70,1.5225416666666667,-2.4450000000000003,1.1497815647397183
2026-01-10 21:10:00,70,4.1062916666666665,-3.0233333333333334,2.4014213112807505
2026-01-10 22:10:00,70,2.6780583333333334,-2.5608333333333335,3.045917371020063
2026-01-10 23:10:00,70,2.479808333333333,-1.9708333333333332,3.2283164107414795
2026-01-11 00:10:00,71,3.536133333333333,-1.4816666666666667,2.7837994793948666
2026-01-11 01:10:00,71,3.3484833333333333,-1.5750000000000002,3.746272008071045
2026-01-11 02:10:00,71,3.92965,-2.1766666666666663,2.669776721708741
2026-01-11 03:10:00,71,1.7877750000000001,-3.084166666666667,2.557720766588479
2026-01-11 04:10:00,71,4.298025,-3.578333333333333,2.315014205523995
2026-01-11 05:10:00,71,1.7157916666666666,-3.6566666666666663,2.182026589509635
2026-01-11 06:10:00,71,4.23445,-3.75,2.350604010112548
2026-01-11 07:10:00,71,2.2951,-3.6200000000000006,2.687981458674389
2026-01-11 08:10:00,71,3.3944166666666664,-3.0275,2.3520522207392336
2026-01-11 09:10:00,71,1.5127833333333334,-2.334166666666667,2.218670070630429
2026-01-11 10:10:00,71,3.4890833333333338,-1.6450000000000002,2.2354903674801054
2026-01-11 11:10:00,71,1.2061666666666666,-0.9716666666666667,2.08217226199356
2026-01-11 12:10:00,71,2.8554083333333335,-1.1075000000000002,1.8107670444747137
2026-01-11 13:10:00,71,1.4335666666666667,-1.344166666666667,2.8840301360996685
2026-01-11 14:10:00,71,3.5287166666666665,-1.5241666666666667,1.2946385337394966
2026-01-11 15:10:00,71,2.969491666666667,-1.6441666666666668,3.0893852896847886
2026-01-11 16:10:00,71,2.501791666666667,-2.1666666666666665,2.3682649707131613
2026-01-11 17:10:00,71,3.378725,-2.3250000000000006,3.2279883036737145
2026-01-11 18:10:00,71,0.0,-2.7583333333333333,2.0652606893589587
2026-01-11 19:10:00,71,0.4343333333333333,-3.6525,0.11208496962837289
2026-01-11 20:10:00,71,2.0362166666666663,-4.0825,0.47107109248837165
2026-01-11 21:10:00,71,2.3731,-4.398333333333333,1.6527823621058735
2026-01-11 22:10:00,71,3.842583333333333,-5.555833333333333,2.752170605571669
2026-01-11 23:10:00,71,2.114158333333333,-6.1525,2.651705824643673
2026-01-12 00:10:00,72,4.2021749999999995,-6.3325,2.783353573371548
2026-01-12 01:10:00,72,2.4504666666666663,-6.509166666666666,2.8408453013073367
2026-01-12 02:10:00,72,3.226475,-4.781666666666666,2.7932019155548846
2026-01-12 03:10:00,72,2.953191666666666,-4.9208333333333325,3.0261198927137873
2026-01-12 04:10:00,72,3.415633333333333,-6.194166666666667,3.0187757064086083
2026-01-12 05:10:00,72,3.532341666666667,-6.9525,3.6806061706527102
2026-01-12 06:10:00,72,3.7863916666666664,-8.281666666666666,3.7068763429006686
2026-01-12 07:10:00,72,5.139525,-8.384166666666667,4.0769096796763105
2026-01-12 08:10:00,72,3.147933333333333,-8.102500000000001,4.114868367758527
2026-01-12 09:10:00,72,4.162916666666667,-7.403333333333333,4.185508504071829
2026-01-12 10:10:00,72,5.0658,-6.075,3.9924684528682697
2026-01-12 11:10:00,72,1.4972416666666668,-5.740833333333334,2.8605283553539316
2026-01-12 12:10:00,72,3.9966666666666666,-4.888333333333333,2.746164031470178
2026-01-12 13:10:00,72,2.4555666666666665,-5.3133333333333335,3.1054066303118106
2026-01-12 14:10:00,72,4.03215,-5.644166666666667,3.056105427238794
2026-01-12 15:10:00,72,4.092583333333333,-5.3741666666666665,3.4171477777254538
2026-01-12 16:10:00,72,3.2914083333333335,-5.5075,3.5173972605181967
2026-01-12 17:10:00,72,4.462458333333333,-5.716666666666666,3.9915758203734395
2026-01-12 18:10:00,72,1.621375,-5.536666666666666,2.8728915609554404
2026-01-12 19:10:00,72,2.878258333333333,-5.769166666666667,2.8904682883521717
2026-01-12 20:10:00,72,1.6966416666666666,-5.6383333333333345,1.8445951567123517
2026-01-12 21:10:00,72,3.874525,-5.4725,3.3968975737430744
2026-01-12 22:10:00,72,3.508808333333332,-5.293333333333334,3.496263897336131
2026-01-12 23:10:00,72,2.8351083333333333,-5.13,3.6284909277307733
2026-01-13 00:10:00,73,4.377700000000001,-4.2975,3.7972768151515073
2026-01-13 01:10:00,73,2.5380249999999998,-3.5641666666666665,2.821380570842718
2026-01-13 02:10:00,73,3.5032333333333328,-3.185,2.963603558558018
2026-01-13 03:10:00,73,1.9476166666666668,-2.69,2.9018789128022733
2026-01-13 04:10:00,73,3.5708,-2.5416666666666665,3.3849580575832974
2026-01-13 05:10:00,73,4.159999999999999,-2.690833333333334,3.0442402337706858
2026-01-13 06:10:00,73,1.9497249999999997,-2.6475000000000004,2.2317835716541436
2026-01-13 07:10:00,73,3.6491083333333334,-3.3841666666666668,2.5626469810280126
2026-01-13 08:10:00,73,3.9472333333333336,-1.6791666666666663,2.875900886613607
2026-01-13 09:10:00,73,3.6388833333333337,-0.2725,3.11792872149921
2026-01-13 10:10:00,73,1.6654416666666665,0.9166666666666666,2.3499692138067774
2026-01-13 11:10:00,73,3.8388249999999995,1.1716666666666666,2.4612337091022205
2026-01-13 12:10:00,73,2.4395916666666664,1.6358333333333335,2.8635347182298787
2026-01-13 13:10:00,73,2.2239166666666668,2.606666666666667,2.544660199072237
2026-01-13 14:10:00,73,2.453433333333334,2.203333333333333,2.056154365106364
2026-01-13 15:10:00,73,3.2960499999999997,0.8441666666666666,2.774854457419118
2026-01-13 16:10:00,73,3.5437749999999997,-0.07333333333333333,2.94202168392907
2026-01-13 17:10:00,73,2.5898666666666665,-1.0658333333333332,2.891688327689756
2026-01-13 18:10:00,73,1.4689999999999999,-1.805,2.0201144548526004
2026-01-13 19:10:00,73,1.351675,-0.31416666666666665,1.9978270134432168
2026-01-13 20:10:00,73,2.3140166666666664,-0.5091666666666667,2.691786177844299
2026-01-13 21:10:00,73,2.44735,-0.9208333333333334,1.7677013896916323
2026-01-13 22:10:00,73,3.4953499999999997,-0.49499999999999994,3.060216215755106
2026-01-13 23:10:00,73,3.0731916666666668,-0.19083333333333338,2.2840413028220397
2026-01-14 00:10:00,74,2.977066666666667,0.1616666666666667,3.051268071705072
2026-01-14 01:10:00,74,3.1019416666666664,0.6725,1.9649216880113682
2026-01-14 02:10:00,74,3.037158333333333,0.7325,3.0427711817403833
2026-01-14 03:10:00,74,2.8658583333333336,0.49166666666666664,2.5730774119200897
2026-01-14 04:10:00,74,3.7739083333333334,0.49500000000000005,2.985148685115014
2026-01-14 05:10:00,74,2.21875,0.305,2.4751782803041826
2026-01-14 06:10:00,74,3.515616666666666,0.39833333333333326,2.761141826220514
2026-01-14 07:10:00,74,2.446358333333333,0.425,3.1757290264704308
2026-01-14 08:10:00,74,1.1279416666666666,0.8991666666666666,2.252921833471853
2026-01-14 09:10:00,74,3.240758333333333,1.7825,2.6439998666097235
2026-01-14 10:10:00,74,2.2800499999999997,2.3325,2.8645890539219265
2026-01-14 11:10:00,74,3.279558333333333,3.1108333333333333,2.8968624109796703
2026-01-14 12:10:00,74,2.0160333333333336,4.421666666666667,2.781289198808186
2026-01-14 13:10:00,74,3.233875,4.7683333333333335,2.521899249707813
2026-01-14 14:10:00,74,2.1524916666666667,4.1975,2.3156812101658373
2026-01-14 15:10:00,74,2.2462333333333335,2.466666666666667,2.472238740313351
2026-01-14 16:10:00,74,3.4183583333333334,1.1333333333333335,3.1096983697292657
2026-01-14 17:10:00,74,2.2689166666666667,0.6208333333333335,2.9023509437732082
2026-01-14 18:10:00,74,2.400966666666667,0.40416666666666673,2.8065458451256236
2026-01-14 19:10:00,74,2.157633333333333,0.2800000000000001,2.725183765087988
2026-01-14 20:10:00,74,2.2366083333333333,0.32416666666666677,2.873247794491508
2026-01-14 21:10:00,74,2.232433333333333,0.22083333333333335,2.683832110999285
2026-01-14 22:10:00,74,2.1220749999999997,0.14666666666666667,2.7609717270278797
2026-01-14 23:10:00,74,2.448633333333333,0.1516666666666667,2.821114128975875
2026-01-15 00:10:00,75,3.3120249999999993,0.18833333333333335,3.413145094203127
2026-01-15 01:10:00,75,2.165691666666667,0.25500000000000006,3.103582519499092
2026-01-15 02:10:00,75,3.3888416666666665,0.29250000000000015,3.6214810538055433
2026-01-15 03:10:00,75,3.388133333333333,0.36250000000000004,3.1537873270632537
2026-01-15 04:10:00,75,2.3562999999999996,0.3841666666666667,3.71847228684331
2026-01-15 05:10:00,75,3.4327666666666663,0.32083333333333336,3.499383443187691
2026-01-15 06:10:00,75,2.1475666666666666,0.37500000000000006,2.9918703527123194
2026-01-15 07:10:00,75,3.46965,0.4166666666666667,3.0710769663274817
2026-01-15 08:10:00,75,2.25345,0.82,2.9187266622945414
2026-01-15 09:10:00,75,2.8480000000000003,1.425,3.058198323130175
2026-01-15 10:10:00,75,2.0465166666666668,2.486666666666667,2.909294883072242
2026-01-15 11:10:00,75,3.1916249999999997,2.5091666666666668,2.6647582742593245
2026-01-15 12:10:00,75,2.697075,2.578333333333333,3.12034178336478
2026-01-15 13:10:00,75,3.2249666666666665,2.848333333333333,2.942542265887585
2026-01-15 14:10:00,75,2.795,2.82,3.2276161085466955
2026-01-15 15:10:00,75,2.4138333333333333,2.3841666666666668,2.638891764896941
2026-01-15 16:10:00,75,3.314491666666666,2.214166666666667,2.9238453648830247
2026-01-15 17:10:00,75,2.3556833333333334,2.14,2.927577683960878
2026-01-15 18:10:00,75,1.2108,2.329166666666667,2.2345158956959343
2026-01-15 19:10:00,75,2.362258333333333,1.9908333333333337,2.2641225628019503
2026-01-15 20:10:00,75,2.3783,1.0333333333333334,2.5553498028619774
2026-01-15 21:10:00,75,4.4701,0.38833333333333325,3.446344396176137
2026-01-15 22:10:00,75,2.005358333333333,0.6849999999999999,3.118010308344187
2026-01-15 23:10:00,75,3.650958333333333,0.30583333333333335,2.971510150682751
2026-01-16 00:10:00,76,2.3859666666666666,-1.9125000000000003,3.166881484364412
2026-01-16 01:10:00,76,4.493975,-3.9641666666666673,3.6156131397142857
2026-01-16 02:10:00,76,2.6393,-4.991666666666667,3.331556167159432
2026-01-16 03:10:00,76,4.749458333333333,-5.8566666666666665,3.8461642949754404
2026-01-16 04:10:00,76,2.9527249999999996,-6.3566666666666665,3.704636538427256
2026-01-16 05:10:00,76,4.913349999999999,-7.008333333333333,4.284567745551571
2026-01-16 06:10:00,76,5.028466666666666,-7.814166666666666,4.223427049382973
2026-01-16 07:10:00,76,4.0291,-8.753333333333332,3.9832583790325344
2026-01-16 08:10:00,76,4.936508333333333,-10.384166666666667,4.4842962671497775
2026-01-16 09:10:00,76,3.854799999999999,-10.924166666666666,4.405454169119969
2026-01-16 10:10:00,76,5.419041666666667,-11.145000000000001,5.337966026062851
2026-01-16 11:10:00,76,6.727608333333333,-10.99,4.851977723847916
2026-01-16 12:10:00,76,4.226008333333334,-10.4125,3.9595320943302568
2026-01-16 13:10:00,76,3.89425,-10.319166666666666,4.588465228858372
2026-01-16 14:10:00,76,5.2859333333333325,-10.601666666666667,4.899015891899603
2026-01-16 15:10:00,76,5.046908333333333,-11.43,4.708750237838785
2026-01-16 16:10:00,76,6.666258333333333,-12.232500000000002,5.647423799101837
2026-01-16 17:10:00,76,7.214316666666665,-12.786666666666667,6.586947632615767
2026-01-16 18:10:00,76,5.451741666666667,-13.2875,5.341281277949875
2026-01-16 19:10:00,76,5.107458333333333,-13.475833333333332,5.204048412276414
2026-01-16 20:10:00,76,7.041916666666666,-13.921666666666667,5.395969399700516
2026-01-16 21:10:00,76,6.2414250000000004,-14.288333333333334,5.3537781475881285
2026-01-16 22:10:00,76,5.743341666666666,-14.410833333333334,5.641840712814984
2026-01-16 23:10:00,76,7.784333333333333,-13.486666666666666,6.26780261165216
2026-01-17 00:10:00,77,6.968658333333333,-13.273333333333335,5.707656125143756
2026-01-17 01:10:00,77,7.409916666666665,-12.758333333333333,6.284596113768908
2026-01-17 02:10:00,77,6.471516666666666,-12.217500000000001,6.102163606804861
2026-01-17 03:10:00,77,6.611608333333334,-11.855833333333335,5.327209188327043
2026-01-17 04:10:00,77,5.283200000000001,-11.624166666666667,5.6965908135679415
2026-01-17 05:10:00,77,6.095274999999999,-11.467500000000001,6.120373465454613
2026-01-17 06:10:00,77,5.665341666666666,-11.693333333333333,6.140243141377595
2026-01-17 07:10:00,77,6.266425,-11.435833333333333,5.618032318725261
2026-01-17 08:10:00,77,5.481116666666666,-10.87,5.0777722001740315
2026-01-17 09:10:00,77,3.994591666666667,-9.924999999999999,5.151678430752151
2026-01-17 10:10:00,77,4.994733333333333,-9.531666666666668,5.455701534441712
2026-01-17 11:10:00,77,4.417274999999999,-9.193333333333333,4.575482778641081
2026-01-17 12:10:00,77,5.462858333333332,-8.7675,4.615608762131961
2026-01-17 13:10:00,77,4.524408333333334,-8.4625,4.635141091324369
2026-01-17 14:10:00,77,2.9767083333333333,-8.281666666666666,4.545461762504887
2026-01-17 15:10:00,77,3.0094749999999997,-8.265,3.55246863806733
2026-01-17 16:10:00,77,4.675983333333334,-8.28,3.3265698414495857
2026-01-17 17:10:00,77,3.920316666666666,-8.230833333333333,4.643560270179087
2026-01-17 18:10:00,77,4.1522499999999996,-8.101666666666667,5.008484559639771
2026-01-17 19:10:00,77,4.896208333333334,-8.005,4.104175711324698
2026-01-17 20:10:00,77,3.0291,-7.848333333333334,4.1481322095447934
2026-01-17 21:10:00,77,3.9354,-8.463333333333333,4.455688011894787
2026-01-17 22:10:00,77,4.923791666666666,-10.685,4.20516527506029
2026-01-17 23:10:00,77,5.4138416666666656,-12.199166666666668,5.784393092884494
2026-01-18 00:10:00,78,5.435366666666666,-13.435000000000002,6.074708350826067
2026-01-18 01:10:00,78,6.485083333333333,-13.888333333333335,6.167670659443617
2026-01-18 02:10:00,78,5.970358333333333,-13.823333333333336,5.573767240145954
2026-01-18 03:10:00,78,4.7556416666666665,-13.527499999999998,5.4402590543388305
2026-01-18 04:10:00,78,6.001441666666667,-13.1625,5.724991515536511
2026-01-18 05:10:00,78,5.3961500000000004,-12.801666666666668,5.637098283572908
2026-01-18 06:10:00,78,5.0894,-12.318333333333333,5.364914577842664
2026-01-18 07:10:00,78,5.522174999999999,-11.478333333333333,5.978573142071662
2026-01-18 08:10:00,78,5.621841666666667,-9.995833333333334,5.340900860607643
2026-01-18 09:10:00,78,3.951075,-8.268333333333333,4.168201572446169
2026-01-18 10:10:00,78,4.566533333333333,-6.194166666666667,4.4506879892467985
2026-01-18 11:10:00,78,3.4105,-4.118333333333333,2.621602869647255
2026-01-18 12:10:00,78,1.0778999999999999,-2.1941666666666664,3.358782663497638
2026-01-18 13:10:00,78,1.869875,-2.4299999999999997,2.7233502811990418
2026-01-18 14:10:00,78,2.800875,-2.3508333333333336,3.125566469599622
2026-01-18 15:10:00,78,2.7132666666666667,-3.2641666666666667,3.979283139902571
2026-01-18 16:10:00,78,0.0,-4.3025,2.4315924649308767
2026-01-18 17:10:00,78,3.025975,-5.028333333333333,2.5894797267033987
2026-01-18 18:10:00,78,1.5024666666666664,-5.519166666666667,2.9383496060613803
2026-01-18 19:10:00,78,3.0004083333333327,-5.894166666666667,3.5524215707060636
2026-01-18 20:10:00,78,4.353616666666667,-6.1475,3.2190813388405632
2026-01-18 21:10:00,78,3.617008333333333,-6.045833333333333,4.3145414203275525
2026-01-18 22:10:00,78,3.5353750000000006,-6.091666666666666,3.2523163593399524
2026-01-18 23:10:00,78,2.605433333333333,-6.174166666666667,3.940238891406203
2026-01-19 00:10:00,79,4.1254,-6.239999999999999,4.226764782848457
2026-01-19 01:10:00,79,3.5858750000000006,-6.255,3.547105793119147
2026-01-19 02:10:00,79,3.870566666666667,-6.2700000000000005,3.972043666259865
2026-01-19 03:10:00,79,3.8956833333333334,-6.289166666666667,3.925671709972028
2026-01-19 04:10:00,79,3.2252833333333335,-6.473333333333334,3.297448251347367
2026-01-19 05:10:00,79,2.3502083333333332,-6.7175,3.976758324013588
2026-01-19 06:10:00,79,5.483616666666666,-7.269166666666667,3.189960172053232
2026-01-19 07:10:00,79,3.670075,-7.079166666666667,4.378689725738343
2026-01-19 08:10:00,79,4.274091666666667,-6.005,3.9735048652640153
2026-01-19 09:10:00,79,3.997425,-4.7775,4.179532314707314
2026-01-19 10:10:00,79,2.9921499999999996,-3.795833333333333,3.595694922069042
2026-01-19 11:10:00,79,2.58,-2.5050000000000003,3.924383807987498
2026-01-19 12:10:00,79,2.5084333333333335,-2.023333333333334,2.9614463488729577
2026-01-19 13:10:00,79,4.764583333333333,-1.9816666666666665,4.12696590233341
2026-01-19 14:10:00,79,2.667758333333333,-2.458333333333333,3.362507342367521
2026-01-19 15:10:00,79,4.51615,-2.9574999999999996,3.7637821142520416
2026-01-19 16:10:00,79,1.6174333333333333,-3.8524999999999996,3.1323997046298118
2026-01-19 17:10:00,79,2.8818333333333332,-4.204166666666667,3.1105981819040123
2026-01-19 18:10:00,79,1.5529166666666667,-4.120833333333334,2.5008987335381585
2026-01-19 19:10:00,79,4.551716666666667,-3.9666666666666663,3.4162224653039543
2026-01-19 20:10:00,79,3.1024749999999996,-3.9450000000000003,3.2271657698711413
2026-01-19 21:10:00,79,4.192216666666667,-4.416666666666667,3.686863201433881
2026-01-19 22:10:00,79,4.039991666666666,-5.0825,5.038062212231407
2026-01-19 23:10:00,79,3.81,-6.430833333333333,3.904127427066325
2026-01-20 00:10:00,80,3.6982249999999994,-8.56,5.161811084013608
2026-01-20 01:10:00,80,5.273816666666666,-10.555833333333334,4.919320460902147
2026-01-20 02:10:00,80,2.9230916666666666,-9.980833333333333,3.6401733575798434
2026-01-20 03:10:00,80,5.189033333333334,-10.448333333333332,4.745735142091016
2026-01-20 04:10:00,80,3.1065166666666664,-11.199166666666665,4.384831626264705
2026-01-20 05:10:00,80,4.8920416666666675,-12.551666666666668,5.385708121049685
2026-01-20 06:10:00,80,3.651816666666667,-13.375833333333333,4.580218938169597
2026-01-20 07:10:00,80,5.490291666666667,-13.190833333333332,4.979976384546827
2026-01-20 08:10:00,80,3.307291666666667,-9.93,4.21549864481367
2026-01-20 09:10:00,80,4.328616666666667,-8.329166666666667,4.563945373107842
2026-01-20 10:10:00,80,2.979183333333333,-7.533333333333334,3.665566924739881
2026-01-20 11:10:00,80,3.221033333333333,-7.541666666666667,4.3221409946332665
2026-01-20 12:10:00,80,3.503508333333333,-8.245,3.801114081363332
2026-01-20 13:10:00,80,5.472208333333332,-9.2875,5.415235844946706
2026-01-20 14:10:00,80,4.5863,-9.638333333333334,4.696715835890491
2026-01-20 15:10:00,80,5.045733333333333,-10.661666666666667,4.393024684419595
2026-01-20 16:10:00,80,4.852741666666667,-12.102500000000001,5.037853847139747
2026-01-20 17:10:00,80,5.931299999999999,-12.656666666666666,4.825430821974276
2026-01-20 18:10:00,80,4.476324999999999,-13.403333333333334,5.472810413555932
2026-01-20 19:10:00,80,3.3237583333333327,-13.7875,5.088787596474855
2026-01-20 20:10:00,80,4.379991666666666,-13.908333333333333,4.447967971320557
2026-01-20 21:10:00,80,5.748766666666667,-13.59666666666667,4.874061793193743
2026-01-20 22:10:00,80,5.476108333333333,-13.2675,5.450753267165323
2026-01-20 23:10:00,80,6.523799999999999,-13.336666666666668,6.1934572576092135
2026-01-21 00:10:00,81,6.050800000000001,-13.685833333333333,5.851443761705717
2026-01-21 01:10:00,81,5.27095,-14.972499999999998,4.425099117285124
2026-01-21 02:10:00,81,5.155166666666667,-17.296666666666667,5.515315944595217
2026-01-21 03:10:00,81,6.455424999999999,-18.924999999999997,6.475422080572759
2026-01-21 04:10:00,81,5.687791666666667,-17.74166666666667,5.794335107378341
2026-01-21 05:10:00,81,5.379816666666667,-18.209166666666665,5.623880556363068
2026-01-21 06:10:00,81,5.9787083333333335,-20.064166666666665,6.402776876650784
2026-01-21 07:10:00,81,6.135208333333333,-20.194166666666664,7.065153834340558
2026-01-21 08:10:00,81,4.520316666666666,-13.466666666666669,5.053119403410165
2026-01-21 09:10:00,81,5.632225000000001,-10.091666666666667,4.396219227974017
2026-01-21 10:10:00,81,4.4313666666666665,-9.519166666666665,4.852597654565763
2026-01-21 11:10:00,81,3.5454666666666665,-7.478333333333334,4.312487715513574
2026-01-21 12:10:00,81,4.980358333333333,-5.721666666666667,3.995412465581282
2026-01-21 13:10:00,81,2.632141666666666,-6.314166666666666,3.072022478974124
2026-01-21 14:10:00,81,4.038975,-6.4775,3.8963420322112388
2026-01-21 15:10:00,81,4.298633333333334,-7.209166666666667,3.888189785881976
2026-01-21 16:10:00,81,4.987083333333333,-8.7675,5.058733937093185
2026-01-21 17:10:00,81,4.774858333333333,-10.046666666666667,3.994879727574116
2026-01-21 18:10:00,81,4.065050000000001,-10.048333333333334,4.372778763071154
2026-01-21 19:10:00,81,4.476866666666666,-9.953333333333333,4.787734980367667
2026-01-21 20:10:00,81,5.838983333333332,-8.4625,4.579782200682524
2026-01-21 21:10:00,81,3.21375,-8.105,4.298813425016341
2026-01-21 22:10:00,81,5.639024999999998,-8.596666666666666,4.793959839333556
2026-01-21 23:10:00,81,5.483841666666667,-8.480833333333333,4.244564656001293
2026-01-22 00:10:00,82,4.0436749999999995,-8.343333333333334,5.230761504765109
2026-01-22 01:10:00,82,4.911549999999999,-8.165833333333333,5.562306096951167
2026-01-22 02:10:00,82,4.150183333333333,-8.189166666666667,5.590670599037917
2026-01-22 03:10:00,82,4.638283333333333,-8.115,5.194586502788353
2026-01-22 04:10:00,82,4.292791666666666,-8.18,5.050492887822731
2026-01-22 05:10:00,82,5.768191666666667,-8.648333333333333,4.741456455270511
2026-01-22 06:10:00,82,3.8779499999999993,-8.661666666666667,3.8562829825116602
2026-01-22 07:10:00,82,3.9474333333333336,-8.1675,4.624233052703132
2026-01-22 08:10:00,82,4.437883333333334,-7.0025,4.637776102935527
2026-01-22 09:10:00,82,3.6345249999999996,-5.420833333333333,3.7849551190984436
2026-01-22 10:10:00,82,5.113125,-3.7175,4.014870043622297
2026-01-22 11:10:00,82,2.129016666666667,-1.3483333333333334,3.651625125160493
2026-01-22 12:10:00,82,3.463458333333333,0.48500000000000004,2.9917343478584995
2026-01-22 13:10:00,82,2.4534499999999997,-0.08666666666666667,2.8267327290231963
2026-01-22 14:10:00,82,3.6839749999999998,-0.5983333333333334,3.7603105869791076
2026-01-22 15:10:00,82,3.037616666666666,-1.5141666666666669,3.1874007126480755
2026-01-22 16:10:00,82,3.1468416666666665,-2.5700000000000003,3.4882767902638556
2026-01-22 17:10:00,82,3.709566666666666,-3.5133333333333336,3.788485748820141
2026-01-22 18:10:00,82,3.249716666666667,-3.861666666666667,3.326851700362602
2026-01-22 19:10:00,82,1.8156666666666665,-3.8983333333333334,3.5146080062158287
2026-01-22 20:10:00,82,2.958433333333333,-5.411666666666666,4.21455616531951
2026-01-22 21:10:00,82,4.021583333333333,-6.0325,3.3544834663202963
2026-01-22 22:10:00,82,4.252858333333333,-7.524166666666666,3.464398544029309
2026-01-22 23:10:00,82,3.915141666666667,-8.547500000000001,4.774044802973977
2026-01-23 00:10:00,83,3.7020916666666666,-9.985833333333334,4.312673059372285
2026-01-23 01:10:00,83,4.411566666666666,-11.099166666666667,4.949436573273417
2026-01-23 02:10:00,83,5.1570583333333335,-12.165833333333333,4.796057280956096
2026-01-23 03:10:00,83,4.136658333333333,-13.94,4.974623230903521
2026-01-23 04:10:00,83,4.224083333333334,-9.054166666666665,5.213333089928341
2026-01-23 05:10:00,83,5.204716666666667,-10.199166666666667,5.3928600202734644
2026-01-23 06:10:00,83,4.116883333333333,-12.959166666666668,5.086547362050587
2026-01-23 07:10:00,83,5.451866666666667,-13.450000000000001,5.53125699145313
2026-01-23 08:10:00,83,3.4063166666666667,-9.773333333333332,4.287820959364808
2026-01-23 09:10:00,83,3.5891666666666664,-7.328333333333333,4.03866482253425
2026-01-23 10:10:00,83,3.4894583333333333,-4.903333333333333,3.8713720199572306
2026-01-23 11:10:00,83,4.062291666666666,-5.513333333333333,3.797194305288562
2026-01-23 12:10:00,83,3.898541666666666,-6.0925,4.4663477874552395
2026-01-23 13:10:00,83,3.5067999999999997,-6.573333333333333,4.417317781958946
2026-01-23 14:10:00,83,6.148583333333335,-7.5,5.48693218922166
2026-01-23 15:10:00,83,3.6305083333333332,-9.1575,4.915957736019145
2026-01-23 16:10:00,83,6.235458333333333,-10.76,5.54344441402601
2026-01-23 17:10:00,83,5.371183333333333,-11.514166666666666,5.454384547486705
2026-01-23 18:10:00,83,4.789875,-12.514166666666666,5.322789456732622
2026-01-23 19:10:00,83,5.005875,-12.509166666666667,5.161047534579838
2026-01-23 20:10:00,83,4.976241666666666,-13.244166666666667,5.4174805328891775
2026-01-23 21:10:00,83,4.402525,-14.292499999999999,5.632632578525691
2026-01-23 22:10:00,83,6.610974999999998,-15.34666666666667,6.090463239827317
2026-01-23 23:10:00,83,6.846033333333331,-16.425833333333333,6.266013134550357
2026-01-24 00:10:00,84,6.8727583333333335,-17.19083333333333,6.137876254824905
2026-01-24 01:10:00,84,6.548233333333333,-17.584166666666672,6.121096859802701
2026-01-24 02:10:00,84,6.564533333333332,-18.7275,6.569989172079394
2026-01-24 03:10:00,84,7.949883333333333,-19.695000000000004,7.1355163515371
2026-01-24 04:10:00,84,6.1219666666666654,-20.509166666666665,6.91244649225823
2026-01-24 05:10:00,84,7.08325,-21.699166666666667,7.893803563336332
2026-01-24 06:10:00,84,7.758125,-22.602500000000003,8.831718628256867
2026-01-24 07:10:00,84,6.210375,-22.754166666666666,8.84883896396828
2026-01-24 08:10:00,84,7.385833333333333,-21.86,9.612212507160521
2026-01-24 09:10:00,84,7.351983333333333,-21.15416666666667,9.710841957128766
2026-01-24 10:10:00,84,11.026133333333334,-19.27416666666667,10.057709600080441
2026-01-24 11:10:00,84,7.419100000000001,-17.78583333333333,8.20286048044449
2026-01-24 12:10:00,84,4.49725,-16.68083333333333,4.389627061394262
2026-01-24 13:10:00,84,4.774016666666666,-16.860833333333332,4.547122873411321
2026-01-24 14:10:00,84,6.328991666666666,-17.175000000000004,5.760573992933631
2026-01-24 15:10:00,84,5.374683333333333,-17.791666666666668,6.93940508958779
2026-01-24 16:10:00,84,5.7344,-18.916666666666668,6.706050480970061
2026-01-24 17:10:00,84,5.665475,-19.874166666666664,7.221912689515737
2026-01-24 18:10:00,84,5.902375,-20.6675,6.328805966581644
2026-01-24 19:10:00,84,5.296824999999999,-21.30916666666667,7.8892121385944085
2026-01-24 20:10:00,84,6.969691666666665,-21.930000000000003,8.689903976149495
2026-01-24 21:10:00,84,7.971216666666667,-22.414999999999996,7.658805373046706
2026-01-24 22:10:00,84,6.265350000000001,-22.555000000000003,7.857721314405346
2026-01-24 23:10:00,84,7.491833333333333,-22.745,7.928488719266744
2026-01-25 00:10:00,85,7.4089,-22.9375,8.000561306120915
2026-01-25 01:10:00,85,6.989741666666667,-22.870833333333337,8.210979028462436
2026-01-25 02:10:00,85,7.547350000000001,-22.830000000000002,8.815980183836606
2026-01-25 03:10:00,85,7.341775,-22.869999999999994,8.387332117818037
2026-01-25 04:10:00,85,9.186441666666667,-22.860833333333332,8.423308375218932
2026-01-25 05:10:00,85,8.303749999999999,-22.679999999999996,7.781215734655797
2026-01-25 06:10:00,85,9.933583333333335,-22.412499999999998,7.721415064270274
2026-01-25 07:10:00,85,5.736275,-22.19416666666667,6.788303050842556
2026-01-25 08:10:00,85,7.1085499999999975,-20.70333333333333,7.126520452479792
2026-01-25 09:10:00,85,6.354391666666666,-19.088333333333335,6.517609320515026
2026-01-25 10:10:00,85,4.622708333333333,-17.322499999999998,5.151925691921715
2026-01-25 11:10:00,85,5.9882333333333335,-15.8375,5.6772927396965684
2026-01-25 12:10:00,85,7.202233333333333,-15.235833333333334,7.731929993996113
2026-01-25 13:10:00,85,8.894033333333335,-15.269166666666665,7.542132226660153
2026-01-25 14:10:00,85,5.224383333333333,-15.208333333333334,6.990469870027937
2026-01-25 15:10:00,85,16.321700000000003,-15.249999999999995,8.302350151471165
2026-01-25 16:10:00,85,11.335991666666667,-15.524166666666668,10.20450937911835
2026-01-25 17:10:00,85,6.267449999999999,-15.646666666666667,7.253846185390698
2026-01-25 18:10:00,85,6.430158333333334,-15.729999999999999,6.12079246839818
2026-01-25 19:10:00,85,7.915441666666666,-15.729999999999999,6.627255994499955
2026-01-25 20:10:00,85,7.459191666666668,-15.9075,6.51244821955645
2026-01-25 21:10:00,85,6.048449999999999,-16.46333333333334,5.541223790801007
2026-01-25 22:10:00,85,6.062316666666667,-16.5825,6.480436077161796
2026-01-25 23:10:00,85,8.355824999999998,-16.463333333333335,6.553810908696724
2026-01-26 00:10:00,86,5.945183333333334,-16.72333333333333,6.049625950059501
2026-01-26 01:10:00,86,4.659833333333334,-17.042500000000004,6.557917597418818
2026-01-26 02:10:00,86,7.352466666666666,-17.231666666666666,6.399541261109262
2026-01-26 03:10:00,86,8.555958333333333,-17.185000000000002,6.296686188504518
2026-01-26 04:10:00,86,4.725933333333333,-17.013333333333332,5.147949847857852
2026-01-26 05:10:00,86,4.7586,-16.830000000000002,5.8460786400809965
2026-01-26 06:10:00,86,6.525516666666666,-16.68916666666667,6.8051148716931
2026-01-26 07:10:00,86,6.658341666666666,-16.46833333333333,6.830751808459567
2026-01-26 08:10:00,86,7.733599999999998,-16.065,7.111081298647445
2026-01-26 09:10:00,86,6.5402000000000005,-15.407499999999999,5.0819310448348896
2026-01-26 10:10:00,86,6.007991666666667,-14.523333333333335,4.808426898962802
2026-01-26 11:10:00,86,3.5824666666666665,-13.646666666666667,5.148772419067324
2026-01-26 12:10:00,86,5.828591666666667,-13.000833333333333,6.589148997071158
2026-01-26 13:10:00,86,7.037141666666666,-12.616666666666667,5.830388684516503
2026-01-26 14:10:00,86,5.709375,-12.36,5.414834075861877
2026-01-26 15:10:00,86,4.8201583333333335,-12.430833333333334,4.608883901641175
2026-01-26 16:10:00,86,4.708441666666666,-12.695,5.054367684751298
2026-01-26 17:10:00,86,6.196633333333334,-12.765,6.142654023539523
2026-01-26 18:10:00,86,5.258416666666666,-12.550833333333335,6.029155906136889
2026-01-26 19:10:00,86,5.8265916666666655,-12.279166666666667,6.123981863912579
2026-01-26 20:10:00,86,5.582216666666667,-12.393333333333333,6.180916053662412
2026-01-26 21:10:00,86,7.735966666666667,-12.565000000000003,6.701008372663056
2026-01-26 22:10:00,86,6.635983333333334,-12.518333333333333,5.368381368073512
2026-01-26 23:10:00,86,5.938816666666665,-12.370833333333332,4.793878386485745
2026-01-27 00:10:00,87,4.881083333333333,-12.39,4.709521057429674
2026-01-27 01:10:00,87,4.951508333333333,-12.555833333333334,5.16476081651204
2026-01-27 02:10:00,87,5.852308333333333,-12.505833333333333,5.221604591254348
2026-01-27 03:10:00,87,3.946075,-12.718333333333334,4.79959963499956
2026-01-27 04:10:00,87,5.580358333333332,-13.217500000000001,5.852124941557989
2026-01-27 05:10:00,87,6.273441666666668,-13.583333333333334,5.858396150348952
2026-01-27 06:10:00,87,5.728233333333334,-14.157499999999999,5.067186657795216
2026-01-27 07:10:00,87,5.599783333333333,-14.505000000000003,5.26992976103125
2026-01-27 08:10:00,87,5.368458333333333,-13.125833333333333,5.426432929168299
2026-01-27 09:10:00,87,6.446874999999999,-12.264166666666668,4.856665194301876
2026-01-27 10:10:00,87,2.8953,-10.454166666666667,4.179089319291991
2026-01-27 11:10:00,87,3.6378500000000003,-9.268333333333333,4.596721464235982
2026-01-27 12:10:00,87,3.65225,-8.836666666666666,2.7479732825681635
2026-01-27 13:10:00,87,3.6517999999999993,-8.9125,4.430858743356077
2026-01-27 14:10:00,87,4.671241666666667,-9.726666666666667,4.939163899338455
2026-01-27 15:10:00,87,5.7292499999999995,-10.674999999999999,4.598409843358089
2026-01-27 16:10:00,87,4.920858333333333,-12.264166666666668,5.143561357322186
2026-01-27 17:10:00,87,5.227666666666667,-14.958333333333334,5.1343246653648285
2026-01-27 18:10:00,87,5.742208333333334,-14.996666666666664,5.53990829660117
2026-01-27 19:10:00,87,4.349683333333333,-14.703333333333331,4.756010743913537
2026-01-27 20:10:00,87,4.017075,-14.509166666666667,4.929745513993608
2026-01-27 21:10:00,87,4.967625000000001,-14.5875,5.972598502266727
2026-01-27 22:10:00,87,6.7773916666666665,-14.721666666666666,6.469571930887126
2026-01-27 23:10:00,87,6.890383333333332,-15.023333333333332,5.962166317106581
2026-01-28 00:10:00,88,5.23205,-15.522499999999999,5.004037121939399
2026-01-28 01:10:00,88,5.572125,-15.964166666666669,5.655131308796658
2026-01-28 02:10:00,88,6.583841666666667,-17.519166666666667,6.151698144572053
2026-01-28 03:10:00,88,4.6369,-18.501666666666665,5.445523681073884
2026-01-28 04:10:00,88,7.021541666666667,-18.398333333333333,6.392981050887027
2026-01-28 05:10:00,88,6.059558333333334,-17.5975,5.702370715483981
2026-01-28 06:10:00,88,6.736775,-18.245,6.12801044210534
2026-01-28 07:10:00,88,6.2225166666666665,-18.666666666666668,5.71508685420663
2026-01-28 08:10:00,88,6.353058333333334,-15.4775,5.762705053738927
2026-01-28 09:10:00,88,7.002066666666665,-13.874166666666666,5.596079762068618
2026-01-28 10:10:00,88,3.2393083333333337,-11.504166666666668,3.8946055197425618
2026-01-28 11:10:00,88,4.193458333333332,-10.420833333333333,4.40037814415269
2026-01-28 12:10:00,88,4.573333333333333,-8.926666666666668,3.7580936881554576
2026-01-28 13:10:00,88,4.540841666666666,-8.731666666666667,4.84311994176937
2026-01-28 14:10:00,88,4.258824999999999,-9.856666666666667,5.084368248649288
2026-01-28 15:10:00,88,5.245575,-10.800833333333332,5.411320928941553
2026-01-28 16:10:00,88,4.772449999999999,-12.156666666666666,4.662710283727565
2026-01-28 17:10:00,88,5.927983333333332,-13.506666666666666,4.5137372810469
2026-01-28 18:10:00,88,4.510941666666666,-15.342500000000001,4.352568631955862
2026-01-28 19:10:00,88,5.516008333333333,-16.523333333333333,5.398844261486721
2026-01-28 20:10:00,88,6.2265999999999995,-17.455833333333334,5.8519983373198325
2026-01-28 21:10:00,88,7.008758333333333,-17.893333333333334,6.106736841980679
2026-01-28 22:10:00,88,5.498916666666666,-17.8575,5.755355627349893
2026-01-28 23:10:00,88,6.770108333333335,-16.944166666666664,5.987244032897939
2026-01-29 00:10:00,89,5.648416666666667,-15.842500000000001,5.255400575464225
2026-01-29 01:10:00,89,5.779791666666665,-16.004166666666666,5.846831986570594
2026-01-29 02:10:00,89,5.796174999999999,-16.620833333333337,6.27753802399396
2026-01-29 03:10:00,89,6.509108333333332,-16.81,5.879084390204991
2026-01-29 04:10:00,89,6.9758249999999995,-17.5425,5.804241833677903
2026-01-29 05:10:00,89,4.624291666666666,-17.888333333333332,5.616992586909627
2026-01-29 06:10:00,89,6.189441666666665,-16.796666666666667,6.1151962036601
2026-01-29 07:10:00,89,7.048400000000001,-15.814166666666667,6.03762613212379
2026-01-29 08:10:00,89,6.601025,-13.564166666666665,4.742154990529102
2026-01-29 09:10:00,89,5.410641666666668,-11.638333333333334,5.135309323680543
2026-01-29 10:10:00,89,4.814191666666667,-9.846666666666666,4.4242945083850165
2026-01-29 11:10:00,89,3.663066666666667,-8.374166666666666,3.469020782408163
2026-01-29 12:10:00,89,4.009283333333333,-7.594166666666666,3.8030396312508326
2026-01-29 13:10:00,89,3.5916333333333332,-8.111666666666666,3.7813388728147035
2026-01-29 14:10:00,89,3.5734083333333335,-9.240833333333333,3.9120668975774686
2026-01-29 15:10:00,89,5.205133333333333,-10.420833333333333,4.9189032975804645
2026-01-29 16:10:00,89,5.773008333333333,-11.685,5.432316058997479
2026-01-29 17:10:00,89,6.600216666666667,-12.115833333333335,5.248988341718883
2026-01-29 18:10:00,89,7.0844499999999995,-12.819999999999999,5.005487837054398
2026-01-29 19:10:00,89,4.329274999999999,-13.394166666666665,4.97692135785484
2026-01-29 20:10:00,89,6.874008333333333,-13.698333333333332,6.148021664351308
2026-01-29 21:10:00,89,6.786483333333333,-14.092500000000001,6.042392546796326
2026-01-29 22:10:00,89,7.046408333333334,-14.593333333333334,5.868616349148702
2026-01-29 23:10:00,89,6.756308333333333,-14.685,5.065996383168289
2026-01-30 00:10:00,90,5.6754999999999995,-14.80083333333333,5.4419586597111875
2026-01-30 01:10:00,90,7.108158333333331,-15.156666666666666,6.299527242189313
2026-01-30 02:10:00,90,5.507124999999999,-15.490000000000004,5.8516635701299595
2026-01-30 03:10:00,90,7.368825,-15.777499999999998,6.239623320474829
2026-01-30 04:10:00,90,6.237275,-16.078333333333333,5.968032824896498
2026-01-30 05:10:00,90,6.734716666666667,-16.6525,5.9150950918762355
2026-01-30 06:10:00,90,8.200716666666667,-16.7225,6.724373295673791
2026-01-30 07:10:00,90,6.672725,-16.477499999999996,6.068082366736606
2026-01-30 08:10:00,90,6.689441666666666,-16.040833333333335,5.857799710320839
2026-01-30 09:10:00,90,7.432816666666666,-14.837500000000004,5.518851950794164
2026-01-30 10:10:00,90,6.718416666666666,-14.222500000000002,4.893320798907748
2026-01-30 11:10:00,90,4.307108333333334,-12.935833333333335,4.851892270330936
2026-01-30 12:10:00,90,4.964691666666667,-11.670833333333334,4.6024669896532036
2026-01-30 13:10:00,90,5.732666666666667,-11.894166666666669,5.599855021608194
2026-01-30 14:10:00,90,5.956583333333334,-12.130833333333333,5.830233293849677
2026-01-30 15:10:00,90,6.2280500000000005,-13.208333333333334,5.665439037629241
2026-01-30 16:10:00,90,6.104741666666666,-14.245,5.333244909394228
2026-01-30 17:10:00,90,5.022491666666666,-15.018333333333336,5.2155067888658815
2026-01-30 18:10:00,90,5.263083333333333,-15.930833333333338,5.864607822474529
2026-01-30 19:10:00,90,5.91865,-16.278333333333332,6.109544954458418
2026-01-30 20:10:00,90,5.7415666666666665,-16.28,6.330227744360859
2026-01-30 21:10:00,90,7.606858333333334,-16.38416666666667,7.035682969505967
2026-01-30 22:10:00,90,8.700633333333334,-16.7175,6.640484083897633
2026-01-30 23:10:00,90,5.808991666666666,-16.884166666666662,6.346936541804822
2026-01-31 00:10:00,91,7.855883333333335,-16.944166666666668,6.879152105051306
2026-01-31 01:10:00,91,6.9482333333333335,-16.805,7.613495841240702
2026-01-31 02:10:00,91,8.469566666666667,-16.74,7.650178077734107
2026-01-31 03:10:00,91,6.570891666666665,-16.820000000000004,6.628722299470971
2026-01-31 04:10:00,91,7.623958333333333,-16.73666666666667,7.251499089095027
2026-01-31 05:10:00,91,7.291549999999999,-16.675833333333333,7.295664813963834
2026-01-31 06:10:00,91,7.437508333333333,-16.706666666666663,6.8919086852325835
2026-01-31 07:10:00,91,6.641575,-15.920833333333333,7.028172231259046
2026-01-31 08:10:00,91,7.043383333333332,-13.973333333333334,6.730869170402549
2026-01-31 09:10:00,91,6.359866666666667,-12.87,6.061400461813438
2026-01-31 10:10:00,91,6.9366166666666675,-10.920833333333334,5.239624278266189
2026-01-31 11:10:00,91,4.251025,-9.574166666666667,3.5192421056762666
2026-01-31 12:10:00,91,3.3228166666666663,-8.611666666666666,3.034533266452838
2026-01-31 13:10:00,91,2.9221083333333335,-8.490833333333333,3.594053965484815
2026-01-31 14:10:00,91,4.878191666666666,-9.675833333333333,5.3354616569199695
2026-01-31 15:10:00,91,4.560708333333333,-10.87,5.108978149225838
2026-01-31 16:10:00,91,6.818583333333333,-12.194999999999999,6.504600235206937
2026-01-31 17:10:00,91,6.692041666666667,-13.338333333333333,6.115947234287475
2026-01-31 18:10:00,91,5.888374999999999,-14.041666666666666,5.409169981920819
2026-01-31 19:10:00,91,4.348858333333333,-14.90333333333333,4.830640201944572
2026-01-31 20:10:00,91,4.648041666666666,-15.157499999999999,5.2347740041923885
2026-01-31 21:10:00,91,5.242166666666667,-15.625833333333334,5.639135459942261
2026-01-31 22:10:00,91,6.666541666666666,-16.903333333333336,6.3112645602564665
2026-01-31 23:10:00,91,7.297483333333333,-17.036666666666665,6.692200917738148
2026-02-01 00:10:00,92,5.497199999999999,-18.135,6.012977812939768
2026-02-01 01:10:00,92,6.743591666666667,-19.37833333333333,6.655721423431703
2026-02-01 02:10:00,92,7.0410666666666675,-19.379166666666666,7.18275682333028
2026-02-01 03:10:00,92,6.346350000000001,-19.883333333333333,6.809867930194924
2026-02-01 04:10:00,92,6.664691666666667,-19.10166666666667,6.644804249280474
2026-02-01 05:10:00,92,7.416158333333331,-19.75916666666667,7.2021915381046
2026-02-01 06:10:00,92,6.190383333333334,-19.897499999999997,6.264905557921872
2026-02-01 07:10:00,92,6.0324583333333335,-19.24083333333333,6.765450582872422
2026-02-01 08:10:00,92,6.475391666666668,-15.13,6.452478277413087
2026-02-01 09:10:00,92,4.937708333333333,-11.473333333333334,6.027350265144573
2026-02-01 10:10:00,92,5.644791666666666,-8.647499999999999,5.406898603094399
2026-02-01 11:10:00,92,3.6482916666666667,-7.685833333333334,3.9368925392185363
2026-02-01 12:10:00,92,4.121733333333333,-6.764166666666667,4.539948606705818
2026-02-01 13:10:00,92,3.647491666666666,-5.995833333333334,4.096070923786255
2026-02-01 14:10:00,92,4.526541666666667,-6.394166666666667,4.480478861023556
2026-02-01 15:10:00,92,5.644983333333332,-7.175,5.0400056776546025
2026-02-01 16:10:00,92,6.312841666666666,-8.676666666666668,5.511612063339733
2026-02-01 17:10:00,92,4.068633333333333,-9.625,4.932371788549019
2026-02-01 18:10:00,92,5.234958333333332,-9.952499999999999,4.979225780374674
2026-02-01 19:10:00,92,4.412958333333333,-10.375,4.729909642146348
2026-02-01 20:10:00,92,5.195991666666667,-10.555833333333334,5.368213506013737
2026-02-01 21:10:00,92,5.317024999999999,-11.505,5.477712473971038
2026-02-01 22:10:00,92,5.269816666666666,-12.448333333333332,5.806577992517842
2026-02-01 23:10:00,92,6.53195,-13.963333333333333,6.3833749045371455
2026-02-02 00:10:00,93,5.774566666666665,-15.005833333333337,6.282638237634111
2026-02-02 01:10:00,93,5.595916666666667,-16.171666666666667,6.159625135544878
2026-02-02 02:10:00,93,5.527716666666666,-16.393333333333334,6.534861285349477
2026-02-02 03:10:00,93,6.276133333333334,-16.920833333333334,6.277719051224711
2026-02-02 04:10:00,93,4.811733333333333,-17.06416666666667,6.367464377558807
2026-02-02 05:10:00,93,7.379883333333332,-17.099999999999998,6.854027175683193
2026-02-02 06:10:00,93,5.422466666666666,-17.958333333333332,6.488482559284538
2026-02-02 07:10:00,93,7.052033333333334,-15.93083333333334,6.357245344666692
2026-02-02 08:10:00,93,5.122216666666667,-10.320833333333335,4.813183897776721
2026-02-02 09:10:00,93,4.4770416666666675,-7.939166666666666,5.105289453000182
2026-02-02 10:10:00,93,3.2193666666666667,-5.245,4.522279039901463
2026-02-02 11:10:00,93,2.4699,-3.1475000000000004,3.9256094270306883
2026-02-02 12:10:00,93,2.419283333333333,-1.9208333333333334,3.570258857981528
2026-02-02 13:10:00,93,2.069875,-1.0591666666666668,3.5804540216169
2026-02-02 14:10:00,93,3.0371666666666663,-1.8150000000000004,3.562818055430111
2026-02-02 15:10:00,93,4.350266666666666,-3.000833333333334,3.74065145495142
2026-02-02 16:10:00,93,4.554825000000001,-4.350833333333333,4.356924692610879
2026-02-02 17:10:00,93,3.544883333333333,-5.75,5.111728185377444
2026-02-02 18:10:00,93,4.830575,-6.116666666666666,4.625772971115428
2026-02-02 19:10:00,93,3.032466666666667,-6.36,4.262963180481753
2026-02-02 20:10:00,93,4.850675000000001,-8.375,3.984999429330273
2026-02-02 21:10:00,93,4.647516666666666,-9.574166666666667,4.32737306549262
2026-02-02 22:10:00,93,4.368183333333333,-10.2875,4.618460489151242
2026-02-02 23:10:00,93,4.49095,-10.749166666666667,5.395216490591861
2026-02-03 00:10:00,94,5.320308333333332,-11.500833333333333,5.22166733406678
2026-02-03 01:10:00,94,5.137416666666667,-12.435000000000002,5.208445693247393
2026-02-03 02:10:00,94,4.165633333333333,-13.036666666666667,5.2950099554667736
2026-02-03 03:10:00,94,6.308391666666666,-14.082500000000001,5.7370064098280285
2026-02-03 04:10:00,94,5.014999999999999,-14.472499999999998,4.8657081646041425
2026-02-03 05:10:00,94,4.211491666666666,-15.252500000000003,5.355322304788121
2026-02-03 06:10:00,94,6.3051,-15.864166666666668,5.864139675986889
2026-02-03 07:10:00,94,4.943466666666667,-14.529166666666669,5.21824654028714
2026-02-03 08:10:00,94,5.403733333333334,-8.074166666666667,4.781615365361942
2026-02-03 09:10:00,94,4.836333333333333,-7.0225,4.227755722772624
2026-02-03 10:10:00,94,2.485875,-3.9716666666666662,3.7663558370860795
2026-02-03 11:10:00,94,2.7512999999999996,-2.7258333333333336,2.969603473989323
2026-02-03 12:10:00,94,3.2677333333333336,-1.3841666666666665,2.3884093543106015
2026-02-03 13:10:00,94,1.9024999999999999,-0.365,2.890170608939503
2026-02-03 14:10:00,94,2.649716666666667,-0.38000000000000006,3.310557559050696
2026-02-03 15:10:00,94,4.186116666666666,-1.9716666666666665,3.769851550896762
2026-02-03 16:10:00,94,3.787075,-4.444166666666666,4.384224407088278
2026-02-03 17:10:00,94,2.9297416666666667,-6.4624999999999995,3.3350719515251948
2026-02-03 18:10:00,94,3.3553333333333333,-8.528333333333334,3.301589211002046
2026-02-03 19:10:00,94,3.848583333333333,-10.769166666666665,4.319963016737246
2026-02-03 20:10:00,94,2.4886000000000004,-12.1625,3.846673431936193
2026-02-03 21:10:00,94,5.031766666666666,-13.176666666666668,4.636480680658053
2026-02-03 22:10:00,94,4.732633333333333,-13.838333333333336,4.998282804847162
2026-02-03 23:10:00,94,4.899958333333333,-14.745,5.518006325825782
2026-02-04 00:10:00,95,4.777316666666667,-15.819999999999999,5.263253726601512
2026-02-04 01:10:00,95,5.92,-16.3,5.8345315648914635
2026-02-04 02:10:00,95,4.273816666666667,-15.904166666666667,5.484395693042615
2026-02-04 03:10:00,95,5.566966666666666,-15.167499999999999,5.81629695130321
2026-02-04 04:10:00,95,5.152466666666665,-14.509166666666667,6.059076662268689
2026-02-04 05:10:00,95,5.53825,-13.500833333333333,5.398790688101291
2026-02-04 06:10:00,95,4.524566666666666,-13.079166666666666,5.592651207414955
2026-02-04 07:10:00,95,6.743549999999999,-12.134166666666667,5.578442843766468
2026-02-04 08:10:00,95,3.1017166666666665,-8.397499999999999,3.713739020571443
2026-02-04 09:10:00,95,4.1872,-5.423333333333333,4.260067505403151
2026-02-04 10:10:00,95,4.9078,-3.2933333333333334,4.254697184550454
2026-02-04 11:10:00,95,10.017033333333334,-1.9783333333333335,4.151787803234975
2026-02-04 12:10:00,95,2.5349999999999997,-1.2116666666666667,3.546475332715696
2026-02-04 13:10:00,95,3.9345749999999993,-0.48500000000000004,2.9423763072021862
2026-02-04 14:10:00,95,2.8322583333333333,-1.3708333333333336,3.0890992333555483
2026-02-04 15:10:00,95,4.032299999999999,-2.328333333333333,3.2508489691706806
2026-02-04 16:10:00,95,3.8780416666666664,-3.5316666666666667,3.8939898190137523
2026-02-04 17:10:00,95,4.4027916666666655,-4.6675,4.319866441922297
2026-02-04 18:10:00,95,4.653783333333333,-5.81,3.8733208411474735
2026-02-04 19:10:00,95,2.7803666666666667,-6.219166666666666,3.903397877169448
2026-02-04 20:10:00,95,6.280816666666666,-7.426666666666667,4.701582234475198
2026-02-04 21:10:00,95,5.677383333333332,-7.715833333333332,4.321756106536575
2026-02-04 22:10:00,95,4.38175,-8.375,4.208338845610213
2026-02-04 23:10:00,95,5.0763083333333325,-8.8375,4.234571831234669
2026-02-05 00:10:00,96,4.089875,-8.56,4.275365566237695
2026-02-05 01:10:00,96,4.514125,-8.795833333333334,4.642751200149675
2026-02-05 02:10:00,96,5.015325,-9.450000000000001,4.443522277444526
2026-02-05 03:10:00,96,4.341975,-10.44,4.647811636359253
2026-02-05 04:10:00,96,4.8755,-11.045833333333333,4.594099555084211
2026-02-05 05:10:00,96,4.527116666666666,-10.319166666666666,4.741213993092552
2026-02-05 06:10:00,96,5.209433333333333,-8.134166666666667,4.764595359097557
2026-02-05 07:10:00,96,6.0376416666666675,-7.504166666666666,3.9552333578583365
2026-02-05 08:10:00,96,8.053908333333332,-6.8475,4.598833037280042
2026-02-05 09:10:00,96,4.2131,-5.995,4.413695318728134
2026-02-05 10:10:00,96,2.3606833333333337,-4.0225,3.5692885533650496
2026-02-05 11:10:00,96,3.533275,-3.7550000000000003,2.4952955910089756
2026-02-05 12:10:00,96,3.8230500000000003,-3.2275000000000005,3.1189879394322384
2026-02-05 13:10:00,96,3.808958333333333,-4.0233333333333325,3.512305927393963
2026-02-05 14:10:00,96,2.9879083333333334,-4.240833333333334,3.756307676587583
2026-02-05 15:10:00,96,3.1927250000000003,-5.773333333333333,4.0182968380541855
2026-02-05 16:10:00,96,5.292741666666666,-7.495833333333334,4.289949114198667
2026-02-05 17:10:00,96,5.429491666666666,-9.648333333333333,4.846870355157977
2026-02-05 18:10:00,96,4.475791666666666,-10.5425,4.248168994417137
2026-02-05 19:10:00,96,4.010758333333333,-11.478333333333333,5.301331740064912
2026-02-05 20:10:00,96,5.235766666666667,-12.63,5.580531585811579
2026-02-05 21:10:00,96,5.972641666666666,-13.209166666666668,4.301247610100765
2026-02-05 22:10:00,96,3.8394333333333335,-15.597499999999997,4.237703360053202
2026-02-05 23:10:00,96,6.4378166666666665,-16.505,5.8740826416438745
2026-02-06 00:10:00,97,6.14325,-17.14916666666667,5.370615532006837
2026-02-06 01:10:00,97,4.712083333333333,-18.400000000000002,5.3719736879452995
2026-02-06 02:10:00,97,6.532916666666666,-20.14833333333333,5.940999203304516
2026-02-06 03:10:00,97,4.88765,-21.38083333333334,5.813389984444813
2026-02-06 04:10:00,97,6.132366666666666,-22.37,6.602246827855972
2026-02-06 05:10:00,97,7.1023249999999996,-23.725833333333327,7.101467422768074
2026-02-06 06:10:00,97,7.189925000000001,-24.277500000000003,6.3811487656332355
2026-02-06 07:10:00,97,6.827608333333333,-22.596666666666668,6.2822349528273325
2026-02-06 08:10:00,97,6.005391666666666,-18.254166666666666,6.58254793024904
2026-02-06 09:10:00,97,6.780891666666666,-14.37,6.226632733127833
2026-02-06 10:10:00,97,4.5957333333333334,-10.44,5.407040422533122
2026-02-06 11:10:00,97,4.972391666666666,-8.958333333333334,4.911063270461574
2026-02-06 12:10:00,97,3.8430333333333326,-7.55,3.2040619229610106
2026-02-06 13:10:00,97,4.237716666666667,-6.724166666666666,4.379556552752872
2026-02-06 14:10:00,97,4.038291666666667,-6.795833333333333,4.171253714356878
2026-02-06 15:10:00,97,5.697716666666666,-7.096666666666667,5.701385128978082
2026-02-06 16:10:00,97,4.749258333333333,-8.8925,4.371416269340734
2026-02-06 17:10:00,97,6.39655,-11.1725,5.305296045782253
2026-02-06 18:10:00,97,5.280924999999999,-13.230000000000002,4.738541590398192
2026-02-06 19:10:00,97,3.8703333333333334,-15.467500000000001,5.245351091272054
2026-02-06 20:10:00,97,5.47705,-17.673333333333332,5.756365934766741
2026-02-06 21:10:00,97,6.931591666666667,-18.361666666666668,6.444361417666859
2026-02-06 22:10:00,97,6.221141666666666,-19.254166666666666,5.950884241281428
2026-02-06 23:10:00,97,6.942733333333332,-19.898333333333333,5.9919663544016135
2026-02-07 00:10:00,98,6.316633333333332,-20.463333333333335,6.125878717911483
2026-02-07 01:10:00,98,7.340699999999999,-19.570833333333333,6.080086246481188
2026-02-07 02:10:00,98,4.893466666666667,-18.5925,6.203399644931888
2026-02-07 03:10:00,98,5.976566666666667,-17.583333333333332,6.364916543818047
2026-02-07 04:10:00,98,7.15055,-17.221666666666668,6.0306581571105395
2026-02-07 05:10:00,98,5.514608333333333,-17.124166666666667,5.894250354352103
2026-02-07 06:10:00,98,6.712816666666667,-16.429999999999996,6.4618347994762235
2026-02-07 07:10:00,98,5.588741666666667,-15.8375,5.649443590235158
2026-02-07 08:10:00,98,5.295841666666666,-11.934166666666664,5.366605419746206
2026-02-07 09:10:00,98,4.553575,-7.801666666666667,5.157236972717502
2026-02-07 10:10:00,98,5.4959999999999996,-5.377499999999999,4.334815040118864
2026-02-07 11:10:00,98,3.9089916666666666,-3.8183333333333334,3.5654982557318826
2026-02-07 12:10:00,98,2.4209916666666667,-2.886666666666667,2.8182036628385276
2026-02-07 13:10:00,98,2.8527750000000003,-3.4433333333333334,3.9345077930086765
2026-02-07 14:10:00,98,4.776591666666667,-3.6675,4.061004370646447
2026-02-07 15:10:00,98,3.274558333333333,-4.659166666666667,3.483639207229615
2026-02-07 16:10:00,98,5.5191333333333334,-5.575,4.724935235731387
2026-02-07 17:10:00,98,4.7134,-6.1575,4.677215561896358
2026-02-07 18:10:00,98,5.041333333333333,-6.343333333333334,4.1980130040008286
2026-02-07 19:10:00,98,4.605933333333333,-6.551666666666667,4.769318879262362
2026-02-07 20:10:00,98,4.732525,-6.612500000000001,4.043420896177901
2026-02-07 21:10:00,98,4.672008333333333,-6.704166666666667,4.429227217491129
2026-02-07 22:10:00,98,5.370024999999999,-7.300833333333333,5.009762515046662
2026-02-07 23:10:00,98,5.0168333333333335,-9.034166666666668,4.545675380657566
2026-02-08 00:10:00,99,4.410266666666666,-10.250833333333334,4.888139443193394
2026-02-08 01:10:00,99,6.562366666666668,-11.467500000000001,5.182614000893713
2026-02-08 02:10:00,99,3.9907166666666662,-12.292499999999999,4.67804924395642
2026-02-08 03:10:00,99,6.29325,-12.735833333333332,5.636192876306097
2026-02-08 04:10:00,99,5.695808333333334,-13.379999999999997,5.553359520332016
2026-02-08 05:10:00,99,6.428033333333333,-13.94,5.4131868054171814
2026-02-08 06:10:00,99,6.281024999999999,-14.235,5.765170403824133
2026-02-08 07:10:00,99,6.152174999999999,-13.225833333333334,5.607354697063811
2026-02-08 08:10:00,99,6.8280666666666665,-11.125,5.1375318666814564
2026-02-08 09:10:00,99,4.829816666666667,-10.916666666666666,4.554446083416956
2026-02-08 10:10:00,99,5.577858333333333,-8.744166666666667,4.641562068035646
2026-02-08 11:10:00,99,3.2813749999999997,-7.146666666666667,3.153612211425153
2026-02-08 12:10:00,99,3.284275,-5.7225,3.3439399367240625
2026-02-08 13:10:00,99,1.9743166666666663,-5.5058333333333325,2.81015718542052
2026-02-08 14:10:00,99,3.5473166666666662,-6.815,4.168708377220851
2026-02-08 15:10:00,99,3.934241666666667,-7.616666666666667,4.333303149183746
2026-02-08 16:10:00,99,5.028675,-9.135,5.427438385444871
2026-02-08 17:10:00,99,7.0060916666666655,-10.648333333333333,5.568433434479864
2026-02-08 18:10:00,99,3.8911083333333334,-12.217500000000001,4.832258961256064
2026-02-08 19:10:00,99,5.592416666666667,-13.648333333333333,5.127659858280079
2026-02-08 20:10:00,99,5.554199999999999,-14.574166666666665,5.021208753069917
2026-02-08 21:10:00,99,6.441683333333333,-14.862499999999999,6.214702509887212
2026-02-08 22:10:00,99,4.488758333333333,-15.023333333333332,6.432358364201811
2026-02-08 23:10:00,99,7.3570166666666665,-15.263333333333335,5.710535717089858
2026-02-09 00:10:00,100,5.740375,-15.574166666666665,6.653692574244294
2026-02-09 01:10:00,100,7.830858333333332,-15.834166666666667,7.777311649650163
2026-02-09 02:10:00,100,7.062083333333333,-16.0,7.9221889316903225
2026-02-09 03:10:00,100,8.5881,-15.752500000000003,7.344686686873502
2026-02-09 04:10:00,100,7.335516666666665,-15.644166666666669,6.725642511331456
2026-02-09 05:10:00,100,8.451291666666666,-15.652499999999998,7.351274812541938
2026-02-09 06:10:00,100,7.430658333333334,-15.75,7.653535192093873
2026-02-09 07:10:00,100,7.982616666666666,-14.414999999999997,6.687955243125291
2026-02-09 08:10:00,100,7.4561416666666664,-12.412500000000001,5.60805107298562
2026-02-09 09:10:00,100,6.686191666666667,-11.074166666666665,5.38106571400197
2026-02-09 10:10:00,100,3.8258916666666667,-8.030833333333332,3.852022362289712
2026-02-09 11:10:00,100,3.974491666666666,-5.573333333333334,3.815035147310027
2026-02-09 12:10:00,100,4.757225,-3.9291666666666667,3.3814282043114945
2026-02-09 13:10:00,100,3.0265583333333335,-3.01,3.6069081862781545
2026-02-09 14:10:00,100,3.1963666666666666,-3.9341666666666666,3.9412068560498725
2026-02-09 15:10:00,100,4.726391666666666,-4.420833333333333,4.616186653111777
2026-02-09 16:10:00,100,5.788649999999999,-5.2875000000000005,4.744014503563202
2026-02-09 17:10:00,100,5.906391666666666,-6.805,4.696406941947364
2026-02-09 18:10:00,100,4.083816666666666,-7.8374999999999995,4.285779102961026
2026-02-09 19:10:00,100,6.150416666666667,-8.62,4.689850623724883
2026-02-09 20:10:00,100,6.521133333333333,-9.209166666666667,4.769088472502426
2026-02-09 21:10:00,100,4.021575,-10.147499999999999,4.543203976444378
2026-02-09 22:10:00,100,6.234383333333333,-11.009166666666665,4.617869499726326
2026-02-09 23:10:00,100,5.374608333333334,-11.586666666666666,4.448690988826191
2026-02-10 00:10:00,101,5.263475000000001,-12.0,5.292578902005475
2026-02-10 01:10:00,101,5.963508333333333,-12.153333333333336,5.097367032435113
2026-02-10 02:10:00,101,5.19395,-12.44,5.185520525037138
2026-02-10 03:10:00,101,6.107549999999999,-13.148333333333332,5.616498700207439
2026-02-10 04:10:00,101,5.153999999999999,-13.5875,5.861582850766579
2026-02-10 05:10:00,101,6.985283333333332,-13.759166666666665,5.689922672613465
2026-02-10 06:10:00,101,7.384391666666668,-14.509166666666667,5.426577193751554
2026-02-10 07:10:00,101,5.470291666666666,-11.975833333333334,5.072673712481185
2026-02-10 08:10:00,101,5.067025,-9.156666666666666,4.466079424811675
2026-02-10 09:10:00,101,4.6526,-7.25,4.030161586751691
2026-02-10 10:10:00,101,1.556158333333333,-3.9858333333333333,2.6969591122527423
2026-02-10 11:10:00,101,2.760491666666666,-1.5241666666666667,2.451559586881651
2026-02-10 12:10:00,101,2.053983333333333,0.19833333333333333,1.9590105811507008
2026-02-10 13:10:00,101,1.6712833333333335,1.7924999999999998,2.8564997374707506
2026-02-10 14:10:00,101,2.656133333333333,0.6016666666666666,3.776371896732613
2026-02-10 15:10:00,101,3.558116666666667,-1.5741666666666667,3.8998662291182864
2026-02-10 16:10:00,101,3.8117583333333336,-3.940833333333334,3.845277878964943
2026-02-10 17:10:00,101,4.735925,-5.413333333333334,4.351937097347388
2026-02-10 18:10:00,101,2.918625,-6.125,3.614237694461181
2026-02-10 19:10:00,101,4.471191666666667,-7.333333333333333,3.986936141600734
2026-02-10 20:10:00,101,4.649849999999999,-7.915833333333333,4.464515016861384
2026-02-10 21:10:00,101,4.491783333333333,-7.473333333333333,4.612815079698947
2026-02-10 22:10:00,101,4.819341666666666,-6.916666666666667,4.753106927572942
2026-02-10 23:10:00,101,4.0992,-6.0008333333333335,4.844305388609614
2026-02-11 00:10:00,102,4.002841666666667,-5.711666666666666,4.2624105209993
2026-02-11 01:10:00,102,5.088966666666666,-5.715833333333332,4.75373859812915
2026-02-11 02:10:00,102,3.886183333333333,-5.559166666666666,4.488095698629875
2026-02-11 03:10:00,102,4.305225,-5.360833333333333,4.664696481273204
2026-02-11 04:10:00,102,2.8387249999999997,-5.1475,4.04525243154054
2026-02-11 05:10:00,102,5.4397166666666665,-5.206666666666666,4.642807849511074
2026-02-11 06:10:00,102,3.393499999999999,-5.148333333333333,4.371040829312314
2026-02-11 07:10:00,102,4.39445,-4.709166666666667,4.243409691793342
2026-02-11 08:10:00,102,3.464166666666666,-3.6341666666666668,4.242200941043939
2026-02-11 09:10:00,102,3.790083333333333,-2.796666666666667,4.041503842762817
2026-02-11 10:10:00,102,4.120566666666667,-2.328333333333333,3.878319382131637
2026-02-11 11:10:00,102,2.7932666666666663,-1.6875,3.6777067158285575
2026-02-11 12:10:00,102,3.419583333333333,-1.5691666666666668,3.4268982700808945
2026-02-11 13:10:00,102,2.6949666666666663,-0.685,3.8227468198433603
2026-02-11 14:10:00,102,4.0402249999999995,-0.24083333333333332,3.849057506570784
2026-02-11 15:10:00,102,2.838883333333333,-1.2258333333333333,3.5106741186222123
2026-02-11 16:10:00,102,2.4920833333333334,-2.3741666666666665,3.8459629032413316
2026-02-11 17:10:00,102,2.6146416666666665,-2.8200000000000003,3.590669969360434
2026-02-11 18:10:00,102,2.6131916666666664,-3.0833333333333335,3.4385180113774774
2026-02-11 19:10:00,102,4.02085,-3.6758333333333333,3.5287887282594967
2026-02-11 20:10:00,102,3.559808333333333,-3.615,4.395598946010356
2026-02-11 21:10:00,102,4.379191666666666,-3.519166666666667,4.656064362780372
2026-02-11 22:10:00,102,4.300241666666666,-4.254166666666667,4.302056191334773
2026-02-11 23:10:00,102,5.213866666666666,-4.088333333333334,4.608726237157832
2026-02-12 00:10:00,103,3.4760833333333334,-3.75,3.587990365925892
2026-02-12 01:10:00,103,3.852383333333333,-3.7449999999999997,4.066543047502114
2026-02-12 02:10:00,103,3.958766666666666,-3.735,4.535976380939738
2026-02-12 03:10:00,103,3.842624999999999,-3.7750000000000004,4.094208204921436
2026-02-12 04:10:00,103,4.085991666666666,-3.856666666666666,4.374159125415017
2026-02-12 05:10:00,103,3.7427083333333333,-3.89,3.855399135863175
2026-02-12 06:10:00,103,5.392691666666667,-3.894166666666667,4.443529925881558
2026-02-12 07:10:00,103,3.388433333333333,-3.560833333333333,3.485080128006191
2026-02-12 08:10:00,103,3.4083916666666663,-1.9900000000000002,3.308260871439622
2026-02-12 09:10:00,103,3.419625,-1.1849999999999998,3.588293253531921
2026-02-12 10:10:00,103,1.4337333333333333,-0.4025,3.0225546561050787
2026-02-12 11:10:00,103,3.152833333333333,-0.2908333333333334,3.0456751483224402
2026-02-12 12:10:00,103,2.9487083333333333,0.39916666666666667,2.857358071323941
2026-02-12 13:10:00,103,2.233033333333333,-0.6391666666666667,2.9985449395124113
2026-02-12 14:10:00,103,2.2988833333333334,-1.1341666666666668,3.339063656565359
2026-02-12 15:10:00,103,4.103141666666667,-1.8291666666666664,3.9171844895230303
2026-02-12 16:10:00,103,3.393816666666666,-3.0833333333333335,3.941952251024224
2026-02-12 17:10:00,103,4.805408333333333,-3.9125,4.403476268335614
2026-02-12 18:10:00,103,2.289191666666667,-4.508333333333333,3.9535856730559367
2026-02-12 19:10:00,103,3.6601166666666667,-5.245,3.889466652699536
2026-02-12 20:10:00,103,3.8564249999999998,-6.1625000000000005,4.005085619899509
2026-02-12 21:10:00,103,4.087733333333333,-7.1308333333333325,4.729510929243493
2026-02-12 22:10:00,103,3.9080333333333335,-7.875,4.4844760640872225
2026-02-12 23:10:00,103,3.4459083333333327,-8.588333333333333,3.948993934672715
2026-02-13 00:10:00,104,4.807041666666667,-9.2925,4.896325048178875
2026-02-13 01:10:00,104,5.531616666666667,-9.943333333333333,5.5207055827692635
2026-02-13 02:10:00,104,4.836916666666666,-9.351666666666667,4.94032786792898
2026-02-13 03:10:00,104,5.4183916666666665,-10.352500000000001,5.184055728619063
2026-02-13 04:10:00,104,5.3233500000000005,-10.906666666666666,4.928531424197162
2026-02-13 05:10:00,104,4.803108333333332,-11.838333333333333,5.172716091920174
2026-02-13 06:10:00,104,4.9913333333333325,-12.885,5.256642861040948
2026-02-13 07:10:00,104,5.628025,-10.674999999999999,4.775740906413234
2026-02-13 08:10:00,104,5.348916666666666,-7.546666666666667,5.267431045529917
2026-02-13 09:10:00,104,5.548291666666665,-5.995,4.4150610626649875
2026-02-13 10:10:00,104,2.155866666666667,-4.021666666666667,3.782962362096829
2026-02-13 11:10:00,104,0.8782333333333332,-2.19,2.468869848580222
2026-02-13 12:10:00,104,2.490241666666667,-1.4016666666666666,3.3019847093876438
2026-02-13 13:10:00,104,0.8633083333333333,-0.2166666666666667,2.3039109202795407
2026-02-13 14:10:00,104,1.7560833333333332,-0.9108333333333333,2.7989856130551027
2026-02-13 15:10:00,104,2.283541666666667,-2.286666666666666,2.330499824602959
2026-02-13 16:10:00,104,3.2109916666666667,-3.333333333333334,3.4567295413511285
2026-02-13 17:10:00,104,3.9592249999999996,-4.573333333333333,4.165479442835451
2026-02-13 18:10:00,104,3.5432,-5.7825,3.851787265719003
2026-02-13 19:10:00,104,3.5524916666666666,-6.918333333333334,3.628288983282112
2026-02-13 20:10:00,104,3.1354249999999992,-7.908333333333334,4.305408682311875
2026-02-13 21:10:00,104,5.654425000000001,-8.189166666666667,4.82228303941006
2026-02-13 22:10:00,104,7.068083333333333,-8.036666666666667,4.338992076574119
2026-02-13 23:10:00,104,4.612166666666666,-8.574166666666667,4.982381475231084
2026-02-14 00:10:00,105,6.328891666666666,-7.903333333333333,5.371363385783836
2026-02-14 01:10:00,105,4.150016666666667,-7.781666666666667,4.627374083944847
2026-02-14 02:10:00,105,5.836574999999999,-8.624166666666666,5.186108918022551
2026-02-14 03:10:00,105,5.798858333333334,-9.8425,4.6757082509778884
2026-02-14 04:10:00,105,5.0464,-10.513333333333334,5.098372124428622
2026-02-14 05:10:00,105,4.672883333333334,-12.676666666666668,5.4278078790500555
2026-02-14 06:10:00,105,6.269675,-14.564166666666665,5.369573816749282
2026-02-14 07:10:00,105,4.5353916666666665,-10.929166666666667,4.733770487972092
2026-02-14 08:10:00,105,5.6489,-5.240833333333334,4.993604754840309
2026-02-14 09:10:00,105,3.408208333333333,-3.8466666666666662,3.8428175682926042
2026-02-14 10:10:00,105,3.290058333333333,-1.241666666666667,3.329269437110284
2026-02-14 11:10:00,105,1.9425833333333333,-0.2866666666666667,2.229843510170446
2026-02-14 12:10:00,105,3.1104083333333334,-0.023333333333333307,2.8141579714205966
2026-02-14 13:10:00,105,2.9581166666666667,-0.08416666666666668,3.1922120409806722
2026-02-14 14:10:00,105,2.940941666666667,-0.7083333333333334,3.706238784938992
2026-02-14 15:10:00,105,3.2429499999999996,-1.5550000000000004,3.5910014238219015
2026-02-14 16:10:00,105,3.54685,-2.8624999999999994,4.019394803082877
2026-02-14 17:10:00,105,3.1203833333333333,-3.2225,4.093247733592449
2026-02-14 18:10:00,105,3.7694666666666663,-3.0283333333333338,4.246716022665603
2026-02-14 19:10:00,105,4.77515,-3.5283333333333338,3.6985971885063735
2026-02-14 20:10:00,105,2.3582083333333332,-4.101666666666667,3.085866073220818
2026-02-14 21:10:00,105,3.59705,-5.338333333333334,2.7056057800306137
2026-02-14 22:10:00,105,4.429058333333334,-5.829166666666667,4.0445781820117475
2026-02-14 23:10:00,105,4.738133333333334,-6.550833333333333,4.795389565778857
2026-02-15 00:10:00,106,4.7189,-7.1725,4.665768474732482
2026-02-15 01:10:00,106,4.985925,-8.2325,4.3422774162016875
2026-02-15 02:10:00,106,5.294216666666666,-9.773333333333333,4.518891226061582
2026-02-15 03:10:00,106,4.354283333333333,-11.134166666666667,3.8717038008960953
2026-02-15 04:10:00,106,4.454908333333333,-12.291666666666666,4.936964071428718
2026-02-15 05:10:00,106,4.80315,-12.834166666666668,5.0815690570674015
2026-02-15 06:10:00,106,5.96435,-13.245833333333335,5.189259228449066
2026-02-15 07:10:00,106,4.855591666666665,-11.481666666666667,5.112750999891994
2026-02-15 08:10:00,106,3.8735166666666667,-8.574166666666667,4.6619921164284515
2026-02-15 09:10:00,106,5.555183333333333,-7.023333333333333,4.869008095937529
2026-02-15 10:10:00,106,2.621766666666667,-4.676666666666667,3.348733942256206
2026-02-15 11:10:00,106,2.4191916666666664,-2.9858333333333325,2.4962956149455184
2026-02-15 12:10:00,106,0.9313333333333333,-0.45,1.1283071646582812
2026-02-15 13:10:00,106,1.6431749999999998,0.4208333333333334,2.0498429867663686
2026-02-15 14:10:00,106,0.8707250000000001,0.4083333333333332,1.9549571127963483
2026-02-15 15:10:00,106,3.7911916666666667,-1.7966666666666669,3.150023990743862
2026-02-15 16:10:00,106,3.6035166666666663,-3.5283333333333338,3.7043479097354237
2026-02-15 17:10:00,106,4.561374999999999,-5.235833333333333,4.115022231388453
2026-02-15 18:10:00,106,4.726599999999999,-6.6575,3.889408582401003
2026-02-15 19:10:00,106,3.528083333333333,-8.370833333333334,3.8685035403646504
2026-02-15 20:10:00,106,3.814216666666666,-9.852500000000001,3.836573164668576
2026-02-15 21:10:00,106,4.490591666666666,-10.9675,3.8978466557562754
2026-02-15 22:10:00,106,4.837375,-12.09666666666667,5.072047752843756
2026-02-15 23:10:00,106,5.064691666666666,-13.615000000000002,5.065320116369586
2026-02-16 00:10:00,107,6.229541666666666,-14.795833333333334,5.597634799870069
2026-02-16 01:10:00,107,4.132216666666666,-15.348333333333334,4.463512868941197
2026-02-16 02:10:00,107,4.8140583333333336,-16.45,5.75841082152441
2026-02-16 03:10:00,107,6.177225,-17.115,5.689595321158519
2026-02-16 04:10:00,107,4.771858333333332,-17.629166666666666,5.573480160810996
2026-02-16 05:10:00,107,5.532750000000001,-17.263333333333335,5.869977836428657
2026-02-16 06:10:00,107,4.955708333333334,-16.7225,6.474997540457734
2026-02-16 07:10:00,107,6.412066666666668,-14.06916666666667,6.118840914504197
2026-02-16 08:10:00,107,4.485216666666666,-8.456666666666665,4.73543932331265
2026-02-16 09:10:00,107,4.061441666666667,-4.9675,4.640933612524414
2026-02-16 10:10:00,107,1.3382916666666667,-1.2691666666666668,2.9440866368243537
2026-02-16 11:10:00,107,2.3721916666666667,1.1666666666666665,2.438959192018574
2026-02-16 12:10:00,107,1.1329416666666665,3.0041666666666664,1.3019014505017878
2026-02-16 13:10:00,107,1.8876333333333335,3.7716666666666665,1.799429067676728
2026-02-16 14:10:00,107,2.125658333333333,3.2083333333333335,2.9644738641312935
2026-02-16 15:10:00,107,3.0984000000000003,2.0508333333333333,3.1938349052239516
2026-02-16 16:10:00,107,3.736508333333333,-0.48583333333333334,3.5984839213212103
2026-02-16 17:10:00,107,3.3362916666666673,-3.2925,3.173710917583957
2026-02-16 18:10:00,107,3.3715999999999995,-4.889166666666667,3.891257719787161
2026-02-16 19:10:00,107,3.708833333333333,-6.560833333333334,4.37690108225067
2026-02-16 20:10:00,107,4.528908333333333,-7.570833333333333,3.9267678859514854
2026-02-16 21:10:00,107,2.9629833333333333,-8.829166666666667,3.419469944367112
2026-02-16 22:10:00,107,4.922999999999999,-9.850833333333332,4.484052244994347
2026-02-16 23:10:00,107,4.769433333333334,-10.601666666666667,5.0666680393341
2026-02-17 00:10:00,108,3.6829416666666663,-10.4675,4.423495849166559
2026-02-17 01:10:00,108,4.254583333333334,-10.602500000000001,5.210169213663252
2026-02-17 02:10:00,108,4.546166666666666,-10.063333333333333,5.883911803782187
2026-02-17 03:10:00,108,5.907524999999999,-9.721666666666666,5.809647864927777
2026-02-17 04:10:00,108,4.682358333333333,-9.64,4.758679258673938
2026-02-17 05:10:00,108,3.628058333333333,-10.926666666666668,4.9395678954901445
2026-02-17 06:10:00,108,5.156624999999999,-11.991666666666667,5.12234774151872
2026-02-17 07:10:00,108,4.865041666666666,-9.246666666666668,5.438687089833077
2026-02-17 08:10:00,108,3.8354833333333334,-4.084166666666667,3.738967019290065
2026-02-17 09:10:00,108,3.775058333333333,-0.7866666666666666,3.3120681600688493
2026-02-17 10:10:00,108,1.3350416666666667,1.25,1.50697839352949
2026-02-17 11:10:00,108,2.208241666666667,2.9675,1.2964704958428903
2026-02-17 12:10:00,108,1.5570583333333334,2.5641666666666665,1.5346309018796824
2026-02-17 13:10:00,108,3.3152333333333335,1.8200000000000003,2.554019097540281
2026-02-17 14:10:00,108,3.3912166666666663,1.7358333333333331,3.7773330274341843
2026-02-17 15:10:00,108,3.5274333333333328,1.6066666666666671,3.222025027087922
2026-02-17 16:10:00,108,3.5682333333333336,1.1300000000000001,3.6397692111217204
2026-02-17 17:10:00,108,3.8901416666666675,0.42999999999999994,2.948281414127421
2026-02-17 18:10:00,108,2.90945,0.1575,3.0682040232927084
2026-02-17 19:10:00,108,2.692508333333333,0.21666666666666667,2.7950010030815715
2026-02-17 20:10:00,108,2.5758083333333333,0.6858333333333332,3.293657550559357
2026-02-17 21:10:00,108,3.3541166666666666,0.07833333333333332,3.4752337115569754
2026-02-17 22:10:00,108,4.232725,0.12083333333333336,3.895860024407965
2026-02-17 23:10:00,108,4.218641666666667,-0.036666666666666674,4.0985518325496955
2026-02-18 00:10:00,109,2.8635333333333333,-0.9900000000000001,3.3956319753660074
2026-02-18 01:10:00,109,4.284833333333333,-3.0875,3.8614088827929836
2026-02-18 02:10:00,109,3.4199166666666665,-2.9525,4.256668119018674
2026-02-18 03:10:00,109,4.08295,-2.5041666666666664,3.6954743589481174
2026-02-18 04:10:00,109,3.5602166666666664,-1.4016666666666666,3.574005085857716
2026-02-18 05:10:00,109,4.340224999999999,-2.1658333333333335,3.7661018669647213
2026-02-18 06:10:00,109,3.7146083333333326,-2.4766666666666666,3.6451365054182276
2026-02-18 07:10:00,109,4.235025000000001,-1.8991666666666667,3.837657749202682
2026-02-18 08:10:00,109,2.453958333333333,-0.07833333333333344,2.527244009916344
2026-02-18 09:10:00,109,4.392233333333333,0.7308333333333333,2.339056617531073
2026-02-18 10:10:00,109,1.0196,1.9308333333333332,1.3550796229128386
2026-02-18 11:10:00,109,0.0,2.1675,0.008739491984863568
2026-02-18 12:10:00,109,1.328825,3.388333333333333,0.0
2026-02-18 13:10:00,109,1.1105333333333334,3.5033333333333334,1.068135744826758
2026-02-18 14:10:00,109,2.2629916666666667,1.8808333333333334,2.096554097539822
2026-02-18 15:10:00,109,2.9158416666666667,0.7391666666666666,2.7842059375431476
2026-02-18 16:10:00,109,3.3009583333333334,-0.9899999999999999,3.2520039963887974
2026-02-18 17:10:00,109,3.6543916666666663,-2.4208333333333334,3.4665851378584183
2026-02-18 18:10:00,109,3.485908333333333,-2.894166666666667,3.9059707437302245
2026-02-18 19:10:00,109,3.558225,-3.3850000000000002,3.88797616492168
2026-02-18 20:10:00,109,5.818633333333333,-3.9683333333333333,3.972343500083811
2026-02-18 21:10:00,109,3.3752749999999994,-4.639166666666667,3.98577599163916
2026-02-18 22:10:00,109,5.187591666666666,-5.453333333333333,3.614083894840837
2026-02-18 23:10:00,109,3.7020833333333334,-5.949166666666667,3.487555125076609
2026-02-19 00:10:00,110,3.8143083333333334,-6.565,4.145412913173974
2026-02-19 01:10:00,110,4.988949999999999,-5.788333333333334,4.264038834359243
2026-02-19 02:10:00,110,3.586333333333333,-7.199999999999999,4.268094959322548
2026-02-19 03:10:00,110,4.2778833333333335,-8.083333333333334,4.083197224007933
2026-02-19 04:10:00,110,5.8576999999999995,-8.934166666666666,4.765137337271949
2026-02-19 05:10:00,110,4.109291666666667,-11.209166666666667,5.142104365732509
2026-02-19 06:10:00,110,5.8652,-12.815,5.178736140517457
2026-02-19 07:10:00,110,4.160191666666667,-8.495833333333334,4.439002716917538
2026-02-19 08:10:00,110,4.568575,-4.2825,3.731526926614227
2026-02-19 09:10:00,110,3.9715,-2.9266666666666663,3.154738460181814
2026-02-19 10:10:00,110,1.1893833333333332,-0.5408333333333334,2.4955444220991176
2026-02-19 11:10:00,110,1.1324333333333332,0.75,0.9637248459656867
2026-02-19 12:10:00,110,1.853375,2.0083333333333333,2.263712197010953
2026-02-19 13:10:00,110,2.35565,2.8008333333333333,2.4972773853048063
2026-02-19 14:10:00,110,2.221375,2.3558333333333334,2.313510990206236
2026-02-19 15:10:00,110,2.9995333333333334,1.1583333333333332,3.266272543793772
2026-02-19 16:10:00,110,2.1479166666666667,-0.6241666666666666,3.516207904319087
2026-02-19 17:10:00,110,1.054425,-2.991666666666667,1.8269768775124628
2026-02-19 18:10:00,110,3.4331750000000003,-4.163333333333333,2.692410386701395
2026-02-19 19:10:00,110,2.3044833333333337,-5.758333333333333,3.023082943484731
2026-02-19 20:10:00,110,4.399,-7.490833333333334,4.188385908188753
2026-02-19 21:10:00,110,3.7301750000000005,-8.943333333333333,4.20397214110057
2026-02-19 22:10:00,110,3.6958333333333333,-10.44,3.350251250011265
2026-02-19 23:10:00,110,3.7984999999999998,-11.759166666666667,4.389574031629205
2026-02-20 00:10:00,111,4.618658333333333,-12.655833333333334,4.3727718799159385
2026-02-20 01:10:00,111,4.008783333333334,-13.455,3.982185250130476
2026-02-20 02:10:00,111,3.3808166666666666,-14.420833333333334,5.160896576156525
2026-02-20 03:10:00,111,4.480975,-15.180833333333332,5.069027032220319
2026-02-20 04:10:00,111,5.500808333333333,-16.055833333333336,5.408775114307617
2026-02-20 05:10:00,111,4.1214916666666666,-16.838333333333335,5.237966887353839
2026-02-20 06:10:00,111,4.365975000000001,-16.731666666666666,5.850742242864317
2026-02-20 07:10:00,111,4.901008333333333,-12.486666666666666,5.822395784812624
2026-02-20 08:10:00,111,5.86025,-6.088333333333334,4.520737768874928
2026-02-20 09:10:00,111,2.899316666666667,-3.5825,3.0911133824248274
2026-02-20 10:10:00,111,2.441125,-1.43,2.834814345323805
2026-02-20 11:10:00,111,1.4330833333333333,-0.18999999999999997,1.362481520470186
2026-02-20 12:10:00,111,1.4623583333333332,0.8458333333333332,1.3536953184984888
2026-02-20 13:10:00,111,3.8984749999999995,1.2916666666666667,2.5855858184825857
2026-02-20 14:10:00,111,1.9332166666666666,1.0358333333333332,1.3912371951484541
2026-02-20 15:10:00,111,2.209533333333334,0.02416666666666668,2.0603615448681447
2026-02-20 16:10:00,111,3.7489833333333333,-1.4908333333333335,3.5043721166491917
2026-02-20 17:10:00,111,4.07095,-2.670833333333334,3.226431202604231
2026-02-20 18:10:00,111,3.1342749999999997,-3.5833333333333326,3.8682674095175837
2026-02-20 19:10:00,111,3.7984166666666663,-4.480833333333333,3.3571301759221868
2026-02-20 20:10:00,111,2.248091666666667,-5.357500000000001,3.1945136874893842
2026-02-20 21:10:00,111,5.224983333333332,-6.041666666666667,4.047641897431026
2026-02-20 22:10:00,111,5.673283333333333,-7.0375000000000005,5.059388400457889
2026-02-20 23:10:00,111,4.1269,-8.021666666666667,4.035363820230961
2026-02-21 00:10:00,112,4.469391666666667,-9.056666666666667,4.598804264712674
2026-02-21 01:10:00,112,5.81315,-9.865833333333333,4.30101570003698
2026-02-21 02:10:00,112,3.5155416666666666,-10.604999999999999,4.724051664806937
2026-02-21 03:10:00,112,5.508308333333333,-11.19,5.157399599431909
2026-02-21 04:10:00,112,5.618566666666667,-11.578333333333333,4.972180791787299
2026-02-21 05:10:00,112,3.6036666666666672,-12.971666666666666,4.5399885358502345
2026-02-21 06:10:00,112,5.9035666666666655,-13.7725,5.520589928764057
2026-02-21 07:10:00,112,4.7532749999999995,-10.625,5.37870889157453
2026-02-21 08:10:00,112,5.77805,-8.370833333333334,4.278087980781197
2026-02-21 09:10:00,112,3.453708333333333,-7.075,3.4215255829767144
2026-02-21 10:10:00,112,2.83605,-4.1258333333333335,2.7719986184759566
2026-02-21 11:10:00,112,0.0,-3.689166666666667,1.5096191287001226
2026-02-21 12:10:00,112,1.9207416666666668,-2.608333333333334,0.4378064532222279
2026-02-21 13:10:00,112,2.404816666666667,-0.9058333333333333,1.026132721157263
2026-02-21 14:10:00,112,1.076125,-0.49499999999999994,2.385211611336487
2026-02-21 15:10:00,112,2.240158333333333,-1.63,3.3823804280088527
2026-02-21 16:10:00,112,2.8714999999999997,-2.9250000000000003,4.199138658798438
2026-02-21 17:10:00,112,2.891641666666666,-4.546666666666667,4.2305539302796005
2026-02-21 18:10:00,112,3.1608499999999995,-6.009999999999999,4.777433974644192
2026-02-21 19:10:00,112,4.316841666666666,-7.584166666666667,4.1731821562253995
2026-02-21 20:10:00,112,3.470366666666666,-8.6075,3.9906103419245715
2026-02-21 21:10:00,112,2.999533333333333,-9.615,3.9324714418530253
2026-02-21 22:10:00,112,4.633158333333332,-10.365,4.143123831350249
2026-02-21 23:10:00,112,3.3532583333333337,-11.399166666666668,4.473498391422094
2026-02-22 00:10:00,113,5.909275,-11.935,5.913946599331923
2026-02-22 01:10:00,113,5.918991666666666,-12.547500000000001,5.73768372684571
2026-02-22 02:10:00,113,4.96185,-13.221666666666666,4.706840730585293
2026-02-22 03:10:00,113,4.640583333333333,-14.5375,5.38237845197942
2026-02-22 04:10:00,113,5.4911166666666675,-15.39,5.987013758281615
2026-02-22 05:10:00,113,5.623383333333332,-15.94,6.172215167296083
2026-02-22 06:10:00,113,5.138233333333333,-15.443333333333333,5.830698860484374
2026-02-22 07:10:00,113,6.0282083333333345,-11.550833333333332,5.511894427442925
2026-02-22 08:10:00,113,3.7298500000000003,-5.1775,4.487802133150972
2026-02-22 09:10:00,113,5.5483,-2.254166666666667,4.435351552489891
2026-02-22 10:10:00,113,0.9204083333333334,0.365,2.521244326561985
2026-02-22 11:10:00,113,1.8377833333333333,1.4658333333333335,0.8878352259089752
2026-02-22 12:10:00,113,0.9407166666666666,2.9825,0.5061759321955257
2026-02-22 13:10:00,113,0.9513333333333333,3.3674999999999997,0.641113070635181
2026-02-22 14:10:00,113,0.9226249999999999,2.815,1.7608562716761897
2026-02-22 15:10:00,113,1.8183833333333328,1.7258333333333333,2.8592260493733828
2026-02-22 16:10:00,113,2.9546250000000005,0.03750000000000007,3.3019556501844356
2026-02-22 17:10:00,113,4.878333333333333,-3.045833333333333,3.8256776466301043
2026-02-22 18:10:00,113,3.1245583333333338,-4.389166666666667,3.7978235726034875
2026-02-22 19:10:00,113,4.198625,-5.694166666666667,4.028518446948953
2026-02-22 20:10:00,113,4.663041666666667,-6.773333333333333,3.3736849982196393
2026-02-22 21:10:00,113,3.2762416666666665,-7.555833333333333,3.908069672446817
2026-02-22 22:10:00,113,4.4319083333333325,-8.463333333333333,4.2383074081344185
2026-02-22 23:10:00,113,4.582725,-9.5325,4.41479886712275
2026-02-23 00:10:00,114,2.9816749999999996,-9.93,4.23722637285524
2026-02-23 01:10:00,114,4.803850000000001,-10.133333333333333,4.885050205392664
2026-02-23 02:10:00,114,4.0005749999999995,-10.1525,4.582140021766225
2026-02-23 03:10:00,114,4.278091666666667,-9.11,5.324815384205115
2026-02-23 04:10:00,114,5.099975,-8.435,5.241925056051359
2026-02-23 05:10:00,114,3.9041416666666664,-8.694166666666666,4.777904196351662
2026-02-23 06:10:00,114,4.361549999999999,-8.291666666666666,5.002925345144019
2026-02-23 07:10:00,114,4.233258333333333,-7.458333333333333,4.191931212148938
2026-02-23 08:10:00,114,4.561033333333333,-6.7075,4.831137420380438
2026-02-23 09:10:00,114,3.9620249999999997,-6.084166666666667,4.645364081610428
2026-02-23 10:10:00,114,5.2141,-5.514166666666667,4.053669782260969
2026-02-23 11:10:00,114,2.528766666666667,-5.538333333333333,3.287351250508865
2026-02-23 12:10:00,114,4.327641666666667,-5.2491666666666665,4.721764229970588
2026-02-23 13:10:00,114,4.127199999999999,-5.015,5.358843185376466
2026-02-23 14:10:00,114,4.8709,-4.744166666666666,4.941335799528453
2026-02-23 15:10:00,114,4.74405,-4.5975,4.594008954139261
2026-02-23 16:10:00,114,5.646191666666667,-4.9941666666666675,5.224495343083779
2026-02-23 17:10:00,114,4.207883333333332,-5.38,4.442672001679712
2026-02-23 18:10:00,114,3.563875,-5.605833333333333,3.877086825239059
2026-02-23 19:10:00,114,1.9623000000000002,-5.730833333333333,3.675879793650327
2026-02-23 20:10:00,114,4.6324250000000005,-5.639166666666667,3.5424914782336843
2026-02-23 21:10:00,114,2.768825,-5.555833333333333,4.038213934891395
2026-02-23 22:10:00,114,4.255566666666666,-5.698333333333333,4.964702467604562
2026-02-23 23:10:00,114,4.769491666666666,-5.7316666666666665,4.8519562747144125
2026-02-24 00:10:00,115,5.274575,-5.801666666666667,4.785631201185751
2026-02-24 01:10:00,115,5.0115083333333335,-5.6258333333333335,4.098447709068811
2026-02-24 02:10:00,115,3.2485166666666663,-5.5325,4.379129242274782
2026-02-24 03:10:00,115,5.192383333333333,-5.685,4.561855964851866
2026-02-24 04:10:00,115,4.5633333333333335,-5.926666666666667,4.457054291017988
2026-02-24 05:10:00,115,4.762416666666667,-6.32,4.358339641724925
2026-02-24 06:10:00,115,4.077716666666666,-6.394166666666667,4.14116412030457
2026-02-24 07:10:00,115,4.965366666666666,-5.865000000000001,3.995218355587343
2026-02-24 08:10:00,115,4.175291666666667,-3.4683333333333333,2.6394703726009903
2026-02-24 09:10:00,115,2.6397749999999998,-2.579166666666667,2.550085113581366
2026-02-24 10:10:00,115,3.6017666666666663,-2.3000000000000003,2.2727915006921076
2026-02-24 11:10:00,115,2.186625,-2.5216666666666665,2.4734775026079006
2026-02-24 12:10:00,115,4.1453500000000005,-1.1725,2.218299223596604
2026-02-24 13:10:00,115,2.444933333333333,-1.4991666666666668,2.4647357405882566
2026-02-24 14:10:00,115,2.5811333333333333,-2.033333333333333,2.4380694191529027
2026-02-24 15:10:00,115,4.4162583333333325,-3.1075,3.248844979574062
2026-02-24 16:10:00,115,3.419083333333333,-4.260833333333334,3.1157541412616268
2026-02-24 17:10:00,115,4.210333333333333,-5.6575,4.334774841165414
2026-02-24 18:10:00,115,4.070566666666667,-7.148333333333333,3.3973401333309297
2026-02-24 19:10:00,115,2.3103499999999997,-8.393333333333333,3.8506767263632415
2026-02-24 20:10:00,115,5.878549999999999,-9.490833333333333,4.631399961426903
2026-02-24 21:10:00,115,5.970433333333333,-10.430833333333334,5.235152486045896
2026-02-24 22:10:00,115,6.056508333333333,-11.375,4.859240456176391
2026-02-24 23:10:00,115,5.103291666666666,-11.725833333333332,5.246935352684861
2026-02-25 00:10:00,116,5.8069749999999996,-12.849166666666667,5.88845883993117
2026-02-25 01:10:00,116,6.675566666666666,-14.16666666666667,4.947734071622373
2026-02-25 02:10:00,116,4.010716666666667,-14.906666666666666,5.106673463046079
2026-02-25 03:10:00,116,4.681274999999999,-15.055000000000001,5.355340862345149
2026-02-25 04:10:00,116,6.4791,-16.213333333333335,5.859040977585199
2026-02-25 05:10:00,116,4.789516666666667,-16.828333333333333,5.804283609349587
2026-02-25 06:10:00,116,6.508716666666667,-15.675833333333332,6.0878848279348805
2026-02-25 07:10:00,116,5.201491666666667,-13.389166666666668,5.813815324282159
2026-02-25 08:10:00,116,7.16495,-11.38,5.848062868765533
2026-02-25 09:10:00,116,6.1786166666666675,-10.231666666666667,5.071564280571421
2026-02-25 10:10:00,116,3.817866666666666,-9.5925,3.6474792329493373
2026-02-25 11:10:00,116,4.573716666666666,-8.7075,4.670692477670588
2026-02-25 12:10:00,116,4.801525,-6.8425,4.173821568237637
2026-02-25 13:10:00,116,3.8683916666666662,-5.269166666666667,4.567482067368332
2026-02-25 14:10:00,116,3.6267333333333327,-4.865833333333334,3.860440380783233
2026-02-25 15:10:00,116,4.211158333333333,-4.88,4.258206300027712
2026-02-25 16:10:00,116,3.504341666666667,-5.1625000000000005,4.484629810187397
2026-02-25 17:10:00,116,5.568091666666667,-5.411666666666666,4.171209268829866
2026-02-25 18:10:00,116,3.085008333333333,-5.420833333333333,3.962513083161203
2026-02-25 19:10:00,116,2.9318666666666666,-5.39,3.896005443615973
2026-02-25 20:10:00,116,3.8138916666666662,-5.39,3.7019029354449082
2026-02-25 21:10:00,116,2.4603916666666668,-5.524166666666666,3.7098922723120946
2026-02-25 22:10:00,116,4.019916666666667,-6.885833333333334,3.961318517398235
2026-02-25 23:10:00,116,3.7977999999999996,-7.801666666666667,4.455318241867059
2026-02-26 00:10:00,117,5.52055,-8.088333333333333,5.186817497306809
2026-02-26 01:10:00,117,4.586516666666666,-7.736666666666667,5.354001585917311
2026-02-26 02:10:00,117,4.532775,-8.020000000000001,4.628747775507058
2026-02-26 03:10:00,117,5.492333333333333,-6.881666666666667,4.832171200363927
2026-02-26 04:10:00,117,3.9075999999999995,-6.921666666666667,5.057844228992372
2026-02-26 05:10:00,117,4.2753,-6.550833333333333,4.242018644584249
2026-02-26 06:10:00,117,5.115075,-6.134166666666666,4.5350643460062985
2026-02-26 07:10:00,117,4.154083333333333,-5.041666666666667,4.1609081730687905
2026-02-26 08:10:00,117,2.7996666666666665,-1.0183333333333333,3.3344731651797916
2026-02-26 09:10:00,117,3.6030583333333337,0.5966666666666667,2.260536435858795
2026-02-26 10:10:00,117,1.5553,2.355,1.9781463120413618
2026-02-26 11:10:00,117,1.1765416666666666,2.879166666666667,0.4359545568336032
2026-02-26 12:10:00,117,1.8692999999999997,2.2775,1.1399684841903983
2026-02-26 13:10:00,117,0.9868999999999999,1.9991666666666663,0.8870666344546507
2026-02-26 14:10:00,117,0.977125,1.4083333333333332,1.4566442419815182
2026-02-26 15:10:00,117,2.348225,-0.09333333333333334,2.2217793238873806
2026-02-26 16:10:00,117,1.928783333333333,-1.055,2.8499644904345427
2026-02-26 17:10:00,117,4.5134,-2.7224999999999997,3.4771036284510908
2026-02-26 18:10:00,117,2.5157333333333334,-3.8425,2.7718448617711626
2026-02-26 19:10:00,117,3.8204166666666666,-5.013333333333333,4.117176968597556
2026-02-26 20:10:00,117,3.8714666666666666,-6.528333333333333,3.9264305360088176
2026-02-26 21:10:00,117,4.945341666666667,-8.487499999999999,4.305491920947587
2026-02-26 22:10:00,117,4.5028749999999995,-8.778333333333334,3.9788329815556938
2026-02-26 23:10:00,117,3.337008333333333,-8.08,3.968732387138639
2026-02-27 00:10:00,118,4.586941666666666,-9.230833333333333,4.689175678122594
2026-02-27 01:10:00,118,5.473491666666667,-10.194166666666666,4.933864752380229
2026-02-27 02:10:00,118,3.2791250000000005,-10.828333333333333,4.13937865706288
2026-02-27 03:10:00,118,5.023499999999999,-11.068333333333333,4.869484878496492
2026-02-27 04:10:00,118,5.5509,-11.397499999999999,5.0702040756088955
2026-02-27 05:10:00,118,4.298916666666667,-12.134166666666667,4.737317607816161
2026-02-27 06:10:00,118,5.606625,-12.411666666666667,5.484101302077253
2026-02-27 07:10:00,118,5.514658333333334,-8.254166666666666,4.841317065051432
2026-02-27 08:10:00,118,3.870933333333333,-6.634166666666666,3.5923760154277034
2026-02-27 09:10:00,118,4.919949999999999,-5.5275,3.5962657658737323
2026-02-27 10:10:00,118,2.3813833333333334,-3.7691666666666666,2.594976731110952
2026-02-27 11:10:00,118,2.131866666666667,-1.8049999999999997,2.186915848186947
2026-02-27 12:10:00,118,1.4566916666666665,-0.4716666666666667,2.36905405224665
2026-02-27 13:10:00,118,1.6997083333333334,0.14916666666666667,1.4656609969256644
2026-02-27 14:10:00,118,2.818183333333333,0.009166666666666675,3.0198070964218013
2026-02-27 15:10:00,118,2.048775,-1.1258333333333332,4.063456813893502
2026-02-27 16:10:00,118,3.801166666666666,-1.7916666666666667,3.5854584620097714
2026-02-27 17:10:00,118,4.009483333333334,-3.500833333333333,3.1909686430802897
2026-02-27 18:10:00,118,2.6868916666666665,-4.685,2.0458194448021056
2026-02-27 19:10:00,118,3.5891249999999997,-5.199166666666667,2.3077454010176095
2026-02-27 20:10:00,118,2.521258333333333,-6.513333333333333,2.4938525668389797
2026-02-27 21:10:00,118,2.5609749999999996,-6.415833333333334,2.6182627059880583
2026-02-27 22:10:00,118,4.618266666666667,-7.5275,3.829519191082958
2026-02-27 23:10:00,118,5.220066666666667,-9.6575,4.322236489215023
2026-02-28 00:10:00,119,4.29945,-10.968333333333334,3.896840635594367
2026-02-28 01:10:00,119,5.306091666666667,-12.278333333333334,4.995190614337171
2026-02-28 02:10:00,119,5.438749999999999,-12.805,4.160293216969674
2026-02-28 03:10:00,119,4.544016666666666,-12.0875,4.2880663355336095
2026-02-28 04:10:00,119,5.867683333333334,-9.7575,4.160088128823988
2026-02-28 05:10:00,119,3.616575,-7.403333333333333,3.5179432086176705
2026-02-28 06:10:00,119,4.790366666666666,-4.449166666666667,3.7259461794096906
2026-02-28 07:10:00,119,3.3334833333333327,-3.0124999999999997,3.1825998664026134
2026-02-28 08:10:00,119,3.7525333333333335,-1.5133333333333336,3.2301348075794976
2026-02-28 09:10:00,119,3.9234916666666666,1.3949999999999998,2.3763691939199982
2026-02-28 10:10:00,119,2.391883333333333,3.7875,1.533796079083921
2026-02-28 11:10:00,119,3.0108083333333338,6.203333333333333,1.1210257404027577
2026-02-28 12:10:00,119,1.6967249999999996,7.178333333333334,0.21559455305427094
2026-02-28 13:10:00,119,1.0232666666666668,7.801666666666667,0.0
2026-02-28 14:10:00,119,3.0233999999999996,4.749166666666667,0.8140817497603594
2026-02-28 15:10:00,119,2.337125,4.291666666666667,1.4646392510427781
2026-02-28 16:10:00,119,1.5218999999999998,4.800833333333333,0.6171330512378755
2026-02-28 17:10:00,119,2.745833333333333,3.57,1.0957629212973783
2026-02-28 18:10:00,119,2.447183333333333,1.7625,1.4926028137657275
2026-02-28 19:10:00,119,1.2620583333333333,1.2541666666666667,0.9387599432009817
2026-02-28 20:10:00,119,2.1349249999999995,1.0933333333333335,1.9508234087362477
2026-02-28 21:10:00,119,2.507525,0.3241666666666667,1.372240532920725
2026-02-28 22:10:00,119,4.188375,-0.385,2.6113034788285856
