t,day,actual,T_o,pred
2025-11-07 00:00:00,6,2.906125,1.2950000000000002,2.974855468899388
2025-11-07 01:00:00,6,1.960775,1.255,2.553678731938053
2025-11-07 02:00:00,6,3.7670083333333326,0.7824999999999999,2.7734659839411684
2025-11-07 03:00:00,6,1.795,0.7116666666666666,1.6769804822892005
2025-11-07 04:00:00,6,2.2236749999999996,0.3741666666666667,2.8902889667300933
2025-11-07 05:00:00,6,3.8073499999999996,-0.4716666666666667,2.518726286470871
2025-11-07 06:00:00,6,1.9930750000000002,-0.9491666666666667,2.092396851672583
2025-11-07 07:00:00,6,2.9094083333333334,-0.7466666666666666,2.350834611769583
2025-11-07 08:00:00,6,1.7210833333333333,0.17166666666666672,2.004459019457542
2025-11-07 09:00:00,6,2.0959166666666667,1.2316666666666667,2.557521704097355
2025-11-07 10:00:00,6,4.137775,1.7858333333333334,2.7084020134491076
2025-11-07 11:00:00,6,1.7563333333333333,2.2358333333333333,1.2285449096815881
2025-11-07 12:00:00,6,1.6692666666666667,2.5316666666666667,1.8655527227658937
2025-11-07 13:00:00,6,1.0320416666666665,3.5508333333333333,1.9836458007564002
2025-11-07 14:00:00,6,2.80025,3.2583333333333333,2.3833875728826333
2025-11-07 15:00:00,6,1.8244583333333333,2.6808333333333327,2.1097189619147327
2025-11-07 16:00:00,6,2.9484916666666665,1.5233333333333334,2.7294739865040913
2025-11-07 17:00:00,6,1.7645749999999998,1.175,2.28639037665219
2025-11-07 18:00:00,6,1.6675416666666667,0.7216666666666667,2.054076457302286
2025-11-07 19:00:00,6,3.3366416666666665,0.36166666666666675,2.9091866252218
2025-11-07 20:00:00,6,1.3192416666666666,-0.755,2.074454487775276
2025-11-07 21:00:00,6,2.121825,-1.2633333333333334,3.0907197906043513
2025-11-07 22:00:00,6,2.0421083333333336,-0.7683333333333334,3.1627985190123
2025-11-07 23:00:00,6,3.2063416666666664,-0.18999999999999997,3.054082024976978
2025-11-08 00:00:00,7,2.819375,0.0,2.3428766280956355
2025-11-08 01:00:00,7,1.7947749999999998,0.0,2.262236774939051
2025-11-08 02:00:00,7,1.7756083333333332,0.0,3.062486275943387
2025-11-08 03:00:00,7,2.548058333333333,0.009166666666666667,2.946120979070471
2025-11-08 04:00:00,7,1.6842666666666666,0.005,2.7942295829238812
2025-11-08 05:00:00,7,2.5974166666666667,0.07916666666666665,3.2272518748667136
2025-11-08 06:00:00,7,2.986683333333333,0.14833333333333334,2.8518535126927453
2025-11-08 07:00:00,7,0.254475,0.48583333333333334,2.3716335270057423
2025-11-08 08:00:00,7,1.31145,4.471666666666667,2.845036498571256
2025-11-08 09:00:00,7,2.497533333333333,7.88,1.8558101100537985
2025-11-08 10:00:00,7,0.110125,9.601666666666667,1.3168450039134556
2025-11-08 11:00:00,7,1.8747083333333332,7.800833333333333,2.0329496963410505
2025-11-08 12:00:00,7,0.6566666666666666,9.166666666666666,1.0306485644687806
2025-11-08 13:00:00,7,0.0,9.675833333333333,0.7533355651319582
2025-11-08 14:00:00,7,0.26795,8.443333333333333,0.711358646076671
2025-11-08 15:00:00,7,1.3845750000000001,5.921666666666667,1.4915970243047112
2025-11-08 16:00:00,7,1.1183416666666666,3.9166666666666665,1.448105749399272
2025-11-08 17:00:00,7,1.1280583333333334,2.6391666666666667,1.8617565297299268
2025-11-08 18:00:00,7,1.0920916666666667,1.4574999999999998,1.8994050649299647
2025-11-08 19:00:00,7,2.0578916666666665,0.1791666666666666,2.877855578921979
2025-11-08 20:00:00,7,1.1522999999999999,-0.505,2.9464151833118457
2025-11-08 21:00:00,7,1.054275,-1.8324999999999996,3.2023104209274647
2025-11-08 22:00:00,7,2.320766666666666,-2.3383333333333334,3.094461542492161
2025-11-08 23:00:00,7,2.8879083333333333,-2.366666666666667,3.29123110577787
2025-11-09 00:00:00,8,1.4963250000000001,-2.245833333333333,1.8302047257056702
2025-11-09 01:00:00,8,1.4729999999999999,-2.559166666666667,2.56477802128067
2025-11-09 02:00:00,8,3.942825,-1.7266666666666666,3.289797647762022
2025-11-09 03:00:00,8,1.3976416666666667,-2.1533333333333338,2.3281804271062
2025-11-09 04:00:00,8,3.563391666666667,-1.8283333333333331,3.119972917545774
2025-11-09 05:00:00,8,2.6378,-2.0558333333333336,2.8534580788425377
2025-11-09 06:00:00,8,2.1279166666666667,-2.0749999999999997,2.729022251870947
2025-11-09 07:00:00,8,2.742233333333333,-0.9958333333333335,2.604143556558445
2025-11-09 08:00:00,8,1.5805749999999998,0.9950000000000001,2.1939121961958215
2025-11-09 09:00:00,8,1.8436749999999997,1.9308333333333334,1.944173156562515
2025-11-09 10:00:00,8,2.6741416666666664,2.4199999999999995,2.5783867925761426
2025-11-09 11:00:00,8,1.8453583333333332,2.5508333333333333,1.9493107777284129
2025-11-09 12:00:00,8,1.797,2.3558333333333334,2.0123458479476706
2025-11-09 13:00:00,8,1.6867916666666667,2.2025,2.128395161044698
2025-11-09 14:00:00,8,5.57335,2.0241666666666664,2.1202339459683355
2025-11-09 15:00:00,8,4.310616666666666,1.5650000000000002,3.166604499730928
2025-11-09 16:00:00,8,3.582808333333333,0.4591666666666667,2.6828462935697375
2025-11-09 17:00:00,8,2.9641083333333333,0.027499999999999997,2.4080753798532077
2025-11-09 18:00:00,8,0.0,0.005,0.47646300620264115
2025-11-09 19:00:00,8,1.5781916666666669,0.08333333333333333,1.6470970449961904
2025-11-09 20:00:00,8,1.4786500000000002,0.2125,2.2069046156663275
2025-11-09 21:00:00,8,1.3901083333333333,0.445,2.0772396388702474
2025-11-09 22:00:00,8,1.35905,0.4766666666666666,2.576709296976487
2025-11-12 00:00:00,11,3.2982916666666666,-2.4708333333333337,3.1184622352421103
2025-11-12 01:00:00,11,3.3517833333333327,-2.3558333333333334,3.2346232172580915
2025-11-12 02:00:00,11,3.859058333333333,-1.6491666666666667,3.2241194902044117
2025-11-12 03:00:00,11,2.73145,-1.3283333333333334,3.10946780322155
2025-11-12 04:00:00,11,4.554366666666667,-0.9774999999999999,3.04117425681568
2025-11-12 05:00:00,11,2.138316666666667,-0.5925,2.346497193005138
2025-11-12 06:00:00,11,2.684583333333333,-0.25833333333333336,2.707389022772129
2025-11-12 07:00:00,11,4.5991,0.00416666666666667,2.8452154484633865
2025-11-12 08:00:00,11,1.7989416666666669,0.5825,1.9873582332523305
2025-11-12 09:00:00,11,3.3118416666666666,1.5575000000000003,2.3859480799397383
2025-11-12 10:00:00,11,0.21005833333333332,2.6199999999999997,1.2921345904845658
2025-11-12 11:00:00,11,2.84455,4.3125,1.8895399314629635
2025-11-12 12:00:00,11,1.7042833333333334,5.283333333333333,0.7287364518123682
2025-11-12 13:00:00,11,0.0,5.273333333333333,0.8692977221564095
2025-11-12 14:00:00,11,1.611225,3.8433333333333337,1.9595756845566554
2025-11-12 15:00:00,11,2.1713916666666666,2.8891666666666667,2.1452281741173054
2025-11-12 16:00:00,11,1.9070916666666664,1.75,2.000227654591736
2025-11-12 17:00:00,11,1.0436166666666666,0.4808333333333333,2.3233688347648394
2025-11-12 18:00:00,11,2.8365249999999995,-0.1575,2.7022445598878138
2025-11-12 19:00:00,11,1.9808,-0.8983333333333333,2.8516247746073082
2025-11-12 20:00:00,11,2.4418666666666664,-0.9900000000000001,2.6292098832681923
2025-11-12 21:00:00,11,3.0444999999999998,-0.8291666666666667,2.7439172132189444
2025-11-12 22:00:00,11,1.4244833333333333,-0.935,2.172660902491229
2025-11-12 23:00:00,11,2.41415,-0.9266666666666669,2.8266733992708946
2025-11-13 00:00:00,12,3.3249999999999997,-0.8208333333333333,3.0977822473794863
2025-11-13 01:00:00,12,1.2522749999999998,-0.8616666666666668,2.433699267506677
2025-11-13 02:00:00,12,2.415008333333333,-0.8441666666666666,3.2739842806413515
2025-11-13 03:00:00,12,2.1302666666666665,-0.73,2.5330393230837775
2025-11-13 04:00:00,12,3.761758333333333,-0.6791666666666666,2.898979920166197
2025-11-13 05:00:00,12,1.4239333333333333,-0.725,2.323554712451323
2025-11-13 06:00:00,12,2.6620833333333334,-0.6608333333333335,2.6704072619527337
2025-11-13 07:00:00,12,3.2836166666666666,-0.3891666666666666,2.195137889217212
2025-11-13 08:00:00,12,1.4564416666666666,0.3558333333333333,1.952511242332479
2025-11-13 09:00:00,12,2.183125,0.8666666666666667,2.808041732387029
2025-11-13 10:00:00,12,2.4779666666666667,1.2183333333333333,2.426190102832636
2025-11-13 11:00:00,12,1.3543916666666664,1.5708333333333335,2.2045827633460964
2025-11-13 12:00:00,12,2.2706083333333336,1.9525,2.7764302158743974
2025-11-13 13:00:00,12,2.304091666666667,2.750833333333334,2.568440521789194
2025-11-13 14:00:00,12,2.080475,2.7866666666666666,1.9473415777234866
2025-11-13 15:00:00,12,1.2498666666666667,2.24,2.575623100292435
2025-11-13 16:00:00,12,2.351958333333333,1.3383333333333336,2.967205935748568
2025-11-13 17:00:00,12,2.043083333333333,0.5833333333333334,2.1864709096563213
2025-11-13 18:00:00,12,2.9643583333333337,0.6425000000000001,2.6948078862494693
2025-11-13 19:00:00,12,1.373475,0.4949999999999999,1.6405069271199963
2025-11-13 20:00:00,12,1.6938833333333332,0.16666666666666666,2.1956019480860323
2025-11-13 21:00:00,12,2.1780333333333335,-0.04083333333333333,3.0009263747044534
2025-11-13 22:00:00,12,3.056025,0.01,3.0801927789549226
2025-11-13 23:00:00,12,2.447375,-0.5,2.573038016714494
2025-11-14 00:00:00,13,1.3521083333333332,-1.695,2.250621672821481
2025-11-14 01:00:00,13,2.807691666666667,-2.019166666666667,2.7183889433897805
2025-11-14 02:00:00,13,3.1464916666666665,-2.5141666666666667,3.0315868685770657
2025-11-14 03:00:00,13,2.8201083333333337,-3.1383333333333336,2.9009492693471923
2025-11-14 04:00:00,13,2.300683333333333,-3.699166666666667,2.7692897532982994
2025-11-14 05:00:00,13,2.64095,-4.05,2.5820864496295814
2025-11-14 06:00:00,13,3.3395083333333333,-4.251666666666668,2.6045975350143156
2025-11-14 07:00:00,13,2.6407916666666664,-2.6941666666666664,3.0012707200617643
2025-11-14 08:00:00,13,2.7280499999999996,-0.3658333333333334,3.13716743870407
2025-11-14 09:00:00,13,2.3409,0.5983333333333334,2.7691684375352974
2025-11-14 10:00:00,13,1.3367083333333334,1.5216666666666665,2.4753859020694895
2025-11-14 11:00:00,13,2.8174749999999995,1.4708333333333334,2.1637492193570096
2025-11-14 12:00:00,13,1.41105,2.68,1.9647599651711503
2025-11-14 13:00:00,13,2.5320666666666667,2.5058333333333334,2.4052409665518706
2025-11-14 14:00:00,13,0.5633166666666666,2.0224999999999995,2.3215495400482844
2025-11-14 15:00:00,13,2.9077583333333332,0.7266666666666666,2.636250727755197
2025-11-14 16:00:00,13,2.3657749999999997,-0.7824999999999999,2.695747924248521
2025-11-14 17:00:00,13,2.141625,-1.416666666666667,2.106518744469216
2025-11-14 18:00:00,13,2.851866666666666,-1.278333333333333,2.473097329953569
2025-11-14 19:00:00,13,1.251725,-0.7908333333333332,1.816454133728729
2025-11-14 20:00:00,13,2.2112333333333334,-0.5783333333333334,2.7551895842747514
2025-11-14 21:00:00,13,3.4643333333333333,-0.6566666666666666,2.979814014908401
2025-11-14 22:00:00,13,1.4898500000000001,-0.7266666666666667,2.2399968262549748
2025-11-14 23:00:00,13,2.92805,-1.4066666666666665,2.6068666645699596
2025-11-15 00:00:00,14,2.4482416666666666,-1.7774999999999999,1.7560413339618863
2025-11-15 01:00:00,14,2.9400833333333334,-2.3708333333333336,2.674657943044214
2025-11-15 02:00:00,14,2.255441666666667,-3.060833333333333,2.2908479184577693
2025-11-15 03:00:00,14,2.6656500000000003,-2.7091666666666665,2.5611563892125524
2025-11-15 04:00:00,14,3.457841666666667,-2.9116666666666666,2.6272918602679303
2025-11-15 05:00:00,14,2.2415166666666666,-3.5466666666666664,2.471225705596998
2025-11-15 06:00:00,14,3.4800416666666667,-2.9258333333333333,3.018132024794191
2025-11-15 07:00:00,14,3.231633333333333,-1.6624999999999999,2.4307639536286447
2025-11-15 08:00:00,14,1.6159166666666667,-0.4766666666666666,2.033690438689535
2025-11-15 09:00:00,14,2.977583333333333,0.35666666666666663,2.708909880494373
2025-11-15 10:00:00,14,0.0,1.3775000000000002,2.230439787835343
2025-11-15 11:00:00,14,1.5442666666666667,2.1116666666666664,1.8836555127548102
2025-11-15 12:00:00,14,1.4403666666666664,2.598333333333333,1.3819433344094012
2025-11-15 13:00:00,14,0.0,1.9599999999999997,1.3735166223744684
2025-11-15 14:00:00,14,1.298325,1.1533333333333333,2.429982467278193
2025-11-15 15:00:00,14,3.0101083333333336,-0.03666666666666666,2.898567606241351
2025-11-15 16:00:00,14,1.7866749999999998,-1.4858333333333331,2.3140153316601313
2025-11-15 17:00:00,14,2.545325,-1.8,2.4256508078109515
2025-11-15 18:00:00,14,3.8171083333333335,-2.1208333333333336,2.724409036455401
2025-11-15 19:00:00,14,1.7054083333333334,-2.6208333333333336,1.9845983610281912
2025-11-15 20:00:00,14,3.3295,-3.4299999999999997,2.5700309900230223
2025-11-15 21:00:00,14,3.104516666666666,-4.134166666666666,2.6468908892714462
2025-11-15 22:00:00,14,2.4252583333333333,-5.235833333333333,2.5409590842820267
2025-11-15 23:00:00,14,3.0796416666666664,-6.273333333333333,2.6982192748847194
2025-11-16 00:00:00,15,2.5466249999999997,-6.745833333333333,3.0145810889164237
2025-11-16 01:00:00,15,2.982758333333333,-5.906666666666666,3.158551159869751
2025-11-16 02:00:00,15,2.994933333333333,-5.37,3.82227924560867
2025-11-16 03:00:00,15,3.05625,-4.5225,3.478020499868987
2025-11-16 04:00:00,15,2.9479666666666664,-4.179166666666666,3.625336954344056
2025-11-16 05:00:00,15,3.56745,-4.069166666666667,3.4582195118577648
2025-11-16 06:00:00,15,2.332058333333333,-3.9625,3.242861858087841
2025-11-16 07:00:00,15,3.5166833333333334,-3.703333333333333,3.65211480076197
2025-11-16 08:00:00,15,3.1039749999999997,-3.1016666666666666,2.9616910746762226
2025-11-16 09:00:00,15,2.1035,-2.11,2.7731812000267286
2025-11-16 10:00:00,15,2.6603333333333334,-1.3141666666666667,3.261036064753737
2025-11-16 11:00:00,15,2.708225,-0.5641666666666667,2.9296396754581773
2025-11-16 12:00:00,15,2.7173583333333333,-0.010000000000000009,2.7100370277841277
2025-11-16 13:00:00,15,5.2167666666666666,0.5108333333333334,5.502994811835829
2025-11-16 14:00:00,15,1.5456083333333333,0.43583333333333346,2.353432620131609
2025-11-16 15:00:00,15,2.827716666666666,0.11,2.204790112580617
2025-11-16 16:00:00,15,2.487258333333333,-0.055,2.5696701985698094
2025-11-16 17:00:00,15,3.8250666666666664,-0.3983333333333334,3.3095671408265357
2025-11-16 18:00:00,15,2.40805,-1.2925,2.6292439590147785
2025-11-16 19:00:00,15,2.1589833333333335,-1.8808333333333331,2.802868136118818
2025-11-16 20:00:00,15,3.1467166666666664,-2.2275000000000005,3.048309700103435
2025-11-16 21:00:00,15,2.0315833333333333,-2.398333333333334,3.123682572408377
2025-11-16 22:00:00,15,3.4978416666666665,-2.5,3.2136380411783203
2025-11-16 23:00:00,15,3.4856166666666666,-2.5875,3.012991644756908
2025-11-17 00:00:00,16,1.7699249999999997,-2.6749999999999994,2.041717112547784
2025-11-17 01:00:00,16,3.342425,-2.9175,3.3628314254126193
2025-11-17 02:00:00,16,3.0833416666666666,-3.2316666666666674,2.7852022775814946
2025-11-17 03:00:00,16,2.38855,-3.2883333333333327,2.479056476780469
2025-11-17 04:00:00,16,3.7761750000000003,-3.283333333333333,3.272422221652242
2025-11-17 05:00:00,16,3.473058333333333,-3.1750000000000003,3.240804931321522
2025-11-17 06:00:00,16,3.144183333333333,-3.0141666666666667,3.6993024928955593
2025-11-17 07:00:00,16,3.2487833333333334,-2.5141666666666667,3.493401657682984
2025-11-17 08:00:00,16,3.8836583333333325,-1.9541666666666668,3.3245134590978025
2025-11-17 09:00:00,16,2.821933333333333,-1.0516666666666665,2.8885201795193947
2025-11-17 10:00:00,16,2.736983333333333,-0.19000000000000003,2.974601770471232
2025-11-17 11:00:00,16,2.7252750000000003,0.22666666666666668,2.7266728515269087
2025-11-17 12:00:00,16,2.297833333333333,0.44333333333333336,2.986807517802451
2025-11-17 13:00:00,16,2.564975,0.45250000000000007,2.638134023782427
2025-11-17 14:00:00,16,2.334891666666666,0.3008333333333333,3.1503923924167805
2025-11-17 15:00:00,16,3.752016666666666,-0.25000000000000006,3.0955298391731096
2025-11-17 16:00:00,16,2.8754333333333335,-0.2833333333333334,2.331272912694546
2025-11-17 17:00:00,16,2.6767916666666665,-0.41583333333333333,2.2446825592837865
2025-11-17 18:00:00,16,2.6895249999999997,-0.37500000000000006,2.6646072063104835
2025-11-17 19:00:00,16,1.8167,-0.3191666666666667,2.9479647366817403
2025-11-17 20:00:00,16,2.5665166666666663,-0.43583333333333335,2.8474013708316464
2025-11-17 21:00:00,16,3.440425,-0.6258333333333334,2.999010611943443
2025-11-17 22:00:00,16,2.4160083333333335,-0.7275,2.762730735111165
2025-11-17 23:00:00,16,3.2633583333333327,-0.8566666666666666,2.897413918128863
2025-11-18 00:00:00,17,3.061616666666666,-0.8816666666666665,2.5485273509416126
2025-11-18 01:00:00,17,2.860958333333333,-1.055,2.903539805037439
2025-11-18 02:00:00,17,2.8151,-0.9941666666666666,3.091584567232725
2025-11-18 03:00:00,17,2.6677583333333335,-0.8408333333333333,2.8295280365282234
2025-11-18 04:00:00,17,2.9102249999999996,-0.8291666666666666,3.5219382901034653
2025-11-18 05:00:00,17,2.9947,-1.1849999999999998,3.153789020180514
2025-11-18 06:00:00,17,2.8090083333333338,-0.9158333333333332,2.674490016077669
2025-11-18 07:00:00,17,2.340875,-0.7208333333333333,2.426376563577043
2025-11-18 08:00:00,17,3.6488666666666667,0.4625000000000001,2.6826323197987803
2025-11-18 09:00:00,17,1.80445,0.6616666666666665,2.0941691636262116
2025-11-18 10:00:00,17,1.4774666666666665,2.555833333333333,2.047323733227937
2025-11-18 11:00:00,17,1.4867833333333333,2.7675,1.2971977975873785
2025-11-18 12:00:00,17,1.5645916666666666,2.7591666666666668,1.2118171863105938
2025-11-18 13:00:00,17,0.0,1.67,1.3998702788459996
2025-11-18 14:00:00,17,3.19405,0.9808333333333334,2.218213228751264
2025-11-18 15:00:00,17,1.3175,0.4908333333333334,2.0523498240405624
2025-11-18 16:00:00,17,2.302583333333333,0.29999999999999993,2.296265780334399
2025-11-18 17:00:00,17,2.514275,0.20833333333333334,2.0164070341728566
2025-11-18 18:00:00,17,3.3028249999999995,0.22583333333333333,2.4615821697468476
2025-11-18 19:00:00,17,2.9990500000000004,0.31416666666666676,2.5775972485823444
2025-11-18 20:00:00,17,1.944308333333333,0.41666666666666674,2.2491939778883445
2025-11-18 21:00:00,17,2.6906166666666667,0.061666666666666675,2.9835518740555047
2025-11-18 22:00:00,17,2.766316666666666,-0.05083333333333332,2.9616553441436535
2025-11-21 00:00:00,20,2.5582,-5.023333333333333,3.1954601872946924
2025-11-21 01:00:00,20,2.772491666666667,-5.0183333333333335,3.5147933876748447
2025-11-21 02:00:00,20,3.292133333333333,-5.491666666666667,3.3874488833588137
2025-11-21 03:00:00,20,3.2430333333333334,-6.2225,3.012095007344439
2025-11-21 04:00:00,20,3.2245583333333334,-6.887499999999999,3.372397190922383
2025-11-21 05:00:00,20,3.9281749999999995,-7.197500000000001,2.8494142710444987
2025-11-21 06:00:00,20,1.6028333333333333,-6.256666666666667,2.5653135024589377
2025-11-21 07:00:00,20,2.885025,-5.411666666666666,3.6527469967643196
2025-11-21 08:00:00,20,2.4128833333333333,-3.0925,3.407954252680247
2025-11-21 09:00:00,20,3.3483583333333327,-0.5233333333333333,3.2651128722518417
2025-11-21 10:00:00,20,2.564308333333333,1.0283333333333333,2.7377617333147217
2025-11-21 11:00:00,20,2.2005166666666662,1.9574999999999998,2.1452877423963415
2025-11-21 12:00:00,20,1.5462333333333336,2.161666666666667,1.8906836169315946
2025-11-21 13:00:00,20,3.010883333333333,2.3233333333333337,2.596439293139479
2025-11-21 14:00:00,20,1.4916749999999999,1.7874999999999999,1.5042667368951628
2025-11-21 15:00:00,20,2.6699916666666668,1.1766666666666665,2.3747369523243704
2025-11-21 16:00:00,20,1.0027083333333333,0.4666666666666666,2.0181627334904593
2025-11-21 17:00:00,20,3.0825,0.23500000000000007,2.4225425564357987
2025-11-21 18:00:00,20,1.5287416666666667,0.18583333333333332,1.9881007678092457
2025-11-21 19:00:00,20,2.9713083333333334,0.2175,2.8004857306586803
2025-11-21 20:00:00,20,1.4998916666666666,0.7391666666666666,1.2641824079506556
2025-11-21 21:00:00,20,1.5217,0.9266666666666667,1.911049105746644
2025-11-21 22:00:00,20,3.3526750000000005,0.3058333333333333,3.1622735028549087
2025-11-26 00:00:00,25,2.3153666666666664,-0.2700000000000001,2.471413043533279
2025-11-26 01:00:00,25,2.2167499999999998,-0.035833333333333335,2.6585768282662454
2025-11-26 02:00:00,25,2.280333333333333,0.23083333333333336,2.009671160674235
2025-11-26 03:00:00,25,2.0273250000000003,0.3983333333333334,2.536940748120354
2025-11-26 04:00:00,25,1.9307083333333332,0.7033333333333335,2.2214940008292876
2025-11-26 05:00:00,25,1.8907916666666666,0.7458333333333332,1.9785082959730473
2025-11-26 06:00:00,25,2.1607916666666664,0.7925,2.261462305947898
2025-11-26 07:00:00,25,1.5397083333333332,0.9625,2.025237163790396
2025-11-26 08:00:00,25,2.2135249999999997,1.9166666666666667,2.389397696232701
2025-11-26 09:00:00,25,2.9524166666666667,2.8108333333333335,2.047251559913326
2025-11-26 10:00:00,25,1.9922,3.7916666666666665,0.9994345127664972
2025-11-26 11:00:00,25,1.5861416666666668,4.906666666666667,1.6333809429206698
2025-11-26 12:00:00,25,1.5265333333333333,5.345833333333332,1.3357283419313106
2025-11-26 13:00:00,25,1.5499249999999998,5.821666666666666,0.6432504992264942
2025-11-26 14:00:00,25,1.5385499999999999,5.5325,0.911537131122496
2025-11-26 15:00:00,25,1.5939666666666665,4.754166666666666,1.524190639487377
2025-11-26 16:00:00,25,1.327925,4.148333333333333,1.5384155694534667
2025-11-26 17:00:00,25,1.315825,3.7600000000000002,1.0769432832631227
2025-11-26 18:00:00,25,2.313191666666667,3.579166666666667,1.441278090294158
2025-11-26 19:00:00,25,1.79365,3.4574999999999996,1.3336535174459043
2025-11-26 20:00:00,25,1.693158333333333,3.4616666666666664,1.1745168128713042
2025-11-26 21:00:00,25,1.6982916666666665,3.400833333333333,1.6670212131837705
2025-11-26 22:00:00,25,1.6878833333333334,3.4299999999999997,1.6673926395188357
2025-11-26 23:00:00,25,1.7016916666666668,3.3525000000000005,1.9564542493427453
2025-11-27 00:00:00,26,2.9029000000000003,3.3575000000000004,2.198319399486293
2025-11-27 01:00:00,26,1.49635,3.106666666666666,1.7002378336004123
2025-11-27 02:00:00,26,1.4102416666666668,2.8883333333333336,1.658518268591313
2025-11-27 03:00:00,26,1.3145749999999998,2.954166666666667,2.0475468093563896
2025-11-27 04:00:00,26,2.369933333333333,2.8200000000000003,2.221705305851735
2025-11-27 05:00:00,26,2.1946666666666665,1.985,1.9277776968857938
2025-11-27 06:00:00,26,1.5532416666666666,1.3291666666666668,2.0161513563818194
2025-11-27 07:00:00,26,2.4601666666666664,1.0275,1.9989987216715286
2025-11-27 08:00:00,26,1.2150083333333332,1.8475000000000001,1.5071841500248364
2025-11-27 09:00:00,26,2.2858666666666667,2.39,2.186622686518827
2025-11-27 10:00:00,26,0.0,4.5008333333333335,0.8360204587115698
2025-11-27 11:00:00,26,0.9668916666666667,4.258333333333333,1.2788303966243109
2025-11-27 12:00:00,26,1.8648833333333332,3.9808333333333334,1.746566973594073
2025-11-27 13:00:00,26,1.7484166666666665,4.3275,1.110029497113998
2025-11-27 14:00:00,26,1.5784833333333332,4.230833333333333,1.7583365500622858
2025-11-27 15:00:00,26,2.430475,2.893333333333334,1.9429848099624465
2025-11-27 16:00:00,26,1.710475,2.1108333333333333,1.8917891633375579
2025-11-27 17:00:00,26,1.8817583333333332,2.144166666666667,2.046151000680486
2025-11-27 18:00:00,26,3.4262666666666663,2.069166666666667,2.229387142065187
2025-11-27 19:00:00,26,1.667025,1.9858333333333338,1.8699486578733966
2025-11-27 20:00:00,26,3.2952999999999997,1.3341666666666665,2.093897981309097
2025-11-27 21:00:00,26,1.6201083333333333,0.8341666666666668,1.8146981861313547
2025-11-27 22:00:00,26,1.5966749999999998,0.3841666666666667,2.150371790031903
2025-11-27 23:00:00,26,2.4584999999999995,0.19416666666666668,2.381306308034234
2025-11-28 00:00:00,27,3.168658333333333,0.04750000000000001,2.2998480087975084
2025-11-28 01:00:00,27,1.4998833333333335,-0.31499999999999995,1.5816711217957766
2025-11-28 02:00:00,27,3.0349749999999998,-0.9533333333333335,2.4756355043833187
2025-11-28 03:00:00,27,1.4086666666666665,-1.2499999999999998,2.052717244985553
2025-11-28 04:00:00,27,2.7888583333333328,-1.4024999999999999,2.7493011678668777
2025-11-28 05:00:00,27,2.5209249999999996,-1.7366666666666666,2.6774198410996606
2025-11-28 06:00:00,27,2.4989666666666666,-2.1583333333333328,2.596863805439157
2025-11-28 07:00:00,27,2.1273916666666666,-1.6983333333333333,2.21717782398957
2025-11-28 08:00:00,27,2.9906916666666663,-0.62,2.572961586733719
2025-11-28 09:00:00,27,1.8751666666666666,0.8241666666666667,1.754076885362414
2025-11-28 10:00:00,27,2.6162666666666667,1.7225000000000001,2.26385057278887
2025-11-28 11:00:00,27,2.6235166666666663,2.35,1.9654280234302224
2025-11-28 12:00:00,27,2.25475,2.4858333333333333,1.7280609974060381
2025-11-28 13:00:00,27,3.226775,2.0525,2.2550239795354123
2025-11-28 14:00:00,27,2.805308333333333,-0.9808333333333333,2.089335501340428
2025-11-28 15:00:00,27,3.0689749999999996,-1.4483333333333335,2.107274810355674
2025-11-28 16:00:00,27,2.7038249999999997,-1.9816666666666665,1.9293044079900663
2025-11-28 17:00:00,27,2.37975,-2.8625000000000003,2.0703239457737688
2025-11-28 18:00:00,27,2.325833333333333,-3.4308333333333336,2.258813196445528
2025-11-28 19:00:00,27,2.7869333333333337,-3.4616666666666664,2.3883340095158774
2025-11-28 20:00:00,27,2.0286416666666667,-3.2541666666666664,2.0819204121765953
2025-11-28 21:00:00,27,3.2090916666666662,-3.328333333333333,3.0280058344441105
2025-11-28 22:00:00,27,2.6447833333333333,-3.454166666666667,2.7767094628217053
2025-11-28 23:00:00,27,2.8629250000000006,-2.9408333333333334,2.8938853206649533
2025-11-29 00:00:00,28,3.077691666666667,-2.2224999999999997,3.2355744067682495
2025-11-29 01:00:00,28,3.8518916666666665,-2.0125,3.39188762969379
2025-11-29 02:00:00,28,2.884158333333333,-1.885,2.536392622627813
2025-11-29 03:00:00,28,3.359183333333333,-1.801666666666667,3.0809841010150048
2025-11-29 04:00:00,28,3.3921666666666668,-1.8691666666666669,2.8602692855588234
2025-11-29 05:00:00,28,3.3555083333333333,-1.8566666666666667,2.776757587918476
2025-11-29 06:00:00,28,3.2530416666666664,-2.0091666666666663,2.743525715005749
2025-11-29 07:00:00,28,2.6476666666666664,-1.8099999999999998,2.398440252774364
2025-11-29 08:00:00,28,2.888575,-1.505,2.637394381400409
2025-11-29 09:00:00,28,2.7927750000000002,-0.9866666666666668,2.498758154742914
2025-11-29 10:00:00,28,2.7047416666666666,-0.20750000000000002,2.5058019447132356
2025-11-29 11:00:00,28,2.7269416666666664,-0.17166666666666663,2.605930091072548
2025-11-29 12:00:00,28,3.381275,0.21250000000000002,2.6593333350779513
2025-11-29 13:00:00,28,3.2413250000000002,-0.25,2.4973224582169484
2025-11-29 14:00:00,28,2.8660249999999996,-0.38833333333333336,2.386747553210084
2025-11-29 15:00:00,28,2.3270166666666667,-0.7266666666666666,2.501943602247954
2025-11-29 16:00:00,28,3.9633499999999997,-1.343333333333333,2.951415727970925
2025-11-29 17:00:00,28,2.9361583333333328,-1.8225000000000005,2.5161505257077432
2025-11-29 18:00:00,28,2.385483333333333,-2.415833333333333,2.944662623675871
2025-11-29 19:00:00,28,2.8433500000000005,-3.2083333333333335,2.9801214877174322
2025-11-29 20:00:00,28,2.4468083333333333,-3.138333333333333,3.000803489521809
2025-11-29 21:00:00,28,4.4301,-3.310833333333333,3.083100393585281
2025-11-29 22:00:00,28,4.54655,-3.801666666666667,3.386575690830772
2025-11-29 23:00:00,28,4.800283333333333,-4.8275,3.0857688001915733
2025-11-30 00:00:00,29,4.009949999999999,-5.348333333333334,3.234571826461459
2025-11-30 01:00:00,29,4.74575,-6.273333333333333,3.467496663381239
2025-11-30 02:00:00,29,3.802183333333333,-7.365833333333334,2.9492034564359697
2025-11-30 03:00:00,29,4.848083333333334,-8.181666666666667,3.5522908567028035
2025-11-30 04:00:00,29,4.278975,-8.448333333333332,3.5136944039333518
2025-11-30 05:00:00,29,3.5119083333333325,-7.638333333333333,3.087984264515736
2025-11-30 06:00:00,29,3.0477999999999996,-7.028333333333333,3.598337398273829
2025-11-30 07:00:00,29,3.883566666666667,-6.2875000000000005,4.134394917468079
2025-11-30 08:00:00,29,3.5072083333333333,-4.584166666666667,3.064020283943446
2025-11-30 09:00:00,29,4.237275,-2.9025,3.044883891466104
2025-11-30 10:00:00,29,5.010475,-3.2225,3.381038216972084
2025-11-30 11:00:00,29,1.8551749999999996,-2.9633333333333334,2.5581416539700736
2025-11-30 12:00:00,29,3.1847250000000003,-2.7724999999999995,3.1992753740102016
2025-11-30 13:00:00,29,3.099458333333333,-2.3333333333333335,2.837053266728547
2025-11-30 14:00:00,29,2.13745,-1.8758333333333335,2.678171215062065
2025-11-30 15:00:00,29,2.989866666666667,-1.615,3.283635866825196
2025-11-30 16:00:00,29,4.0327666666666655,-1.1391666666666667,3.322453819430938
2025-11-30 17:00:00,29,2.7189749999999995,-0.2575,2.5444371645954282
2025-11-30 18:00:00,29,2.6515666666666666,0.2558333333333334,2.099195913989766
2025-11-30 19:00:00,29,1.960508333333333,0.28250000000000014,1.9348052844717996
2025-11-30 20:00:00,29,3.1332249999999995,0.01916666666666667,2.6288641053681285
2025-11-30 21:00:00,29,2.436808333333333,0.06083333333333333,2.502782012012047
2025-11-30 22:00:00,29,3.3733083333333336,-0.009166666666666662,2.935685872783454
2025-11-30 23:00:00,29,5.290466666666666,-0.5225,4.133171524752606
2025-12-01 00:00:00,30,4.7886999999999995,-0.7916666666666666,3.2607022308114426
2025-12-01 01:00:00,30,4.3153,-0.67,2.8881747430046953
2025-12-01 02:00:00,30,4.076099999999999,-0.6208333333333335,2.6256017936932676
2025-12-01 03:00:00,30,4.64165,-0.3291666666666667,2.2446657963607013
2025-12-01 04:00:00,30,2.837008333333333,-0.6583333333333333,1.7650375703424293
2025-12-01 05:00:00,30,2.6863833333333336,-0.48166666666666674,2.2584606780561143
2025-12-01 06:00:00,30,3.801008333333333,-0.42583333333333334,2.324467676030772
2025-12-01 07:00:00,30,2.3594583333333334,-0.12499999999999999,1.6462374207522543
2025-12-01 08:00:00,30,2.225241666666667,0.15250000000000002,1.2332271540736603
2025-12-01 09:00:00,30,2.4372000000000003,0.2358333333333333,1.2287884135427922
2025-12-01 10:00:00,30,2.336308333333333,0.01666666666666666,1.3395481842500878
2025-12-01 11:00:00,30,2.2561166666666668,-0.8733333333333332,1.499494815634079
2025-12-01 12:00:00,30,3.2467583333333336,-1.5041666666666664,2.4720518046087774
2025-12-01 13:00:00,30,3.0438999999999994,-2.5041666666666664,2.802460205949327
2025-12-01 14:00:00,30,3.076733333333333,-3.4583333333333335,2.573908398587575
2025-12-01 15:00:00,30,3.4376,-4.7683333333333335,2.7507963701305576
2025-12-01 16:00:00,30,1.3084083333333334,-5.930000000000001,1.7088921030287185
2025-12-01 17:00:00,30,1.2761666666666667,-6.589166666666667,2.1747874541341417
2025-12-01 18:00:00,30,5.681783333333333,-7.43,3.631480724913437
2025-12-01 19:00:00,30,2.8459083333333335,-7.8,2.887448984450419
2025-12-01 20:00:00,30,4.709608333333334,-8.19,3.589316621175552
2025-12-01 21:00:00,30,4.946841666666667,-8.6525,3.631913678437046
2025-12-01 22:00:00,30,4.862008333333333,-9.346666666666666,4.426274754629205
2025-12-01 23:00:00,30,5.126741666666668,-10.63,4.04447832007075
2025-12-02 00:00:00,31,5.983583333333333,-11.29,4.720813887992504
2025-12-02 01:00:00,31,4.330691666666667,-11.6725,3.689960736107086
2025-12-02 02:00:00,31,4.2458833333333335,-11.37,4.59129879523795
2025-12-02 03:00:00,31,5.218491666666667,-10.959166666666668,4.92032036148698
2025-12-02 04:00:00,31,5.069783333333333,-10.44,4.287660743666349
2025-12-02 05:00:00,31,4.918616666666667,-10.139166666666666,4.637353296533718
2025-12-02 06:00:00,31,4.031133333333333,-9.5925,4.691995750868311
2025-12-02 07:00:00,31,5.096133333333333,-8.884166666666667,5.161031246698214
2025-12-02 08:00:00,31,5.555441666666667,-8.375833333333334,4.8016749523450475
2025-12-02 09:00:00,31,4.468908333333332,-8.147499999999999,4.419441465286067
2025-12-02 10:00:00,31,4.665525,-7.75,4.590730171275315
2025-12-02 11:00:00,31,5.06245,-7.180833333333333,4.4148264066885305
2025-12-02 12:00:00,31,4.936175,-7.115833333333334,4.120004911695007
2025-12-02 13:00:00,31,3.7529999999999997,-6.935,3.2833152136876422
2025-12-02 14:00:00,31,4.6226,-6.543333333333334,3.95694215456985
2025-12-02 15:00:00,31,2.769458333333333,-6.512499999999999,5.159620248877649
2025-12-02 16:00:00,31,2.3454083333333333,-6.3758333333333335,3.0328231433646264
2025-12-02 17:00:00,31,2.380125,-6.2925,4.055115744531591
2025-12-02 18:00:00,31,3.2790833333333333,-6.2175,3.579736680280366
2025-12-02 19:00:00,31,4.254375,-6.069166666666667,4.320341025597517
2025-12-02 20:00:00,31,4.533125,-5.954166666666667,5.873002491653562
2025-12-02 21:00:00,31,5.853908333333333,-5.89,5.148834996892747
2025-12-02 22:00:00,31,4.7728166666666665,-5.7316666666666665,3.7098943128009205
2025-12-05 00:00:00,34,8.262208333333334,-16.939999999999998,6.9680431662751765
2025-12-05 01:00:00,34,5.9571000000000005,-17.096666666666668,6.886127413044764
2025-12-05 02:00:00,34,6.874225000000001,-17.800833333333333,6.210723149453682
2025-12-05 03:00:00,34,7.201149999999998,-17.281666666666666,6.236982292296578
2025-12-05 04:00:00,34,5.529491666666666,-17.388333333333332,6.2779257852437995
2025-12-05 05:00:00,34,7.142116666666666,-17.259166666666673,6.288121122479426
2025-12-05 06:00:00,34,6.516883333333333,-17.175833333333333,6.067567815988295
2025-12-05 07:00:00,34,7.708383333333332,-16.7875,6.73530866906535
2025-12-05 08:00:00,34,6.849,-15.334166666666667,6.6478648196476815
2025-12-05 09:00:00,34,5.3881499999999996,-13.1625,5.024647660228401
2025-12-05 10:00:00,34,5.490766666666667,-10.799999999999999,4.9844719193898595
2025-12-05 11:00:00,34,3.746941666666667,-9.375,3.729516245642582
2025-12-05 12:00:00,34,5.2761249999999995,-8.014166666666666,4.427005662452962
2025-12-05 13:00:00,34,5.0496583333333325,-8.6625,5.9267383501658575
2025-12-05 14:00:00,34,5.555774999999999,-8.9725,5.122382950482031
2025-12-05 15:00:00,34,5.187091666666666,-9.8425,5.132578892289583
2025-12-05 16:00:00,34,6.062833333333333,-11.750833333333333,5.452106930287123
2025-12-05 17:00:00,34,6.117366666666667,-12.862499999999999,5.167537982105681
2025-12-05 18:00:00,34,6.948041666666667,-14.605833333333335,6.066735566358271
2025-12-05 19:00:00,34,3.7458416666666663,-15.009166666666667,6.211527550212933
2025-12-05 20:00:00,34,4.7989999999999995,-14.435,6.002382772860872
2025-12-05 21:00:00,34,5.999733333333333,-13.870833333333332,7.211733699093322
2025-12-05 22:00:00,34,7.700241666666666,-14.17,6.996322230650993
2025-12-05 23:00:00,34,6.480533333333333,-13.980833333333335,5.555077062899716
2025-12-06 00:00:00,35,4.647358333333333,-13.464166666666669,5.367135501275021
2025-12-06 01:00:00,35,5.137983333333333,-13.049166666666666,5.579927558257611
2025-12-06 02:00:00,35,5.667574999999999,-13.018333333333336,5.668382931442251
2025-12-06 03:00:00,35,5.194333333333333,-13.361666666666665,5.440503042614999
2025-12-06 04:00:00,35,4.990566666666666,-13.4125,5.494857230855671
2025-12-06 05:00:00,35,6.587775,-13.106666666666667,5.4119684375143535
2025-12-06 06:00:00,35,4.894041666666666,-13.399999999999999,6.190941464897077
2025-12-06 07:00:00,35,6.109558333333333,-13.857500000000002,5.7996685546156055
2025-12-06 08:00:00,35,4.9687,-12.519166666666665,5.8749639297145135
2025-12-06 09:00:00,35,5.174783333333333,-10.431666666666667,5.255653140280531
2025-12-06 10:00:00,35,5.426366666666667,-8.518333333333333,4.770308491154534
2025-12-06 11:00:00,35,2.9702916666666668,-7.434166666666666,3.8277810268748285
2025-12-06 12:00:00,35,1.1098333333333332,-6.235833333333335,4.130016831711725
2025-12-06 13:00:00,35,2.771433333333333,-6.255,2.4193435160135595
2025-12-06 14:00:00,35,3.439308333333333,-6.208333333333333,3.382128454744309
2025-12-06 15:00:00,35,4.174424999999999,-6.435833333333334,4.806960740345343
2025-12-06 16:00:00,35,4.715658333333334,-6.61,4.885503764297699
2025-12-06 17:00:00,35,5.09645,-6.565,4.764359330310274
2025-12-06 18:00:00,35,3.29745,-6.505,4.212845007990582
2025-12-06 19:00:00,35,1.6844249999999998,-6.375,3.036790904381973
2025-12-06 20:00:00,35,4.32695,-6.273333333333333,3.868433555350883
2025-12-06 21:00:00,35,4.099008333333334,-6.239999999999999,5.113795436030766
2025-12-06 22:00:00,35,4.049383333333333,-6.445,4.562894833131992
2025-12-06 23:00:00,35,5.328016666666667,-7.295833333333334,4.603015196376505
2025-12-07 00:00:00,36,4.059325,-7.463333333333334,4.771950400525845
2025-12-07 01:00:00,36,4.816491666666667,-9.4025,5.319406736177933
2025-12-07 02:00:00,36,5.467066666666667,-10.341666666666667,5.22501682695031
2025-12-07 03:00:00,36,4.771750000000001,-9.555833333333334,5.424382496943268
2025-12-07 04:00:00,36,6.852925,-10.986666666666666,5.43251214599593
2025-12-07 05:00:00,36,3.9928166666666667,-11.292499999999999,4.819780689161392
2025-12-07 06:00:00,36,3.69555,-9.522499999999999,4.492779229207726
2025-12-07 07:00:00,36,5.4962583333333335,-9.824166666666667,5.263758412732822
2025-12-07 08:00:00,36,5.397241666666666,-8.727500000000001,4.923522370622871
2025-12-07 09:00:00,36,4.071375,-6.857500000000001,3.7791122315220567
2025-12-07 10:00:00,36,3.056941666666667,-5.3325,3.4476435925589404
2025-12-07 11:00:00,36,2.2176416666666663,-5.151666666666666,3.521863223419328
2025-12-07 12:00:00,36,3.2256083333333336,-4.658333333333334,3.569014947542529
2025-12-07 13:00:00,36,3.0585083333333336,-4.9525,4.103538956371542
2025-12-07 14:00:00,36,3.903325,-5.305,4.176060465961264
2025-12-07 15:00:00,36,4.806033333333334,-6.121666666666666,4.308485216539741
2025-12-07 16:00:00,36,2.8979583333333334,-6.952500000000001,4.660383991578885
2025-12-07 17:00:00,36,3.131083333333333,-7.434166666666666,3.710373900078409
2025-12-07 18:00:00,36,3.5652916666666665,-7.653333333333333,3.3518267766990535
2025-12-07 19:00:00,36,2.5050583333333334,-7.620833333333334,4.119728180888855
2025-12-07 20:00:00,36,4.728741666666667,-7.529166666666666,4.165573928396808
2025-12-07 21:00:00,36,2.883933333333333,-7.735833333333333,3.423658613012487
2025-12-07 22:00:00,36,2.779275,-8.041666666666666,3.7993703873591835
2025-12-07 23:00:00,36,5.4457249999999995,-8.23,4.200998326990216
2025-12-08 00:00:00,37,3.9623250000000008,-8.485833333333334,3.8951438754179826
2025-12-08 01:00:00,37,5.757991666666666,-8.916666666666666,5.145392545431764
2025-12-08 02:00:00,37,6.308375,-9.189166666666667,5.363209299958984
2025-12-08 03:00:00,37,4.373225000000001,-9.339166666666667,4.877986709745582
2025-12-08 04:00:00,37,5.053458333333333,-10.139166666666666,4.5058463032155585
2025-12-08 05:00:00,37,5.712216666666666,-11.460833333333333,5.148206775046337
2025-12-08 06:00:00,37,4.25755,-12.591666666666667,4.78474123695155
2025-12-08 07:00:00,37,5.065741666666667,-12.856666666666667,5.252746193967745
2025-12-08 08:00:00,37,4.338675,-12.570833333333333,5.254629855808795
2025-12-08 09:00:00,37,6.395341666666667,-11.737500000000002,5.279291666655788
2025-12-08 10:00:00,37,3.705258333333333,-10.614166666666666,5.026703995574311
2025-12-08 11:00:00,37,4.2474083333333335,-10.341666666666667,4.244681122330806
2025-12-08 12:00:00,37,3.267933333333333,-10.227500000000001,4.540102064094193
2025-12-08 13:00:00,37,6.948883333333332,-11.240833333333333,5.336723403424892
2025-12-08 14:00:00,37,6.559241666666667,-11.643333333333333,6.500352101879027
2025-12-08 15:00:00,37,5.372716666666666,-12.602500000000001,5.611073636449836
2025-12-08 16:00:00,37,4.850508333333333,-13.174999999999999,5.422328179899468
2025-12-08 17:00:00,37,6.891824999999999,-14.166666666666666,6.026399557036887
2025-12-08 18:00:00,37,5.865891666666666,-14.828333333333333,5.9232732256629905
2025-12-08 19:00:00,37,6.112933333333334,-14.583333333333336,5.614268827391068
2025-12-08 20:00:00,37,5.760775,-15.105833333333331,6.214040414200977
2025-12-08 21:00:00,37,6.484491666666666,-15.555000000000001,6.306783054944251
2025-12-08 22:00:00,37,4.627908333333333,-16.179999999999996,5.462380773536047
2025-12-08 23:00:00,37,6.8081249999999995,-16.656666666666663,6.342477239557384
2025-12-09 00:00:00,38,6.1919,-16.6575,6.268015400359744
2025-12-09 01:00:00,38,6.917199999999999,-17.151666666666667,6.672822525110152
2025-12-09 02:00:00,38,5.233791666666667,-17.037499999999998,6.336432761682218
2025-12-09 03:00:00,38,6.729041666666666,-17.393333333333334,6.568382310037023
2025-12-09 04:00:00,38,6.5699499999999995,-16.93166666666667,6.218026080230082
2025-12-09 05:00:00,38,6.304366666666668,-16.968333333333334,6.589987782106095
2025-12-09 06:00:00,38,7.556266666666666,-16.834166666666665,6.870286524886055
2025-12-09 07:00:00,38,5.948524999999999,-16.99083333333333,6.5387421678306135
2025-12-09 08:00:00,38,6.245783333333333,-15.161666666666667,5.73637542529458
2025-12-09 09:00:00,38,5.8126999999999995,-13.060833333333335,5.924447481816586
2025-12-09 10:00:00,38,5.144033333333334,-10.749166666666667,5.371517945275185
2025-12-09 11:00:00,38,4.537508333333333,-9.375833333333334,3.4025403143453947
2025-12-09 12:00:00,38,2.6948499999999997,-7.444166666666667,3.3860042264216355
2025-12-09 13:00:00,38,4.460183333333333,-8.689166666666667,4.906671914725984
2025-12-09 14:00:00,38,4.7755833333333335,-9.7125,5.058156111655433
2025-12-09 15:00:00,38,4.9431666666666665,-10.885,5.46427675789333
2025-12-09 16:00:00,38,5.854633333333332,-13.149166666666666,5.911521985570588
2025-12-09 17:00:00,38,4.570675,-14.68083333333333,5.780161076082122
2025-12-09 18:00:00,38,0.0,-14.888333333333335,4.971479453593003
2025-12-09 19:00:00,38,1.9772333333333332,-14.648333333333333,3.625377165646497
2025-12-09 20:00:00,38,5.295325,-15.573333333333332,5.012528360220476
2025-12-09 21:00:00,38,4.628341666666667,-16.115833333333335,6.038225451219138
2025-12-09 22:00:00,38,4.307875,-15.154166666666663,4.369049017491639
2025-12-09 23:00:00,38,5.9130416666666665,-14.444166666666666,6.078717562188278
2025-12-10 00:00:00,39,6.077299999999999,-13.420833333333334,5.659734068248284
2025-12-10 01:00:00,39,4.782916666666667,-12.605833333333335,4.617120109646447
2025-12-10 02:00:00,39,5.8932166666666665,-12.288333333333334,5.92121738618288
2025-12-10 03:00:00,39,5.2821083333333325,-11.954166666666666,5.711427809108249
2025-12-10 04:00:00,39,4.491683333333334,-11.63,5.694155116433697
2025-12-10 05:00:00,39,6.722375000000001,-11.551666666666668,5.153261371727249
2025-12-10 06:00:00,39,3.852175,-12.541666666666666,4.645009503799166
2025-12-10 07:00:00,39,4.694458333333333,-13.277500000000002,5.068345216289216
2025-12-10 08:00:00,39,6.080349999999999,-11.744166666666665,5.508084286795404
2025-12-10 09:00:00,39,3.5289916666666667,-8.985,4.705343467490855
2025-12-10 10:00:00,39,4.545216666666666,-6.855833333333333,4.380289578904418
2025-12-10 11:00:00,39,4.3983,-5.788333333333334,4.65162061561891
2025-12-10 12:00:00,39,3.2476166666666666,-4.9575000000000005,4.3947855813592716
2025-12-10 13:00:00,39,4.307466666666667,-4.990833333333334,4.373641043999807
2025-12-10 14:00:00,39,3.778966666666667,-5.44,4.267320013611276
2025-12-10 15:00:00,39,4.495525000000001,-5.61,4.387810998485481
2025-12-10 16:00:00,39,2.9088499999999997,-5.564166666666666,4.13174583205445
2025-12-10 17:00:00,39,1.3865583333333331,-5.25,2.5075516952500845
2025-12-10 18:00:00,39,3.941858333333333,-5.189166666666666,2.6985091132089205
2025-12-10 19:00:00,39,4.077866666666667,-5.075,4.9217113940006385
2025-12-10 20:00:00,39,4.350083333333334,-4.902500000000001,4.979395251438374
2025-12-10 21:00:00,39,4.872583333333333,-4.710000000000001,4.94655841165394
2025-12-10 22:00:00,39,3.26205,-4.552499999999999,3.7728086288130034
2025-12-10 23:00:00,39,3.245,-4.459166666666667,3.4388529482229377
2025-12-11 00:00:00,40,4.180591666666667,-4.550833333333333,3.7678237295825405
2025-12-11 01:00:00,40,3.9768666666666674,-4.528333333333333,4.155210897956362
2025-12-11 02:00:00,40,3.8950416666666667,-4.61,3.7177421313986936
2025-12-11 03:00:00,40,3.080741666666666,-4.564166666666666,4.173855919629337
2025-12-11 04:00:00,40,4.270125,-5.0375000000000005,3.799431716092384
2025-12-11 05:00:00,40,4.301233333333333,-6.175833333333333,4.031350753744951
2025-12-11 06:00:00,40,4.663975,-5.892499999999999,3.6880037543346944
2025-12-11 07:00:00,40,3.3904083333333332,-5.444166666666667,4.048524517296578
2025-12-11 08:00:00,40,3.1494,-5.0225,3.4002859715939437
2025-12-11 09:00:00,40,3.2379166666666666,-4.4816666666666665,3.796121976316445
2025-12-11 10:00:00,40,4.23375,-3.75,4.079800963232726
2025-12-11 11:00:00,40,4.378725,-2.875833333333333,4.6076344342207065
2025-12-11 12:00:00,40,2.877125,-3.0041666666666664,3.706130091421218
2025-12-11 13:00:00,40,2.836091666666667,-3.5174999999999996,3.6669257931295545
2025-12-11 14:00:00,40,5.50385,-4.834166666666667,4.032658625604274
2025-12-11 15:00:00,40,4.190508333333334,-6.0275,4.593376535776814
2025-12-11 16:00:00,40,3.479141666666667,-7.899166666666667,3.192550558918461
2025-12-11 17:00:00,40,3.2371000000000003,-9.055,3.561957583077387
2025-12-11 18:00:00,40,4.389483333333334,-9.916666666666666,4.650128968378714
2025-12-11 19:00:00,40,4.111908333333333,-10.751666666666667,5.029358127191641
2025-12-11 20:00:00,40,4.6944,-10.765,5.0438614258535175
2025-12-11 21:00:00,40,4.44485,-10.782499999999999,5.363319685028787
2025-12-11 22:00:00,40,4.996766666666666,-10.9625,5.11236618220366
2025-12-11 23:00:00,40,4.552858333333333,-11.268333333333333,4.83712862491356
2025-12-12 00:00:00,41,5.305516666666667,-10.7875,5.284405799944604
2025-12-12 01:00:00,41,4.57415,-10.295833333333333,4.297241441721149
2025-12-12 02:00:00,41,3.7423833333333336,-10.079166666666667,4.558096730919392
2025-12-12 03:00:00,41,4.759358333333333,-10.274166666666668,5.065612635733696
2025-12-12 04:00:00,41,5.126683333333333,-9.739166666666666,5.089447787625878
2025-12-12 05:00:00,41,3.806425,-9.227500000000001,4.479473316599206
2025-12-12 06:00:00,41,4.824166666666667,-9.074166666666667,5.056618872454292
2025-12-12 07:00:00,41,4.506966666666667,-9.029166666666667,4.5993922870374355
2025-12-12 08:00:00,41,5.399283333333333,-8.319166666666666,4.703310399167666
2025-12-12 09:00:00,41,5.077,-7.3975,4.350186304491522
2025-12-12 10:00:00,41,4.458283333333333,-7.3475,4.502958255748296
2025-12-12 11:00:00,41,5.150833333333333,-6.943333333333334,5.0136242879879696
2025-12-12 12:00:00,41,5.0967,-6.9366666666666665,4.485110832925251
2025-12-12 13:00:00,41,5.240375,-6.476666666666667,4.649936135503202
2025-12-12 14:00:00,41,4.581741666666666,-5.81,4.1558357981536815
2025-12-12 15:00:00,41,4.032775,-6.361666666666667,4.628080467936541
2025-12-12 16:00:00,41,5.086708333333333,-6.735833333333333,4.517645538498926
2025-12-12 17:00:00,41,3.1726916666666667,-6.403333333333333,4.471958701985517
2025-12-12 18:00:00,41,3.6099750000000004,-6.199166666666667,2.466101709175124
2025-12-12 19:00:00,41,3.3853416666666662,-6.125,3.0203912326745943
2025-12-12 20:00:00,41,2.5393,-5.9624999999999995,3.1653853055681576
2025-12-12 21:00:00,41,6.103833333333333,-5.969166666666667,4.396273898457176
2025-12-12 22:00:00,41,4.524258333333333,-6.091666666666668,4.806522154316542
2025-12-12 23:00:00,41,4.890866666666667,-6.204999999999999,5.056913097542113
2025-12-13 00:00:00,42,4.643258333333333,-6.740833333333334,4.532427158827147
2025-12-13 01:00:00,42,5.471425,-6.839166666666667,4.36435174854671
2025-12-13 02:00:00,42,4.58695,-7.63,4.455802236531205
2025-12-13 03:00:00,42,4.271125,-8.37,4.407755564356046
2025-12-13 04:00:00,42,5.416991666666666,-9.064166666666667,4.718334469311538
2025-12-13 05:00:00,42,5.693225,-9.3575,4.77857406557679
2025-12-13 06:00:00,42,3.2854249999999996,-10.148333333333333,3.9825474247458814
2025-12-13 07:00:00,42,4.459016666666667,-10.911666666666667,4.668131656791213
2025-12-13 08:00:00,42,3.5322333333333336,-9.272499999999999,4.627421718378321
2025-12-13 09:00:00,42,4.286833333333332,-6.398333333333333,4.24665416907067
2025-12-13 10:00:00,42,3.545633333333333,-4.7225,3.9993143423023927
2025-12-13 11:00:00,42,2.3878333333333335,-4.153333333333333,3.8208917800669866
2025-12-13 12:00:00,42,4.403975,-4.026666666666666,3.9164811003581
2025-12-13 13:00:00,42,3.0809333333333337,-3.6441666666666666,3.8686433123298185
2025-12-13 14:00:00,42,3.6935,-3.6475000000000004,4.03744519308142
2025-12-13 15:00:00,42,3.9102083333333333,-4.579166666666667,4.262765599223217
2025-12-13 16:00:00,42,4.6034999999999995,-7.1066666666666665,4.336570422605913
2025-12-13 17:00:00,42,3.5174666666666665,-8.116666666666667,4.176019885432221
2025-12-13 18:00:00,42,4.107541666666666,-8.11,4.6941123208919695
2025-12-13 19:00:00,42,4.725433333333333,-9.740833333333333,5.336086289664391
2025-12-13 20:00:00,42,4.124083333333332,-11.213333333333333,4.572131246997401
2025-12-13 21:00:00,42,3.4414166666666666,-12.135833333333336,4.572660831605235
2025-12-13 22:00:00,42,4.54285,-12.64,5.188810991094628
2025-12-13 23:00:00,42,3.869641666666667,-13.463333333333333,5.30405187164964
2025-12-14 00:00:00,43,4.1637749999999984,-13.25,5.636481487024326
2025-12-14 01:00:00,43,5.157183333333333,-13.347499999999998,5.281548810185721
2025-12-14 02:00:00,43,4.445624999999999,-12.921666666666667,4.969127462158222
2025-12-14 03:00:00,43,3.08995,-12.976666666666667,4.5756105515110645
2025-12-14 04:00:00,43,4.301875,-14.286666666666667,5.221402762208111
2025-12-14 05:00:00,43,5.420725,-15.509166666666665,6.062691332268572
2025-12-14 06:00:00,43,4.562783333333334,-15.449166666666665,5.69233317165521
2025-12-14 07:00:00,43,5.349550000000001,-15.1075,5.4463495770070285
2025-12-14 08:00:00,43,6.372783333333333,-14.375,6.195570480352418
2025-12-14 09:00:00,43,4.64815,-11.834166666666667,5.63228409793196
2025-12-14 10:00:00,43,4.532941666666666,-7.276666666666666,5.051810546798798
2025-12-14 11:00:00,43,4.371458333333333,-3.540833333333333,4.021398537923697
2025-12-14 12:00:00,43,3.63805,-2.955,3.771411837118173
2025-12-14 13:00:00,43,3.4857416666666667,-3.2583333333333333,4.55280637499661
2025-12-14 14:00:00,43,2.58035,-3.5641666666666665,3.612566252163551
2025-12-14 15:00:00,43,4.0399416666666665,-4.76,4.174155351589357
2025-12-14 16:00:00,43,4.6302666666666665,-6.8425,3.5979744137277585
2025-12-14 17:00:00,43,5.568641666666666,-8.6075,5.421637968501452
2025-12-14 18:00:00,43,4.986141666666666,-9.795,4.800703339064088
2025-12-14 19:00:00,43,4.590775,-10.314166666666667,4.685432522629
2025-12-14 20:00:00,43,6.3382000000000005,-9.99,5.440880931303848
2025-12-14 21:00:00,43,5.500291666666667,-10.098333333333334,4.925574711299176
2025-12-14 22:00:00,43,5.6925,-10.656666666666666,5.458579375627129
2025-12-14 23:00:00,43,5.547741666666666,-10.689166666666665,5.11961076263138
2025-12-15 00:00:00,44,4.854958333333332,-10.699166666666668,5.366799733142074
2025-12-15 01:00:00,44,6.073708333333333,-10.990833333333333,5.199829933992847
2025-12-15 02:00:00,44,4.5168333333333335,-11.963333333333333,5.080855151497574
2025-12-15 03:00:00,44,5.904491666666666,-12.333333333333334,5.337638764142423
2025-12-15 04:00:00,44,6.196066666666667,-11.795833333333334,5.344437316352373
2025-12-15 05:00:00,44,4.290191666666667,-12.119166666666667,4.962572659871187
2025-12-15 06:00:00,44,5.515625,-12.708333333333334,5.272479857401536
2025-12-15 07:00:00,44,5.866616666666666,-13.213333333333333,5.487861508281785
2025-12-15 08:00:00,44,6.436966666666666,-11.846666666666666,5.567021487774777
2025-12-15 09:00:00,44,6.5259833333333335,-10.018333333333333,5.580790772124887
2025-12-15 10:00:00,44,5.638066666666667,-7.644166666666667,4.6488387831203335
2025-12-15 11:00:00,44,3.9095416666666667,-6.754166666666666,3.956367988248082
2025-12-15 12:00:00,44,5.024208333333333,-6.359166666666667,3.847005547482021
2025-12-15 13:00:00,44,5.452949999999999,-7.435833333333334,4.762311930674392
2025-12-15 14:00:00,44,5.081908333333333,-7.8808333333333325,4.903489522057041
2025-12-15 15:00:00,44,6.570558333333334,-9.014166666666666,5.3284712261638605
2025-12-15 16:00:00,44,5.497283333333334,-9.57,5.433806492886665
2025-12-15 17:00:00,44,7.1440166666666665,-9.906666666666666,5.95865199644804
2025-12-15 18:00:00,44,6.583666666666667,-10.661666666666667,5.6361183618948045
2025-12-15 19:00:00,44,4.070508333333334,-10.545833333333333,4.796041585741351
2025-12-15 20:00:00,44,4.055166666666667,-10.499166666666666,2.9460976789822726
2025-12-15 21:00:00,44,4.568108333333333,-10.439166666666667,4.3416664438853205
2025-12-15 22:00:00,44,5.313899999999999,-10.5125,5.410630079754012
2025-12-15 23:00:00,44,5.9345583333333325,-11.079166666666667,5.59871088981591
2025-12-16 00:00:00,45,4.652733333333334,-12.199166666666668,5.327192754098599
2025-12-16 01:00:00,45,4.445491666666666,-11.971666666666666,5.800362649205201
2025-12-16 02:00:00,45,6.320058333333333,-13.737499999999999,5.988729345701756
2025-12-16 03:00:00,45,6.681291666666667,-15.115833333333333,5.70617553819019
2025-12-16 04:00:00,45,4.8497916666666665,-16.183333333333334,5.092568952121175
2025-12-16 05:00:00,45,5.607924999999999,-16.62916666666667,5.998380519987645
2025-12-16 06:00:00,45,6.90275,-12.865833333333335,6.263480314862224
2025-12-16 07:00:00,45,4.775883333333333,-12.699166666666665,5.670030541949901
2025-12-16 08:00:00,45,4.963533333333334,-11.235833333333334,4.902979279846094
2025-12-16 09:00:00,45,5.371758333333332,-9.786666666666667,4.733195770135417
2025-12-16 10:00:00,45,3.4931666666666668,-4.956666666666666,4.272140842149985
2025-12-16 11:00:00,45,3.2124166666666665,-2.750833333333333,3.5182904776864343
2025-12-16 12:00:00,45,3.3206833333333337,-1.665,3.348668734120721
2025-12-16 13:00:00,45,3.8495749999999993,-2.1158333333333332,4.018703592450625
2025-12-16 14:00:00,45,3.398325,-2.3049999999999997,4.048125478369204
2025-12-16 15:00:00,45,4.930991666666667,-2.440833333333333,4.206768034363482
2025-12-16 16:00:00,45,4.867908333333333,-2.9075,3.7085705194101477
2025-12-16 17:00:00,45,3.6040083333333333,-4.9125000000000005,3.733480274034829
2025-12-16 18:00:00,45,3.5484750000000003,-7.225833333333334,3.160684716042213
2025-12-16 19:00:00,45,4.736383333333333,-8.505,4.905187020347955
2025-12-16 20:00:00,45,4.529258333333333,-8.259166666666667,4.352929670592185
2025-12-16 21:00:00,45,3.5178499999999997,-7.875,3.830144389256715
2025-12-16 22:00:00,45,3.3512249999999995,-7.205000000000001,3.69941170723964
2025-12-16 23:00:00,45,6.362733333333332,-4.46,5.050402526767486
2025-12-17 00:00:00,46,4.578316666666666,-4.351666666666667,4.808375367548067
2025-12-17 01:00:00,46,4.5157,-4.411666666666666,4.576740560048488
2025-12-17 02:00:00,46,4.975733333333333,-4.656666666666666,4.4592517738774
2025-12-17 03:00:00,46,3.9064749999999995,-4.848333333333334,3.813747093070413
2025-12-17 04:00:00,46,5.218841666666666,-4.931666666666666,4.123071364061565
2025-12-17 05:00:00,46,4.864258333333334,-3.8699999999999997,3.3534630790314957
2025-12-17 06:00:00,46,3.0019333333333336,-3.6058333333333334,3.2186395882678016
2025-12-17 07:00:00,46,4.131308333333333,-3.3524999999999996,3.6033088449129145
2025-12-17 08:00:00,46,4.0527750000000005,-2.635,3.2053417095771204
2025-12-18 13:55:00,47,2.352125,2.533333333333333,2.3253702613658715
2025-12-18 14:55:00,47,2.532475,0.44083333333333324,2.6052720108178553
2025-12-18 15:55:00,47,2.6248666666666667,-2.7875,2.899154427366174
2025-12-18 16:55:00,47,3.224191666666666,-2.5933333333333333,3.459757924485701
2025-12-18 17:55:00,47,2.331975,0.9083333333333332,2.8793428063069273
2025-12-18 18:55:00,47,1.4520666666666668,1.7958333333333334,2.6947663939680613
2025-12-18 19:55:00,47,2.908091666666667,2.5649999999999995,2.5040738667547053
2025-12-18 20:55:00,47,2.454683333333333,2.8049999999999997,2.1402008714712153
2025-12-18 21:55:00,47,4.097166666666666,3.060833333333333,2.839069278094153
2025-12-18 22:55:00,47,2.963933333333333,3.0558333333333336,3.501496431358422
2025-12-18 23:55:00,47,2.651683333333333,2.81,3.429754848159715
2025-12-19 00:55:00,48,4.518891666666667,2.5566666666666666,3.421205085252228
2025-12-19 01:55:00,48,3.397641666666667,3.0275,2.7020649627618587
2025-12-19 02:55:00,48,3.083566666666667,2.9491666666666667,2.962251298095052
2025-12-19 03:55:00,48,3.029108333333333,2.0691666666666664,2.7773187546165
2025-12-19 04:55:00,48,3.2196249999999997,2.268333333333333,2.3970451832293036
2025-12-19 05:55:00,48,2.0116833333333335,4.0675,2.568754328463743
2025-12-19 06:55:00,48,3.0648583333333335,4.653333333333333,2.9596055242329973
2025-12-19 07:55:00,48,2.1734416666666667,5.574166666666667,1.9562510551155803
2025-12-19 08:55:00,48,2.1248416666666663,7.5183333333333335,2.235793129500739
2025-12-19 09:55:00,48,3.0218333333333334,8.8925,2.5147058985101536
2025-12-19 10:55:00,48,2.159625,9.736666666666666,2.462617614594341
2025-12-19 11:55:00,48,1.936,9.929166666666665,1.9302679228655695
2025-12-19 12:55:00,48,2.171358333333333,10.560833333333333,1.6713510062026533
2025-12-19 13:55:00,48,1.652825,11.296666666666667,2.164467096732338
2025-12-20 18:05:00,49,2.6451499999999997,-4.149166666666667,2.3003154232196428
2025-12-20 19:05:00,49,1.795425,-4.055,2.58923406218638
2025-12-20 20:05:00,49,2.6847,-3.8983333333333334,2.8428877737911975
2025-12-20 21:05:00,49,6.560466666666667,-3.2866666666666666,3.833422084299261
2025-12-20 22:05:00,49,4.416458333333333,-2.4175000000000004,5.199944702453755
2025-12-20 23:05:00,49,3.862325,-2.2500000000000004,3.77634883370464
2025-12-21 00:05:00,50,4.520766666666666,-2.1999999999999997,4.64453714953976
2025-12-21 01:05:00,50,4.469691666666667,-2.225833333333333,4.167555264929906
2025-12-21 02:05:00,50,3.2110749999999992,-2.185833333333333,3.7967539739127503
2025-12-21 03:05:00,50,4.24745,-2.6833333333333336,3.960579550327754
2025-12-21 04:05:00,50,4.134058333333333,-2.588333333333333,3.383530812852226
2025-12-21 05:05:00,50,2.725825,-2.203333333333333,3.4947070169411987
2025-12-21 06:05:00,50,3.645266666666667,-1.685833333333333,3.7128125884920515
2025-12-21 07:05:00,50,3.5681249999999998,-2.0599999999999996,3.2558548020691083
2025-12-21 08:05:00,50,2.7329166666666667,-1.4641666666666666,3.526532725706587
2025-12-21 09:05:00,50,2.534116666666667,0.24,2.9920116158013195
2025-12-21 10:05:00,50,2.357725,1.2783333333333333,3.166614742748603
2025-12-21 11:05:00,50,2.2941166666666666,1.7550000000000006,2.2442183590693956
2025-12-21 12:05:00,50,1.5015499999999997,0.7225,3.000517075938663
2025-12-21 13:05:00,50,0.0,0.21833333333333338,2.738564349548261
2025-12-21 14:05:00,50,0.0,-0.36166666666666675,2.2628173853227382
2025-12-21 15:05:00,50,0.0,-1.1941666666666666,2.3584308622869865
2025-12-21 16:05:00,50,0.0,-2.1525000000000003,2.4356683795069634
2025-12-21 17:05:00,50,0.0,-2.750833333333334,2.4994678818873344
2025-12-21 18:05:00,50,0.0,-3.356666666666667,2.5773415489985654
2025-12-21 19:05:00,50,0.0,-3.8516666666666666,2.646083616597064
2025-12-21 20:05:00,50,0.0,-4.365000000000001,2.715310446764253
2025-12-21 21:05:00,50,0.0,-5.110833333333333,2.7913227331194723
2025-12-21 22:05:00,50,0.0,-6.1933333333333325,2.877287493129733
2025-12-21 23:05:00,50,0.0,-7.490833333333334,2.9719171010279237
2025-12-22 00:05:00,51,0.0,-8.495833333333334,1.2663792108186822
2025-12-22 01:05:00,51,0.0,-9.064166666666667,1.350464460464475
2025-12-22 02:05:00,51,0.0,-9.215833333333334,1.4599933864589987
2025-12-22 03:05:00,51,0.0,-9.278333333333334,1.566411217905141
2025-12-22 04:05:00,51,0.0,-9.522499999999999,1.6469670484477965
2025-12-22 05:05:00,51,0.0,-10.0375,1.693057372964947
2025-12-22 06:05:00,51,0.0,-10.634166666666667,1.7163954157500139
2025-12-22 07:05:00,51,0.0,-11.351666666666667,1.6515915536025974
2025-12-22 08:05:00,51,0.0,-10.5825,1.5494405940112275
2025-12-22 09:05:00,51,0.0,-9.977500000000001,1.4726520276456718
2025-12-22 10:05:00,51,0.0,-8.4625,1.018051836631052
2025-12-22 11:05:00,51,0.0,-8.106666666666667,0.8748155363923276
2025-12-22 12:05:00,51,3.0351583333333334,-7.940833333333334,0.9547885855225077
2025-12-22 13:05:00,51,6.049266666666665,-8.403333333333334,10.159096792203671
2025-12-22 14:05:00,51,6.2186916666666665,-8.619166666666667,10.61271664270501
2025-12-22 15:05:00,51,6.175891666666668,-9.5325,9.68955900629372
2025-12-22 16:05:00,51,5.413275,-10.518333333333333,7.225119291343982
2025-12-22 17:05:00,51,4.247058333333333,-10.785833333333334,6.467526768750635
2025-12-22 18:05:00,51,4.1983999999999995,-10.758333333333333,6.562111783555785
2025-12-22 19:05:00,51,6.3072833333333325,-10.645000000000001,8.14547110868456
2025-12-22 20:05:00,51,6.038683333333333,-10.852500000000001,12.896164128597187
2025-12-22 21:05:00,51,8.887575,-10.319166666666666,10.771394200979962
2025-12-22 22:05:00,51,6.1751,-9.990833333333333,9.95162095042812
2025-12-22 23:05:00,51,7.189866666666666,-10.055,7.4364106895300655
2025-12-23 00:05:00,52,7.497191666666667,-10.755,6.395268097611165
2025-12-23 01:05:00,52,6.394291666666665,-12.729166666666666,6.382229590949448
2025-12-23 02:05:00,52,6.915333333333333,-13.545833333333329,5.243605238665521
2025-12-23 03:05:00,52,5.616591666666667,-14.690000000000003,5.5159873701898485
2025-12-23 04:05:00,52,5.3237,-15.560000000000002,5.2997879455696655
2025-12-23 05:05:00,52,5.557908333333333,-15.921666666666669,4.954025039423628
2025-12-23 06:05:00,52,4.112075,-16.3,4.822614449801347
2025-12-23 07:05:00,52,3.405783333333333,-15.600833333333334,3.195667008821973
2025-12-23 08:05:00,52,5.532825000000001,-13.259166666666667,3.2741534947827367
2025-12-23 09:05:00,52,5.675883333333332,-10.772499999999999,4.490575202558536
2025-12-23 10:05:00,52,4.140541666666667,-9.041666666666666,4.75327100238035
2025-12-23 11:05:00,52,4.674099999999999,-8.115,3.858155167433169
2025-12-23 12:05:00,52,3.8981749999999997,-7.615833333333334,4.001904014334421
2025-12-23 13:05:00,52,3.8697749999999993,-7.555833333333333,3.4619857145069175
2025-12-23 14:05:00,52,3.5295416666666664,-7.028333333333333,4.169805317875999
2025-12-23 15:05:00,52,5.322175,-7.291666666666667,3.995089732654458
2025-12-23 16:05:00,52,4.170108333333333,-7.480833333333333,5.098296859471753
2025-12-23 17:05:00,52,3.057008333333333,-7.485833333333333,3.084565803243894
2025-12-23 18:05:00,52,2.217925,-7.648333333333333,2.496392548957828
2025-12-23 19:05:00,52,5.218358333333334,-8.036666666666667,2.98674793521766
2025-12-23 20:05:00,52,3.3437833333333336,-8.213333333333333,4.135514530820153
2025-12-23 21:05:00,52,4.626608333333333,-8.338333333333333,3.8197436393285082
2025-12-23 22:05:00,52,4.918824999999999,-8.991666666666667,4.985134313841041
2025-12-23 23:05:00,52,4.364533333333333,-9.653333333333334,4.674763065497959
2025-12-24 00:05:00,53,6.7738749999999985,-9.926666666666668,4.931470781082448
2025-12-24 01:05:00,53,4.484341666666666,-10.36,5.5001274223464085
2025-12-24 02:05:00,53,4.189391666666667,-10.775,4.547363280161852
2025-12-24 03:05:00,53,5.436633333333334,-10.921666666666667,4.454997127057804
2025-12-24 04:05:00,53,5.116241666666666,-11.184166666666668,5.178004497252689
2025-12-24 05:05:00,53,5.023941666666666,-11.265,5.049448259968202
2025-12-24 06:05:00,53,5.008541666666667,-11.28,4.671627028462092
2025-12-24 07:05:00,53,4.303308333333333,-11.292499999999999,4.873497978956237
2025-12-24 08:05:00,53,6.199525,-11.056666666666667,4.759851523207668
2025-12-24 09:05:00,53,4.7036999999999995,-10.486666666666666,5.691587835997164
2025-12-24 10:05:00,53,3.7113666666666667,-9.9725,4.019877064953321
2025-12-24 11:05:00,53,4.447608333333333,-9.051666666666668,3.664852445819031
2025-12-24 12:05:00,53,3.6822916666666665,-8.138333333333334,3.9966345573923885
2025-12-24 13:05:00,53,4.402941666666667,-7.5874999999999995,4.234409209695557
2025-12-24 14:05:00,53,5.685708333333333,-7.705000000000001,4.630864188150345
2025-12-24 15:05:00,53,3.5891166666666665,-8.476666666666667,4.486553949200564
2025-12-24 16:05:00,53,5.2856749999999995,-10.111666666666666,3.6744148701233454
2025-12-24 17:05:00,53,4.945366666666666,-11.703333333333333,4.738003431805783
2025-12-24 18:05:00,53,4.735483333333333,-13.023333333333332,4.6428648582357575
2025-12-24 19:05:00,53,3.3337916666666665,-14.592500000000001,4.010038255327466
2025-12-24 20:05:00,53,2.7336083333333336,-15.897499999999999,3.304892191477859
2025-12-24 21:05:00,53,3.680233333333333,-15.850833333333332,3.5554058924416054
2025-12-24 22:05:00,53,5.541108333333334,-14.84666666666667,4.240736431647634
2025-12-24 23:05:00,53,5.7283583333333326,-14.041666666666666,5.6015666510560544
2025-12-25 00:05:00,54,6.1478,-13.286666666666667,6.251162733608741
2025-12-25 01:05:00,54,6.318125,-12.541666666666666,6.216335816906325
2025-12-25 02:05:00,54,3.6821166666666674,-10.976666666666667,6.155922961480821
2025-12-25 03:05:00,54,6.4045749999999995,-9.5375,4.925870382376581
2025-12-25 04:05:00,54,5.418691666666667,-9.289166666666667,6.279944287490665
2025-12-25 05:05:00,54,4.685275,-9.275,5.455074102860973
2025-12-25 06:05:00,54,3.755183333333333,-9.225,4.950312807801431
2025-12-25 07:05:00,54,6.2103166666666665,-9.324166666666667,4.625017420985716
2025-12-25 08:05:00,54,4.552791666666667,-9.290833333333333,5.836496112638629
2025-12-25 09:05:00,54,3.859683333333333,-8.805,4.3834772793052945
2025-12-25 10:05:00,54,4.826025,-7.9816666666666665,4.260472575450758
2025-12-25 11:05:00,54,3.0931083333333333,-6.403333333333333,4.6230233351833085
2025-12-25 12:05:00,54,3.5921833333333337,-6.283333333333334,4.113814948209134
2025-12-25 13:05:00,54,5.205266666666667,-5.574166666666667,4.43287402734965
2025-12-25 14:05:00,54,3.916366666666667,-5.3625,5.156456031802999
2025-12-25 15:05:00,54,3.9982749999999987,-6.389166666666667,4.281147550392157
2025-12-25 16:05:00,54,4.813783333333333,-7.730833333333333,4.4469081784670745
2025-12-25 17:05:00,54,5.472475000000001,-8.634166666666667,4.904126527215672
2025-12-25 18:05:00,54,4.7722500000000005,-9.319166666666666,4.90787659078827
2025-12-25 19:05:00,54,4.773883333333334,-10.4625,4.470076771569088
2025-12-25 20:05:00,54,4.672733333333333,-11.9125,4.983030674135399
2025-12-25 21:05:00,54,6.154766666666666,-12.884166666666665,5.128568221468358
2025-12-25 22:05:00,54,6.258266666666667,-14.065000000000003,5.8566505786831184
2025-12-25 23:05:00,54,4.326841666666666,-14.794166666666667,5.827245491724084
2025-12-26 00:05:00,55,5.96805,-14.698333333333332,4.950165688841215
2025-12-26 01:05:00,55,6.3675999999999995,-14.768333333333336,6.166311978509823
2025-12-26 02:05:00,55,4.116633333333334,-15.24083333333333,5.816562889050546
2025-12-26 03:05:00,55,6.306125,-15.940000000000003,4.976408866515278
2025-12-26 04:05:00,55,5.981283333333334,-16.473333333333333,6.125683512610271
2025-12-26 05:05:00,55,5.494941666666667,-16.5975,4.911323884558335
2025-12-26 06:05:00,55,4.211075,-17.689166666666665,4.101975846334354
2025-12-26 07:05:00,55,6.053333333333333,-18.39833333333333,4.267663465314655
2025-12-26 08:05:00,55,5.088374999999999,-16.435,5.876570538458835
2025-12-26 09:05:00,55,5.860066666666666,-14.254166666666663,5.01674557381679
2025-12-26 10:05:00,55,3.769883333333333,-13.175833333333335,4.812681684608572
2025-12-26 11:05:00,55,4.055133333333333,-12.667499999999999,3.126949280933112
2025-12-26 12:05:00,55,3.9632166666666664,-10.94,3.8744582135941865
2025-12-26 13:05:00,55,3.8458750000000004,-11.780833333333334,4.752559787626463
2025-12-26 14:05:00,55,6.112933333333334,-12.35666666666667,5.047106813754887
2025-12-26 15:05:00,55,5.146366666666666,-13.29166666666667,5.005759572104216
2025-12-26 16:05:00,55,5.084208333333334,-15.403333333333336,4.487527802921113
2025-12-26 17:05:00,55,4.550191666666666,-17.609166666666663,5.068108799785029
2025-12-26 18:05:00,55,6.1157916666666665,-19.09916666666667,4.957931866360317
2025-12-26 19:05:00,55,5.4631,-20.505,4.9857870737433885
2025-12-26 20:05:00,55,4.729141666666667,-20.88083333333333,5.37901617883596
2025-12-26 21:05:00,55,5.687408333333334,-18.726666666666667,5.337846966233884
2025-12-26 22:05:00,55,7.832741666666668,-18.81333333333333,5.9076382244630015
2025-12-26 23:05:00,55,8.041075000000001,-19.489166666666666,7.44137220869043
2025-12-27 00:05:00,56,5.733275,-19.685833333333335,7.13591572942785
2025-12-27 01:05:00,56,4.994716666666666,-19.860833333333332,6.470567502495079
2025-12-27 02:05:00,56,7.196516666666666,-19.86916666666667,6.72305381636569
2025-12-27 03:05:00,56,7.982091666666668,-20.406666666666666,7.6912047772814685
2025-12-27 04:05:00,56,6.102508333333334,-20.6575,7.477278698699849
2025-12-27 05:05:00,56,5.3488083333333325,-20.453333333333333,6.750492586194133
2025-12-27 06:05:00,56,7.466358333333333,-19.375,7.230114274548437
2025-12-27 07:05:00,56,7.311083333333333,-18.296666666666663,8.03684502569687
2025-12-27 08:05:00,56,4.586708333333332,-16.281666666666663,7.613484970008329
2025-12-27 09:05:00,56,7.015675,-14.049999999999999,6.22319131261549
2025-12-27 10:05:00,56,7.3442583333333324,-12.060833333333335,6.417649715294421
2025-12-27 11:05:00,56,5.471016666666666,-11.126666666666667,6.077322343594956
2025-12-27 12:05:00,56,4.575541666666666,-9.721666666666666,5.1723800339602395
2025-12-27 13:05:00,56,5.810308333333334,-9.88,5.028828684151565
2025-12-27 14:05:00,56,4.251766666666667,-10.134166666666667,5.4206749037611335
2025-12-27 15:05:00,56,4.672116666666666,-10.685,4.188324483367021
2025-12-27 16:05:00,56,4.128933333333333,-12.999166666666667,5.102792476754457
2025-12-27 17:05:00,56,4.264941666666666,-14.619999999999997,4.575307877552727
2025-12-27 18:05:00,56,3.5187416666666667,-15.161666666666667,3.484963030481965
2025-12-27 19:05:00,56,4.231158333333333,-16.776666666666667,3.974270790593832
2025-12-27 20:05:00,56,2.9401,-17.695000000000004,4.1300926790634644
2025-12-27 21:05:00,56,2.8666000000000005,-18.389999999999997,3.6208735381915345
2025-12-27 22:05:00,56,5.278233333333333,-17.388333333333335,4.44907891360992
2025-12-27 23:05:00,56,5.856741666666667,-15.410833333333334,6.151261821759965
2025-12-28 00:05:00,57,4.658641666666665,-14.5875,4.865238186307549
2025-12-28 01:05:00,57,5.776050000000001,-14.082499999999998,5.250750656369226
2025-12-28 02:05:00,57,6.760075,-14.537500000000001,5.932776831123988
2025-12-28 03:05:00,57,4.5675,-14.139166666666666,6.537589097844117
2025-12-28 04:05:00,57,5.461716666666667,-13.723333333333334,5.449766429060034
2025-12-28 05:05:00,57,6.268166666666667,-13.360833333333334,5.526134336046067
2025-12-28 06:05:00,57,4.3636333333333335,-13.7825,5.696420640400105
2025-12-28 07:05:00,57,4.491175,-13.717499999999996,4.92975886450043
2025-12-28 08:05:00,57,5.838233333333333,-11.46,5.652932071106031
2025-12-28 09:05:00,57,4.991708333333333,-9.227500000000001,4.804358813319714
2025-12-28 10:05:00,57,2.93595,-6.7366666666666655,4.5903815395691705
2025-12-28 11:05:00,57,1.5305166666666667,-5.25,2.3763774002502096
2025-12-28 12:05:00,57,2.407725,-4.0125,1.9508553190852589
2025-12-28 13:05:00,57,2.1751750000000003,-4.406666666666667,3.128115908238412
2025-12-28 14:05:00,57,4.341141666666666,-4.703333333333333,3.2814040480722433
2025-12-28 15:05:00,57,4.282791666666667,-5.5200000000000005,3.9599043531267775
2025-12-28 16:05:00,57,4.624633333333333,-6.625,4.379802570458823
2025-12-28 17:05:00,57,4.429233333333334,-7.523333333333333,5.028140769997901
2025-12-28 18:05:00,57,3.995508333333333,-7.755,3.8066294486588697
2025-12-28 19:05:00,57,4.496941666666666,-9.0275,3.5960486017852515
2025-12-28 20:05:00,57,4.826675,-8.800833333333333,4.868163388686794
2025-12-28 21:05:00,57,4.978791666666666,-9.339166666666667,4.7206277250477875
2025-12-28 22:05:00,57,4.359066666666667,-10.707500000000001,4.945367379294002
2025-12-28 23:05:00,57,5.989833333333333,-11.120833333333332,4.457552614959942
2025-12-29 00:05:00,58,4.546025,-11.185833333333335,5.150715946857382
2025-12-29 01:05:00,58,3.352208333333334,-11.027500000000002,4.463354049307219
2025-12-29 02:05:00,58,4.968675,-10.471666666666666,4.350567940417326
2025-12-29 03:05:00,58,5.594683333333334,-9.768333333333333,5.260427491149955
2025-12-29 04:05:00,58,4.275341666666666,-9.0375,5.073845242665863
2025-12-29 05:05:00,58,3.6051416666666665,-8.39,4.3315950975628095
2025-12-29 06:05:00,58,5.074875,-8.005833333333333,4.509822186785953
2025-12-29 07:05:00,58,5.129016666666666,-7.2924999999999995,5.1357063170915715
2025-12-29 08:05:00,58,3.4258416666666665,-6.545833333333333,4.86877720559197
2025-12-29 09:05:00,58,5.550541666666667,-5.754166666666666,4.262189450817257
2025-12-29 10:05:00,58,4.348275,-4.6066666666666665,5.264213175529186
2025-12-29 11:05:00,58,4.083383333333332,-2.6850000000000005,4.5488695107821355
2025-12-29 12:05:00,58,4.261991666666667,-1.0225,4.505942836739588
2025-12-29 13:05:00,58,3.029575,0.48166666666666674,4.524164110810456
2025-12-29 14:05:00,58,4.1347,0.6666666666666666,3.8212031510493056
2025-12-29 15:05:00,58,4.365691666666667,0.7083333333333334,4.303268833870595
2025-12-29 16:05:00,58,3.6402166666666664,0.8191666666666665,3.810371928965422
2025-12-29 17:05:00,58,2.488108333333333,0.5558333333333333,3.3363665316652256
2025-12-29 18:05:00,58,3.062441666666666,0.12083333333333333,2.599681303954031
2025-12-29 19:05:00,58,1.874658333333333,0.009166666666666667,2.3687538678226168
2025-12-29 20:05:00,58,1.9069500000000001,0.027499999999999997,1.8180989344172038
2025-12-29 21:05:00,58,1.8820500000000002,-0.004999999999999998,1.8455461780945783
2025-12-29 22:05:00,58,3.1876999999999995,-0.0375,2.318121045629444
2025-12-29 23:05:00,58,4.070825,0.056666666666666664,3.381686855817378
2025-12-30 00:05:00,59,3.7044916666666667,-0.5516666666666666,3.4753084036148967
2025-12-30 01:05:00,59,2.7707083333333333,-1.7400000000000002,3.0567768298962252
2025-12-30 02:05:00,59,3.3757249999999996,-2.3183333333333334,2.670001844170798
2025-12-30 03:05:00,59,4.385533333333333,-2.5133333333333336,3.253970809225205
2025-12-30 04:05:00,59,3.257441666666667,-2.9858333333333333,3.657312029003792
2025-12-30 05:05:00,59,3.778958333333333,-4.4816666666666665,3.1121985096236213
2025-12-30 06:05:00,59,3.830025000000001,-6.216666666666666,3.1426652245342668
2025-12-30 07:05:00,59,3.917883333333333,-7.814166666666666,3.6324271794409837
2025-12-30 08:05:00,59,4.518283333333333,-8.485833333333334,3.827207386568462
2025-12-30 09:05:00,59,4.781783333333333,-8.163333333333334,3.8638254989086356
2025-12-30 10:05:00,59,4.129791666666667,-8.397499999999999,3.7493421165940086
2025-12-30 11:05:00,59,3.719533333333333,-9.2375,4.148033784484909
2025-12-30 12:05:00,59,5.064075,-9.714166666666667,4.392030873466662
2025-12-30 13:05:00,59,5.230408333333333,-10.449166666666667,5.077361238526445
2025-12-30 14:05:00,59,5.257524999999999,-11.166666666666666,5.001752876567052
2025-12-30 15:05:00,59,4.5604499999999994,-12.027499999999998,4.731487131828903
2025-12-30 16:05:00,59,4.620575,-12.689999999999998,5.247320713536349
2025-12-30 17:05:00,59,3.673341666666667,-13.060833333333335,5.066885242876728
2025-12-30 18:05:00,59,4.001933333333334,-13.292500000000004,4.185703204515088
2025-12-30 19:05:00,59,3.2157250000000004,-13.535833333333334,4.195676299035892
2025-12-30 20:05:00,59,4.859075,-13.791666666666666,4.4660194784795575
2025-12-30 21:05:00,59,5.612308333333333,-14.166666666666666,5.923874158457666
2025-12-30 22:05:00,59,6.310691666666667,-14.880833333333333,6.447900748827215
2025-12-30 23:05:00,59,5.881808333333333,-15.148333333333333,7.046703885966152
2025-12-31 00:05:00,60,7.817500000000001,-15.235,6.796382684446691
2025-12-31 01:05:00,60,6.383366666666666,-15.718333333333334,6.875949245065595
2025-12-31 02:05:00,60,5.259875,-16.263333333333335,6.15616257258316
2025-12-31 03:05:00,60,6.205558333333334,-16.38,5.942078236498771
2025-12-31 04:05:00,60,6.754416666666665,-16.156666666666666,6.930529640256562
2025-12-31 05:05:00,60,5.658675000000001,-16.703333333333333,6.662627337803363
2025-12-31 06:05:00,60,5.447033333333333,-18.310000000000002,5.941289020503621
2025-12-31 07:05:00,60,6.344674999999999,-17.889166666666668,6.446339547412784
2025-12-31 08:05:00,60,6.302091666666666,-15.384166666666665,6.867441980811831
2025-12-31 09:05:00,60,5.318725,-13.149166666666664,6.8190021607648195
2025-12-31 10:05:00,60,6.407983333333333,-11.295833333333334,4.562709467566652
2025-12-31 11:05:00,60,3.2850750000000004,-10.139166666666666,2.886643019412961
2025-12-31 12:05:00,60,6.795066666666665,-8.0175,4.2142826909003634
2025-12-31 13:05:00,60,7.399874999999999,-7.759166666666666,5.871823033020661
2025-12-31 14:05:00,60,6.599724999999999,-7.5225,6.385390703697542
2025-12-31 15:05:00,60,6.12915,-8.174999999999999,4.871180891790962
2025-12-31 16:05:00,60,5.9303333333333335,-10.713333333333333,5.115312380182196
2025-12-31 17:05:00,60,4.482516666666665,-12.385833333333332,4.55341208551514
2025-12-31 18:05:00,60,6.010508333333332,-13.741666666666667,4.650507593047651
2025-12-31 19:05:00,60,5.791574999999999,-14.851666666666668,5.352566945299858
2025-12-31 20:05:00,60,5.188591666666667,-15.329166666666667,5.162525443824052
2025-12-31 21:05:00,60,7.232449999999999,-15.978333333333333,5.463527607230434
2025-12-31 22:05:00,60,3.570658333333333,-16.33666666666667,4.720970542564826
2025-12-31 23:05:00,60,6.434891666666666,-16.486666666666668,4.325926795422802
2026-01-01 00:05:00,61,4.145766666666667,-16.63,5.362147007407854
2026-01-01 01:05:00,61,7.002624999999998,-15.81583333333333,5.265151116986267
2026-01-01 02:05:00,61,6.4745,-14.72166666666667,5.958218034107432
2026-01-01 03:05:00,61,3.9173999999999993,-13.731666666666667,4.957919643862751
2026-01-01 04:05:00,61,5.653141666666667,-12.796666666666667,4.64758554765565
2026-01-01 05:05:00,61,4.648783333333333,-12.129166666666668,5.22508990943681
2026-01-01 06:05:00,61,6.537433333333334,-11.536666666666667,5.0611140372413255
2026-01-01 07:05:00,61,3.3347416666666665,-11.181666666666667,5.189597097175146
2026-01-01 08:05:00,61,4.193991666666666,-9.623333333333333,4.059980719738438
2026-01-01 09:05:00,61,4.6862416666666675,-7.2975,3.8163470186166846
2026-01-01 10:05:00,61,4.585958333333333,-6.395833333333333,3.9799131375847097
2026-01-01 11:05:00,61,3.513116666666667,-5.584166666666667,4.106363895092521
2026-01-01 12:05:00,61,4.738841666666667,-4.642499999999999,4.484287394934231
2026-01-01 13:05:00,61,2.998625,-4.3774999999999995,3.224192316096038
2026-01-01 14:05:00,61,3.1436750000000004,-4.6575,2.726113358773924
2026-01-01 15:05:00,61,3.906283333333333,-5.541666666666667,2.7070825496683075
2026-01-01 16:05:00,61,1.878058333333333,-7.860833333333333,2.7575507925332765
2026-01-01 17:05:00,61,4.375416666666666,-9.62,3.3629879424658142
2026-01-01 18:05:00,61,6.3309999999999995,-10.62,4.958772923963658
2026-01-01 19:05:00,61,4.601566666666667,-11.19,4.330818622336468
2026-01-01 20:05:00,61,4.8678,-11.815,4.038852007530174
2026-01-01 21:05:00,61,4.6543,-12.44,4.450898393377892
2026-01-01 22:05:00,61,5.548725000000001,-13.078333333333333,4.850028890945609
2026-01-01 23:05:00,61,7.599716666666667,-14.134999999999998,5.682265818964206
2026-01-02 00:05:00,62,7.725775,-15.33916666666667,6.066682331264685
2026-01-02 01:05:00,62,6.9605999999999995,-15.829166666666666,5.997508122413937
2026-01-02 02:05:00,62,6.3357,-16.5275,6.160067794815322
2026-01-02 03:05:00,62,7.397275,-17.0425,6.111051946988299
2026-01-02 04:05:00,62,7.227591666666665,-17.57,6.110523638833561
2026-01-02 05:05:00,62,6.727891666666667,-17.995833333333334,6.310980258269833
2026-01-02 06:05:00,62,6.744833333333333,-18.87,6.115782933403742
2026-01-02 07:05:00,62,7.364424999999999,-18.935833333333335,6.35726365978445
2026-01-02 08:05:00,62,7.422625,-17.45916666666667,5.840911123651455
2026-01-02 09:05:00,62,6.0749,-15.9125,5.961659973068574
2026-01-02 10:05:00,62,5.651816666666667,-14.050833333333332,6.111980654165489
2026-01-02 11:05:00,62,4.570841666666667,-13.019166666666665,5.428120041607109
2026-01-02 12:05:00,62,6.231633333333332,-12.119166666666665,5.96038575325745
2026-01-02 13:05:00,62,7.067925000000001,-12.659999999999998,6.032005637088849
2026-01-02 14:05:00,62,7.244558333333333,-12.9775,5.507979365502809
2026-01-02 15:05:00,62,5.521,-13.81083333333333,5.111477981054815
2026-01-02 16:05:00,62,6.4334083333333325,-14.741666666666667,5.651682171747555
2026-01-02 17:05:00,62,5.174975,-14.991666666666669,5.985332350760018
2026-01-02 18:05:00,62,4.860216666666667,-15.323333333333332,5.275186501626336
2026-01-02 19:05:00,62,4.726675,-15.680000000000001,5.8710245806956
2026-01-02 20:05:00,62,6.477391666666666,-16.44,5.263891429161147
2026-01-02 21:05:00,62,5.9715750000000005,-16.352500000000003,5.510841392214372
2026-01-02 22:05:00,62,6.827708333333333,-16.051666666666666,5.198087489049118
2026-01-02 23:05:00,62,6.5736083333333335,-14.828333333333335,5.897723048737129
2026-01-03 00:05:00,63,6.405908333333335,-15.143333333333333,5.967750459165912
2026-01-03 01:05:00,63,6.149033333333334,-15.315000000000003,5.964436059787618
2026-01-03 02:05:00,63,7.2538,-15.40333333333333,5.759053241111847
2026-01-03 03:05:00,63,5.486466666666667,-15.810833333333333,6.017154995759956
2026-01-03 04:05:00,63,6.902966666666666,-16.545833333333334,5.687638392819286
2026-01-03 05:05:00,63,7.304633333333332,-17.110833333333332,6.029614766084273
2026-01-03 06:05:00,63,5.1824916666666665,-17.485833333333336,5.523415970119653
2026-01-03 07:05:00,63,7.3292,-17.395,5.723460011126219
2026-01-03 08:05:00,63,7.2870583333333325,-15.792499999999999,6.137648869325846
2026-01-03 09:05:00,63,6.003316666666667,-14.537500000000001,5.725753182755579
2026-01-03 10:05:00,63,6.748208333333333,-13.329999999999998,6.005289794005945
2026-01-03 11:05:00,63,5.549808333333333,-12.671666666666667,5.222948566464701
2026-01-03 12:05:00,63,4.604841666666666,-12.079166666666667,4.419310233099695
2026-01-03 13:05:00,63,5.318233333333334,-12.494166666666667,5.340193259458772
2026-01-03 14:05:00,63,7.282699999999999,-12.847499999999998,6.034486599555927
2026-01-03 15:05:00,63,7.490091666666667,-13.782499999999999,6.100673225965509
2026-01-03 16:05:00,63,6.146166666666667,-15.092500000000001,6.183958844590581
2026-01-03 17:05:00,63,7.301774999999998,-15.341666666666667,5.776740326815073
2026-01-03 18:05:00,63,6.624675000000002,-15.883333333333335,5.711586046296437
2026-01-03 19:05:00,63,5.826508333333332,-16.31833333333333,5.63379304607578
2026-01-03 20:05:00,63,5.9998499999999995,-16.991666666666667,5.843814516789152
2026-01-03 21:05:00,63,5.512824999999999,-17.518333333333334,5.2097447445877885
2026-01-03 22:05:00,63,5.316333333333334,-17.75833333333333,5.892116932812114
2026-01-03 23:05:00,63,7.335850000000001,-18.06,6.045431709987966
2026-01-04 00:05:00,64,6.917083333333333,-18.675,6.63864124645958
2026-01-04 01:05:00,64,5.674641666666666,-19.49333333333333,6.077822426602554
2026-01-04 02:05:00,64,7.428191666666667,-19.74,6.015431792112713
2026-01-04 03:05:00,64,7.406766666666666,-18.99083333333333,6.633083985513217
2026-01-04 04:05:00,64,5.329983333333334,-19.713333333333335,6.31795712952514
2026-01-04 05:05:00,64,7.414725,-20.764166666666664,6.388221737768316
2026-01-04 06:05:00,64,7.052816666666666,-21.49416666666667,7.1791358149353055
2026-01-04 07:05:00,64,6.181383333333334,-22.269166666666667,6.761147674076442
2026-01-04 08:05:00,64,7.181658333333333,-19.276666666666667,6.905811839334794
2026-01-04 09:05:00,64,7.023916666666667,-15.505,6.627247806945124
2026-01-04 10:05:00,64,4.904458333333333,-13.684166666666668,6.2732984933340585
2026-01-04 11:05:00,64,4.400983333333333,-12.46,5.101076899026333
2026-01-04 12:05:00,64,4.311841666666666,-11.878333333333332,4.991448590380081
2026-01-04 13:05:00,64,5.418758333333332,-12.828333333333333,5.719615637538636
2026-01-04 14:05:00,64,7.902758333333332,-13.28416666666667,6.356082757225969
2026-01-04 15:05:00,64,7.7110166666666675,-14.379999999999997,6.311367812947088
2026-01-04 16:05:00,64,5.323641666666667,-15.97166666666667,6.476996687175114
2026-01-04 17:05:00,64,6.151216666666666,-17.175,6.813290964101066
2026-01-04 18:05:00,64,6.664591666666666,-17.713333333333335,5.545941006682284
2026-01-04 19:05:00,64,5.032041666666667,-16.392500000000002,5.341091838502244
2026-01-04 20:05:00,64,4.905849999999999,-15.560000000000002,4.808181619517478
2026-01-04 21:05:00,64,4.012658333333333,-16.420833333333334,5.173828883851009
2026-01-04 22:05:00,64,5.6383833333333335,-16.874166666666667,5.592004029417916
2026-01-04 23:05:00,64,7.759533333333331,-17.4175,6.8576854653617705
2026-01-05 00:05:00,65,6.864133333333332,-18.147499999999997,6.778890029778143
2026-01-05 01:05:00,65,7.220958333333332,-18.475833333333334,6.634386189750414
2026-01-05 02:05:00,65,6.249424999999999,-19.119166666666665,6.776481827089492
2026-01-05 03:05:00,65,7.056016666666666,-18.3475,6.566026869521961
2026-01-05 04:05:00,65,7.092641666666665,-19.06083333333333,6.580163724854939
2026-01-05 05:05:00,65,5.022525,-19.918333333333337,7.222764913460928
2026-01-05 06:05:00,65,6.759458333333333,-19.523333333333333,6.820210414044161
2026-01-05 07:05:00,65,7.208124999999998,-19.2125,7.240433513373911
2026-01-05 08:05:00,65,6.839758333333333,-17.574166666666667,7.141191743662899
2026-01-05 09:05:00,65,5.104041666666666,-15.5,7.121711157742535
2026-01-05 10:05:00,65,5.468758333333334,-13.605833333333335,6.962534294309853
2026-01-05 11:05:00,65,5.0515,-11.986666666666666,6.760684703195363
2026-01-05 12:05:00,65,5.372525,-10.609166666666665,5.9532634264582525
2026-01-05 13:05:00,65,8.090450000000002,-10.63,6.504369113327708
2026-01-05 14:05:00,65,7.197758333333334,-10.717500000000001,6.611800205155174
2026-01-05 15:05:00,65,7.453508333333333,-11.713333333333333,5.3715189952181825
2026-01-05 16:05:00,65,5.821008333333333,-13.468333333333334,5.555203391410919
2026-01-05 17:05:00,65,5.1353583333333335,-14.313333333333333,5.2927042687428125
2026-01-05 18:05:00,65,4.5050333333333334,-14.646666666666668,5.437388760800758
2026-01-05 19:05:00,65,5.121825,-14.079166666666667,6.323008114519501
2026-01-05 20:05:00,65,5.245491666666666,-13.741666666666669,6.650386610228399
2026-01-05 21:05:00,65,7.300983333333333,-13.338333333333333,6.841607493448785
2026-01-05 22:05:00,65,8.456408333333332,-13.106666666666664,6.636915489554249
2026-01-05 23:05:00,65,4.939691666666667,-12.777500000000002,5.767204988672648
2026-01-06 00:05:00,66,6.10065,-12.7125,4.850488640499009
2026-01-06 01:05:00,66,5.789891666666667,-13.94,5.10738386280886
2026-01-06 02:05:00,66,5.398408333333333,-15.388333333333334,5.4766076856440655
2026-01-06 03:05:00,66,5.047291666666666,-16.855833333333333,5.147193525441735
2026-01-06 04:05:00,66,5.743283333333332,-17.824166666666667,5.773882503466105
2026-01-06 05:05:00,66,6.7089,-16.93916666666667,5.886232497011318
2026-01-06 06:05:00,66,5.087291666666666,-17.52416666666667,5.705604624253739
2026-01-06 07:05:00,66,6.682200000000001,-18.124166666666664,5.383820471032891
2026-01-08 11:10:00,68,3.644633333333333,0.7541666666666665,2.6744230198377243
2026-01-08 12:10:00,68,1.3664249999999998,1.015,2.7613574277759283
2026-01-08 13:10:00,68,2.641758333333333,0.8333333333333334,1.7141831979907631
2026-01-08 14:10:00,68,3.2698583333333326,0.6716666666666667,2.7926018008771125
2026-01-08 15:10:00,68,2.3707916666666664,0.20416666666666664,2.530720163770831
2026-01-08 16:10:00,68,4.414791666666667,-0.10166666666666667,2.971272760175997
2026-01-08 17:10:00,68,2.6529166666666666,-0.3466666666666667,3.269445159170486
2026-01-08 18:10:00,68,3.8215,-1.1116666666666668,3.0940515721045574
2026-01-08 19:10:00,68,1.3577166666666667,-1.4816666666666667,2.4063809592314387
2026-01-08 20:10:00,68,2.467833333333333,-1.2033333333333334,2.1429274106432272
2026-01-08 21:10:00,68,1.3902666666666668,-1.2449999999999999,2.019740150912358
2026-01-08 22:10:00,68,2.5542,-1.2216666666666667,2.0665339585072102
2026-01-08 23:10:00,68,2.5278166666666664,-1.3808333333333334,2.1795685201611277
2026-01-09 00:10:00,69,3.711708333333333,-1.3341666666666665,3.7613541867031537
2026-01-09 01:10:00,69,3.621641666666667,-1.3166666666666669,3.9537834281575845
2026-01-09 02:10:00,69,2.8087333333333335,-1.39,3.0809193105945507
2026-01-09 03:10:00,69,3.6750583333333338,-1.3941666666666668,3.3881137803859724
2026-01-09 04:10:00,69,2.255075,-1.4299999999999997,3.1003310572548077
2026-01-09 05:10:00,69,3.5802416666666668,-1.5100000000000005,3.532450682853613
2026-01-09 06:10:00,69,3.9197416666666665,-1.6341666666666665,4.015990887601915
2026-01-09 07:10:00,69,2.687091666666667,-1.125,2.9885069356784477
2026-01-09 08:10:00,69,3.373725,-0.42249999999999993,2.930653170013855
2026-01-09 09:10:00,69,2.7030666666666665,0.6625,2.6406396313667053
2026-01-09 10:10:00,69,4.313233333333334,0.5425,2.7579441131623903
2026-01-09 11:10:00,69,3.0980250000000003,0.6808333333333333,2.661034579781019
2026-01-09 12:10:00,69,1.4499833333333332,1.1991666666666667,2.379094769370869
2026-01-09 13:10:00,69,3.392533333333333,1.7924999999999998,2.9409136299945935
2026-01-09 14:10:00,69,3.453691666666667,1.964166666666667,3.896954998799653
2026-01-09 15:10:00,69,2.010625,2.0500000000000003,3.098818676562285
2026-01-09 16:10:00,69,2.3571833333333334,2.795833333333334,2.481273798231236
2026-01-09 17:10:00,69,3.099183333333333,2.9666666666666663,2.8411886002003333
2026-01-09 18:10:00,69,2.034275,2.864166666666667,2.8119535843398675
2026-01-09 19:10:00,69,1.0417083333333332,3.018333333333333,2.6382095703490243
2026-01-09 20:10:00,69,3.2849749999999998,3.2308333333333334,1.68421285651976
2026-01-09 21:10:00,69,0.0,3.5083333333333333,1.7413923380656888
2026-01-09 22:10:00,69,3.9873999999999996,3.6199999999999997,1.4865487100392294
2026-01-09 23:10:00,69,2.716608333333333,3.9591666666666665,2.8509070205569715
2026-01-10 00:10:00,70,3.988883333333333,3.6341666666666668,3.3401950619668606
2026-01-10 01:10:00,70,2.942658333333333,3.420833333333333,2.7511591880841872
2026-01-10 02:10:00,70,4.024074999999999,3.4766666666666666,3.0129608017797924
2026-01-10 03:10:00,70,1.4650583333333334,2.8475,2.0840465555345498
2026-01-10 04:10:00,70,3.692424999999999,2.3333333333333335,2.8843264542008233
2026-01-10 05:10:00,70,2.4387416666666666,2.4391666666666665,2.5679047054519653
2026-01-10 06:10:00,70,3.2229,2.1716666666666664,3.4309384695453935
2026-01-10 07:10:00,70,4.200366666666666,1.7225000000000001,3.0095327321677647
2026-01-10 08:10:00,70,2.8284083333333334,1.9949999999999999,2.907813499474984
2026-01-10 09:10:00,70,2.2570083333333333,1.4866666666666666,2.7850624905554784
2026-01-10 10:10:00,70,0.0,3.185,0.6762133097512232
2026-01-10 11:10:00,70,4.0207749999999995,3.7808333333333337,1.323825481387666
2026-01-10 12:10:00,70,1.3334666666666666,3.8649999999999998,1.8462526994793793
2026-01-10 13:10:00,70,2.468383333333333,3.6533333333333338,1.7370136017447413
2026-01-10 14:10:00,70,3.047683333333333,2.6616666666666666,2.9015695214845603
2026-01-10 15:10:00,70,1.7964166666666663,1.2074999999999998,2.4384073115062352
2026-01-10 16:10:00,70,4.5134333333333325,0.022500000000000003,3.140007246777075
2026-01-10 17:10:00,70,1.5879083333333335,-0.5541666666666668,1.9930633769162114
2026-01-10 18:10:00,70,1.2836083333333332,-1.3941666666666668,1.9193106472028099
2026-01-10 19:10:00,70,1.6983583333333332,-2.198333333333333,1.9045822522206926
2026-01-10 20:10:00,70,1.5225416666666667,-2.4450000000000003,1.936260000759741
2026-01-10 21:10:00,70,4.1062916666666665,-3.0233333333333334,3.336532839816563
2026-01-10 22:10:00,70,2.6780583333333334,-2.5608333333333335,3.242697337778402
2026-01-10 23:10:00,70,2.479808333333333,-1.9708333333333332,3.8483152372747638
2026-01-11 00:10:00,71,3.536133333333333,-1.4816666666666667,3.043048330535
2026-01-11 01:10:00,71,3.3484833333333333,-1.5750000000000002,3.906070336124374
2026-01-11 02:10:00,71,3.92965,-2.1766666666666663,2.912426069257744
2026-01-11 03:10:00,71,1.7877750000000001,-3.084166666666667,2.5550750437621463
2026-01-11 04:10:00,71,4.298025,-3.578333333333333,2.971674980694216
2026-01-11 05:10:00,71,1.7157916666666666,-3.6566666666666663,2.134719413566219
2026-01-11 06:10:00,71,4.23445,-3.75,3.0025792233302813
2026-01-11 07:10:00,71,2.2951,-3.6200000000000006,2.6183025137106917
2026-01-11 08:10:00,71,3.3944166666666664,-3.0275,2.842563857569834
2026-01-11 09:10:00,71,1.5127833333333334,-2.334166666666667,2.2642986534101364
2026-01-11 10:10:00,71,3.4890833333333338,-1.6450000000000002,2.7849909375894515
2026-01-11 11:10:00,71,1.2061666666666666,-0.9716666666666667,2.0242892848725935
2026-01-11 12:10:00,71,2.8554083333333335,-1.1075000000000002,2.299134343324435
2026-01-11 13:10:00,71,1.4335666666666667,-1.344166666666667,3.3124543808895237
2026-01-11 14:10:00,71,3.5287166666666665,-1.5241666666666667,1.6782395091234867
2026-01-11 15:10:00,71,2.969491666666667,-1.6441666666666668,3.3583179125206906
2026-01-11 16:10:00,71,2.501791666666667,-2.1666666666666665,2.560968198057452
2026-01-11 17:10:00,71,3.378725,-2.3250000000000006,3.7377137743110542
2026-01-11 18:10:00,71,0.0,-2.7583333333333333,2.197630583401798
2026-01-11 19:10:00,71,0.4343333333333333,-3.6525,1.2055889805025857
2026-01-11 20:10:00,71,2.0362166666666663,-4.0825,1.4942690887191374
2026-01-11 21:10:00,71,2.3731,-4.398333333333333,2.1332810039946204
2026-01-11 22:10:00,71,3.842583333333333,-5.555833333333333,3.3312338256502994
2026-01-11 23:10:00,71,2.114158333333333,-6.1525,2.7646903824931175
2026-01-12 00:10:00,72,4.2021749999999995,-6.3325,3.0591350259295442
2026-01-12 01:10:00,72,2.4504666666666663,-6.509166666666666,2.8080891113990836
2026-01-12 02:10:00,72,3.226475,-4.781666666666666,2.9218501747729104
2026-01-12 03:10:00,72,2.953191666666666,-4.9208333333333325,2.924891545991771
2026-01-12 04:10:00,72,3.415633333333333,-6.194166666666667,3.2394798442134234
2026-01-12 05:10:00,72,3.532341666666667,-6.9525,3.804154424906179
2026-01-12 06:10:00,72,3.7863916666666664,-8.281666666666666,3.8171684601014286
2026-01-12 07:10:00,72,5.139525,-8.384166666666667,4.3985921022146375
2026-01-12 08:10:00,72,3.147933333333333,-8.102500000000001,4.05432812197188
2026-01-12 09:10:00,72,4.162916666666667,-7.403333333333333,4.504265965360691
2026-01-12 10:10:00,72,5.0658,-6.075,3.9144133256389817
2026-01-12 11:10:00,72,1.4972416666666668,-5.740833333333334,2.7181264166104873
2026-01-12 12:10:00,72,3.9966666666666666,-4.888333333333333,2.9714224037887265
2026-01-12 13:10:00,72,2.4555666666666665,-5.3133333333333335,3.008602732014279
2026-01-12 14:10:00,72,4.03215,-5.644166666666667,3.4354243504216293
2026-01-12 15:10:00,72,4.092583333333333,-5.3741666666666665,3.475930329399497
2026-01-12 16:10:00,72,3.2914083333333335,-5.5075,3.420780801376596
2026-01-12 17:10:00,72,4.462458333333333,-5.716666666666666,4.193521993661281
2026-01-12 18:10:00,72,1.621375,-5.536666666666666,2.8271990214728207
2026-01-12 19:10:00,72,2.878258333333333,-5.769166666666667,3.295244951197847
2026-01-12 20:10:00,72,1.6966416666666666,-5.6383333333333345,1.941899215786275
2026-01-12 21:10:00,72,3.874525,-5.4725,3.7820791810015755
2026-01-12 22:10:00,72,3.508808333333332,-5.293333333333334,3.4936284935506716
2026-01-12 23:10:00,72,2.8351083333333333,-5.13,3.6532921585360763
2026-01-13 00:10:00,73,4.377700000000001,-4.2975,4.022632054970885
2026-01-13 01:10:00,73,2.5380249999999998,-3.5641666666666665,2.452713126932988
2026-01-13 02:10:00,73,3.5032333333333328,-3.185,3.2244845072712858
2026-01-13 03:10:00,73,1.9476166666666668,-2.69,2.639224792841159
2026-01-13 04:10:00,73,3.5708,-2.5416666666666665,3.6675294171958623
2026-01-13 05:10:00,73,4.159999999999999,-2.690833333333334,3.0463496300893325
2026-01-13 06:10:00,73,1.9497249999999997,-2.6475000000000004,1.9113568147172266
2026-01-13 07:10:00,73,3.6491083333333334,-3.3841666666666668,2.798281705345823
2026-01-13 08:10:00,73,3.9472333333333336,-1.6791666666666663,2.468979179567725
2026-01-13 09:10:00,73,3.6388833333333337,-0.2725,3.1165610092790805
2026-01-13 10:10:00,73,1.6654416666666665,0.9166666666666666,1.9433149975580806
2026-01-13 11:10:00,73,3.8388249999999995,1.1716666666666666,2.4467208676755114
2026-01-13 12:10:00,73,2.4395916666666664,1.6358333333333335,2.664706197923888
2026-01-13 13:10:00,73,2.2239166666666668,2.606666666666667,2.6016387738794067
2026-01-13 14:10:00,73,2.453433333333334,2.203333333333333,1.8586101729918711
2026-01-13 15:10:00,73,3.2960499999999997,0.8441666666666666,2.7981491490404693
2026-01-13 16:10:00,73,3.5437749999999997,-0.07333333333333333,3.045887190409965
2026-01-13 17:10:00,73,2.5898666666666665,-1.0658333333333332,3.0466029443391998
2026-01-13 18:10:00,73,1.4689999999999999,-1.805,2.0000991982848477
2026-01-13 19:10:00,73,1.351675,-0.31416666666666665,2.035679804485308
2026-01-13 20:10:00,73,2.3140166666666664,-0.5091666666666667,3.054520239980934
2026-01-13 21:10:00,73,2.44735,-0.9208333333333334,1.7471253505141404
2026-01-13 22:10:00,73,3.4953499999999997,-0.49499999999999994,3.317257000823831
2026-01-13 23:10:00,73,3.0731916666666668,-0.19083333333333338,2.0515237493807867
2026-01-14 00:10:00,74,2.977066666666667,0.1616666666666667,3.368375978072317
2026-01-14 01:10:00,74,3.1019416666666664,0.6725,1.679099652060985
2026-01-14 02:10:00,74,3.037158333333333,0.7325,3.12081916737676
2026-01-14 03:10:00,74,2.8658583333333336,0.49166666666666664,2.472436068116979
2026-01-14 04:10:00,74,3.7739083333333334,0.49500000000000005,3.05691696502209
2026-01-14 05:10:00,74,2.21875,0.305,2.2907653868274678
2026-01-14 06:10:00,74,3.515616666666666,0.39833333333333326,2.8191436030856165
2026-01-14 07:10:00,74,2.446358333333333,0.425,3.308151438376104
2026-01-14 08:10:00,74,1.1279416666666666,0.8991666666666666,2.334346113331919
2026-01-14 09:10:00,74,3.240758333333333,1.7825,3.0252760551489084
2026-01-14 10:10:00,74,2.2800499999999997,2.3325,2.8052245325881575
2026-01-14 11:10:00,74,3.279558333333333,3.1108333333333333,3.1641528206673364
2026-01-14 12:10:00,74,2.0160333333333336,4.421666666666667,2.6228634804586077
2026-01-14 13:10:00,74,3.233875,4.7683333333333335,2.773672326415358
2026-01-14 14:10:00,74,2.1524916666666667,4.1975,2.111662859393243
2026-01-14 15:10:00,74,2.2462333333333335,2.466666666666667,2.5960872382788556
2026-01-14 16:10:00,74,3.4183583333333334,1.1333333333333335,3.512967186342396
2026-01-14 17:10:00,74,2.2689166666666667,0.6208333333333335,2.8019679031793654
2026-01-14 18:10:00,74,2.400966666666667,0.40416666666666673,3.1483019623316335
2026-01-14 19:10:00,74,2.157633333333333,0.2800000000000001,2.705861110912164
2026-01-14 20:10:00,74,2.2366083333333333,0.32416666666666677,3.09391455595867
2026-01-14 21:10:00,74,2.232433333333333,0.22083333333333335,2.6513759333449056
2026-01-14 22:10:00,74,2.1220749999999997,0.14666666666666667,2.9901718201919483
2026-01-14 23:10:00,74,2.448633333333333,0.1516666666666667,2.7767310706355155
2026-01-15 00:10:00,75,3.3120249999999993,0.18833333333333335,3.5695660776769467
2026-01-15 01:10:00,75,2.165691666666667,0.25500000000000006,3.085811247926025
2026-01-15 02:10:00,75,3.3888416666666665,0.29250000000000015,3.923985350659295
2026-01-15 03:10:00,75,3.388133333333333,0.36250000000000004,3.119279636227234
2026-01-15 04:10:00,75,2.3562999999999996,0.3841666666666667,3.8074767024032963
2026-01-15 05:10:00,75,3.4327666666666663,0.32083333333333336,3.7030696769608777
2026-01-15 06:10:00,75,2.1475666666666666,0.37500000000000006,2.8811276124210483
2026-01-15 07:10:00,75,3.46965,0.4166666666666667,3.3232081342917343
2026-01-15 08:10:00,75,2.25345,0.82,2.7296627547432673
2026-01-15 09:10:00,75,2.8480000000000003,1.425,3.2242394237166954
2026-01-15 10:10:00,75,2.0465166666666668,2.486666666666667,2.9010791437388193
2026-01-15 11:10:00,75,3.1916249999999997,2.5091666666666668,2.825205969606236
2026-01-15 12:10:00,75,2.697075,2.578333333333333,3.123782890542633
2026-01-15 13:10:00,75,3.2249666666666665,2.848333333333333,2.9498114053846622
2026-01-15 14:10:00,75,2.795,2.82,3.343841661323936
2026-01-15 15:10:00,75,2.4138333333333333,2.3841666666666668,2.5186708390260026
2026-01-15 16:10:00,75,3.314491666666666,2.214166666666667,3.0141288203964245
2026-01-15 17:10:00,75,2.3556833333333334,2.14,2.842060904618375
2026-01-15 18:10:00,75,1.2108,2.329166666666667,2.2741505223379184
2026-01-15 19:10:00,75,2.362258333333333,1.9908333333333337,2.6390099230701685
2026-01-15 20:10:00,75,2.3783,1.0333333333333334,2.5070599756644523
2026-01-15 21:10:00,75,4.4701,0.38833333333333325,3.5905615391938377
2026-01-15 22:10:00,75,2.005358333333333,0.6849999999999999,2.7728612179294627
2026-01-15 23:10:00,75,3.650958333333333,0.30583333333333335,3.1512799641967306
2026-01-16 00:10:00,76,2.3859666666666666,-1.9125000000000003,2.882784503869199
2026-01-16 01:10:00,76,4.493975,-3.9641666666666673,3.956638262446007
2026-01-16 02:10:00,76,2.6393,-4.991666666666667,2.7992273139448125
2026-01-16 03:10:00,76,4.749458333333333,-5.8566666666666665,4.208703990420091
2026-01-16 04:10:00,76,2.9527249999999996,-6.3566666666666665,3.266677395312291
2026-01-16 05:10:00,76,4.913349999999999,-7.008333333333333,4.694335815349368
2026-01-16 06:10:00,76,5.028466666666666,-7.814166666666666,3.868913519492118
2026-01-16 07:10:00,76,4.0291,-8.753333333333332,3.7161476646928273
2026-01-16 08:10:00,76,4.936508333333333,-10.384166666666667,4.638719122676928
2026-01-16 09:10:00,76,3.854799999999999,-10.924166666666666,4.398505552976611
2026-01-16 10:10:00,76,5.419041666666667,-11.145000000000001,5.946237927367897
2026-01-16 11:10:00,76,6.727608333333333,-10.99,4.779611185736291
2026-01-16 12:10:00,76,4.226008333333334,-10.4125,3.103688788019001
2026-01-16 13:10:00,76,3.89425,-10.319166666666666,4.879392288454071
2026-01-16 14:10:00,76,5.2859333333333325,-10.601666666666667,5.51031025350147
2026-01-16 15:10:00,76,5.046908333333333,-11.43,4.70988829979341
2026-01-16 16:10:00,76,6.666258333333333,-12.232500000000002,5.880283754625244
2026-01-16 17:10:00,76,7.214316666666665,-12.786666666666667,6.619084279103784
2026-01-16 18:10:00,76,5.451741666666667,-13.2875,4.661731958660587
2026-01-16 19:10:00,76,5.107458333333333,-13.475833333333332,4.975240426236246
2026-01-16 20:10:00,76,7.041916666666666,-13.921666666666667,5.593031688442422
2026-01-16 21:10:00,76,6.2414250000000004,-14.288333333333334,4.757450124331139
2026-01-16 22:10:00,76,5.743341666666666,-14.410833333333334,5.503852490648759
2026-01-16 23:10:00,76,7.784333333333333,-13.486666666666666,6.499789780655168
2026-01-17 00:10:00,77,6.968658333333333,-13.273333333333335,5.373582335298712
2026-01-17 01:10:00,77,7.409916666666665,-12.758333333333333,6.31820276499448
2026-01-17 02:10:00,77,6.471516666666666,-12.217500000000001,5.937847729414029
2026-01-17 03:10:00,77,6.611608333333334,-11.855833333333335,5.282924509680548
2026-01-17 04:10:00,77,5.283200000000001,-11.624166666666667,5.563097581672769
2026-01-17 05:10:00,77,6.095274999999999,-11.467500000000001,6.531888552218942
2026-01-17 06:10:00,77,5.665341666666666,-11.693333333333333,6.300980001803356
2026-01-17 07:10:00,77,6.266425,-11.435833333333333,5.9095600068294
2026-01-17 08:10:00,77,5.481116666666666,-10.87,5.035966915711301
2026-01-17 09:10:00,77,3.994591666666667,-9.924999999999999,5.36453106960023
2026-01-17 10:10:00,77,4.994733333333333,-9.531666666666668,6.155723605747657
2026-01-17 11:10:00,77,4.417274999999999,-9.193333333333333,4.630846525250229
2026-01-17 12:10:00,77,5.462858333333332,-8.7675,5.10677418283517
2026-01-17 13:10:00,77,4.524408333333334,-8.4625,4.804163169209376
2026-01-17 14:10:00,77,2.9767083333333333,-8.281666666666666,4.582540416442228
2026-01-17 15:10:00,77,3.0094749999999997,-8.265,3.833418623070277
2026-01-17 16:10:00,77,4.675983333333334,-8.28,3.6655492127363587
2026-01-17 17:10:00,77,3.920316666666666,-8.230833333333333,4.9115396924071755
2026-01-17 18:10:00,77,4.1522499999999996,-8.101666666666667,5.564349027217568
2026-01-17 19:10:00,77,4.896208333333334,-8.005,4.319526882151279
2026-01-17 20:10:00,77,3.0291,-7.848333333333334,4.171383369750375
2026-01-17 21:10:00,77,3.9354,-8.463333333333333,5.002631139938074
2026-01-17 22:10:00,77,4.923791666666666,-10.685,4.535119295126288
2026-01-17 23:10:00,77,5.4138416666666656,-12.199166666666668,6.231804215501212
2026-01-18 00:10:00,78,5.435366666666666,-13.435000000000002,6.150667113907437
2026-01-18 01:10:00,78,6.485083333333333,-13.888333333333335,6.320214098188958
2026-01-18 02:10:00,78,5.970358333333333,-13.823333333333336,5.418386952926992
2026-01-18 03:10:00,78,4.7556416666666665,-13.527499999999998,5.527739016691601
2026-01-18 04:10:00,78,6.001441666666667,-13.1625,5.967462476961314
2026-01-18 05:10:00,78,5.3961500000000004,-12.801666666666668,5.7953565246218135
2026-01-18 06:10:00,78,5.0894,-12.318333333333333,5.73532779373927
2026-01-18 07:10:00,78,5.522174999999999,-11.478333333333333,6.325931064887335
2026-01-18 08:10:00,78,5.621841666666667,-9.995833333333334,5.611819098799993
2026-01-18 09:10:00,78,3.951075,-8.268333333333333,4.170499992955127
2026-01-18 10:10:00,78,4.566533333333333,-6.194166666666667,4.760462914127739
2026-01-18 11:10:00,78,3.4105,-4.118333333333333,2.7510426993162524
2026-01-18 12:10:00,78,1.0778999999999999,-2.1941666666666664,3.7548543306161832
2026-01-18 13:10:00,78,1.869875,-2.4299999999999997,3.1787785507377513
2026-01-18 14:10:00,78,2.800875,-2.3508333333333336,3.482741662662332
2026-01-18 15:10:00,78,2.7132666666666667,-3.2641666666666667,4.212515936935083
2026-01-18 16:10:00,78,0.0,-4.3025,2.323566676710746
2026-01-18 17:10:00,78,3.025975,-5.028333333333333,3.068941432867645
2026-01-18 18:10:00,78,1.5024666666666664,-5.519166666666667,3.038638657269739
2026-01-18 19:10:00,78,3.0004083333333327,-5.894166666666667,3.981809010995245
2026-01-18 20:10:00,78,4.353616666666667,-6.1475,3.469951452389991
2026-01-18 21:10:00,78,3.617008333333333,-6.045833333333333,4.355483460491056
2026-01-18 22:10:00,78,3.5353750000000006,-6.091666666666666,3.318599766111288
2026-01-18 23:10:00,78,2.605433333333333,-6.174166666666667,3.934780982424461
2026-01-19 00:10:00,79,4.1254,-6.239999999999999,4.450041957191845
2026-01-19 01:10:00,79,3.5858750000000006,-6.255,3.4659724266078045
2026-01-19 02:10:00,79,3.870566666666667,-6.2700000000000005,4.215382451131016
2026-01-19 03:10:00,79,3.8956833333333334,-6.289166666666667,3.6870410064106873
2026-01-19 04:10:00,79,3.2252833333333335,-6.473333333333334,3.3086531683917286
2026-01-19 05:10:00,79,2.3502083333333332,-6.7175,4.300015298998543
2026-01-19 06:10:00,79,5.483616666666666,-7.269166666666667,3.659487974095825
2026-01-19 07:10:00,79,3.670075,-7.079166666666667,4.465757636661988
2026-01-19 08:10:00,79,4.274091666666667,-6.005,4.3322549380787905
2026-01-19 09:10:00,79,3.997425,-4.7775,4.483112498843587
2026-01-19 10:10:00,79,2.9921499999999996,-3.795833333333333,3.747004542743188
2026-01-19 11:10:00,79,2.58,-2.5050000000000003,4.277480900405744
2026-01-19 12:10:00,79,2.5084333333333335,-2.023333333333334,3.389424644429065
2026-01-19 13:10:00,79,4.764583333333333,-1.9816666666666665,4.66639849373623
2026-01-19 14:10:00,79,2.667758333333333,-2.458333333333333,3.2179154258498954
2026-01-19 15:10:00,79,4.51615,-2.9574999999999996,4.004753870265037
2026-01-19 16:10:00,79,1.6174333333333333,-3.8524999999999996,3.027043025448804
2026-01-19 17:10:00,79,2.8818333333333332,-4.204166666666667,3.3759017378632077
2026-01-19 18:10:00,79,1.5529166666666667,-4.120833333333334,2.603900925333484
2026-01-19 19:10:00,79,4.551716666666667,-3.9666666666666663,3.927036599850103
2026-01-19 20:10:00,79,3.1024749999999996,-3.9450000000000003,3.4198093100026066
2026-01-19 21:10:00,79,4.192216666666667,-4.416666666666667,3.9444436155987876
2026-01-19 22:10:00,79,4.039991666666666,-5.0825,5.114876702921029
2026-01-19 23:10:00,79,3.81,-6.430833333333333,4.134667210821588
2026-01-20 00:10:00,80,3.6982249999999994,-8.56,5.409043812642364
2026-01-20 01:10:00,80,5.273816666666666,-10.555833333333334,5.226681350562004
2026-01-20 02:10:00,80,2.9230916666666666,-9.980833333333333,3.6146234828691206
2026-01-20 03:10:00,80,5.189033333333334,-10.448333333333332,5.194889035700566
2026-01-20 04:10:00,80,3.1065166666666664,-11.199166666666665,4.338076684284417
2026-01-20 05:10:00,80,4.8920416666666675,-12.551666666666668,5.797165146350688
2026-01-20 06:10:00,80,3.651816666666667,-13.375833333333333,4.841742419180919
2026-01-20 07:10:00,80,5.490291666666667,-13.190833333333332,5.069713630492739
2026-01-20 08:10:00,80,3.307291666666667,-9.93,4.021674131484842
2026-01-20 09:10:00,80,4.328616666666667,-8.329166666666667,4.553086965390186
2026-01-20 10:10:00,80,2.979183333333333,-7.533333333333334,3.8207342514260176
2026-01-20 11:10:00,80,3.221033333333333,-7.541666666666667,4.408523620495117
2026-01-20 12:10:00,80,3.503508333333333,-8.245,4.200730601647245
2026-01-20 13:10:00,80,5.472208333333332,-9.2875,5.710025143653771
2026-01-20 14:10:00,80,4.5863,-9.638333333333334,4.803428717997873
2026-01-20 15:10:00,80,5.045733333333333,-10.661666666666667,4.703624368943545
2026-01-20 16:10:00,80,4.852741666666667,-12.102500000000001,4.999031773476527
2026-01-20 17:10:00,80,5.931299999999999,-12.656666666666666,5.270807932560043
2026-01-20 18:10:00,80,4.476324999999999,-13.403333333333334,5.691753399746916
2026-01-20 19:10:00,80,3.3237583333333327,-13.7875,5.014660498315172
2026-01-20 20:10:00,80,4.379991666666666,-13.908333333333333,4.707028132775817
2026-01-20 21:10:00,80,5.748766666666667,-13.59666666666667,5.258335343540467
2026-01-20 22:10:00,80,5.476108333333333,-13.2675,5.637775697348201
2026-01-20 23:10:00,80,6.523799999999999,-13.336666666666668,6.115416700940745
2026-01-21 00:10:00,81,6.050800000000001,-13.685833333333333,5.6971349037214996
2026-01-21 01:10:00,81,5.27095,-14.972499999999998,4.223488542156959
2026-01-21 02:10:00,81,5.155166666666667,-17.296666666666667,5.711739826909035
2026-01-21 03:10:00,81,6.455424999999999,-18.924999999999997,6.5168704734145155
2026-01-21 04:10:00,81,5.687791666666667,-17.74166666666667,5.5145215773984155
2026-01-21 05:10:00,81,5.379816666666667,-18.209166666666665,5.784766905374174
2026-01-21 06:10:00,81,5.9787083333333335,-20.064166666666665,6.695908647355646
2026-01-21 07:10:00,81,6.135208333333333,-20.194166666666664,7.086081687362183
2026-01-21 08:10:00,81,4.520316666666666,-13.466666666666669,4.853494733633458
2026-01-21 09:10:00,81,5.632225000000001,-10.091666666666667,4.904953971007434
2026-01-21 10:10:00,81,4.4313666666666665,-9.519166666666665,5.012024532203798
2026-01-21 11:10:00,81,3.5454666666666665,-7.478333333333334,4.319968092406691
2026-01-21 12:10:00,81,4.980358333333333,-5.721666666666667,4.283054252628533
2026-01-21 13:10:00,81,2.632141666666666,-6.314166666666666,3.0121695461737943
2026-01-21 14:10:00,81,4.038975,-6.4775,4.170348388612506
2026-01-21 15:10:00,81,4.298633333333334,-7.209166666666667,4.162144095732782
2026-01-21 16:10:00,81,4.987083333333333,-8.7675,4.944325065605552
2026-01-21 17:10:00,81,4.774858333333333,-10.046666666666667,3.9361168193017115
2026-01-21 18:10:00,81,4.065050000000001,-10.048333333333334,4.447902864129701
2026-01-21 19:10:00,81,4.476866666666666,-9.953333333333333,4.75608744502869
2026-01-21 20:10:00,81,5.838983333333332,-8.4625,4.731712701133221
2026-01-21 21:10:00,81,3.21375,-8.105,4.213898135518662
2026-01-21 22:10:00,81,5.639024999999998,-8.596666666666666,5.055666222771694
2026-01-21 23:10:00,81,5.483841666666667,-8.480833333333333,4.194711489950874
2026-01-22 00:10:00,82,4.0436749999999995,-8.343333333333334,4.95188309823359
2026-01-22 01:10:00,82,4.911549999999999,-8.165833333333333,5.501657529268287
2026-01-22 02:10:00,82,4.150183333333333,-8.189166666666667,5.445201003436175
2026-01-22 03:10:00,82,4.638283333333333,-8.115,5.0452943445663285
2026-01-22 04:10:00,82,4.292791666666666,-8.18,4.907883752344701
2026-01-22 05:10:00,82,5.768191666666667,-8.648333333333333,4.743762651053336
2026-01-22 06:10:00,82,3.8779499999999993,-8.661666666666667,3.594908860468987
2026-01-22 07:10:00,82,3.9474333333333336,-8.1675,4.696859357836144
2026-01-22 08:10:00,82,4.437883333333334,-7.0025,4.616147091571772
2026-01-22 09:10:00,82,3.6345249999999996,-5.420833333333333,3.703841066837421
2026-01-22 10:10:00,82,5.113125,-3.7175,4.137743759520923
2026-01-22 11:10:00,82,2.129016666666667,-1.3483333333333334,3.088905396928917
2026-01-22 12:10:00,82,3.463458333333333,0.48500000000000004,3.0098994037467355
2026-01-22 13:10:00,82,2.4534499999999997,-0.08666666666666667,2.799193105639104
2026-01-22 14:10:00,82,3.6839749999999998,-0.5983333333333334,3.7450879102702856
2026-01-22 15:10:00,82,3.037616666666666,-1.5141666666666669,3.071055319782865
2026-01-22 16:10:00,82,3.1468416666666665,-2.5700000000000003,3.596950531112136
2026-01-22 17:10:00,82,3.709566666666666,-3.5133333333333336,3.6650370892967676
2026-01-22 18:10:00,82,3.249716666666667,-3.861666666666667,3.1682790278300463
2026-01-22 19:10:00,82,1.8156666666666665,-3.8983333333333334,3.42638611031541
2026-01-22 20:10:00,82,2.958433333333333,-5.411666666666666,4.31771481902004
2026-01-22 21:10:00,82,4.021583333333333,-6.0325,3.1948355033141214
2026-01-22 22:10:00,82,4.252858333333333,-7.524166666666666,3.2859623362408765
2026-01-22 23:10:00,82,3.915141666666667,-8.547500000000001,4.738057984474559
2026-01-23 00:10:00,83,3.7020916666666666,-9.985833333333334,4.070298800363364
2026-01-23 01:10:00,83,4.411566666666666,-11.099166666666667,4.9849397327241025
2026-01-23 02:10:00,83,5.1570583333333335,-12.165833333333333,4.681156941241428
2026-01-23 03:10:00,83,4.136658333333333,-13.94,4.771344316116141
2026-01-23 04:10:00,83,4.224083333333334,-9.054166666666665,5.119595155781154
2026-01-23 05:10:00,83,5.204716666666667,-10.199166666666667,5.310340949961664
2026-01-23 06:10:00,83,4.116883333333333,-12.959166666666668,4.831709202250886
2026-01-23 07:10:00,83,5.451866666666667,-13.450000000000001,5.55026843670408
2026-01-23 08:10:00,83,3.4063166666666667,-9.773333333333332,4.249744066511603
2026-01-23 09:10:00,83,3.5891666666666664,-7.328333333333333,4.133140443244829
2026-01-23 10:10:00,83,3.4894583333333333,-4.903333333333333,3.4181680422562275
2026-01-23 11:10:00,83,4.062291666666666,-5.513333333333333,3.60172714811486
2026-01-23 12:10:00,83,3.898541666666666,-6.0925,4.459132685333136
2026-01-23 13:10:00,83,3.5067999999999997,-6.573333333333333,4.320649061492149
2026-01-23 14:10:00,83,6.148583333333335,-7.5,5.348286517912016
2026-01-23 15:10:00,83,3.6305083333333332,-9.1575,4.6120349057147685
2026-01-23 16:10:00,83,6.235458333333333,-10.76,5.356458762206071
2026-01-23 17:10:00,83,5.371183333333333,-11.514166666666666,5.037522216258173
2026-01-23 18:10:00,83,4.789875,-12.514166666666666,5.147352971829508
2026-01-23 19:10:00,83,5.005875,-12.509166666666667,5.100937388531516
2026-01-23 20:10:00,83,4.976241666666666,-13.244166666666667,5.453110190042983
2026-01-23 21:10:00,83,4.402525,-14.292499999999999,5.498076453593038
2026-01-23 22:10:00,83,6.610974999999998,-15.34666666666667,6.306397897889893
2026-01-23 23:10:00,83,6.846033333333331,-16.425833333333333,6.227280955630113
2026-01-24 00:10:00,84,6.8727583333333335,-17.19083333333333,6.183134323498091
2026-01-24 01:10:00,84,6.548233333333333,-17.584166666666672,6.198655040731671
2026-01-24 02:10:00,84,6.564533333333332,-18.7275,6.7714822194452
2026-01-24 03:10:00,84,7.949883333333333,-19.695000000000004,7.337139595203498
2026-01-24 04:10:00,84,6.1219666666666654,-20.509166666666665,7.070307226243221
2026-01-24 05:10:00,84,7.08325,-21.699166666666667,8.221058811253316
2026-01-24 06:10:00,84,7.758125,-22.602500000000003,9.173490585284513
2026-01-24 07:10:00,84,6.210375,-22.754166666666666,9.32016284866049
2026-01-24 08:10:00,84,7.385833333333333,-21.86,10.251867927186327
2026-01-24 09:10:00,84,7.351983333333333,-21.15416666666667,10.504373873208698
2026-01-24 10:10:00,84,11.026133333333334,-19.27416666666667,10.887074736129636
2026-01-24 11:10:00,84,7.419100000000001,-17.78583333333333,8.256756697968955
2026-01-24 12:10:00,84,4.49725,-16.68083333333333,3.694147502402343
2026-01-24 13:10:00,84,4.774016666666666,-16.860833333333332,4.171701872626504
2026-01-24 14:10:00,84,6.328991666666666,-17.175000000000004,5.7858446645580885
2026-01-24 15:10:00,84,5.374683333333333,-17.791666666666668,7.115773044066913
2026-01-24 16:10:00,84,5.7344,-18.916666666666668,6.8545318564467586
2026-01-24 17:10:00,84,5.665475,-19.874166666666664,7.475340345827721
2026-01-24 18:10:00,84,5.902375,-20.6675,6.2839271733715165
2026-01-24 19:10:00,84,5.296824999999999,-21.30916666666667,8.036161131784537
2026-01-24 20:10:00,84,6.969691666666665,-21.930000000000003,9.154590116153527
2026-01-24 21:10:00,84,7.971216666666667,-22.414999999999996,7.654396277740396
2026-01-24 22:10:00,84,6.265350000000001,-22.555000000000003,7.953010448965008
2026-01-24 23:10:00,84,7.491833333333333,-22.745,8.265975403801935
2026-01-25 00:10:00,85,7.4089,-22.9375,7.974055388684407
2026-01-25 01:10:00,85,6.989741666666667,-22.870833333333337,8.163418765793658
2026-01-25 02:10:00,85,7.547350000000001,-22.830000000000002,8.812077931252608
2026-01-25 03:10:00,85,7.341775,-22.869999999999994,8.4030180811259
2026-01-25 04:10:00,85,9.186441666666667,-22.860833333333332,8.294545898946154
2026-01-25 05:10:00,85,8.303749999999999,-22.679999999999996,7.7910602254910675
2026-01-25 06:10:00,85,9.933583333333335,-22.412499999999998,7.555646013256814
2026-01-25 07:10:00,85,5.736275,-22.19416666666667,6.811080695237615
2026-01-25 08:10:00,85,7.1085499999999975,-20.70333333333333,6.936009721603288
2026-01-25 09:10:00,85,6.354391666666666,-19.088333333333335,6.36686383722185
2026-01-25 10:10:00,85,4.622708333333333,-17.322499999999998,5.0583221336507
2026-01-25 11:10:00,85,5.9882333333333335,-15.8375,5.651570846764002
2026-01-25 12:10:00,85,7.202233333333333,-15.235833333333334,7.547572010060655
2026-01-25 13:10:00,85,8.894033333333335,-15.269166666666665,7.389789421062379
2026-01-25 14:10:00,85,5.224383333333333,-15.208333333333334,6.991597006693582
2026-01-25 15:10:00,85,16.321700000000003,-15.249999999999995,8.114234287652476
2026-01-25 16:10:00,85,11.335991666666667,-15.524166666666668,10.046486453309306
2026-01-25 17:10:00,85,6.267449999999999,-15.646666666666667,7.143336178100594
2026-01-25 18:10:00,85,6.430158333333334,-15.729999999999999,6.046939518889006
2026-01-25 19:10:00,85,7.915441666666666,-15.729999999999999,6.492441561055486
2026-01-25 20:10:00,85,7.459191666666668,-15.9075,6.5102562802562245
2026-01-25 21:10:00,85,6.048449999999999,-16.46333333333334,5.590269206455306
2026-01-25 22:10:00,85,6.062316666666667,-16.5825,6.506849449617135
2026-01-25 23:10:00,85,8.355824999999998,-16.463333333333335,6.55638533537555
2026-01-26 00:10:00,86,5.945183333333334,-16.72333333333333,6.262388447065064
2026-01-26 01:10:00,86,4.659833333333334,-17.042500000000004,6.512097115563537
2026-01-26 02:10:00,86,7.352466666666666,-17.231666666666666,6.264576741032998
2026-01-26 03:10:00,86,8.555958333333333,-17.185000000000002,6.386261496889032
2026-01-26 04:10:00,86,4.725933333333333,-17.013333333333332,5.3467363588613805
2026-01-26 05:10:00,86,4.7586,-16.830000000000002,5.744558815936473
2026-01-26 06:10:00,86,6.525516666666666,-16.68916666666667,6.69501656923579
2026-01-26 07:10:00,86,6.658341666666666,-16.46833333333333,6.800351725187523
2026-01-26 08:10:00,86,7.733599999999998,-16.065,7.102631957317032
2026-01-26 09:10:00,86,6.5402000000000005,-15.407499999999999,5.1745878516033486
2026-01-26 10:10:00,86,6.007991666666667,-14.523333333333335,4.88521953998875
2026-01-26 11:10:00,86,3.5824666666666665,-13.646666666666667,5.190072051792702
2026-01-26 12:10:00,86,5.828591666666667,-13.000833333333333,6.368260385541591
2026-01-26 13:10:00,86,7.037141666666666,-12.616666666666667,5.820311869625522
2026-01-26 14:10:00,86,5.709375,-12.36,5.510304469576285
2026-01-26 15:10:00,86,4.8201583333333335,-12.430833333333334,4.674590346139719
2026-01-26 16:10:00,86,4.708441666666666,-12.695,5.064160841575581
2026-01-26 17:10:00,86,6.196633333333334,-12.765,6.1005674225633
2026-01-26 18:10:00,86,5.258416666666666,-12.550833333333335,6.0329015599415445
2026-01-26 19:10:00,86,5.8265916666666655,-12.279166666666667,6.052731366093374
2026-01-26 20:10:00,86,5.582216666666667,-12.393333333333333,6.183198769723769
2026-01-26 21:10:00,86,7.735966666666667,-12.565000000000003,6.676370942354887
2026-01-26 22:10:00,86,6.635983333333334,-12.518333333333333,5.531867378680482
2026-01-26 23:10:00,86,5.938816666666665,-12.370833333333332,4.917789891654032
2026-01-27 00:10:00,87,4.881083333333333,-12.39,4.749554296684416
2026-01-27 01:10:00,87,4.951508333333333,-12.555833333333334,5.094243159753083
2026-01-27 02:10:00,87,5.852308333333333,-12.505833333333333,5.235398473300004
2026-01-27 03:10:00,87,3.946075,-12.718333333333334,4.9121249017196735
2026-01-27 04:10:00,87,5.580358333333332,-13.217500000000001,5.708059010832761
2026-01-27 05:10:00,87,6.273441666666668,-13.583333333333334,5.800086318864305
2026-01-27 06:10:00,87,5.728233333333334,-14.157499999999999,5.119467320919733
2026-01-27 07:10:00,87,5.599783333333333,-14.505000000000003,5.209808562723044
2026-01-27 08:10:00,87,5.368458333333333,-13.125833333333333,5.23093506502466
2026-01-27 09:10:00,87,6.446874999999999,-12.264166666666668,4.77942001892343
2026-01-27 10:10:00,87,2.8953,-10.454166666666667,4.128140682521711
2026-01-27 11:10:00,87,3.6378500000000003,-9.268333333333333,4.214200467113775
2026-01-27 12:10:00,87,3.65225,-8.836666666666666,2.4677421934025356
2026-01-27 13:10:00,87,3.6517999999999993,-8.9125,4.1451413144291775
2026-01-27 14:10:00,87,4.671241666666667,-9.726666666666667,4.781043514771461
2026-01-27 15:10:00,87,5.7292499999999995,-10.674999999999999,4.586660474316485
2026-01-27 16:10:00,87,4.920858333333333,-12.264166666666668,5.0802909293960425
2026-01-27 17:10:00,87,5.227666666666667,-14.958333333333334,4.886846289170061
2026-01-27 18:10:00,87,5.742208333333334,-14.996666666666664,5.428755733765179
2026-01-27 19:10:00,87,4.349683333333333,-14.703333333333331,4.76718182926511
2026-01-27 20:10:00,87,4.017075,-14.509166666666667,4.826838876767489
2026-01-27 21:10:00,87,4.967625000000001,-14.5875,5.8306942445649845
2026-01-27 22:10:00,87,6.7773916666666665,-14.721666666666666,6.385766905935165
2026-01-27 23:10:00,87,6.890383333333332,-15.023333333333332,6.047716257221175
2026-01-28 00:10:00,88,5.23205,-15.522499999999999,5.083257635484111
2026-01-28 01:10:00,88,5.572125,-15.964166666666669,5.580549217647845
2026-01-28 02:10:00,88,6.583841666666667,-17.519166666666667,6.08232252142434
2026-01-28 03:10:00,88,4.6369,-18.501666666666665,5.47355308234947
2026-01-28 04:10:00,88,7.021541666666667,-18.398333333333333,6.255853758960583
2026-01-28 05:10:00,88,6.059558333333334,-17.5975,5.699465378858047
2026-01-28 06:10:00,88,6.736775,-18.245,6.162776964786649
2026-01-28 07:10:00,88,6.2225166666666665,-18.666666666666668,5.711589892614423
2026-01-28 08:10:00,88,6.353058333333334,-15.4775,5.6281798967217735
2026-01-28 09:10:00,88,7.002066666666665,-13.874166666666666,5.532045962208102
2026-01-28 10:10:00,88,3.2393083333333337,-11.504166666666668,3.7343952802697578
2026-01-28 11:10:00,88,4.193458333333332,-10.420833333333333,3.9832592813713594
2026-01-28 12:10:00,88,4.573333333333333,-8.926666666666668,3.423485114047039
2026-01-28 13:10:00,88,4.540841666666666,-8.731666666666667,4.625030443504317
2026-01-28 14:10:00,88,4.258824999999999,-9.856666666666667,4.979431864624787
2026-01-28 15:10:00,88,5.245575,-10.800833333333332,5.264152954477431
2026-01-28 16:10:00,88,4.772449999999999,-12.156666666666666,4.569503217053775
2026-01-28 17:10:00,88,5.927983333333332,-13.506666666666666,4.457103541961004
2026-01-28 18:10:00,88,4.510941666666666,-15.342500000000001,4.266349717151083
2026-01-28 19:10:00,88,5.516008333333333,-16.523333333333333,5.233245732628199
2026-01-28 20:10:00,88,6.2265999999999995,-17.455833333333334,5.7642603908049885
2026-01-28 21:10:00,88,7.008758333333333,-17.893333333333334,6.049611335309533
2026-01-28 22:10:00,88,5.498916666666666,-17.8575,5.76941708228496
2026-01-28 23:10:00,88,6.770108333333335,-16.944166666666664,5.947459462736724
2026-01-29 00:10:00,89,5.648416666666667,-15.842500000000001,5.407046419620558
2026-01-29 01:10:00,89,5.779791666666665,-16.004166666666666,5.951331570882054
2026-01-29 02:10:00,89,5.796174999999999,-16.620833333333337,6.307138348136908
2026-01-29 03:10:00,89,6.509108333333332,-16.81,5.92809020940599
2026-01-29 04:10:00,89,6.9758249999999995,-17.5425,5.831094223969056
2026-01-29 05:10:00,89,4.624291666666666,-17.888333333333332,5.641152984350646
2026-01-29 06:10:00,89,6.189441666666665,-16.796666666666667,6.133996066078
2026-01-29 07:10:00,89,7.048400000000001,-15.814166666666667,6.0522041810661324
2026-01-29 08:10:00,89,6.601025,-13.564166666666665,4.747224616372714
2026-01-29 09:10:00,89,5.410641666666668,-11.638333333333334,5.13359089068677
2026-01-29 10:10:00,89,4.814191666666667,-9.846666666666666,4.177396356529682
2026-01-29 11:10:00,89,3.663066666666667,-8.374166666666666,3.1360258775390197
2026-01-29 12:10:00,89,4.009283333333333,-7.594166666666666,3.2690029197172628
2026-01-29 13:10:00,89,3.5916333333333332,-8.111666666666666,3.441016616506923
2026-01-29 14:10:00,89,3.5734083333333335,-9.240833333333333,3.775034512292607
2026-01-29 15:10:00,89,5.205133333333333,-10.420833333333333,4.839010844167342
2026-01-29 16:10:00,89,5.773008333333333,-11.685,5.30123871702771
2026-01-29 17:10:00,89,6.600216666666667,-12.115833333333335,5.1178191314523875
2026-01-29 18:10:00,89,7.0844499999999995,-12.819999999999999,4.925474277462472
2026-01-29 19:10:00,89,4.329274999999999,-13.394166666666665,4.9270692205883
2026-01-29 20:10:00,89,6.874008333333333,-13.698333333333332,6.015958089745718
2026-01-29 21:10:00,89,6.786483333333333,-14.092500000000001,5.9635516624508345
2026-01-29 22:10:00,89,7.046408333333334,-14.593333333333334,5.8270894300950955
2026-01-29 23:10:00,89,6.756308333333333,-14.685,5.083223150430338
2026-01-30 00:10:00,90,5.6754999999999995,-14.80083333333333,5.520853326351414
2026-01-30 01:10:00,90,7.108158333333331,-15.156666666666666,6.219281352434457
2026-01-30 02:10:00,90,5.507124999999999,-15.490000000000004,5.8698066578763015
2026-01-30 03:10:00,90,7.368825,-15.777499999999998,6.184887234874388
2026-01-30 04:10:00,90,6.237275,-16.078333333333333,6.001309842022574
2026-01-30 05:10:00,90,6.734716666666667,-16.6525,5.92532927881758
2026-01-30 06:10:00,90,8.200716666666667,-16.7225,6.703358020576885
2026-01-30 07:10:00,90,6.672725,-16.477499999999996,6.114171426031505
2026-01-30 08:10:00,90,6.689441666666666,-16.040833333333335,5.806191656854665
2026-01-30 09:10:00,90,7.432816666666666,-14.837500000000004,5.39367396405079
2026-01-30 10:10:00,90,6.718416666666666,-14.222500000000002,4.852700206459152
2026-01-30 11:10:00,90,4.307108333333334,-12.935833333333335,4.690649092452224
2026-01-30 12:10:00,90,4.964691666666667,-11.670833333333334,4.30374580577794
2026-01-30 13:10:00,90,5.732666666666667,-11.894166666666669,5.4207188021487855
2026-01-30 14:10:00,90,5.956583333333334,-12.130833333333333,5.762276035268094
2026-01-30 15:10:00,90,6.2280500000000005,-13.208333333333334,5.646335107567612
2026-01-30 16:10:00,90,6.104741666666666,-14.245,5.337594932920414
2026-01-30 17:10:00,90,5.022491666666666,-15.018333333333336,5.231298516579697
2026-01-30 18:10:00,90,5.263083333333333,-15.930833333333338,5.71711721496677
2026-01-30 19:10:00,90,5.91865,-16.278333333333332,5.973161951009438
2026-01-30 20:10:00,90,5.7415666666666665,-16.28,6.251164801996172
2026-01-30 21:10:00,90,7.606858333333334,-16.38416666666667,6.936179620386007
2026-01-30 22:10:00,90,8.700633333333334,-16.7175,6.61991741703776
2026-01-30 23:10:00,90,5.808991666666666,-16.884166666666662,6.388776274084178
2026-01-31 00:10:00,91,7.855883333333335,-16.944166666666668,6.784045247585504
2026-01-31 01:10:00,91,6.9482333333333335,-16.805,7.578713891724732
2026-01-31 02:10:00,91,8.469566666666667,-16.74,7.587881656007019
2026-01-31 03:10:00,91,6.570891666666665,-16.820000000000004,6.706054757968753
2026-01-31 04:10:00,91,7.623958333333333,-16.73666666666667,7.204119779975789
2026-01-31 05:10:00,91,7.291549999999999,-16.675833333333333,7.292133701995589
2026-01-31 06:10:00,91,7.437508333333333,-16.706666666666663,6.903398972155415
2026-01-31 07:10:00,91,6.641575,-15.920833333333333,7.028123142593286
2026-01-31 08:10:00,91,7.043383333333332,-13.973333333333334,6.709944791680687
2026-01-31 09:10:00,91,6.359866666666667,-12.87,6.084112230347218
2026-01-31 10:10:00,91,6.9366166666666675,-10.920833333333334,5.212818241521612
2026-01-31 11:10:00,91,4.251025,-9.574166666666667,3.583607953573164
2026-01-31 12:10:00,91,3.3228166666666663,-8.611666666666666,3.0331668135926257
2026-01-31 13:10:00,91,2.9221083333333335,-8.490833333333333,3.5667238911261347
2026-01-31 14:10:00,91,4.878191666666666,-9.675833333333333,5.2424562899825755
2026-01-31 15:10:00,91,4.560708333333333,-10.87,5.12838966867246
2026-01-31 16:10:00,91,6.818583333333333,-12.194999999999999,6.421629103700152
2026-01-31 17:10:00,91,6.692041666666667,-13.338333333333333,6.11433711693386
2026-01-31 18:10:00,91,5.888374999999999,-14.041666666666666,5.4292628687943285
2026-01-31 19:10:00,91,4.348858333333333,-14.90333333333333,4.809900856511273
2026-01-31 20:10:00,91,4.648041666666666,-15.157499999999999,5.170458329124095
2026-01-31 21:10:00,91,5.242166666666667,-15.625833333333334,5.580958323170412
2026-01-31 22:10:00,91,6.666541666666666,-16.903333333333336,6.196643048419036
2026-01-31 23:10:00,91,7.297483333333333,-17.036666666666665,6.644259793297893
2026-02-01 00:10:00,92,5.497199999999999,-18.135,5.9890454622675176
2026-02-01 01:10:00,92,6.743591666666667,-19.37833333333333,6.496118186441981
2026-02-01 02:10:00,92,7.0410666666666675,-19.379166666666666,7.04253154037408
2026-02-01 03:10:00,92,6.346350000000001,-19.883333333333333,6.692191067048274
2026-02-01 04:10:00,92,6.664691666666667,-19.10166666666667,6.558790916314214
2026-02-01 05:10:00,92,7.416158333333331,-19.75916666666667,7.088031770138778
2026-02-01 06:10:00,92,6.190383333333334,-19.897499999999997,6.206621772562627
2026-02-01 07:10:00,92,6.0324583333333335,-19.24083333333333,6.695481064516093
2026-02-01 08:10:00,92,6.475391666666668,-15.13,6.467387682346823
2026-02-01 09:10:00,92,4.937708333333333,-11.473333333333334,6.159658784989746
2026-02-01 10:10:00,92,5.644791666666666,-8.647499999999999,5.47565500308502
2026-02-01 11:10:00,92,3.6482916666666667,-7.685833333333334,4.067622583379446
2026-02-01 12:10:00,92,4.121733333333333,-6.764166666666667,4.587251082993561
2026-02-01 13:10:00,92,3.647491666666666,-5.995833333333334,4.1600488169879695
2026-02-01 14:10:00,92,4.526541666666667,-6.394166666666667,4.540147057366246
2026-02-01 15:10:00,92,5.644983333333332,-7.175,5.110595452306432
2026-02-01 16:10:00,92,6.312841666666666,-8.676666666666668,5.5684919224762535
2026-02-01 17:10:00,92,4.068633333333333,-9.625,5.009476680755096
2026-02-01 18:10:00,92,5.234958333333332,-9.952499999999999,4.953547430025504
2026-02-01 19:10:00,92,4.412958333333333,-10.375,4.753174208796153
2026-02-01 20:10:00,92,5.195991666666667,-10.555833333333334,5.325468767766786
2026-02-01 21:10:00,92,5.317024999999999,-11.505,5.455058243329036
2026-02-01 22:10:00,92,5.269816666666666,-12.448333333333332,5.778409988058381
2026-02-01 23:10:00,92,6.53195,-13.963333333333333,6.258664509800406
2026-02-02 00:10:00,93,5.774566666666665,-15.005833333333337,6.353113866299903
2026-02-02 01:10:00,93,5.595916666666667,-16.171666666666667,6.176439178755053
2026-02-02 02:10:00,93,5.527716666666666,-16.393333333333334,6.541754776443392
2026-02-02 03:10:00,93,6.276133333333334,-16.920833333333334,6.229690038493366
2026-02-02 04:10:00,93,4.811733333333333,-17.06416666666667,6.366521891510894
2026-02-02 05:10:00,93,7.379883333333332,-17.099999999999998,6.783826718775673
2026-02-02 06:10:00,93,5.422466666666666,-17.958333333333332,6.435990123375037
2026-02-02 07:10:00,93,7.052033333333334,-15.93083333333334,6.306552550411331
2026-02-02 08:10:00,93,5.122216666666667,-10.320833333333335,5.004923776621263
2026-02-02 09:10:00,93,4.4770416666666675,-7.939166666666666,5.323212499928495
2026-02-02 10:10:00,93,3.2193666666666667,-5.245,4.847492534626758
2026-02-02 11:10:00,93,2.4699,-3.1475000000000004,4.223417664512568
2026-02-02 12:10:00,93,2.419283333333333,-1.9208333333333334,3.9183402222591805
2026-02-02 13:10:00,93,2.069875,-1.0591666666666668,4.00954372725251
2026-02-02 14:10:00,93,3.0371666666666663,-1.8150000000000004,3.9917871837286496
2026-02-02 15:10:00,93,4.350266666666666,-3.000833333333334,4.18049288071532
2026-02-02 16:10:00,93,4.554825000000001,-4.350833333333333,4.791755256244958
2026-02-02 17:10:00,93,3.544883333333333,-5.75,5.482163686885827
2026-02-02 18:10:00,93,4.830575,-6.116666666666666,4.989696478885287
2026-02-02 19:10:00,93,3.032466666666667,-6.36,4.647908401744575
2026-02-02 20:10:00,93,4.850675000000001,-8.375,4.185363436036367
2026-02-02 21:10:00,93,4.647516666666666,-9.574166666666667,4.492700012396856
2026-02-02 22:10:00,93,4.368183333333333,-10.2875,4.765022811421099
2026-02-02 23:10:00,93,4.49095,-10.749166666666667,5.564651563195929
2026-02-03 00:10:00,94,5.320308333333332,-11.500833333333333,5.271227574468794
2026-02-03 01:10:00,94,5.137416666666667,-12.435000000000002,5.271176198911842
2026-02-03 02:10:00,94,4.165633333333333,-13.036666666666667,5.343846211338622
2026-02-03 03:10:00,94,6.308391666666666,-14.082500000000001,5.699944887511119
2026-02-03 04:10:00,94,5.014999999999999,-14.472499999999998,4.953259037926103
2026-02-03 05:10:00,94,4.211491666666666,-15.252500000000003,5.355191875861385
2026-02-03 06:10:00,94,6.3051,-15.864166666666668,5.78712770508696
2026-02-03 07:10:00,94,4.943466666666667,-14.529166666666669,5.290715906616593
2026-02-03 08:10:00,94,5.403733333333334,-8.074166666666667,5.001765181686116
2026-02-03 09:10:00,94,4.836333333333333,-7.0225,4.476852600518466
2026-02-03 10:10:00,94,2.485875,-3.9716666666666662,3.9754466383106637
2026-02-03 11:10:00,94,2.7512999999999996,-2.7258333333333336,3.106425037944785
2026-02-03 12:10:00,94,3.2677333333333336,-1.3841666666666665,2.608442483694909
2026-02-03 13:10:00,94,1.9024999999999999,-0.365,3.159976187644847
2026-02-03 14:10:00,94,2.649716666666667,-0.38000000000000006,3.605945861810777
2026-02-03 15:10:00,94,4.186116666666666,-1.9716666666666665,4.062449182829422
2026-02-03 16:10:00,94,3.787075,-4.444166666666666,4.617768990675588
2026-02-03 17:10:00,94,2.9297416666666667,-6.4624999999999995,3.5752601106834527
2026-02-03 18:10:00,94,3.3553333333333333,-8.528333333333334,3.4485154797474493
2026-02-03 19:10:00,94,3.848583333333333,-10.769166666666665,4.359219136810597
2026-02-03 20:10:00,94,2.4886000000000004,-12.1625,3.9150153587537915
2026-02-03 21:10:00,94,5.031766666666666,-13.176666666666668,4.599177507221092
2026-02-03 22:10:00,94,4.732633333333333,-13.838333333333336,5.046323822529217
2026-02-03 23:10:00,94,4.899958333333333,-14.745,5.508947466780858
2026-02-04 00:10:00,95,4.777316666666667,-15.819999999999999,5.316196955130758
2026-02-04 01:10:00,95,5.92,-16.3,5.874113028375388
2026-02-04 02:10:00,95,4.273816666666667,-15.904166666666667,5.5018887747788625
2026-02-04 03:10:00,95,5.566966666666666,-15.167499999999999,5.913994993564412
2026-02-04 04:10:00,95,5.152466666666665,-14.509166666666667,6.067462716899131
2026-02-04 05:10:00,95,5.53825,-13.500833333333333,5.398451878220831
2026-02-04 06:10:00,95,4.524566666666666,-13.079166666666666,5.597874530340572
2026-02-04 07:10:00,95,6.743549999999999,-12.134166666666667,5.617056489447147
2026-02-04 08:10:00,95,3.1017166666666665,-8.397499999999999,3.522369157007525
2026-02-04 09:10:00,95,4.1872,-5.423333333333333,4.21677664126265
2026-02-04 10:10:00,95,4.9078,-3.2933333333333334,4.2948050671902775
2026-02-04 11:10:00,95,10.017033333333334,-1.9783333333333335,4.144304216961176
2026-02-04 12:10:00,95,2.5349999999999997,-1.2116666666666667,3.467002258531734
2026-02-04 13:10:00,95,3.9345749999999993,-0.48500000000000004,2.9447533541332476
2026-02-04 14:10:00,95,2.8322583333333333,-1.3708333333333336,3.007915895646776
2026-02-04 15:10:00,95,4.032299999999999,-2.328333333333333,3.1663832397588743
2026-02-04 16:10:00,95,3.8780416666666664,-3.5316666666666667,3.837126155428243
2026-02-04 17:10:00,95,4.4027916666666655,-4.6675,4.315131203808106
2026-02-04 18:10:00,95,4.653783333333333,-5.81,3.8270881559274237
2026-02-04 19:10:00,95,2.7803666666666667,-6.219166666666666,3.8573655325621026
2026-02-04 20:10:00,95,6.280816666666666,-7.426666666666667,4.773784693864067
2026-02-04 21:10:00,95,5.677383333333332,-7.715833333333332,4.238599947035289
2026-02-04 22:10:00,95,4.38175,-8.375,4.148082383869246
2026-02-04 23:10:00,95,5.0763083333333325,-8.8375,4.155352343160551
2026-02-05 00:10:00,96,4.089875,-8.56,4.2918050352631925
2026-02-05 01:10:00,96,4.514125,-8.795833333333334,4.575735547457925
2026-02-05 02:10:00,96,5.015325,-9.450000000000001,4.422508853836721
2026-02-05 03:10:00,96,4.341975,-10.44,4.635386654383925
2026-02-05 04:10:00,96,4.8755,-11.045833333333333,4.524787988754914
2026-02-05 05:10:00,96,4.527116666666666,-10.319166666666666,4.788816355298536
2026-02-05 06:10:00,96,5.209433333333333,-8.134166666666667,4.691242136856295
2026-02-05 07:10:00,96,6.0376416666666675,-7.504166666666666,3.8762590303320374
2026-02-05 08:10:00,96,8.053908333333332,-6.8475,4.652235035015511
2026-02-05 09:10:00,96,4.2131,-5.995,4.722955900379694
2026-02-05 10:10:00,96,2.3606833333333337,-4.0225,3.6150115312540883
2026-02-05 11:10:00,96,3.533275,-3.7550000000000003,2.4346531441801407
2026-02-05 12:10:00,96,3.8230500000000003,-3.2275000000000005,3.18063388436233
2026-02-05 13:10:00,96,3.808958333333333,-4.0233333333333325,3.6912604244080818
2026-02-05 14:10:00,96,2.9879083333333334,-4.240833333333334,3.8303798796180453
2026-02-05 15:10:00,96,3.1927250000000003,-5.773333333333333,3.9602465661777746
2026-02-05 16:10:00,96,5.292741666666666,-7.495833333333334,4.284653618187289
2026-02-05 17:10:00,96,5.429491666666666,-9.648333333333333,4.910246208460833
2026-02-05 18:10:00,96,4.475791666666666,-10.5425,4.291923432280588
2026-02-05 19:10:00,96,4.010758333333333,-11.478333333333333,5.362706683592589
2026-02-05 20:10:00,96,5.235766666666667,-12.63,5.676941476320254
2026-02-05 21:10:00,96,5.972641666666666,-13.209166666666668,4.2054332015866125
2026-02-05 22:10:00,96,3.8394333333333335,-15.597499999999997,4.180144156124321
2026-02-05 23:10:00,96,6.4378166666666665,-16.505,5.889264557948855
2026-02-06 00:10:00,97,6.14325,-17.14916666666667,5.470537349052514
2026-02-06 01:10:00,97,4.712083333333333,-18.400000000000002,5.450604352106539
2026-02-06 02:10:00,97,6.532916666666666,-20.14833333333333,5.974595871675805
2026-02-06 03:10:00,97,4.88765,-21.38083333333334,5.904201077084879
2026-02-06 04:10:00,97,6.132366666666666,-22.37,6.654980836828916
2026-02-06 05:10:00,97,7.1023249999999996,-23.725833333333327,7.2184309743528425
2026-02-06 06:10:00,97,7.189925000000001,-24.277500000000003,6.456751731147255
2026-02-06 07:10:00,97,6.827608333333333,-22.596666666666668,6.415216835679704
2026-02-06 08:10:00,97,6.005391666666666,-18.254166666666666,6.764546990133149
2026-02-06 09:10:00,97,6.780891666666666,-14.37,6.4436927495495215
2026-02-06 10:10:00,97,4.5957333333333334,-10.44,5.677179613474127
2026-02-06 11:10:00,97,4.972391666666666,-8.958333333333334,5.051783158646903
2026-02-06 12:10:00,97,3.8430333333333326,-7.55,3.2492956805730495
2026-02-06 13:10:00,97,4.237716666666667,-6.724166666666666,4.481808367665742
2026-02-06 14:10:00,97,4.038291666666667,-6.795833333333333,4.270073939610381
2026-02-06 15:10:00,97,5.697716666666666,-7.096666666666667,5.911784199807766
2026-02-06 16:10:00,97,4.749258333333333,-8.8925,4.493921970856487
2026-02-06 17:10:00,97,6.39655,-11.1725,5.427264716433691
2026-02-06 18:10:00,97,5.280924999999999,-13.230000000000002,4.857884177867845
2026-02-06 19:10:00,97,3.8703333333333334,-15.467500000000001,5.32220292763928
2026-02-06 20:10:00,97,5.47705,-17.673333333333332,5.794658805001467
2026-02-06 21:10:00,97,6.931591666666667,-18.361666666666668,6.583162285767299
2026-02-06 22:10:00,97,6.221141666666666,-19.254166666666666,6.094467268718896
2026-02-06 23:10:00,97,6.942733333333332,-19.898333333333333,6.097911741382658
2026-02-07 00:10:00,98,6.316633333333332,-20.463333333333335,6.257420320030166
2026-02-07 01:10:00,98,7.340699999999999,-19.570833333333333,6.225634658638937
2026-02-07 02:10:00,98,4.893466666666667,-18.5925,6.4202983202171335
2026-02-07 03:10:00,98,5.976566666666667,-17.583333333333332,6.486940936704948
2026-02-07 04:10:00,98,7.15055,-17.221666666666668,6.192061771854796
2026-02-07 05:10:00,98,5.514608333333333,-17.124166666666667,6.107732342268396
2026-02-07 06:10:00,98,6.712816666666667,-16.429999999999996,6.6250211822637946
2026-02-07 07:10:00,98,5.588741666666667,-15.8375,5.838253058323183
2026-02-07 08:10:00,98,5.295841666666666,-11.934166666666664,5.549621554192329
2026-02-07 09:10:00,98,4.553575,-7.801666666666667,5.355040541360779
2026-02-07 10:10:00,98,5.4959999999999996,-5.377499999999999,4.494371814409662
2026-02-07 11:10:00,98,3.9089916666666666,-3.8183333333333334,3.707916261713471
2026-02-07 12:10:00,98,2.4209916666666667,-2.886666666666667,2.8926325938863684
2026-02-07 13:10:00,98,2.8527750000000003,-3.4433333333333334,3.986056943846647
2026-02-07 14:10:00,98,4.776591666666667,-3.6675,4.143068542613994
2026-02-07 15:10:00,98,3.274558333333333,-4.659166666666667,3.6081777210467973
2026-02-07 16:10:00,98,5.5191333333333334,-5.575,4.825215668758922
2026-02-07 17:10:00,98,4.7134,-6.1575,4.865878768778851
2026-02-07 18:10:00,98,5.041333333333333,-6.343333333333334,4.337045350426467
2026-02-07 19:10:00,98,4.605933333333333,-6.551666666666667,4.932208585236234
2026-02-07 20:10:00,98,4.732525,-6.612500000000001,4.157067764432517
2026-02-07 21:10:00,98,4.672008333333333,-6.704166666666667,4.582372579695271
2026-02-07 22:10:00,98,5.370024999999999,-7.300833333333333,5.167373380911535
2026-02-07 23:10:00,98,5.0168333333333335,-9.034166666666668,4.683190196789769
2026-02-08 00:10:00,99,4.410266666666666,-10.250833333333334,5.0367091687063255
2026-02-08 01:10:00,99,6.562366666666668,-11.467500000000001,5.26503571387266
2026-02-08 02:10:00,99,3.9907166666666662,-12.292499999999999,4.877932444446035
2026-02-08 03:10:00,99,6.29325,-12.735833333333332,5.673717518933509
2026-02-08 04:10:00,99,5.695808333333334,-13.379999999999997,5.72653650159182
2026-02-08 05:10:00,99,6.428033333333333,-13.94,5.562339254189768
2026-02-08 06:10:00,99,6.281024999999999,-14.235,5.910054785231826
2026-02-08 07:10:00,99,6.152174999999999,-13.225833333333334,5.765111758388316
2026-02-08 08:10:00,99,6.8280666666666665,-11.125,5.331494840455484
2026-02-08 09:10:00,99,4.829816666666667,-10.916666666666666,4.785662068513883
2026-02-08 10:10:00,99,5.577858333333333,-8.744166666666667,4.824223309572989
2026-02-08 11:10:00,99,3.2813749999999997,-7.146666666666667,3.335962239289867
2026-02-08 12:10:00,99,3.284275,-5.7225,3.3395310735967314
2026-02-08 13:10:00,99,1.9743166666666663,-5.5058333333333325,2.7958136193118834
2026-02-08 14:10:00,99,3.5473166666666662,-6.815,4.046388894276971
2026-02-08 15:10:00,99,3.934241666666667,-7.616666666666667,4.341006894584156
2026-02-08 16:10:00,99,5.028675,-9.135,5.508205711702746
2026-02-08 17:10:00,99,7.0060916666666655,-10.648333333333333,5.7596796293556745
2026-02-08 18:10:00,99,3.8911083333333334,-12.217500000000001,5.090534206800555
2026-02-08 19:10:00,99,5.592416666666667,-13.648333333333333,5.145315412313039
2026-02-08 20:10:00,99,5.554199999999999,-14.574166666666665,5.169962471657132
2026-02-08 21:10:00,99,6.441683333333333,-14.862499999999999,6.366180581087415
2026-02-08 22:10:00,99,4.488758333333333,-15.023333333333332,6.652793939420007
2026-02-08 23:10:00,99,7.3570166666666665,-15.263333333333335,5.7731255024835155
2026-02-09 00:10:00,100,5.740375,-15.574166666666665,6.885195504162683
2026-02-09 01:10:00,100,7.830858333333332,-15.834166666666667,8.063497282494719
2026-02-09 02:10:00,100,7.062083333333333,-16.0,8.27291337279308
2026-02-09 03:10:00,100,8.5881,-15.752500000000003,7.621907547266312
2026-02-09 04:10:00,100,7.335516666666665,-15.644166666666669,6.982953938346913
2026-02-09 05:10:00,100,8.451291666666666,-15.652499999999998,7.62400830997519
2026-02-09 06:10:00,100,7.430658333333334,-15.75,7.982624319262136
2026-02-09 07:10:00,100,7.982616666666666,-14.414999999999997,6.907099301014127
2026-02-09 08:10:00,100,7.4561416666666664,-12.412500000000001,5.80768675368141
2026-02-09 09:10:00,100,6.686191666666667,-11.074166666666665,5.5273854442111485
2026-02-09 10:10:00,100,3.8258916666666667,-8.030833333333332,3.9414798502240123
2026-02-09 11:10:00,100,3.974491666666666,-5.573333333333334,3.8485349101124933
2026-02-09 12:10:00,100,4.757225,-3.9291666666666667,3.3993039981713755
2026-02-09 13:10:00,100,3.0265583333333335,-3.01,3.6345357711006656
2026-02-09 14:10:00,100,3.1963666666666666,-3.9341666666666666,3.90499838199566
2026-02-09 15:10:00,100,4.726391666666666,-4.420833333333333,4.614360102979862
2026-02-09 16:10:00,100,5.788649999999999,-5.2875000000000005,4.762594929116309
2026-02-09 17:10:00,100,5.906391666666666,-6.805,4.758037962670313
2026-02-09 18:10:00,100,4.083816666666666,-7.8374999999999995,4.319892365812487
2026-02-09 19:10:00,100,6.150416666666667,-8.62,4.691443984488924
2026-02-09 20:10:00,100,6.521133333333333,-9.209166666666667,4.843490224444625
2026-02-09 21:10:00,100,4.021575,-10.147499999999999,4.572063198866002
2026-02-09 22:10:00,100,6.234383333333333,-11.009166666666665,4.58559577731136
2026-02-09 23:10:00,100,5.374608333333334,-11.586666666666666,4.43364259488748
2026-02-10 00:10:00,101,5.263475000000001,-12.0,5.321355422295307
2026-02-10 01:10:00,101,5.963508333333333,-12.153333333333336,5.103613631782297
2026-02-10 02:10:00,101,5.19395,-12.44,5.204000857171518
2026-02-10 03:10:00,101,6.107549999999999,-13.148333333333332,5.651591315842051
2026-02-10 04:10:00,101,5.153999999999999,-13.5875,5.925691048518517
2026-02-10 05:10:00,101,6.985283333333332,-13.759166666666665,5.72176986825364
2026-02-10 06:10:00,101,7.384391666666668,-14.509166666666667,5.456962218455386
2026-02-10 07:10:00,101,5.470291666666666,-11.975833333333334,5.099947543720477
2026-02-10 08:10:00,101,5.067025,-9.156666666666666,4.445376395884389
2026-02-10 09:10:00,101,4.6526,-7.25,3.9903805064347333
2026-02-10 10:10:00,101,1.556158333333333,-3.9858333333333333,2.5818044362603816
2026-02-10 11:10:00,101,2.760491666666666,-1.5241666666666667,2.3013323553348295
2026-02-10 12:10:00,101,2.053983333333333,0.19833333333333333,1.8070487470481338
2026-02-10 13:10:00,101,1.6712833333333335,1.7924999999999998,2.78834759436882
2026-02-10 14:10:00,101,2.656133333333333,0.6016666666666666,3.7660605896366004
2026-02-10 15:10:00,101,3.558116666666667,-1.5741666666666667,3.895868118381581
2026-02-10 16:10:00,101,3.8117583333333336,-3.940833333333334,3.8346937470870035
2026-02-10 17:10:00,101,4.735925,-5.413333333333334,4.376716028834016
2026-02-10 18:10:00,101,2.918625,-6.125,3.5803979773685723
2026-02-10 19:10:00,101,4.471191666666667,-7.333333333333333,3.9419859353392415
2026-02-10 20:10:00,101,4.649849999999999,-7.915833333333333,4.471652055731601
2026-02-10 21:10:00,101,4.491783333333333,-7.473333333333333,4.631872591393231
2026-02-10 22:10:00,101,4.819341666666666,-6.916666666666667,4.779760875129329
2026-02-10 23:10:00,101,4.0992,-6.0008333333333335,4.88947610613368
2026-02-11 00:10:00,102,4.002841666666667,-5.711666666666666,4.3481877151582395
2026-02-11 01:10:00,102,5.088966666666666,-5.715833333333332,4.8771553306986615
2026-02-11 02:10:00,102,3.886183333333333,-5.559166666666666,4.574639982267031
2026-02-11 03:10:00,102,4.305225,-5.360833333333333,4.779983933796485
2026-02-11 04:10:00,102,2.8387249999999997,-5.1475,4.126785127798371
2026-02-11 05:10:00,102,5.4397166666666665,-5.206666666666666,4.734389888681771
2026-02-11 06:10:00,102,3.393499999999999,-5.148333333333333,4.46727827684069
2026-02-11 07:10:00,102,4.39445,-4.709166666666667,4.3447583746320015
2026-02-11 08:10:00,102,3.464166666666666,-3.6341666666666668,4.334243921328473
2026-02-11 09:10:00,102,3.790083333333333,-2.796666666666667,4.146010422008633
2026-02-11 10:10:00,102,4.120566666666667,-2.328333333333333,3.95893411763682
2026-02-11 11:10:00,102,2.7932666666666663,-1.6875,3.737950021125301
2026-02-11 12:10:00,102,3.419583333333333,-1.5691666666666668,3.495603769438072
2026-02-11 13:10:00,102,2.6949666666666663,-0.685,3.8668664058897466
2026-02-11 14:10:00,102,4.0402249999999995,-0.24083333333333332,3.918004334638982
2026-02-11 15:10:00,102,2.838883333333333,-1.2258333333333333,3.5740575951843763
2026-02-11 16:10:00,102,2.4920833333333334,-2.3741666666666665,3.9264008379348123
2026-02-11 17:10:00,102,2.6146416666666665,-2.8200000000000003,3.6490280495560015
2026-02-11 18:10:00,102,2.6131916666666664,-3.0833333333333335,3.4621093958939086
2026-02-11 19:10:00,102,4.02085,-3.6758333333333333,3.5846686243834514
2026-02-11 20:10:00,102,3.559808333333333,-3.615,4.456887768228154
2026-02-11 21:10:00,102,4.379191666666666,-3.519166666666667,4.760417528312404
2026-02-11 22:10:00,102,4.300241666666666,-4.254166666666667,4.363308433374018
2026-02-11 23:10:00,102,5.213866666666666,-4.088333333333334,4.721839525838764
2026-02-12 00:10:00,103,3.4760833333333334,-3.75,3.52293429281814
2026-02-12 01:10:00,103,3.852383333333333,-3.7449999999999997,4.010049478815848
2026-02-12 02:10:00,103,3.958766666666666,-3.735,4.511068329132165
2026-02-12 03:10:00,103,3.842624999999999,-3.7750000000000004,4.035652690385626
2026-02-12 04:10:00,103,4.085991666666666,-3.856666666666666,4.3393597959248815
2026-02-12 05:10:00,103,3.7427083333333333,-3.89,3.787127678225014
2026-02-12 06:10:00,103,5.392691666666667,-3.894166666666667,4.404644259371871
2026-02-12 07:10:00,103,3.388433333333333,-3.560833333333333,3.409440345553298
2026-02-12 08:10:00,103,3.4083916666666663,-1.9900000000000002,3.180860463477737
2026-02-12 09:10:00,103,3.419625,-1.1849999999999998,3.4789790090879587
2026-02-12 10:10:00,103,1.4337333333333333,-0.4025,2.8600404601239378
2026-02-12 11:10:00,103,3.152833333333333,-0.2908333333333334,2.8524560677256456
2026-02-12 12:10:00,103,2.9487083333333333,0.39916666666666667,2.667241880608386
2026-02-12 13:10:00,103,2.233033333333333,-0.6391666666666667,2.824297112678673
2026-02-12 14:10:00,103,2.2988833333333334,-1.1341666666666668,3.181971401997172
2026-02-12 15:10:00,103,4.103141666666667,-1.8291666666666664,3.796648153780362
2026-02-12 16:10:00,103,3.393816666666666,-3.0833333333333335,3.849694505521965
2026-02-12 17:10:00,103,4.805408333333333,-3.9125,4.334166432681233
2026-02-12 18:10:00,103,2.289191666666667,-4.508333333333333,3.8765629890244266
2026-02-12 19:10:00,103,3.6601166666666667,-5.245,3.7944285235747985
2026-02-12 20:10:00,103,3.8564249999999998,-6.1625000000000005,3.928569685437987
2026-02-12 21:10:00,103,4.087733333333333,-7.1308333333333325,4.700801449288972
2026-02-12 22:10:00,103,3.9080333333333335,-7.875,4.440094645344119
2026-02-12 23:10:00,103,3.4459083333333327,-8.588333333333333,3.8944223976291603
2026-02-13 00:10:00,104,4.807041666666667,-9.2925,4.970098632009252
2026-02-13 01:10:00,104,5.531616666666667,-9.943333333333333,5.693015362721358
2026-02-13 02:10:00,104,4.836916666666666,-9.351666666666667,4.863144596842396
2026-02-13 03:10:00,104,5.4183916666666665,-10.352500000000001,5.36602539194898
2026-02-13 04:10:00,104,5.3233500000000005,-10.906666666666666,4.933843207682456
2026-02-13 05:10:00,104,4.803108333333332,-11.838333333333333,5.298609887827201
2026-02-13 06:10:00,104,4.9913333333333325,-12.885,5.317014731871636
2026-02-13 07:10:00,104,5.628025,-10.674999999999999,4.793331322587358
2026-02-13 08:10:00,104,5.348916666666666,-7.546666666666667,5.577638914792461
2026-02-13 09:10:00,104,5.548291666666665,-5.995,4.364829249977898
2026-02-13 10:10:00,104,2.155866666666667,-4.021666666666667,4.04266425611163
2026-02-13 11:10:00,104,0.8782333333333332,-2.19,2.442918351471711
2026-02-13 12:10:00,104,2.490241666666667,-1.4016666666666666,3.360743182872384
2026-02-13 13:10:00,104,0.8633083333333333,-0.2166666666666667,2.2042602959728845
2026-02-13 14:10:00,104,1.7560833333333332,-0.9108333333333333,2.715107708147412
2026-02-13 15:10:00,104,2.283541666666667,-2.286666666666666,2.1396688854716084
2026-02-13 16:10:00,104,3.2109916666666667,-3.333333333333334,3.172506139015934
2026-02-13 17:10:00,104,3.9592249999999996,-4.573333333333333,4.092458407972545
2026-02-13 18:10:00,104,3.5432,-5.7825,3.601988674481847
2026-02-13 19:10:00,104,3.5524916666666666,-6.918333333333334,3.510118290599488
2026-02-13 20:10:00,104,3.1354249999999992,-7.908333333333334,4.173735488431449
2026-02-13 21:10:00,104,5.654425000000001,-8.189166666666667,4.910688408356472
2026-02-13 22:10:00,104,7.068083333333333,-8.036666666666667,4.3422873128339265
2026-02-13 23:10:00,104,4.612166666666666,-8.574166666666667,4.931745000055607
2026-02-14 00:10:00,105,6.328891666666666,-7.903333333333333,5.521002444045399
2026-02-14 01:10:00,105,4.150016666666667,-7.781666666666667,4.70118397854414
2026-02-14 02:10:00,105,5.836574999999999,-8.624166666666666,5.423711821570253
2026-02-14 03:10:00,105,5.798858333333334,-9.8425,4.8630871306123975
2026-02-14 04:10:00,105,5.0464,-10.513333333333334,5.264619643151138
2026-02-14 05:10:00,105,4.672883333333334,-12.676666666666668,5.624101556850537
2026-02-14 06:10:00,105,6.269675,-14.564166666666665,5.4961863916762095
2026-02-14 07:10:00,105,4.5353916666666665,-10.929166666666667,4.7776781684937735
2026-02-14 08:10:00,105,5.6489,-5.240833333333334,5.217340851486829
2026-02-14 09:10:00,105,3.408208333333333,-3.8466666666666662,3.9354435231790736
2026-02-14 10:10:00,105,3.290058333333333,-1.241666666666667,3.488373110745638
2026-02-14 11:10:00,105,1.9425833333333333,-0.2866666666666667,2.2448006377525633
2026-02-14 12:10:00,105,3.1104083333333334,-0.023333333333333307,2.7690437494779756
2026-02-14 13:10:00,105,2.9581166666666667,-0.08416666666666668,3.070232643652881
2026-02-14 14:10:00,105,2.940941666666667,-0.7083333333333334,3.5830447541600403
2026-02-14 15:10:00,105,3.2429499999999996,-1.5550000000000004,3.696311862279128
2026-02-14 16:10:00,105,3.54685,-2.8624999999999994,3.884654700844715
2026-02-14 17:10:00,105,3.1203833333333333,-3.2225,4.086130591932076
2026-02-14 18:10:00,105,3.7694666666666663,-3.0283333333333338,4.274263175604293
2026-02-14 19:10:00,105,4.77515,-3.5283333333333338,3.695783007132575
2026-02-14 20:10:00,105,2.3582083333333332,-4.101666666666667,3.1025554215310045
2026-02-14 21:10:00,105,3.59705,-5.338333333333334,2.834717051411186
2026-02-14 22:10:00,105,4.429058333333334,-5.829166666666667,3.804289941380498
2026-02-14 23:10:00,105,4.738133333333334,-6.550833333333333,4.952394740687122
2026-02-15 00:10:00,106,4.7189,-7.1725,4.571203804279025
2026-02-15 01:10:00,106,4.985925,-8.2325,4.360620724563884
2026-02-15 02:10:00,106,5.294216666666666,-9.773333333333333,4.792019453547005
2026-02-15 03:10:00,106,4.354283333333333,-11.134166666666667,4.068888891714746
2026-02-15 04:10:00,106,4.454908333333333,-12.291666666666666,4.942316983981447
2026-02-15 05:10:00,106,4.80315,-12.834166666666668,5.31148302665361
2026-02-15 06:10:00,106,5.96435,-13.245833333333335,5.328250989787007
2026-02-15 07:10:00,106,4.855591666666665,-11.481666666666667,5.148971141454986
2026-02-15 08:10:00,106,3.8735166666666667,-8.574166666666667,4.919359634153758
2026-02-15 09:10:00,106,5.555183333333333,-7.023333333333333,4.705433276827249
2026-02-15 10:10:00,106,2.621766666666667,-4.676666666666667,3.2645491090739744
2026-02-15 11:10:00,106,2.4191916666666664,-2.9858333333333325,2.566671208498945
2026-02-15 12:10:00,106,0.9313333333333333,-0.45,1.0275364493952777
2026-02-15 13:10:00,106,1.6431749999999998,0.4208333333333334,2.0643358060249763
2026-02-15 14:10:00,106,0.8707250000000001,0.4083333333333332,2.0054888662905364
2026-02-15 15:10:00,106,3.7911916666666667,-1.7966666666666669,3.2277789891223176
2026-02-15 16:10:00,106,3.6035166666666663,-3.5283333333333338,3.6775813922036216
2026-02-15 17:10:00,106,4.561374999999999,-5.235833333333333,4.218866796452804
2026-02-15 18:10:00,106,4.726599999999999,-6.6575,3.7642493334886065
2026-02-15 19:10:00,106,3.528083333333333,-8.370833333333334,3.9958234816342157
2026-02-15 20:10:00,106,3.814216666666666,-9.852500000000001,3.9842420600196364
2026-02-15 21:10:00,106,4.490591666666666,-10.9675,3.8581638686181616
2026-02-15 22:10:00,106,4.837375,-12.09666666666667,5.121843903718698
2026-02-15 23:10:00,106,5.064691666666666,-13.615000000000002,5.325036249515648
2026-02-16 00:10:00,107,6.229541666666666,-14.795833333333334,5.707920261000991
2026-02-16 01:10:00,107,4.132216666666666,-15.348333333333334,4.621288661861565
2026-02-16 02:10:00,107,4.8140583333333336,-16.45,6.002770563066952
2026-02-16 03:10:00,107,6.177225,-17.115,5.908455095992267
2026-02-16 04:10:00,107,4.771858333333332,-17.629166666666666,5.723336280946987
2026-02-16 05:10:00,107,5.532750000000001,-17.263333333333335,6.0223991839129996
2026-02-16 06:10:00,107,4.955708333333334,-16.7225,6.68890005856581
2026-02-16 07:10:00,107,6.412066666666668,-14.06916666666667,6.311372779226303
2026-02-16 08:10:00,107,4.485216666666666,-8.456666666666665,4.734951763020489
2026-02-16 09:10:00,107,4.061441666666667,-4.9675,4.705049290965073
2026-02-16 10:10:00,107,1.3382916666666667,-1.2691666666666668,2.740396211915661
2026-02-16 11:10:00,107,2.3721916666666667,1.1666666666666665,2.3163066915825192
2026-02-16 12:10:00,107,1.1329416666666665,3.0041666666666664,0.9910567770726197
2026-02-16 13:10:00,107,1.8876333333333335,3.7716666666666665,1.5677111913199984
2026-02-16 14:10:00,107,2.125658333333333,3.2083333333333335,2.8369514170785326
2026-02-16 15:10:00,107,3.0984000000000003,2.0508333333333333,3.0072800627188325
2026-02-16 16:10:00,107,3.736508333333333,-0.48583333333333334,3.502395526455202
2026-02-16 17:10:00,107,3.3362916666666673,-3.2925,3.0900789727561584
2026-02-16 18:10:00,107,3.3715999999999995,-4.889166666666667,3.839110400391106
2026-02-16 19:10:00,107,3.708833333333333,-6.560833333333334,4.409750050685989
2026-02-16 20:10:00,107,4.528908333333333,-7.570833333333333,3.9409150260074246
2026-02-16 21:10:00,107,2.9629833333333333,-8.829166666666667,3.499173105228474
2026-02-16 22:10:00,107,4.922999999999999,-9.850833333333332,4.549000550172916
2026-02-16 23:10:00,107,4.769433333333334,-10.601666666666667,5.173696392881673
2026-02-17 00:10:00,108,3.6829416666666663,-10.4675,4.443043938573103
2026-02-17 01:10:00,108,4.254583333333334,-10.602500000000001,5.349579695265586
2026-02-17 02:10:00,108,4.546166666666666,-10.063333333333333,5.973082764744518
2026-02-17 03:10:00,108,5.907524999999999,-9.721666666666666,5.865361324034136
2026-02-17 04:10:00,108,4.682358333333333,-9.64,4.856782337201841
2026-02-17 05:10:00,108,3.628058333333333,-10.926666666666668,4.972949202152491
2026-02-17 06:10:00,108,5.156624999999999,-11.991666666666667,5.326778722700272
2026-02-17 07:10:00,108,4.865041666666666,-9.246666666666668,5.4855427201311215
2026-02-17 08:10:00,108,3.8354833333333334,-4.084166666666667,3.559400535875307
2026-02-17 09:10:00,108,3.775058333333333,-0.7866666666666666,3.21298838340866
2026-02-17 10:10:00,108,1.3350416666666667,1.25,1.2100341730645492
2026-02-17 11:10:00,108,2.208241666666667,2.9675,1.0771454593674616
2026-02-17 12:10:00,108,1.5570583333333334,2.5641666666666665,1.3618964484958005
2026-02-17 13:10:00,108,3.3152333333333335,1.8200000000000003,2.34793669168112
2026-02-17 14:10:00,108,3.3912166666666663,1.7358333333333331,3.6005820150884276
2026-02-17 15:10:00,108,3.5274333333333328,1.6066666666666671,2.997182318852198
2026-02-17 16:10:00,108,3.5682333333333336,1.1300000000000001,3.547828399976508
2026-02-17 17:10:00,108,3.8901416666666675,0.42999999999999994,2.8061180612989096
2026-02-17 18:10:00,108,2.90945,0.1575,3.066418185423455
2026-02-17 19:10:00,108,2.692508333333333,0.21666666666666667,2.625267618704398
2026-02-17 20:10:00,108,2.5758083333333333,0.6858333333333332,3.210305858742339
2026-02-17 21:10:00,108,3.3541166666666666,0.07833333333333332,3.2982056374254873
2026-02-17 22:10:00,108,4.232725,0.12083333333333336,3.7432372525542927
2026-02-17 23:10:00,108,4.218641666666667,-0.036666666666666674,4.042245905167005
2026-02-18 00:10:00,109,2.8635333333333333,-0.9900000000000001,3.253346269789553
2026-02-18 01:10:00,109,4.284833333333333,-3.0875,3.8360920592686742
2026-02-18 02:10:00,109,3.4199166666666665,-2.9525,4.268822630467588
2026-02-18 03:10:00,109,4.08295,-2.5041666666666664,3.607228425794926
2026-02-18 04:10:00,109,3.5602166666666664,-1.4016666666666666,3.4210301971431774
2026-02-18 05:10:00,109,4.340224999999999,-2.1658333333333335,3.7386162504039744
2026-02-18 06:10:00,109,3.7146083333333326,-2.4766666666666666,3.5658154182721438
2026-02-18 07:10:00,109,4.235025000000001,-1.8991666666666667,3.8386343640579117
2026-02-18 08:10:00,109,2.453958333333333,-0.07833333333333344,2.350871537131304
2026-02-18 09:10:00,109,4.392233333333333,0.7308333333333333,2.2306086591279377
2026-02-18 10:10:00,109,1.0196,1.9308333333333332,1.121814707727769
2026-02-18 11:10:00,109,0.0,2.1675,0.0
2026-02-18 12:10:00,109,1.328825,3.388333333333333,0.0
2026-02-18 13:10:00,109,1.1105333333333334,3.5033333333333334,0.924912224807544
2026-02-18 14:10:00,109,2.2629916666666667,1.8808333333333334,2.0068078116293204
2026-02-18 15:10:00,109,2.9158416666666667,0.7391666666666666,2.7668325817336337
2026-02-18 16:10:00,109,3.3009583333333334,-0.9899999999999999,3.162781932197973
2026-02-18 17:10:00,109,3.6543916666666663,-2.4208333333333334,3.355708868422793
2026-02-18 18:10:00,109,3.485908333333333,-2.894166666666667,3.723829768334358
2026-02-18 19:10:00,109,3.558225,-3.3850000000000002,3.862857565987235
2026-02-18 20:10:00,109,5.818633333333333,-3.9683333333333333,3.884974179317913
2026-02-18 21:10:00,109,3.3752749999999994,-4.639166666666667,3.8864861138955034
2026-02-18 22:10:00,109,5.187591666666666,-5.453333333333333,3.6048682514590547
2026-02-18 23:10:00,109,3.7020833333333334,-5.949166666666667,3.498196800434962
2026-02-19 00:10:00,110,3.8143083333333334,-6.565,4.219222065450604
2026-02-19 01:10:00,110,4.988949999999999,-5.788333333333334,4.247383364114892
2026-02-19 02:10:00,110,3.586333333333333,-7.199999999999999,4.23209162093617
2026-02-19 03:10:00,110,4.2778833333333335,-8.083333333333334,4.177092691488972
2026-02-19 04:10:00,110,5.8576999999999995,-8.934166666666666,4.7415592474951
2026-02-19 05:10:00,110,4.109291666666667,-11.209166666666667,5.234672053605501
2026-02-19 06:10:00,110,5.8652,-12.815,5.289821582763048
2026-02-19 07:10:00,110,4.160191666666667,-8.495833333333334,4.460309958016499
2026-02-19 08:10:00,110,4.568575,-4.2825,3.820274239906135
2026-02-19 09:10:00,110,3.9715,-2.9266666666666663,2.9717924855344395
2026-02-19 10:10:00,110,1.1893833333333332,-0.5408333333333334,2.4878786212789814
2026-02-19 11:10:00,110,1.1324333333333332,0.75,0.9835617571421819
2026-02-19 12:10:00,110,1.853375,2.0083333333333333,2.148336513677342
2026-02-19 13:10:00,110,2.35565,2.8008333333333333,2.4117105057659547
2026-02-19 14:10:00,110,2.221375,2.3558333333333334,2.0803054688658684
2026-02-19 15:10:00,110,2.9995333333333334,1.1583333333333332,3.108150956934308
2026-02-19 16:10:00,110,2.1479166666666667,-0.6241666666666666,3.509465228153025
2026-02-19 17:10:00,110,1.054425,-2.991666666666667,2.078117514669807
2026-02-19 18:10:00,110,3.4331750000000003,-4.163333333333333,2.7312697616728885
2026-02-19 19:10:00,110,2.3044833333333337,-5.758333333333333,3.0037213996184913
2026-02-19 20:10:00,110,4.399,-7.490833333333334,4.242468010273566
2026-02-19 21:10:00,110,3.7301750000000005,-8.943333333333333,4.445669773390286
2026-02-19 22:10:00,110,3.6958333333333333,-10.44,3.4285132576473885
2026-02-19 23:10:00,110,3.7984999999999998,-11.759166666666667,4.496805567446716
2026-02-20 00:10:00,111,4.618658333333333,-12.655833333333334,4.534180130742108
2026-02-20 01:10:00,111,4.008783333333334,-13.455,4.045466763453295
2026-02-20 02:10:00,111,3.3808166666666666,-14.420833333333334,5.259454924752788
2026-02-20 03:10:00,111,4.480975,-15.180833333333332,5.158879023127842
2026-02-20 04:10:00,111,5.500808333333333,-16.055833333333336,5.544432713913949
2026-02-20 05:10:00,111,4.1214916666666666,-16.838333333333335,5.32397347309116
2026-02-20 06:10:00,111,4.365975000000001,-16.731666666666666,5.925115157041509
2026-02-20 07:10:00,111,4.901008333333333,-12.486666666666666,5.865412103336229
2026-02-20 08:10:00,111,5.86025,-6.088333333333334,4.364399188562982
2026-02-20 09:10:00,111,2.899316666666667,-3.5825,2.9059139780475913
2026-02-20 10:10:00,111,2.441125,-1.43,2.691102545313755
2026-02-20 11:10:00,111,1.4330833333333333,-0.18999999999999997,1.1457982940325655
2026-02-20 12:10:00,111,1.4623583333333332,0.8458333333333332,1.2972288971456998
2026-02-20 13:10:00,111,3.8984749999999995,1.2916666666666667,2.4920633246738415
2026-02-20 14:10:00,111,1.9332166666666666,1.0358333333333332,1.2931034518987081
2026-02-20 15:10:00,111,2.209533333333334,0.02416666666666668,2.09474289646311
2026-02-20 16:10:00,111,3.7489833333333333,-1.4908333333333335,3.4898459543807063
2026-02-20 17:10:00,111,4.07095,-2.670833333333334,3.169946625890125
2026-02-20 18:10:00,111,3.1342749999999997,-3.5833333333333326,3.7455757420256615
2026-02-20 19:10:00,111,3.7984166666666663,-4.480833333333333,3.34229720504557
2026-02-20 20:10:00,111,2.248091666666667,-5.357500000000001,3.198037137769701
2026-02-20 21:10:00,111,5.224983333333332,-6.041666666666667,4.086732463109514
2026-02-20 22:10:00,111,5.673283333333333,-7.0375000000000005,4.874879278057829
2026-02-20 23:10:00,111,4.1269,-8.021666666666667,4.0108111101703745
2026-02-21 00:10:00,112,4.469391666666667,-9.056666666666667,4.600795736622934
2026-02-21 01:10:00,112,5.81315,-9.865833333333333,4.219570510293518
2026-02-21 02:10:00,112,3.5155416666666666,-10.604999999999999,4.59989186120486
2026-02-21 03:10:00,112,5.508308333333333,-11.19,5.061055286877549
2026-02-21 04:10:00,112,5.618566666666667,-11.578333333333333,4.878148310472439
2026-02-21 05:10:00,112,3.6036666666666672,-12.971666666666666,4.4131311280146415
2026-02-21 06:10:00,112,5.9035666666666655,-13.7725,5.457538343408043
2026-02-21 07:10:00,112,4.7532749999999995,-10.625,5.206364257581126
2026-02-21 08:10:00,112,5.77805,-8.370833333333334,4.094161542996269
2026-02-21 09:10:00,112,3.453708333333333,-7.075,3.287616489803073
2026-02-21 10:10:00,112,2.83605,-4.1258333333333335,2.6676593276054663
2026-02-21 11:10:00,112,0.0,-3.689166666666667,1.4315221710563764
2026-02-21 12:10:00,112,1.9207416666666668,-2.608333333333334,0.5760135727319188
2026-02-21 13:10:00,112,2.404816666666667,-0.9058333333333333,1.0269304169103028
2026-02-21 14:10:00,112,1.076125,-0.49499999999999994,2.4082985726452026
2026-02-21 15:10:00,112,2.240158333333333,-1.63,3.3123863059699996
2026-02-21 16:10:00,112,2.8714999999999997,-2.9250000000000003,4.179567120977474
2026-02-21 17:10:00,112,2.891641666666666,-4.546666666666667,4.122788696190711
2026-02-21 18:10:00,112,3.1608499999999995,-6.009999999999999,4.741871267219228
2026-02-21 19:10:00,112,4.316841666666666,-7.584166666666667,4.145321242350565
2026-02-21 20:10:00,112,3.470366666666666,-8.6075,3.9240427304881207
2026-02-21 21:10:00,112,2.999533333333333,-9.615,4.018400509758029
2026-02-21 22:10:00,112,4.633158333333332,-10.365,4.070428561521632
2026-02-21 23:10:00,112,3.3532583333333337,-11.399166666666668,4.386481604213004
2026-02-22 00:10:00,113,5.909275,-11.935,5.738719890246239
2026-02-22 01:10:00,113,5.918991666666666,-12.547500000000001,5.600031970719739
2026-02-22 02:10:00,113,4.96185,-13.221666666666666,4.609266718091048
2026-02-22 03:10:00,113,4.640583333333333,-14.5375,5.218769714517288
2026-02-22 04:10:00,113,5.4911166666666675,-15.39,5.8450579465834345
2026-02-22 05:10:00,113,5.623383333333332,-15.94,6.024511981629619
2026-02-22 06:10:00,113,5.138233333333333,-15.443333333333333,5.646871184343282
2026-02-22 07:10:00,113,6.0282083333333345,-11.550833333333332,5.308632523519979
2026-02-22 08:10:00,113,3.7298500000000003,-5.1775,4.214327191821779
2026-02-22 09:10:00,113,5.5483,-2.254166666666667,4.204506919304745
2026-02-22 10:10:00,113,0.9204083333333334,0.365,2.3717884173442845
2026-02-22 11:10:00,113,1.8377833333333333,1.4658333333333335,0.9321976652431422
2026-02-22 12:10:00,113,0.9407166666666666,2.9825,0.5417028679111726
2026-02-22 13:10:00,113,0.9513333333333333,3.3674999999999997,0.7363404981071522
2026-02-22 14:10:00,113,0.9226249999999999,2.815,1.828080505559905
2026-02-22 15:10:00,113,1.8183833333333328,1.7258333333333333,2.870814967967302
2026-02-22 16:10:00,113,2.9546250000000005,0.03750000000000007,3.3061064887149403
2026-02-22 17:10:00,113,4.878333333333333,-3.045833333333333,3.8551724692762077
2026-02-22 18:10:00,113,3.1245583333333338,-4.389166666666667,3.761020768127154
2026-02-22 19:10:00,113,4.198625,-5.694166666666667,4.042695565549234
2026-02-22 20:10:00,113,4.663041666666667,-6.773333333333333,3.394964228632086
2026-02-22 21:10:00,113,3.2762416666666665,-7.555833333333333,3.8311076398187187
2026-02-22 22:10:00,113,4.4319083333333325,-8.463333333333333,4.2017197455194015
2026-02-22 23:10:00,113,4.582725,-9.5325,4.330879407065552
2026-02-23 00:10:00,114,2.9816749999999996,-9.93,4.191588252522168
2026-02-23 01:10:00,114,4.803850000000001,-10.133333333333333,4.771620330010065
2026-02-23 02:10:00,114,4.0005749999999995,-10.1525,4.503847335323941
2026-02-23 03:10:00,114,4.278091666666667,-9.11,5.143678829956268
2026-02-23 04:10:00,114,5.099975,-8.435,5.095611127063487
2026-02-23 05:10:00,114,3.9041416666666664,-8.694166666666666,4.678280837889319
2026-02-23 06:10:00,114,4.361549999999999,-8.291666666666666,4.864528055585318
2026-02-23 07:10:00,114,4.233258333333333,-7.458333333333333,4.132997784393751
2026-02-23 08:10:00,114,4.561033333333333,-6.7075,4.65849626113319
2026-02-23 09:10:00,114,3.9620249999999997,-6.084166666666667,4.511317429611041
2026-02-23 10:10:00,114,5.2141,-5.514166666666667,3.9625299443888835
2026-02-23 11:10:00,114,2.528766666666667,-5.538333333333333,3.306954994451897
2026-02-23 12:10:00,114,4.327641666666667,-5.2491666666666665,4.540152557474965
2026-02-23 13:10:00,114,4.127199999999999,-5.015,5.088597728601066
2026-02-23 14:10:00,114,4.8709,-4.744166666666666,4.751705686368038
2026-02-23 15:10:00,114,4.74405,-4.5975,4.470175229284356
2026-02-23 16:10:00,114,5.646191666666667,-4.9941666666666675,4.997183773666421
2026-02-23 17:10:00,114,4.207883333333332,-5.38,4.364612329450664
2026-02-23 18:10:00,114,3.563875,-5.605833333333333,3.878755363151802
2026-02-23 19:10:00,114,1.9623000000000002,-5.730833333333333,3.7319849916929515
2026-02-23 20:10:00,114,4.6324250000000005,-5.639166666666667,3.6396267444199504
2026-02-23 21:10:00,114,2.768825,-5.555833333333333,4.020795875217829
2026-02-23 22:10:00,114,4.255566666666666,-5.698333333333333,4.8181492695007595
2026-02-23 23:10:00,114,4.769491666666666,-5.7316666666666665,4.723481495424748
2026-02-24 00:10:00,115,5.274575,-5.801666666666667,4.579797169114907
2026-02-24 01:10:00,115,5.0115083333333335,-5.6258333333333335,3.925205940442705
2026-02-24 02:10:00,115,3.2485166666666663,-5.5325,4.193602427090183
2026-02-24 03:10:00,115,5.192383333333333,-5.685,4.437021286801326
2026-02-24 04:10:00,115,4.5633333333333335,-5.926666666666667,4.255267356110528
2026-02-24 05:10:00,115,4.762416666666667,-6.32,4.210534149600347
2026-02-24 06:10:00,115,4.077716666666666,-6.394166666666667,3.9947198804809103
2026-02-24 07:10:00,115,4.965366666666666,-5.865000000000001,3.8584358821645006
2026-02-24 08:10:00,115,4.175291666666667,-3.4683333333333333,2.521060245972662
2026-02-24 09:10:00,115,2.6397749999999998,-2.579166666666667,2.4566713348530205
2026-02-24 10:10:00,115,3.6017666666666663,-2.3000000000000003,2.2999029971738496
2026-02-24 11:10:00,115,2.186625,-2.5216666666666665,2.4856404214775454
2026-02-24 12:10:00,115,4.1453500000000005,-1.1725,2.265823073422827
2026-02-24 13:10:00,115,2.444933333333333,-1.4991666666666668,2.423278996258826
2026-02-24 14:10:00,115,2.5811333333333333,-2.033333333333333,2.5082348499546807
2026-02-24 15:10:00,115,4.4162583333333325,-3.1075,3.256192119568799
2026-02-24 16:10:00,115,3.419083333333333,-4.260833333333334,3.095135322376509
2026-02-24 17:10:00,115,4.210333333333333,-5.6575,4.245578770997431
2026-02-24 18:10:00,115,4.070566666666667,-7.148333333333333,3.402189715308978
2026-02-24 19:10:00,115,2.3103499999999997,-8.393333333333333,3.811874586164699
2026-02-24 20:10:00,115,5.878549999999999,-9.490833333333333,4.619103629301897
2026-02-24 21:10:00,115,5.970433333333333,-10.430833333333334,4.971859914212715
2026-02-24 22:10:00,115,6.056508333333333,-11.375,4.649617747639874
2026-02-24 23:10:00,115,5.103291666666666,-11.725833333333332,4.958234343906396
2026-02-25 00:10:00,116,5.8069749999999996,-12.849166666666667,5.633178151152729
2026-02-25 01:10:00,116,6.675566666666666,-14.16666666666667,4.717158920690086
2026-02-25 02:10:00,116,4.010716666666667,-14.906666666666666,4.788048163819017
2026-02-25 03:10:00,116,4.681274999999999,-15.055000000000001,5.117633146515005
2026-02-25 04:10:00,116,6.4791,-16.213333333333335,5.590216991310138
2026-02-25 05:10:00,116,4.789516666666667,-16.828333333333333,5.455560322280857
2026-02-25 06:10:00,116,6.508716666666667,-15.675833333333332,5.778293617894432
2026-02-25 07:10:00,116,5.201491666666667,-13.389166666666668,5.405794292317156
2026-02-25 08:10:00,116,7.16495,-11.38,5.4523990090177765
2026-02-25 09:10:00,116,6.1786166666666675,-10.231666666666667,4.618955834705445
2026-02-25 10:10:00,116,3.817866666666666,-9.5925,3.3516354620232898
2026-02-25 11:10:00,116,4.573716666666666,-8.7075,4.497298937763302
2026-02-25 12:10:00,116,4.801525,-6.8425,4.029427698200328
2026-02-25 13:10:00,116,3.8683916666666662,-5.269166666666667,4.380664931515156
2026-02-25 14:10:00,116,3.6267333333333327,-4.865833333333334,3.7093556283880917
2026-02-25 15:10:00,116,4.211158333333333,-4.88,4.137602636886105
2026-02-25 16:10:00,116,3.504341666666667,-5.1625000000000005,4.285064921420403
2026-02-25 17:10:00,116,5.568091666666667,-5.411666666666666,4.0888734696587345
2026-02-25 18:10:00,116,3.085008333333333,-5.420833333333333,3.785049654987827
2026-02-25 19:10:00,116,2.9318666666666666,-5.39,3.798828398992497
2026-02-25 20:10:00,116,3.8138916666666662,-5.39,3.6758650236610064
2026-02-25 21:10:00,116,2.4603916666666668,-5.524166666666666,3.6181668393866673
2026-02-25 22:10:00,116,4.019916666666667,-6.885833333333334,3.9651230659155665
2026-02-25 23:10:00,116,3.7977999999999996,-7.801666666666667,4.389518889964212
2026-02-26 00:10:00,117,5.52055,-8.088333333333333,5.058129625927986
2026-02-26 01:10:00,117,4.586516666666666,-7.736666666666667,5.146959724474464
2026-02-26 02:10:00,117,4.532775,-8.020000000000001,4.493718823074174
2026-02-26 03:10:00,117,5.492333333333333,-6.881666666666667,4.690630466078021
2026-02-26 04:10:00,117,3.9075999999999995,-6.921666666666667,4.863045482247244
2026-02-26 05:10:00,117,4.2753,-6.550833333333333,4.147696163360242
2026-02-26 06:10:00,117,5.115075,-6.134166666666666,4.415078901550555
2026-02-26 07:10:00,117,4.154083333333333,-5.041666666666667,4.039654512992579
2026-02-26 08:10:00,117,2.7996666666666665,-1.0183333333333333,3.3332025990845855
2026-02-26 09:10:00,117,3.6030583333333337,0.5966666666666667,2.379589269031354
2026-02-26 10:10:00,117,1.5553,2.355,2.100763507932764
2026-02-26 11:10:00,117,1.1765416666666666,2.879166666666667,0.7380737743716133
2026-02-26 12:10:00,117,1.8692999999999997,2.2775,1.4150461457026184
2026-02-26 13:10:00,117,0.9868999999999999,1.9991666666666663,1.1391454277801554
2026-02-26 14:10:00,117,0.977125,1.4083333333333332,1.6934675563949417
2026-02-26 15:10:00,117,2.348225,-0.09333333333333334,2.3877147809875128
2026-02-26 16:10:00,117,1.928783333333333,-1.055,2.9316864049284157
2026-02-26 17:10:00,117,4.5134,-2.7224999999999997,3.5358313739599847
2026-02-26 18:10:00,117,2.5157333333333334,-3.8425,2.762974417701515
2026-02-26 19:10:00,117,3.8204166666666666,-5.013333333333333,4.11252462336113
2026-02-26 20:10:00,117,3.8714666666666666,-6.528333333333333,3.8787628272750285
2026-02-26 21:10:00,117,4.945341666666667,-8.487499999999999,4.220572804401421
2026-02-26 22:10:00,117,4.5028749999999995,-8.778333333333334,3.86935753852264
2026-02-26 23:10:00,117,3.337008333333333,-8.08,3.871319399172378
2026-02-27 00:10:00,118,4.586941666666666,-9.230833333333333,4.6137483105075905
2026-02-27 01:10:00,118,5.473491666666667,-10.194166666666666,4.782633011829413
2026-02-27 02:10:00,118,3.2791250000000005,-10.828333333333333,3.9862061675218294
2026-02-27 03:10:00,118,5.023499999999999,-11.068333333333333,4.769871496961191
2026-02-27 04:10:00,118,5.5509,-11.397499999999999,4.893339451602073
2026-02-27 05:10:00,118,4.298916666666667,-12.134166666666667,4.556917023905907
2026-02-27 06:10:00,118,5.606625,-12.411666666666667,5.306325275850513
2026-02-27 07:10:00,118,5.514658333333334,-8.254166666666666,4.70792067783978
2026-02-27 08:10:00,118,3.870933333333333,-6.634166666666666,3.5388087762476546
2026-02-27 09:10:00,118,4.919949999999999,-5.5275,3.5882501686839516
2026-02-27 10:10:00,118,2.3813833333333334,-3.7691666666666666,2.631165382905894
2026-02-27 11:10:00,118,2.131866666666667,-1.8049999999999997,2.3268781802650267
2026-02-27 12:10:00,118,1.4566916666666665,-0.4716666666666667,2.5425466538216224
2026-02-27 13:10:00,118,1.6997083333333334,0.14916666666666667,1.7271598689837366
2026-02-27 14:10:00,118,2.818183333333333,0.009166666666666675,3.1934741027196663
2026-02-27 15:10:00,118,2.048775,-1.1258333333333332,4.117544074647492
2026-02-27 16:10:00,118,3.801166666666666,-1.7916666666666667,3.651244615556151
2026-02-27 17:10:00,118,4.009483333333334,-3.500833333333333,3.152040338019635
2026-02-27 18:10:00,118,2.6868916666666665,-4.685,1.9697073639244462
2026-02-27 19:10:00,118,3.5891249999999997,-5.199166666666667,2.281810944922606
2026-02-27 20:10:00,118,2.521258333333333,-6.513333333333333,2.4207998764960257
2026-02-27 21:10:00,118,2.5609749999999996,-6.415833333333334,2.641139261838498
2026-02-27 22:10:00,118,4.618266666666667,-7.5275,3.7743569429786996
2026-02-27 23:10:00,118,5.220066666666667,-9.6575,4.122358275485124
2026-02-28 00:10:00,119,4.29945,-10.968333333333334,3.8158778410820737
2026-02-28 01:10:00,119,5.306091666666667,-12.278333333333334,4.917290119078572
2026-02-28 02:10:00,119,5.438749999999999,-12.805,4.0900753083064725
2026-02-28 03:10:00,119,4.544016666666666,-12.0875,4.2105269269682815
2026-02-28 04:10:00,119,5.867683333333334,-9.7575,4.181755410518088
2026-02-28 05:10:00,119,3.616575,-7.403333333333333,3.5164782392974274
2026-02-28 06:10:00,119,4.790366666666666,-4.449166666666667,3.8373578379329154
2026-02-28 07:10:00,119,3.3334833333333327,-3.0124999999999997,3.253987946862984
2026-02-28 08:10:00,119,3.7525333333333335,-1.5133333333333336,3.347620904145084
2026-02-28 09:10:00,119,3.9234916666666666,1.3949999999999998,2.5017434792521827
2026-02-28 10:10:00,119,2.391883333333333,3.7875,1.6718393039071717
2026-02-28 11:10:00,119,3.0108083333333338,6.203333333333333,1.3335876091382912
2026-02-28 12:10:00,119,1.6967249999999996,7.178333333333334,0.4815791545816899
2026-02-28 13:10:00,119,1.0232666666666668,7.801666666666667,0.0
2026-02-28 14:10:00,119,3.0233999999999996,4.749166666666667,1.0992619655895526
2026-02-28 15:10:00,119,2.337125,4.291666666666667,1.5987387418589982
2026-02-28 16:10:00,119,1.5218999999999998,4.800833333333333,0.8211137665686948
2026-02-28 17:10:00,119,2.745833333333333,3.57,1.310203591801411
2026-02-28 18:10:00,119,2.447183333333333,1.7625,1.6068032700440185
2026-02-28 19:10:00,119,1.2620583333333333,1.2541666666666667,1.1362230690380006
2026-02-28 20:10:00,119,2.1349249999999995,1.0933333333333335,2.1412435748289393
2026-02-28 21:10:00,119,2.507525,0.3241666666666667,1.5359152712375135
2026-02-28 22:10:00,119,4.188375,-0.385,2.697016192558052
