t,pred,actual,T_o,day
2025-11-12 00:00:00,2.2607512868197275,3.2982916666666666,-2.4708333333333337,11
2025-11-12 01:00:00,2.2607512868197275,3.3517833333333327,-2.3558333333333334,11
2025-11-12 02:00:00,2.2607512868197275,3.859058333333333,-1.6491666666666667,11
2025-11-12 03:00:00,2.2607512868197275,2.73145,-1.3283333333333334,11
2025-11-12 04:00:00,2.2607512868197275,4.554366666666667,-0.9774999999999999,11
2025-11-12 05:00:00,2.2607512868197275,2.138316666666667,-0.5925,11
2025-11-12 06:00:00,2.2607512868197275,2.684583333333333,-0.25833333333333336,11
2025-11-12 07:00:00,2.2607512868197275,4.5991,0.00416666666666667,11
2025-11-12 08:00:00,2.2607512868197275,1.7989416666666669,0.5825,11
2025-11-12 09:00:00,2.2607512868197275,3.3118416666666666,1.5575000000000003,11
2025-11-12 10:00:00,2.2607512868197275,0.21005833333333332,2.6199999999999997,11
2025-11-12 11:00:00,2.072355346251417,2.84455,4.3125,11
2025-11-12 12:00:00,1.1303756434098637,1.7042833333333334,5.283333333333333,11
2025-11-12 13:00:00,1.1303756434098637,0.0,5.273333333333333,11
2025-11-12 14:00:00,1.1303756434098637,1.611225,3.8433333333333337,11
2025-11-12 15:00:00,1.507167524546485,2.1713916666666666,2.8891666666666667,11
2025-11-12 16:00:00,1.8839594056831064,1.9070916666666664,1.75,11
2025-11-12 17:00:00,2.2607512868197275,1.0436166666666666,0.4808333333333333,11
2025-11-12 18:00:00,2.2607512868197275,2.8365249999999995,-0.1575,11
2025-11-12 19:00:00,2.2607512868197275,1.9808,-0.8983333333333333,11
2025-11-12 20:00:00,2.2607512868197275,2.4418666666666664,-0.9900000000000001,11
2025-11-12 21:00:00,2.2607512868197275,3.0444999999999998,-0.8291666666666667,11
2025-11-12 22:00:00,2.2607512868197275,1.4244833333333333,-0.935,11
2025-11-13 00:00:00,2.3351968505921596,3.3249999999999997,-0.8208333333333333,12
2025-11-13 01:00:00,2.3351968505921596,1.2522749999999998,-0.8616666666666668,12
2025-11-13 02:00:00,2.3351968505921596,2.415008333333333,-0.8441666666666666,12
2025-11-13 03:00:00,2.3351968505921596,2.1302666666666665,-0.73,12
2025-11-13 04:00:00,2.3351968505921596,3.761758333333333,-0.6791666666666666,12
2025-11-13 05:00:00,2.3351968505921596,1.4239333333333333,-0.725,12
2025-11-13 06:00:00,2.3351968505921596,2.6620833333333334,-0.6608333333333335,12
2025-11-13 07:00:00,2.3351968505921596,3.2836166666666666,-0.3891666666666666,12
2025-11-13 08:00:00,2.3351968505921596,1.4564416666666666,0.3558333333333333,12
2025-11-13 09:00:00,2.3351968505921596,2.183125,0.8666666666666667,12
2025-11-13 10:00:00,2.3351968505921596,2.4779666666666667,1.2183333333333333,12
2025-11-13 11:00:00,2.3351968505921596,1.3543916666666664,1.5708333333333335,12
2025-11-13 12:00:00,2.3351968505921596,2.2706083333333336,1.9525,12
2025-11-13 13:00:00,2.3351968505921596,2.304091666666667,2.750833333333334,12
2025-11-13 14:00:00,2.3351968505921596,2.080475,2.7866666666666666,12
2025-11-13 15:00:00,2.3351968505921596,1.2498666666666667,2.24,12
2025-11-13 16:00:00,2.3351968505921596,2.351958333333333,1.3383333333333336,12
2025-11-13 17:00:00,2.3351968505921596,2.043083333333333,0.5833333333333334,12
2025-11-13 18:00:00,2.3351968505921596,2.9643583333333337,0.6425000000000001,12
2025-11-13 19:00:00,2.3351968505921596,1.373475,0.4949999999999999,12
2025-11-13 20:00:00,2.3351968505921596,1.6938833333333332,0.16666666666666666,12
2025-11-13 21:00:00,2.3351968505921596,2.1780333333333335,-0.04083333333333333,12
2025-11-13 22:00:00,2.3351968505921596,3.056025,0.01,12
2025-11-14 00:00:00,2.245729664419312,1.3521083333333332,-1.695,13
2025-11-14 01:00:00,2.245729664419312,2.807691666666667,-2.019166666666667,13
2025-11-14 02:00:00,2.245729664419312,3.1464916666666665,-2.5141666666666667,13
2025-11-14 03:00:00,2.245729664419312,2.8201083333333337,-3.1383333333333336,13
2025-11-14 04:00:00,2.245729664419312,2.300683333333333,-3.699166666666667,13
2025-11-14 05:00:00,2.245729664419312,2.64095,-4.05,13
2025-11-14 06:00:00,2.245729664419312,3.3395083333333333,-4.251666666666668,13
2025-11-14 07:00:00,2.245729664419312,2.6407916666666664,-2.6941666666666664,13
2025-11-14 08:00:00,2.245729664419312,2.7280499999999996,-0.3658333333333334,13
2025-11-14 09:00:00,2.245729664419312,2.3409,0.5983333333333334,13
2025-11-14 10:00:00,2.0585855257177026,1.3367083333333334,1.5216666666666665,13
2025-11-14 11:00:00,2.245729664419312,2.8174749999999995,1.4708333333333334,13
2025-11-14 12:00:00,2.0585855257177026,1.41105,2.68,13
2025-11-14 13:00:00,2.0585855257177026,2.5320666666666667,2.5058333333333334,13
2025-11-14 14:00:00,2.245729664419312,0.5633166666666666,2.0224999999999995,13
2025-11-14 15:00:00,2.245729664419312,2.9077583333333332,0.7266666666666666,13
2025-11-14 16:00:00,2.245729664419312,2.3657749999999997,-0.7824999999999999,13
2025-11-14 17:00:00,2.245729664419312,2.141625,-1.416666666666667,13
2025-11-14 18:00:00,2.245729664419312,2.851866666666666,-1.278333333333333,13
2025-11-14 19:00:00,2.245729664419312,1.251725,-0.7908333333333332,13
2025-11-14 20:00:00,2.245729664419312,2.2112333333333334,-0.5783333333333334,13
2025-11-14 21:00:00,2.245729664419312,3.4643333333333333,-0.6566666666666666,13
2025-11-14 22:00:00,2.245729664419312,1.4898500000000001,-0.7266666666666667,13
2025-11-15 00:00:00,2.2851552828551953,2.4482416666666666,-1.7774999999999999,14
2025-11-15 01:00:00,2.2851552828551953,2.9400833333333334,-2.3708333333333336,14
2025-11-15 02:00:00,2.2851552828551953,2.255441666666667,-3.060833333333333,14
2025-11-15 03:00:00,2.2851552828551953,2.6656500000000003,-2.7091666666666665,14
2025-11-15 04:00:00,2.2851552828551953,3.457841666666667,-2.9116666666666666,14
2025-11-15 05:00:00,2.2851552828551953,2.2415166666666666,-3.5466666666666664,14
2025-11-15 06:00:00,2.2851552828551953,3.4800416666666667,-2.9258333333333333,14
2025-11-15 07:00:00,2.2851552828551953,3.231633333333333,-1.6624999999999999,14
2025-11-15 08:00:00,2.2851552828551953,1.6159166666666667,-0.4766666666666666,14
2025-11-15 09:00:00,2.2851552828551953,2.977583333333333,0.35666666666666663,14
2025-11-15 10:00:00,2.2851552828551953,0.0,1.3775000000000002,14
2025-11-15 11:00:00,2.2851552828551953,1.5442666666666667,2.1116666666666664,14
2025-11-15 12:00:00,2.2851552828551953,1.4403666666666664,2.598333333333333,14
2025-11-15 13:00:00,2.2851552828551953,0.0,1.9599999999999997,14
2025-11-15 14:00:00,2.2851552828551953,1.298325,1.1533333333333333,14
2025-11-15 15:00:00,2.2851552828551953,3.0101083333333336,-0.03666666666666666,14
2025-11-15 16:00:00,2.2851552828551953,1.7866749999999998,-1.4858333333333331,14
2025-11-15 17:00:00,2.2851552828551953,2.545325,-1.8,14
2025-11-15 18:00:00,2.2851552828551953,3.8171083333333335,-2.1208333333333336,14
2025-11-15 19:00:00,2.2851552828551953,1.7054083333333334,-2.6208333333333336,14
2025-11-15 20:00:00,2.2851552828551953,3.3295,-3.4299999999999997,14
2025-11-15 21:00:00,2.2851552828551953,3.104516666666666,-4.134166666666666,14
2025-11-15 22:00:00,2.2851552828551953,2.4252583333333333,-5.235833333333333,14
2025-11-16 00:00:00,2.289826090375819,2.5466249999999997,-6.745833333333333,15
2025-11-16 01:00:00,2.289826090375819,2.982758333333333,-5.906666666666666,15
2025-11-16 02:00:00,2.289826090375819,2.994933333333333,-5.37,15
2025-11-16 03:00:00,2.289826090375819,3.05625,-4.5225,15
2025-11-16 04:00:00,2.289826090375819,2.9479666666666664,-4.179166666666666,15
2025-11-16 05:00:00,2.289826090375819,3.56745,-4.069166666666667,15
2025-11-16 06:00:00,2.289826090375819,2.332058333333333,-3.9625,15
2025-11-16 07:00:00,2.289826090375819,3.5166833333333334,-3.703333333333333,15
2025-11-16 08:00:00,2.289826090375819,3.1039749999999997,-3.1016666666666666,15
2025-11-16 09:00:00,2.289826090375819,2.1035,-2.11,15
2025-11-16 10:00:00,2.289826090375819,2.6603333333333334,-1.3141666666666667,15
2025-11-16 11:00:00,2.289826090375819,2.708225,-0.5641666666666667,15
2025-11-16 12:00:00,2.289826090375819,2.7173583333333333,-0.010000000000000009,15
2025-11-16 13:00:00,2.289826090375819,5.2167666666666666,0.5108333333333334,15
2025-11-16 14:00:00,2.289826090375819,1.5456083333333333,0.43583333333333346,15
2025-11-16 15:00:00,2.289826090375819,2.827716666666666,0.11,15
2025-11-16 16:00:00,2.289826090375819,2.487258333333333,-0.055,15
2025-11-16 17:00:00,2.289826090375819,3.8250666666666664,-0.3983333333333334,15
2025-11-16 18:00:00,2.289826090375819,2.40805,-1.2925,15
2025-11-16 19:00:00,2.289826090375819,2.1589833333333335,-1.8808333333333331,15
2025-11-16 20:00:00,2.289826090375819,3.1467166666666664,-2.2275000000000005,15
2025-11-16 21:00:00,2.289826090375819,2.0315833333333333,-2.398333333333334,15
2025-11-16 22:00:00,2.289826090375819,3.4978416666666665,-2.5,15
2025-11-17 00:00:00,2.6252638936897426,1.7699249999999997,-2.6749999999999994,16
2025-11-17 01:00:00,2.6252638936897426,3.342425,-2.9175,16
2025-11-17 02:00:00,2.6252638936897426,3.0833416666666666,-3.2316666666666674,16
2025-11-17 03:00:00,2.6252638936897426,2.38855,-3.2883333333333327,16
2025-11-17 04:00:00,2.6252638936897426,3.7761750000000003,-3.283333333333333,16
2025-11-17 05:00:00,2.6252638936897426,3.473058333333333,-3.1750000000000003,16
2025-11-17 06:00:00,2.6252638936897426,3.144183333333333,-3.0141666666666667,16
2025-11-17 07:00:00,2.6252638936897426,3.2487833333333334,-2.5141666666666667,16
2025-11-17 08:00:00,2.6252638936897426,3.8836583333333325,-1.9541666666666668,16
2025-11-17 09:00:00,2.6252638936897426,2.821933333333333,-1.0516666666666665,16
2025-11-17 10:00:00,2.6252638936897426,2.736983333333333,-0.19000000000000003,16
2025-11-17 11:00:00,2.6252638936897426,2.7252750000000003,0.22666666666666668,16
2025-11-17 12:00:00,2.6252638936897426,2.297833333333333,0.44333333333333336,16
2025-11-17 13:00:00,2.6252638936897426,2.564975,0.45250000000000007,16
2025-11-17 14:00:00,2.6252638936897426,2.334891666666666,0.3008333333333333,16
2025-11-17 15:00:00,2.6252638936897426,3.752016666666666,-0.25000000000000006,16
2025-11-17 16:00:00,2.6252638936897426,2.8754333333333335,-0.2833333333333334,16
2025-11-17 17:00:00,2.6252638936897426,2.6767916666666665,-0.41583333333333333,16
2025-11-17 18:00:00,2.6252638936897426,2.6895249999999997,-0.37500000000000006,16
2025-11-17 19:00:00,2.6252638936897426,1.8167,-0.3191666666666667,16
2025-11-17 20:00:00,2.6252638936897426,2.5665166666666663,-0.43583333333333335,16
2025-11-17 21:00:00,2.6252638936897426,3.440425,-0.6258333333333334,16
2025-11-17 22:00:00,2.6252638936897426,2.4160083333333335,-0.7275,16
2025-11-18 00:00:00,3.145700937351372,3.061616666666666,-0.8816666666666665,17
2025-11-18 01:00:00,3.145700937351372,2.860958333333333,-1.055,17
2025-11-18 02:00:00,3.145700937351372,2.8151,-0.9941666666666666,17
2025-11-18 03:00:00,3.145700937351372,2.6677583333333335,-0.8408333333333333,17
2025-11-18 04:00:00,3.145700937351372,2.9102249999999996,-0.8291666666666666,17
2025-11-18 05:00:00,3.145700937351372,2.9947,-1.1849999999999998,17
2025-11-18 06:00:00,3.145700937351372,2.8090083333333338,-0.9158333333333332,17
2025-11-18 07:00:00,3.145700937351372,2.340875,-0.7208333333333333,17
2025-11-18 08:00:00,2.8835591925720907,3.6488666666666667,0.4625000000000001,17
2025-11-18 09:00:00,2.6214174477928096,1.80445,0.6616666666666665,17
2025-11-18 10:00:00,2.0971339582342474,1.4774666666666665,2.555833333333333,17
2025-11-18 11:00:00,1.8349922134549663,1.4867833333333333,2.7675,17
2025-11-18 12:00:00,1.8349922134549663,1.5645916666666666,2.7591666666666668,17
2025-11-18 13:00:00,2.0971339582342474,0.0,1.67,17
2025-11-18 14:00:00,2.0971339582342474,3.19405,0.9808333333333334,17
2025-11-18 15:00:00,2.0971339582342474,1.3175,0.4908333333333334,17
2025-11-18 16:00:00,2.3592757030135285,2.302583333333333,0.29999999999999993,17
2025-11-18 17:00:00,2.0971339582342474,2.514275,0.20833333333333334,17
2025-11-18 18:00:00,2.0971339582342474,3.3028249999999995,0.22583333333333333,17
2025-11-18 19:00:00,2.3592757030135285,2.9990500000000004,0.31416666666666676,17
2025-11-18 20:00:00,2.3592757030135285,1.944308333333333,0.41666666666666674,17
2025-11-18 21:00:00,2.6214174477928096,2.6906166666666667,0.061666666666666675,17
2025-11-18 22:00:00,2.6214174477928096,2.766316666666666,-0.05083333333333332,17
2025-11-21 00:00:00,3.0633577903319993,2.5582,-5.023333333333333,20
2025-11-21 01:00:00,3.0633577903319993,2.772491666666667,-5.0183333333333335,20
2025-11-21 02:00:00,3.0633577903319993,3.292133333333333,-5.491666666666667,20
2025-11-21 03:00:00,3.0633577903319993,3.2430333333333334,-6.2225,20
2025-11-21 04:00:00,3.0633577903319993,3.2245583333333334,-6.887499999999999,20
2025-11-21 05:00:00,3.0633577903319993,3.9281749999999995,-7.197500000000001,20
2025-11-21 06:00:00,3.0633577903319993,1.6028333333333333,-6.256666666666667,20
2025-11-21 07:00:00,3.0633577903319993,2.885025,-5.411666666666666,20
2025-11-21 08:00:00,3.0633577903319993,2.4128833333333333,-3.0925,20
2025-11-21 09:00:00,3.0633577903319993,3.3483583333333327,-0.5233333333333333,20
2025-11-21 10:00:00,3.0633577903319993,2.564308333333333,1.0283333333333333,20
2025-11-21 11:00:00,2.5527981586099995,2.2005166666666662,1.9574999999999998,20
2025-11-21 12:00:00,2.5527981586099995,1.5462333333333336,2.161666666666667,20
2025-11-21 13:00:00,2.5527981586099995,3.010883333333333,2.3233333333333337,20
2025-11-21 14:00:00,2.2975183427489996,1.4916749999999999,1.7874999999999999,20
2025-11-21 15:00:00,2.5527981586099995,2.6699916666666668,1.1766666666666665,20
2025-11-21 16:00:00,2.5527981586099995,1.0027083333333333,0.4666666666666666,20
2025-11-21 17:00:00,2.5527981586099995,3.0825,0.23500000000000007,20
2025-11-21 18:00:00,2.5527981586099995,1.5287416666666667,0.18583333333333332,20
2025-11-21 19:00:00,2.5527981586099995,2.9713083333333334,0.2175,20
2025-11-21 20:00:00,2.5527981586099995,1.4998916666666666,0.7391666666666666,20
2025-11-21 21:00:00,2.5527981586099995,1.5217,0.9266666666666667,20
2025-11-21 22:00:00,2.5527981586099995,3.3526750000000005,0.3058333333333333,20
2025-11-26 00:00:00,2.3849955974454033,2.3153666666666664,-0.2700000000000001,25
2025-11-26 01:00:00,2.3849955974454033,2.2167499999999998,-0.035833333333333335,25
2025-11-26 02:00:00,2.3849955974454033,2.280333333333333,0.23083333333333336,25
2025-11-26 03:00:00,2.3849955974454033,2.0273250000000003,0.3983333333333334,25
2025-11-26 04:00:00,2.3849955974454033,1.9307083333333332,0.7033333333333335,25
2025-11-26 05:00:00,2.3849955974454033,1.8907916666666666,0.7458333333333332,25
2025-11-26 06:00:00,2.3849955974454033,2.1607916666666664,0.7925,25
2025-11-26 07:00:00,2.3849955974454033,1.5397083333333332,0.9625,25
2025-11-26 08:00:00,2.3849955974454033,2.2135249999999997,1.9166666666666667,25
2025-11-26 09:00:00,2.146496037700863,2.9524166666666667,2.8108333333333335,25
2025-11-26 10:00:00,2.146496037700863,1.9922,3.7916666666666665,25
2025-11-26 11:00:00,1.9079964779563225,1.5861416666666668,4.906666666666667,25
2025-11-26 12:00:00,1.6694969182117823,1.5265333333333333,5.345833333333332,25
2025-11-26 13:00:00,1.430997358467242,1.5499249999999998,5.821666666666666,25
2025-11-26 14:00:00,1.430997358467242,1.5385499999999999,5.5325,25
2025-11-26 15:00:00,1.6694969182117823,1.5939666666666665,4.754166666666666,25
2025-11-26 16:00:00,1.6694969182117823,1.327925,4.148333333333333,25
2025-11-26 17:00:00,1.9079964779563225,1.315825,3.7600000000000002,25
2025-11-26 18:00:00,1.9079964779563225,2.313191666666667,3.579166666666667,25
2025-11-26 19:00:00,1.9079964779563225,1.79365,3.4574999999999996,25
2025-11-26 20:00:00,1.6694969182117823,1.693158333333333,3.4616666666666664,25
2025-11-26 21:00:00,1.6694969182117823,1.6982916666666665,3.400833333333333,25
2025-11-26 22:00:00,1.6694969182117823,1.6878833333333334,3.4299999999999997,25
2025-11-27 00:00:00,1.9837985959342885,2.9029000000000003,3.3575000000000004,26
2025-11-27 01:00:00,1.9837985959342885,1.49635,3.106666666666666,26
2025-11-27 02:00:00,1.7358237714425024,1.4102416666666668,2.8883333333333336,26
2025-11-27 03:00:00,1.7358237714425024,1.3145749999999998,2.954166666666667,26
2025-11-27 04:00:00,1.9837985959342885,2.369933333333333,2.8200000000000003,26
2025-11-27 05:00:00,2.2317734204260744,2.1946666666666665,1.985,26
2025-11-27 06:00:00,2.2317734204260744,1.5532416666666666,1.3291666666666668,26
2025-11-27 07:00:00,1.9837985959342885,2.4601666666666664,1.0275,26
2025-11-27 08:00:00,1.9837985959342885,1.2150083333333332,1.8475000000000001,26
2025-11-27 09:00:00,1.9837985959342885,2.2858666666666667,2.39,26
2025-11-27 10:00:00,1.4878489469507163,0.0,4.5008333333333335,26
2025-11-27 11:00:00,1.2398741224589303,0.9668916666666667,4.258333333333333,26
2025-11-27 12:00:00,1.4878489469507163,1.8648833333333332,3.9808333333333334,26
2025-11-27 13:00:00,1.4878489469507163,1.7484166666666665,4.3275,26
2025-11-27 14:00:00,1.4878489469507163,1.5784833333333332,4.230833333333333,26
2025-11-27 15:00:00,1.7358237714425024,2.430475,2.893333333333334,26
2025-11-27 16:00:00,1.7358237714425024,1.710475,2.1108333333333333,26
2025-11-27 17:00:00,1.9837985959342885,1.8817583333333332,2.144166666666667,26
2025-11-27 18:00:00,1.7358237714425024,3.4262666666666663,2.069166666666667,26
2025-11-27 19:00:00,1.9837985959342885,1.667025,1.9858333333333338,26
2025-11-27 20:00:00,1.9837985959342885,3.2952999999999997,1.3341666666666665,26
2025-11-27 21:00:00,2.2317734204260744,1.6201083333333333,0.8341666666666668,26
2025-11-27 22:00:00,1.9837985959342885,1.5966749999999998,0.3841666666666667,26
2025-11-28 00:00:00,1.9771249014872154,3.168658333333333,0.04750000000000001,27
2025-11-28 01:00:00,1.9771249014872154,1.4998833333333335,-0.31499999999999995,27
2025-11-28 02:00:00,2.2242655141731174,3.0349749999999998,-0.9533333333333335,27
2025-11-28 03:00:00,2.2242655141731174,1.4086666666666665,-1.2499999999999998,27
2025-11-28 04:00:00,2.2242655141731174,2.7888583333333328,-1.4024999999999999,27
2025-11-28 05:00:00,2.4714061268590193,2.5209249999999996,-1.7366666666666666,27
2025-11-28 06:00:00,2.4714061268590193,2.4989666666666666,-2.1583333333333328,27
2025-11-28 07:00:00,2.4714061268590193,2.1273916666666666,-1.6983333333333333,27
2025-11-28 08:00:00,2.4714061268590193,2.9906916666666663,-0.62,27
2025-11-28 09:00:00,2.2242655141731174,1.8751666666666666,0.8241666666666667,27
2025-11-28 10:00:00,1.9771249014872154,2.6162666666666667,1.7225000000000001,27
2025-11-28 11:00:00,1.7299842888013135,2.6235166666666663,2.35,27
2025-11-28 12:00:00,1.7299842888013135,2.25475,2.4858333333333333,27
2025-11-28 13:00:00,1.7299842888013135,3.226775,2.0525,27
2025-11-28 14:00:00,1.9771249014872154,2.805308333333333,-0.9808333333333333,27
2025-11-28 15:00:00,2.2242655141731174,3.0689749999999996,-1.4483333333333335,27
2025-11-28 16:00:00,2.2242655141731174,2.7038249999999997,-1.9816666666666665,27
2025-11-28 17:00:00,2.4714061268590193,2.37975,-2.8625000000000003,27
2025-11-28 18:00:00,2.718546739544921,2.325833333333333,-3.4308333333333336,27
2025-11-28 19:00:00,2.718546739544921,2.7869333333333337,-3.4616666666666664,27
2025-11-28 20:00:00,2.965687352230823,2.0286416666666667,-3.2541666666666664,27
2025-11-28 21:00:00,2.965687352230823,3.2090916666666662,-3.328333333333333,27
2025-11-28 22:00:00,2.965687352230823,2.6447833333333333,-3.454166666666667,27
2025-11-29 00:00:00,2.9642175727116107,3.077691666666667,-2.2224999999999997,28
2025-11-29 01:00:00,2.9642175727116107,3.8518916666666665,-2.0125,28
2025-11-29 02:00:00,2.9642175727116107,2.884158333333333,-1.885,28
2025-11-29 03:00:00,2.9642175727116107,3.359183333333333,-1.801666666666667,28
2025-11-29 04:00:00,2.9642175727116107,3.3921666666666668,-1.8691666666666669,28
2025-11-29 05:00:00,2.9642175727116107,3.3555083333333333,-1.8566666666666667,28
2025-11-29 06:00:00,2.9642175727116107,3.2530416666666664,-2.0091666666666663,28
2025-11-29 07:00:00,2.9642175727116107,2.6476666666666664,-1.8099999999999998,28
2025-11-29 08:00:00,2.7171994416523098,2.888575,-1.505,28
2025-11-29 09:00:00,2.7171994416523098,2.7927750000000002,-0.9866666666666668,28
2025-11-29 10:00:00,2.223163179533708,2.7047416666666666,-0.20750000000000002,28
2025-11-29 11:00:00,2.223163179533708,2.7269416666666664,-0.17166666666666663,28
2025-11-29 12:00:00,1.9761450484744072,3.381275,0.21250000000000002,28
2025-11-29 13:00:00,1.9761450484744072,3.2413250000000002,-0.25,28
2025-11-29 14:00:00,2.223163179533708,2.8660249999999996,-0.38833333333333336,28
2025-11-29 15:00:00,2.223163179533708,2.3270166666666667,-0.7266666666666666,28
2025-11-29 16:00:00,2.470181310593009,3.9633499999999997,-1.343333333333333,28
2025-11-29 17:00:00,2.7171994416523098,2.9361583333333328,-1.8225000000000005,28
2025-11-29 18:00:00,2.7171994416523098,2.385483333333333,-2.415833333333333,28
2025-11-29 19:00:00,2.7171994416523098,2.8433500000000005,-3.2083333333333335,28
2025-11-29 20:00:00,2.9642175727116107,2.4468083333333333,-3.138333333333333,28
2025-11-29 21:00:00,2.9642175727116107,4.4301,-3.310833333333333,28
2025-11-29 22:00:00,2.9642175727116107,4.54655,-3.801666666666667,28
2025-11-30 00:00:00,1.0004822542115763,4.009949999999999,-5.348333333333334,29
2025-11-30 01:00:00,1.9271247151197646,4.74575,-6.273333333333333,29
2025-11-30 02:00:00,1.9271247151197646,3.802183333333333,-7.365833333333334,29
2025-11-30 03:00:00,2.594112884594149,4.848083333333334,-8.181666666666667,29
2025-11-30 04:00:00,2.2606187998569567,4.278975,-8.448333333333332,29
2025-11-30 05:00:00,2.520273091290761,3.5119083333333325,-7.638333333333333,29
2025-11-30 06:00:00,3.187261260765145,3.0477999999999996,-7.028333333333333,29
2025-11-30 07:00:00,4.187743514976722,3.883566666666667,-6.2875000000000005,29
2025-11-30 08:00:00,3.2611010540685337,3.5072083333333333,-4.584166666666667,29
2025-11-30 09:00:00,3.3349408473719215,4.237275,-2.9025,29
2025-11-30 10:00:00,2.594112884594149,5.010475,-3.2225,29
2025-11-30 11:00:00,1.3339763389487684,1.8551749999999996,-2.9633333333333334,29
2025-11-30 12:00:00,4.001929016846306,3.1847250000000003,-2.7724999999999995,29
2025-11-30 13:00:00,4.001929016846306,3.099458333333333,-2.3333333333333335,29
2025-11-30 14:00:00,3.594595138805726,2.13745,-1.8758333333333335,29
2025-11-30 15:00:00,4.187743514976723,2.989866666666667,-1.615,29
2025-11-30 16:00:00,4.261583308280111,4.0327666666666655,-1.1391666666666667,29
2025-11-30 17:00:00,3.001446762634729,2.7189749999999995,-0.2575,29
2025-11-30 18:00:00,3.001446762634729,2.6515666666666666,0.2558333333333334,29
2025-11-30 19:00:00,3.001446762634729,1.960508333333333,0.28250000000000014,29
2025-11-30 20:00:00,3.001446762634729,3.1332249999999995,0.01916666666666667,29
2025-11-30 21:00:00,2.667952677897537,2.436808333333333,0.06083333333333333,29
2025-11-30 22:00:00,3.001446762634729,3.3733083333333336,-0.009166666666666662,29
2025-12-01 00:00:00,2.3089021559265595,4.7886999999999995,-0.7916666666666666,30
2025-12-01 01:00:00,2.638745321058925,4.3153,-0.67,30
2025-12-01 02:00:00,2.9685884861912903,4.076099999999999,-0.6208333333333335,30
2025-12-01 03:00:00,2.9685884861912903,4.64165,-0.3291666666666667,30
2025-12-01 04:00:00,2.9685884861912903,2.837008333333333,-0.6583333333333333,30
2025-12-01 05:00:00,3.6282748164560212,2.6863833333333336,-0.48166666666666674,30
2025-12-01 06:00:00,3.6282748164560212,3.801008333333333,-0.42583333333333334,30
2025-12-01 07:00:00,2.638745321058925,2.3594583333333334,-0.12499999999999999,30
2025-12-01 08:00:00,2.9685884861912903,2.225241666666667,0.15250000000000002,30
2025-12-01 09:00:00,3.298431651323656,2.4372000000000003,0.2358333333333333,30
2025-12-01 10:00:00,2.3089021559265595,2.336308333333333,0.01666666666666666,30
2025-12-01 11:00:00,2.3089021559265595,2.2561166666666668,-0.8733333333333332,30
2025-12-01 12:00:00,2.3089021559265595,3.2467583333333336,-1.5041666666666664,30
2025-12-01 13:00:00,2.638745321058925,3.0438999999999994,-2.5041666666666664,30
2025-12-01 14:00:00,2.9685884861912903,3.076733333333333,-3.4583333333333335,30
2025-12-01 15:00:00,3.298431651323656,3.4376,-4.7683333333333335,30
2025-12-01 16:00:00,2.638745321058925,1.3084083333333334,-5.930000000000001,30
2025-12-01 17:00:00,3.53140183687198,1.2761666666666667,-6.589166666666667,30
2025-12-01 18:00:00,3.997342207968628,5.681783333333333,-7.43,30
2025-12-01 19:00:00,2.638745321058925,2.8459083333333335,-7.8,30
2025-12-01 20:00:00,3.6282748164560212,4.709608333333334,-8.19,30
2025-12-01 21:00:00,2.9685884861912903,4.946841666666667,-8.6525,30
2025-12-01 22:00:00,2.8717155066072486,4.862008333333333,-9.346666666666666,30
2025-12-02 00:00:00,3.6142517198760213,5.983583333333333,-11.29,31
2025-12-02 01:00:00,3.2850039197318175,4.330691666666667,-11.6725,31
2025-12-02 02:00:00,3.943499520020225,4.2458833333333335,-11.37,31
2025-12-02 03:00:00,4.104386379237218,5.218491666666667,-10.959166666666668,31
2025-12-02 04:00:00,4.1043863792372175,5.069783333333333,-10.44,31
2025-12-02 05:00:00,3.453364860659029,4.918616666666667,-10.139166666666666,31
2025-12-02 06:00:00,3.453364860659029,4.031133333333333,-9.5925,31
2025-12-02 07:00:00,4.104386379237218,5.096133333333333,-8.884166666666667,31
2025-12-02 08:00:00,3.6217258015862406,5.555441666666667,-8.375833333333334,31
2025-12-02 09:00:00,3.2924780014420367,4.468908333333332,-8.147499999999999,31
2025-12-02 10:00:00,3.6217258015862406,4.665525,-7.75,31
2025-12-02 11:00:00,3.6217258015862406,5.06245,-7.180833333333333,31
2025-12-02 12:00:00,3.2924780014420367,4.936175,-7.115833333333334,31
2025-12-02 13:00:00,3.2924780014420367,3.7529999999999997,-6.935,31
2025-12-02 14:00:00,3.9509736017304444,4.6226,-6.543333333333334,31
2025-12-02 15:00:00,3.6217258015862406,2.769458333333333,-6.512499999999999,31
2025-12-02 16:00:00,3.9509736017304444,2.3454083333333333,-6.3758333333333335,31
2025-12-02 17:00:00,3.6217258015862406,2.380125,-6.2925,31
2025-12-02 18:00:00,3.6217258015862406,3.2790833333333333,-6.2175,31
2025-12-02 19:00:00,3.6217258015862406,4.254375,-6.069166666666667,31
2025-12-02 20:00:00,3.2924780014420367,4.533125,-5.954166666666667,31
2025-12-02 21:00:00,3.6217258015862406,5.853908333333333,-5.89,31
2025-12-02 22:00:00,3.2924780014420367,4.7728166666666665,-5.7316666666666665,31
2025-12-05 00:00:00,5.380989770202611,8.262208333333334,-16.939999999999998,34
2025-12-05 01:00:00,4.556351536397564,5.9571000000000005,-17.096666666666668,34
2025-12-05 02:00:00,5.062612818219516,6.874225000000001,-17.800833333333333,34
2025-12-05 03:00:00,5.7280625760330155,7.201149999999998,-17.281666666666666,34
2025-12-05 04:00:00,5.7280625760330155,5.529491666666666,-17.388333333333332,34
2025-12-05 05:00:00,6.0751353818634195,7.142116666666666,-17.259166666666673,34
2025-12-05 06:00:00,5.380989770202611,6.516883333333333,-17.175833333333333,34
2025-12-05 07:00:00,6.0751353818634195,7.708383333333332,-16.7875,34
2025-12-05 08:00:00,5.7280625760330155,6.849,-15.334166666666667,34
2025-12-05 09:00:00,5.221801294211063,5.3881499999999996,-13.1625,34
2025-12-05 10:00:00,4.772931720083729,5.490766666666667,-10.799999999999999,34
2025-12-05 11:00:00,4.4545547681006346,3.746941666666667,-9.375,34
2025-12-05 12:00:00,4.295366292109086,5.2761249999999995,-8.014166666666666,34
2025-12-05 13:00:00,4.266670438261777,5.0496583333333325,-8.6625,34
2025-12-05 14:00:00,4.960816049922585,5.555774999999999,-8.9725,34
2025-12-05 15:00:00,4.932120196075277,5.187091666666666,-9.8425,34
2025-12-05 16:00:00,5.438381477897228,6.062833333333333,-11.750833333333333,34
2025-12-05 17:00:00,5.380989770202611,6.117366666666667,-12.862499999999999,34
2025-12-05 18:00:00,6.0751353818634195,6.948041666666667,-14.605833333333335,34
2025-12-05 19:00:00,5.380989770202611,3.7458416666666663,-15.009166666666667,34
2025-12-05 20:00:00,6.0751353818634195,4.7989999999999995,-14.435,34
2025-12-05 21:00:00,6.0751353818634195,5.999733333333333,-13.870833333333332,34
2025-12-05 22:00:00,5.380989770202611,7.700241666666666,-14.17,34
2025-12-06 00:00:00,6.319766351623907,4.647358333333333,-13.464166666666669,35
2025-12-06 01:00:00,6.507296504460016,5.137983333333333,-13.049166666666666,35
2025-12-06 02:00:00,6.081603037417345,5.667574999999999,-13.018333333333336,35
2025-12-06 03:00:00,6.081603037417345,5.194333333333333,-13.361666666666665,35
2025-12-06 04:00:00,6.319766351623907,4.990566666666666,-13.4125,35
2025-12-06 05:00:00,6.081603037417345,6.587775,-13.106666666666667,35
2025-12-06 06:00:00,5.5190125789090185,4.894041666666666,-13.399999999999999,35
2025-12-06 07:00:00,6.932989971502687,6.109558333333333,-13.857500000000002,35
2025-12-06 08:00:00,5.5190125789090185,4.9687,-12.519166666666665,35
2025-12-06 09:00:00,5.5190125789090185,5.174783333333333,-10.431666666666667,35
2025-12-06 10:00:00,5.33148242607291,5.426366666666667,-8.518333333333333,35
2025-12-06 11:00:00,4.343198500521912,2.9702916666666668,-7.434166666666666,35
2025-12-06 12:00:00,4.241932177781005,1.1098333333333332,-6.235833333333335,35
2025-12-06 13:00:00,3.866871872108788,2.771433333333333,-6.255,35
2025-12-06 14:00:00,3.4411784050661174,3.439308333333333,-6.208333333333333,35
2025-12-06 15:00:00,3.4411784050661174,4.174424999999999,-6.435833333333334,35
2025-12-06 16:00:00,4.71825880619413,4.715658333333334,-6.61,35
2025-12-06 17:00:00,4.71825880619413,5.09645,-6.565,35
2025-12-06 18:00:00,3.7299748806431325,3.29745,-6.505,35
2025-12-06 19:00:00,3.6793417192726796,1.6844249999999998,-6.375,35
2025-12-06 20:00:00,5.382115587443363,4.32695,-6.273333333333333,35
2025-12-06 21:00:00,4.956422120400692,4.099008333333334,-6.239999999999999,35
2025-12-06 22:00:00,3.729974880643133,4.049383333333333,-6.445,35
2025-12-07 00:00:00,4.312577982106204,4.059325,-7.463333333333334,36
2025-12-07 01:00:00,5.420090592378782,4.816491666666667,-9.4025,36
2025-12-07 02:00:00,5.011762235959886,5.467066666666667,-10.341666666666667,36
2025-12-07 03:00:00,5.828418948797677,4.771750000000001,-9.555833333333334,36
2025-12-07 04:00:00,5.828418948797677,6.852925,-10.986666666666666,36
2025-12-07 05:00:00,4.720906338525099,3.9928166666666667,-11.292499999999999,36
2025-12-07 06:00:00,5.011762235959886,3.69555,-9.522499999999999,36
2025-12-07 07:00:00,5.129234694943993,5.4962583333333335,-9.824166666666667,36
2025-12-07 08:00:00,4.838378797509207,5.397241666666666,-8.727500000000001,36
2025-12-07 09:00:00,4.021722084671416,4.071375,-6.857500000000001,36
2025-12-07 10:00:00,3.8483386462207374,3.056941666666667,-5.3325,36
2025-12-07 11:00:00,3.440010289801843,2.2176416666666663,-5.151666666666666,36
2025-12-07 12:00:00,3.440010289801842,3.2256083333333336,-4.658333333333334,36
2025-12-07 13:00:00,3.8483386462207374,3.0585083333333336,-4.9525,36
2025-12-07 14:00:00,4.54752290007442,3.903325,-5.305,36
2025-12-07 15:00:00,4.312577982106204,4.806033333333334,-6.121666666666666,36
2025-12-07 16:00:00,3.730866187236629,2.8979583333333334,-6.952500000000001,36
2025-12-07 17:00:00,4.720906338525099,3.131083333333333,-7.434166666666666,36
2025-12-07 18:00:00,4.720906338525099,3.5652916666666665,-7.653333333333333,36
2025-12-07 19:00:00,3.730866187236629,2.5050583333333334,-7.620833333333334,36
2025-12-07 20:00:00,4.312577982106204,4.728741666666667,-7.529166666666666,36
2025-12-07 21:00:00,3.3225378308177334,2.883933333333333,-7.735833333333333,36
2025-12-07 22:00:00,3.9042496256873083,2.779275,-8.041666666666666,36
2025-12-08 00:00:00,4.040059899001677,3.9623250000000008,-8.485833333333334,37
2025-12-08 01:00:00,4.454654449209379,5.757991666666666,-8.916666666666666,37
2025-12-08 02:00:00,4.695755614989397,6.308375,-9.189166666666667,37
2025-12-08 03:00:00,4.695755614989397,4.373225000000001,-9.339166666666667,37
2025-12-08 04:00:00,5.351451330977118,5.053458333333333,-10.139166666666666,37
2025-12-08 05:00:00,5.1103501651971,5.712216666666666,-11.460833333333333,37
2025-12-08 06:00:00,4.936856780769415,4.25755,-12.591666666666667,37
2025-12-08 07:00:00,5.592552496757136,5.065741666666667,-12.856666666666667,37
2025-12-08 08:00:00,5.5249447154048035,4.338675,-12.570833333333333,37
2025-12-08 09:00:00,5.1103501651971,6.395341666666667,-11.737500000000002,37
2025-12-08 10:00:00,4.281161064781695,3.705258333333333,-10.614166666666666,37
2025-12-08 11:00:00,5.1103501651971,4.2474083333333335,-10.341666666666667,37
2025-12-08 12:00:00,3.7313509518693246,3.267933333333333,-10.227500000000001,37
2025-12-08 13:00:00,5.5249447154048035,6.948883333333332,-11.240833333333333,37
2025-12-08 14:00:00,5.76604588118482,6.559241666666667,-11.643333333333333,37
2025-12-08 15:00:00,5.351451330977119,5.372716666666666,-12.602500000000001,37
2025-12-08 16:00:00,5.351451330977118,4.850508333333333,-13.174999999999999,37
2025-12-08 17:00:00,6.662842762952559,6.891824999999999,-14.166666666666666,37
2025-12-08 18:00:00,5.5249447154048035,5.865891666666666,-14.828333333333333,37
2025-12-08 19:00:00,5.592552496757136,6.112933333333334,-14.583333333333336,37
2025-12-08 20:00:00,5.592552496757136,5.760775,-15.105833333333331,37
2025-12-08 21:00:00,6.007147046964839,6.484491666666666,-15.555000000000001,37
2025-12-08 22:00:00,6.903943928732579,4.627908333333333,-16.179999999999996,37
2025-12-09 00:00:00,6.771872361668676,6.1919,-16.6575,38
2025-12-09 01:00:00,6.659577098592118,6.917199999999999,-17.151666666666667,38
2025-12-09 02:00:00,6.771872361668676,5.233791666666667,-17.037499999999998,38
2025-12-09 03:00:00,6.864380512522584,6.729041666666666,-17.393333333333334,38
2025-12-09 04:00:00,6.771872361668676,6.5699499999999995,-16.93166666666667,38
2025-12-09 05:00:00,6.659577098592118,6.304366666666668,-16.968333333333334,38
2025-12-09 06:00:00,7.069183926453049,7.556266666666666,-16.834166666666665,38
2025-12-09 07:00:00,5.9526587059468135,5.948524999999999,-16.99083333333333,38
2025-12-09 08:00:00,6.659577098592119,6.245783333333333,-15.161666666666667,38
2025-12-09 09:00:00,5.543051878085883,5.8126999999999995,-13.060833333333335,38
2025-12-09 10:00:00,4.631330071510113,5.144033333333334,-10.749166666666667,38
2025-12-09 11:00:00,4.129215092795273,4.537508333333333,-9.375833333333334,38
2025-12-09 12:00:00,3.012689872289037,2.6948499999999997,-7.444166666666667,38
2025-12-09 13:00:00,4.631330071510113,4.460183333333333,-8.689166666666667,38
2025-12-09 14:00:00,4.743625334586669,4.7755833333333335,-9.7125,38
2025-12-09 15:00:00,4.631330071510113,4.9431666666666665,-10.885,38
2025-12-09 16:00:00,5.747855292016348,5.854633333333332,-13.149166666666666,38
2025-12-09 17:00:00,6.157462119877279,4.570675,-14.68083333333333,38
2025-12-09 18:00:00,6.659577098592118,0.0,-14.888333333333335,38
2025-12-09 19:00:00,5.860150555092906,1.9772333333333332,-14.648333333333333,38
2025-12-09 20:00:00,3.6468872263030825,5.295325,-15.573333333333332,38
2025-12-09 21:00:00,4.651117183732762,4.628341666666667,-16.115833333333335,38
2025-12-09 22:00:00,4.855920597663227,4.307875,-15.154166666666663,38
2025-12-10 00:00:00,5.030464946463524,6.077299999999999,-13.420833333333334,39
2025-12-10 01:00:00,5.0570299313347125,4.782916666666667,-12.605833333333335,39
2025-12-10 02:00:00,5.299255433952973,5.8932166666666665,-12.288333333333334,39
2025-12-10 03:00:00,5.030464946463524,5.2821083333333325,-11.954166666666666,39
2025-12-10 04:00:00,5.568045921442422,4.491683333333334,-11.63,39
2025-12-10 05:00:00,5.810271424060682,6.722375000000001,-11.551666666666668,39
2025-12-10 06:00:00,5.0570299313347125,3.852175,-12.541666666666666,39
2025-12-10 07:00:00,5.299255433952973,4.694458333333333,-13.277500000000002,39
2025-12-10 08:00:00,5.299255433952973,6.080349999999999,-11.744166666666665,39
2025-12-10 09:00:00,3.5771119307539614,3.5289916666666667,-8.985,39
2025-12-10 10:00:00,4.0881279208616705,4.545216666666666,-6.855833333333333,39
2025-12-10 11:00:00,4.061562935990482,4.3983,-5.788333333333334,39
2025-12-10 12:00:00,3.7927724485010335,3.2476166666666666,-4.9575000000000005,39
2025-12-10 13:00:00,5.3258204188241605,4.307466666666667,-4.990833333333334,39
2025-12-10 14:00:00,4.303788438608742,3.778966666666667,-5.44,39
2025-12-10 15:00:00,4.303788438608742,4.495525000000001,-5.61,39
2025-12-10 16:00:00,4.303788438608742,2.9088499999999997,-5.564166666666666,39
2025-12-10 17:00:00,4.814804428716451,1.3865583333333331,-5.25,39
2025-12-10 18:00:00,5.0570299313347125,3.941858333333333,-5.189166666666666,39
2025-12-10 19:00:00,4.303788438608742,4.077866666666667,-5.075,39
2025-12-10 20:00:00,4.303788438608742,4.350083333333334,-4.902500000000001,39
2025-12-10 21:00:00,4.034997951119294,4.872583333333333,-4.710000000000001,39
2025-12-10 22:00:00,3.0395309557750645,3.26205,-4.552499999999999,39
2025-12-11 00:00:00,3.8204731150476654,4.180591666666667,-4.550833333333333,40
2025-12-11 01:00:00,3.5619836093424735,3.9768666666666674,-4.528333333333333,40
2025-12-11 02:00:00,3.561983609342473,3.8950416666666667,-4.61,40
2025-12-11 03:00:00,3.5619836093424735,3.080741666666666,-4.564166666666666,40
2025-12-11 04:00:00,4.323234758825495,4.270125,-5.0375000000000005,40
2025-12-11 05:00:00,4.323234758825495,4.301233333333333,-6.175833333333333,40
2025-12-11 06:00:00,3.8133644312313884,4.663975,-5.892499999999999,40
2025-12-11 07:00:00,3.5619836093424726,3.3904083333333332,-5.444166666666667,40
2025-12-11 08:00:00,3.56909229315875,3.1494,-5.0225,40
2025-12-11 09:00:00,3.56909229315875,3.2379166666666666,-4.4816666666666665,40
2025-12-11 10:00:00,4.07185393693658,4.23375,-3.75,40
2025-12-11 11:00:00,3.8133644312313884,4.378725,-2.875833333333333,40
2025-12-11 12:00:00,3.059221965564643,2.877125,-3.0041666666666664,40
2025-12-11 13:00:00,3.56909229315875,2.836091666666667,-3.5174999999999996,40
2025-12-11 14:00:00,3.56909229315875,5.50385,-4.834166666666667,40
2025-12-11 15:00:00,4.323234758825495,4.190508333333334,-6.0275,40
2025-12-11 16:00:00,4.078962620752857,3.479141666666667,-7.899166666666667,40
2025-12-11 17:00:00,3.059221965564643,3.2371000000000003,-9.055,40
2025-12-11 18:00:00,4.323234758825495,4.389483333333334,-9.916666666666666,40
2025-12-11 19:00:00,4.57461558071441,4.111908333333333,-10.751666666666667,40
2025-12-11 20:00:00,5.084485908308516,4.6944,-10.765,40
2025-12-11 21:00:00,4.5817242645306875,4.44485,-10.782499999999999,40
2025-12-11 22:00:00,4.5817242645306875,4.996766666666666,-10.9625,40
2025-12-12 00:00:00,4.897643727010166,5.305516666666667,-10.7875,41
2025-12-12 01:00:00,4.363895106121764,4.57415,-10.295833333333333,41
2025-12-12 02:00:00,4.476478650267289,3.7423833333333336,-10.079166666666667,41
2025-12-12 03:00:00,5.514806792204871,4.759358333333333,-10.274166666666668,41
2025-12-12 04:00:00,5.416807797978957,5.126683333333333,-9.739166666666666,41
2025-12-12 05:00:00,4.897643727010166,3.806425,-9.227500000000001,41
2025-12-12 06:00:00,5.725389330576309,4.824166666666667,-9.074166666666667,41
2025-12-12 07:00:00,5.2062252596075185,4.506966666666667,-9.029166666666667,41
2025-12-12 08:00:00,4.687061188638728,5.399283333333333,-8.319166666666666,41
2025-12-12 09:00:00,3.6341484967815347,5.077,-7.3975,41
2025-12-12 10:00:00,4.055313573524412,4.458283333333333,-7.3475,41
2025-12-12 11:00:00,4.476478650267289,5.150833333333333,-6.943333333333334,41
2025-12-12 12:00:00,4.1533125677503255,5.0967,-6.9366666666666665,41
2025-12-12 13:00:00,4.785060182864641,5.240375,-6.476666666666667,41
2025-12-12 14:00:00,4.2658961118958505,4.581741666666666,-5.81,41
2025-12-12 15:00:00,4.1533125677503255,4.032775,-6.361666666666667,41
2025-12-12 16:00:00,4.785060182864641,5.086708333333333,-6.735833333333333,41
2025-12-12 17:00:00,3.6341484967815347,3.1726916666666667,-6.403333333333333,41
2025-12-12 18:00:00,3.6341484967815347,3.6099750000000004,-6.199166666666667,41
2025-12-12 19:00:00,2.595820354843953,3.3853416666666662,-6.125,41
2025-12-12 20:00:00,2.595820354843953,2.5393,-5.9624999999999995,41
2025-12-12 21:00:00,4.1533125677503255,6.103833333333333,-5.969166666666667,41
2025-12-12 22:00:00,4.2658961118958505,4.524258333333333,-6.091666666666668,41
2025-12-13 00:00:00,5.313023961375878,4.643258333333333,-6.740833333333334,42
2025-12-13 01:00:00,5.313023961375878,5.471425,-6.839166666666667,42
2025-12-13 02:00:00,4.792884769715599,4.58695,-7.63,42
2025-12-13 03:00:00,5.003475181860053,4.271125,-8.37,42
2025-12-13 04:00:00,5.523614373520333,5.416991666666666,-9.064166666666667,42
2025-12-13 05:00:00,4.371703945426689,5.693225,-9.3575,42
2025-12-13 06:00:00,4.161113533282234,3.2854249999999996,-10.148333333333333,42
2025-12-13 07:00:00,5.313023961375879,4.459016666666667,-10.911666666666667,42
2025-12-13 08:00:00,4.792884769715599,3.5322333333333336,-9.272499999999999,42
2025-12-13 09:00:00,4.27274557805532,4.286833333333332,-6.398333333333333,42
2025-12-13 10:00:00,3.6409743416219547,3.545633333333333,-4.7225,42
2025-12-13 11:00:00,3.6409743416219547,2.3878333333333335,-4.153333333333333,42
2025-12-13 12:00:00,3.6409743416219547,4.403975,-4.026666666666666,42
2025-12-13 13:00:00,3.5420159742505852,3.0809333333333337,-3.6441666666666666,42
2025-12-13 14:00:00,4.792884769715599,3.6935,-3.6475000000000004,42
2025-12-13 15:00:00,4.792884769715599,3.9102083333333333,-4.579166666666667,42
2025-12-13 16:00:00,4.483335990199774,4.6034999999999995,-7.1066666666666665,42
2025-12-13 17:00:00,4.483335990199774,3.5174666666666665,-8.116666666666667,42
2025-12-13 18:00:00,4.693926402344229,4.107541666666666,-8.11,42
2025-12-13 19:00:00,5.214065594004508,4.725433333333333,-9.740833333333333,42
2025-12-13 20:00:00,5.214065594004508,4.124083333333332,-11.213333333333333,42
2025-12-13 21:00:00,4.693926402344229,3.4414166666666666,-12.135833333333336,42
2025-12-13 22:00:00,5.424656006148964,4.54285,-12.64,42
2025-12-14 00:00:00,5.523224834436502,4.1637749999999984,-13.25,43
2025-12-14 01:00:00,5.2347831316969,5.157183333333333,-13.347499999999998,43
2025-12-14 02:00:00,4.692986757697057,4.445624999999999,-12.921666666666667,43
2025-12-14 03:00:00,4.9814284604366605,3.08995,-12.976666666666667,43
2025-12-14 04:00:00,6.0650212084363435,4.301875,-14.286666666666667,43
2025-12-14 05:00:00,5.523224834436502,5.420725,-15.509166666666665,43
2025-12-14 06:00:00,4.9814284604366605,4.562783333333334,-15.449166666666665,43
2025-12-14 07:00:00,6.0650212084363435,5.349550000000001,-15.1075,43
2025-12-14 08:00:00,6.0650212084363435,6.372783333333333,-14.375,43
2025-12-14 09:00:00,5.776579505696741,4.64815,-11.834166666666667,43
2025-12-14 10:00:00,5.199696100217538,4.532941666666666,-7.276666666666666,43
2025-12-14 11:00:00,4.225237172108294,4.371458333333333,-3.540833333333333,43
2025-12-14 12:00:00,3.25077824399905,3.63805,-2.955,43
2025-12-14 13:00:00,3.7925746179988913,3.4857416666666667,-3.2583333333333333,43
2025-12-14 14:00:00,4.225237172108294,2.58035,-3.5641666666666665,43
2025-12-14 15:00:00,4.225237172108294,4.0399416666666665,-4.76,43
2025-12-14 16:00:00,5.055475248847737,4.6302666666666665,-6.8425,43
2025-12-14 17:00:00,5.199696100217538,5.568641666666666,-8.6075,43
2025-12-14 18:00:00,5.343916951587339,4.986141666666666,-9.795,43
2025-12-14 19:00:00,5.343916951587339,4.590775,-10.314166666666667,43
2025-12-14 20:00:00,5.48813780295714,6.3382000000000005,-9.99,43
2025-12-14 21:00:00,5.199696100217538,5.500291666666667,-10.098333333333334,43
2025-12-14 22:00:00,5.199696100217538,5.6925,-10.656666666666666,43
2025-12-15 00:00:00,5.69107110657837,4.854958333333332,-10.699166666666668,44
2025-12-15 01:00:00,5.69107110657837,6.073708333333333,-10.990833333333333,44
2025-12-15 02:00:00,5.69107110657837,4.5168333333333335,-11.963333333333333,44
2025-12-15 03:00:00,5.691071106578369,5.904491666666666,-12.333333333333334,44
2025-12-15 04:00:00,5.137047418540881,6.196066666666667,-11.795833333333334,44
2025-12-15 05:00:00,5.691071106578369,4.290191666666667,-12.119166666666667,44
2025-12-15 06:00:00,5.691071106578369,5.515625,-12.708333333333334,44
2025-12-15 07:00:00,5.137047418540881,5.866616666666666,-13.213333333333333,44
2025-12-15 08:00:00,5.137047418540881,6.436966666666666,-11.846666666666666,44
2025-12-15 09:00:00,5.221165830417714,6.5259833333333335,-10.018333333333333,44
2025-12-15 10:00:00,4.986213192337386,5.638066666666667,-7.644166666666667,44
2025-12-15 11:00:00,4.432189504299899,3.9095416666666667,-6.754166666666666,44
2025-12-15 12:00:00,4.432189504299899,5.024208333333333,-6.359166666666667,44
2025-12-15 13:00:00,4.432189504299899,5.452949999999999,-7.435833333333334,44
2025-12-15 14:00:00,4.986213192337386,5.081908333333333,-7.8808333333333325,44
2025-12-15 15:00:00,5.221165830417714,6.570558333333334,-9.014166666666666,44
2025-12-15 16:00:00,5.69107110657837,5.497283333333334,-9.57,44
2025-12-15 17:00:00,4.986213192337386,7.1440166666666665,-9.906666666666666,44
2025-12-15 18:00:00,6.2450947946158575,6.583666666666667,-10.661666666666667,44
2025-12-15 19:00:00,5.137047418540882,4.070508333333334,-10.545833333333333,44
2025-12-15 20:00:00,4.5830237305033945,4.055166666666667,-10.499166666666666,44
2025-12-15 21:00:00,4.029000042465906,4.568108333333333,-10.439166666666667,44
2025-12-15 22:00:00,4.583023730503394,5.313899999999999,-10.5125,44
2025-12-16 00:00:00,5.126185595179381,4.652733333333334,-12.199166666666668,45
2025-12-16 01:00:00,6.164061826274626,4.445491666666666,-11.971666666666666,45
2025-12-16 02:00:00,6.651402161673827,6.320058333333333,-13.737499999999999,45
2025-12-16 03:00:00,5.369855762878981,6.681291666666667,-15.115833333333333,45
2025-12-16 04:00:00,6.132464046126204,4.8497916666666665,-16.183333333333334,45
2025-12-16 05:00:00,6.895072329373427,5.607924999999999,-16.62916666666667,45
2025-12-16 06:00:00,6.132464046126204,6.90275,-12.865833333333335,45
2025-12-16 07:00:00,5.888793878426604,4.775883333333333,-12.699166666666665,45
2025-12-16 08:00:00,6.164061826274626,4.963533333333334,-11.235833333333334,45
2025-12-16 09:00:00,4.88251542747978,5.371758333333332,-9.786666666666667,45
2025-12-16 10:00:00,4.119907144232558,3.4931666666666668,-4.956666666666666,45
2025-12-16 11:00:00,4.15150492438098,3.2124166666666665,-2.750833333333333,45
2025-12-16 12:00:00,3.6325668088333574,3.3206833333333337,-1.665,45
2025-12-16 13:00:00,4.15150492438098,3.8495749999999993,-2.1158333333333332,45
2025-12-16 14:00:00,3.6325668088333574,3.398325,-2.3049999999999997,45
2025-12-16 15:00:00,4.119907144232558,4.930991666666667,-2.440833333333333,45
2025-12-16 16:00:00,4.119907144232558,4.867908333333333,-2.9075,45
2025-12-16 17:00:00,3.6009690286849354,3.6040083333333333,-4.9125000000000005,45
2025-12-16 18:00:00,4.119907144232558,3.5484750000000003,-7.225833333333334,45
2025-12-16 19:00:00,5.676721490875425,4.736383333333333,-8.505,45
2025-12-16 20:00:00,5.157783375327803,4.529258333333333,-8.259166666666667,45
2025-12-16 21:00:00,4.63884525978018,3.5178499999999997,-7.875,45
2025-12-16 22:00:00,3.6009690286849354,3.3512249999999995,-7.205000000000001,45
2025-12-17 00:00:00,3.2480523240556387,4.578316666666666,-4.351666666666667,46
2025-12-17 01:00:00,4.176067273785821,4.5157,-4.411666666666666,46
2025-12-17 02:00:00,3.71205979892073,4.975733333333333,-4.656666666666666,46
2025-12-17 03:00:00,3.71205979892073,3.9064749999999995,-4.848333333333334,46
2025-12-17 04:00:00,3.71205979892073,5.218841666666666,-4.931666666666666,46
2025-12-17 05:00:00,3.71205979892073,4.864258333333334,-3.8699999999999997,46
2025-12-17 06:00:00,3.2480523240556387,3.0019333333333336,-3.6058333333333334,46
2025-12-17 07:00:00,3.71205979892073,4.131308333333333,-3.3524999999999996,46
2025-12-17 08:00:00,3.2480523240556387,4.0527750000000005,-2.635,46
2025-12-18 13:55:00,1.8601800789901672,2.352125,2.533333333333333,47
2025-12-18 14:55:00,1.8601800789901672,2.532475,0.44083333333333324,47
2025-12-18 15:55:00,2.790270118485251,2.6248666666666667,-2.7875,47
2025-12-18 16:55:00,2.790270118485251,3.224191666666666,-2.5933333333333333,47
2025-12-18 17:55:00,2.790270118485251,2.331975,0.9083333333333332,47
2025-12-18 18:55:00,2.790270118485251,1.4520666666666668,1.7958333333333334,47
2025-12-18 19:55:00,2.790270118485251,2.908091666666667,2.5649999999999995,47
2025-12-18 20:55:00,1.8601800789901672,2.454683333333333,2.8049999999999997,47
2025-12-18 21:55:00,1.8601800789901672,4.097166666666666,3.060833333333333,47
2025-12-18 22:55:00,2.325225098737709,2.963933333333333,3.0558333333333336,47
2025-12-19 00:00:00,3.1935054956258915,2.8979583333333334,2.7825,48
2025-12-19 01:00:00,3.1935054956258915,3.7439916666666666,2.57,48
2025-12-19 02:00:00,3.1935054956258915,3.445958333333334,3.06,48
2025-12-19 03:00:00,3.1935054956258915,3.623766666666666,2.8841666666666668,48
2025-12-19 04:00:00,2.281075354018494,2.5150916666666663,2.018333333333333,48
2025-12-19 05:00:00,2.7372904248221928,3.3472166666666663,2.3608333333333333,48
2025-12-19 06:00:00,2.7372904248221928,2.0225583333333335,4.1883333333333335,48
2025-12-19 07:00:00,2.7372904248221928,2.851891666666667,4.644166666666667,48
2025-12-19 08:00:00,2.7372904248221928,2.1734416666666667,5.81,48
2025-12-19 09:00:00,2.7372904248221928,2.479083333333333,7.62,48
2025-12-19 10:00:00,2.281075354018494,2.834933333333333,8.999166666666666,48
2025-12-19 11:00:00,2.281075354018494,1.9922833333333332,9.76,48
2025-12-19 12:00:00,2.7372904248221928,2.438125,9.933333333333332,48
2025-12-19 13:00:00,2.281075354018494,2.3948666666666667,10.667500000000002,48
2025-12-19 14:00:00,1.8248602832147953,0.9271916666666665,11.305833333333334,48
2025-12-20 18:05:00,0.8867727512173963,2.6451499999999997,-4.149166666666667,49
2025-12-20 19:05:00,1.2480811428421827,1.795425,-4.055,49
2025-12-20 20:05:00,2.4961622856843655,2.6847,-3.8983333333333334,49
2025-12-20 21:05:00,2.4961622856843655,6.560466666666667,-3.2866666666666666,49
2025-12-20 22:05:00,1.2480811428421827,4.416458333333333,-2.4175000000000004,49
2025-12-21 00:00:00,4.177802716173802,4.751483333333332,-2.1999999999999997,50
2025-12-21 01:00:00,2.9478058602225774,3.863716666666667,-2.2399999999999998,50
2025-12-21 02:00:00,3.435618008542707,3.4549916666666665,-2.1391666666666667,50
2025-12-21 03:00:00,3.6795240827027715,4.609841666666667,-2.688333333333333,50
2025-12-21 04:00:00,3.191711934382642,3.471258333333333,-2.5974999999999997,50
2025-12-21 05:00:00,3.435618008542707,3.1359416666666666,-2.2591666666666668,50
2025-12-21 06:00:00,3.6795240827027715,3.897716666666667,-1.6808333333333334,50
2025-12-21 07:00:00,3.191711934382642,2.8866583333333335,-2.0324999999999998,50
2025-12-21 08:00:00,2.9478058602225774,3.4146166666666673,-1.6166666666666665,50
2025-12-21 09:00:00,3.191711934382642,2.534116666666667,0.15666666666666668,50
2025-12-21 10:00:00,2.449527226751546,2.357725,1.1808333333333334,50
2025-12-21 11:00:00,2.1951546674405806,1.2486166666666667,1.8383333333333338,50
2025-12-21 12:00:00,2.9373393750716756,2.5470499999999996,0.6991666666666666,50
2025-12-21 13:00:00,2.9373393750716756,0.0,0.2883333333333334,50
2025-12-21 14:00:00,2.9373393750716756,0.0,-0.2783333333333333,50
2025-12-21 15:00:00,3.191711934382642,0.0,-1.1158333333333332,50
2025-12-21 16:00:00,3.191711934382642,0.0,-2.0875000000000004,50
2025-12-21 17:00:00,3.4460844936936077,0.0,-2.7091666666666665,50
2025-12-21 18:00:00,3.202178419533543,0.0,-3.3058333333333336,50
2025-12-21 19:00:00,3.202178419533543,0.0,-3.8191666666666664,50
2025-12-21 20:00:00,3.7004570530045733,0.0,-4.323333333333333,50
2025-12-21 21:00:00,3.7004570530045733,0.0,-5.0225,50
2025-12-21 22:00:00,3.4565509788445095,0.0,-6.096666666666667,50
2025-12-22 00:00:00,3.8810644871163418,0.0,-8.435833333333333,51
2025-12-22 01:00:00,3.8810644871163418,0.0,-9.036666666666667,51
2025-12-22 02:00:00,4.125093756700395,0.0,-9.206666666666665,51
2025-12-22 03:00:00,4.125093756700395,0.0,-9.264166666666666,51
2025-12-22 04:00:00,4.125093756700395,0.0,-9.485833333333334,51
2025-12-22 05:00:00,4.125093756700395,0.0,-10.0325,51
2025-12-22 06:00:00,4.125093756700395,0.0,-10.523333333333333,51
2025-12-22 07:00:00,4.125093756700395,0.0,-11.342500000000001,51
2025-12-22 08:00:00,4.125093756700395,0.0,-10.707500000000001,51
2025-12-22 09:00:00,4.125093756700395,0.0,-10.041666666666666,51
2025-12-22 10:00:00,3.0162181889528688,0.0,-8.5275,51
2025-12-22 11:00:00,2.7721889193688156,0.0,-8.139166666666666,51
2025-12-22 12:00:00,2.838568164074472,2.4471833333333333,-7.95,51
2025-12-22 13:00:00,3.9474437318219984,6.254875,-8.343333333333334,51
2025-12-22 14:00:00,4.568260760401419,6.129716666666667,-8.577499999999999,51
2025-12-22 15:00:00,5.122698544275182,6.647233333333333,-9.435,51
2025-12-22 16:00:00,4.812290029985473,4.879291666666666,-10.463333333333333,51
2025-12-22 17:00:00,5.056319299569527,4.460891666666667,-10.795,51
2025-12-22 18:00:00,5.366727813859237,4.256166666666666,-10.753333333333332,51
2025-12-22 19:00:00,5.677136328148946,5.804591666666667,-10.654166666666667,51
2025-12-22 20:00:00,5.366727813859236,6.576091666666666,-10.839166666666666,51
2025-12-22 21:00:00,6.409224136901106,8.510191666666667,-10.388333333333334,51
2025-12-22 22:00:00,5.854786353027343,6.39105,-9.990833333333333,51
2025-12-23 00:00:00,5.718540982071552,7.594875,-10.643333333333333,52
2025-12-23 01:00:00,5.718540982071552,6.378508333333333,-12.585833333333333,52
2025-12-23 02:00:00,5.718540982071552,6.938266666666666,-13.495,52
2025-12-23 03:00:00,5.889255222532366,5.2409083333333335,-14.588333333333333,52
2025-12-23 04:00:00,6.424642060944399,5.899674999999999,-15.5,52
2025-12-23 05:00:00,6.424642060944399,4.7608,-15.925833333333335,52
2025-12-23 06:00:00,6.424642060944399,4.716075,-16.249166666666664,52
2025-12-23 07:00:00,5.183154143659519,2.403775,-15.758333333333333,52
2025-12-23 08:00:00,5.353868384120334,7.0772916666666665,-13.476666666666667,52
2025-12-23 09:00:00,3.6002377454530072,4.739375,-10.93,52
2025-12-23 10:00:00,3.7941961029434106,5.07705,-9.139166666666666,52
2025-12-23 11:00:00,4.1588687008946295,4.009933333333333,-8.2075,52
2025-12-23 12:00:00,3.429523504992192,3.5793749999999998,-7.6433333333333335,52
2025-12-23 13:00:00,4.694255539306662,4.852741666666667,-7.560833333333334,52
2025-12-23 14:00:00,4.864969779767478,3.5295416666666664,-7.046666666666667,52
2025-12-23 15:00:00,4.306338824325856,3.699333333333333,-7.2683333333333335,52
2025-12-23 16:00:00,4.477053064786671,5.792949999999999,-7.476666666666667,52
2025-12-23 17:00:00,3.9416662263746374,2.039141666666667,-7.480833333333334,52
2025-12-23 18:00:00,4.306338824325856,2.6263583333333336,-7.625,52
2025-12-23 19:00:00,4.47705306478667,4.986583333333333,-8.009166666666667,52
2025-12-23 20:00:00,3.6002377454530072,3.6282083333333333,-8.199166666666667,52
2025-12-23 21:00:00,4.306338824325856,5.183391666666666,-8.329166666666666,52
2025-12-23 22:00:00,4.477053064786671,4.633183333333333,-8.908333333333333,52
2025-12-24 00:00:00,4.435841781590642,6.242241666666668,-9.908333333333333,53
2025-12-24 01:00:00,5.168413794817452,4.301633333333333,-10.299999999999999,53
2025-12-24 02:00:00,5.365449556427642,4.547075,-10.770000000000001,53
2025-12-24 03:00:00,4.900645669009141,5.278825,-10.898333333333333,53
2025-12-24 04:00:00,5.365449556427642,5.6860583333333325,-11.170833333333334,53
2025-12-24 05:00:00,5.365449556427642,4.601124999999999,-11.26,53
2025-12-24 06:00:00,5.365449556427642,5.019575,-11.28,53
2025-12-24 07:00:00,5.365449556427642,4.777749999999999,-11.292499999999999,53
2025-12-24 08:00:00,5.365449556427642,5.391933333333333,-11.098333333333334,53
2025-12-24 09:00:00,5.365449556427642,5.511291666666667,-10.528333333333334,53
2025-12-24 10:00:00,4.971378033207262,3.4455,-10.0425,53
2025-12-24 11:00:00,4.774342271597072,4.383049999999999,-9.106666666666667,53
2025-12-24 12:00:00,4.211020503373476,2.989091666666667,-8.203333333333333,53
2025-12-24 13:00:00,4.408056264983666,5.426566666666667,-7.605833333333333,53
2025-12-24 14:00:00,4.605092026593857,5.574699999999999,-7.705000000000001,53
2025-12-24 15:00:00,4.408056264983666,3.2281666666666666,-8.351666666666667,53
2025-12-24 16:00:00,4.408056264983666,5.757633333333333,-9.977500000000001,53
2025-12-24 17:00:00,5.168413794817452,3.7589166666666665,-11.592500000000001,53
2025-12-24 18:00:00,4.900645669009141,5.921933333333334,-12.907499999999999,53
2025-12-24 19:00:00,4.11250262256838,3.3337916666666665,-14.453333333333335,53
2025-12-24 20:00:00,4.605092026593856,2.4089416666666663,-15.8375,53
2025-12-24 21:00:00,4.605092026593856,4.004899999999999,-15.897499999999999,53
2025-12-24 22:00:00,4.900645669009141,5.445833333333335,-14.925000000000002,53
2025-12-25 00:00:00,4.986418644435412,6.4384,-13.34666666666667,54
2025-12-25 01:00:00,5.953342076011894,6.158341666666667,-12.629999999999997,54
2025-12-25 02:00:00,5.469880360223653,4.014724999999999,-11.129166666666665,54
2025-12-25 03:00:00,5.310062514776583,5.814766666666665,-9.606666666666667,54
2025-12-25 04:00:00,4.826600798988342,5.388008333333333,-9.289166666666667,54
2025-12-25 05:00:00,5.793524230564824,5.427725,-9.28,54
2025-12-25 06:00:00,5.310062514776583,3.369008333333333,-9.22,54
2025-12-25 07:00:00,4.986418644435413,6.096658333333333,-9.310833333333333,54
2025-12-25 08:00:00,4.666782953541272,3.961958333333333,-9.341666666666667,54
2025-12-25 09:00:00,5.310062514776583,4.950591666666666,-8.8325,54
2025-12-25 10:00:00,4.506965108094203,3.933358333333332,-8.120833333333334,54
2025-12-25 11:00:00,4.506965108094203,3.787275,-6.435833333333334,54
2025-12-25 12:00:00,4.506965108094203,3.7906833333333334,-6.305833333333333,54
2025-12-25 13:00:00,4.506965108094203,4.6106,-5.666666666666667,54
2025-12-25 14:00:00,4.347147262647133,4.094075000000001,-5.316666666666666,54
2025-12-25 15:00:00,4.506965108094203,4.404133333333333,-6.264166666666667,54
2025-12-25 16:00:00,4.666782953541273,4.28995,-7.638333333333333,54
2025-12-25 17:00:00,4.666782953541273,6.007408333333334,-8.574166666666667,54
2025-12-25 18:00:00,4.826600798988343,4.344133333333334,-9.263333333333334,54
2025-12-25 19:00:00,4.826600798988342,4.406066666666666,-10.323333333333332,54
2025-12-25 20:00:00,5.469880360223653,5.468666666666667,-11.810833333333335,54
2025-12-25 21:00:00,5.4698803602236525,6.154766666666666,-12.819166666666666,54
2025-12-25 22:00:00,5.4698803602236525,5.624533333333333,-13.954166666666666,54
2025-12-26 00:00:00,5.744611208689647,5.6884,-14.729999999999999,55
2025-12-26 01:00:00,5.869492531920147,6.456358333333333,-14.740833333333335,55
2025-12-26 02:00:00,5.744611208689646,4.140266666666666,-15.175833333333332,55
2025-12-26 03:00:00,5.869492531920148,6.005625,-15.903333333333336,55
2025-12-26 04:00:00,5.9943738551506485,6.671725,-16.459166666666665,55
2025-12-26 05:00:00,5.644699116096585,4.766858333333333,-16.546666666666667,55
2025-12-26 06:00:00,4.395885883791577,4.49005,-17.60166666666667,55
2025-12-26 07:00:00,5.1451738231745825,6.502441666666667,-18.379166666666663,55
2025-12-26 08:00:00,4.795499084120518,4.777408333333333,-16.680833333333336,55
2025-12-26 09:00:00,4.670617760890018,4.582608333333333,-14.448333333333332,55
2025-12-26 10:00:00,4.89541117671358,5.126908333333333,-13.175833333333335,55
2025-12-26 11:00:00,4.271004560561076,4.286533333333334,-12.723333333333336,55
2025-12-26 12:00:00,3.3218924359919484,3.1228416666666665,-11.0925,55
2025-12-26 13:00:00,4.895411176713581,4.072216666666667,-11.651666666666666,55
2025-12-26 14:00:00,5.270055146405083,6.726666666666667,-12.300833333333335,55
2025-12-26 15:00:00,4.895411176713581,4.691949999999999,-13.152499999999998,55
2025-12-26 16:00:00,4.670617760890018,4.419933333333333,-15.213333333333333,55
2025-12-26 17:00:00,5.869492531920148,5.272049999999999,-17.46166666666667,55
2025-12-26 18:00:00,6.244136501611651,6.119375,-18.978333333333335,55
2025-12-26 19:00:00,5.020292499944082,5.32645,-20.389166666666668,55
2025-12-26 20:00:00,5.394936469635584,4.713733333333334,-20.973333333333333,55
2025-12-26 21:00:00,6.244136501611651,5.656491666666666,-18.861666666666668,55
2025-12-26 22:00:00,6.443960686797774,7.710325000000002,-18.74833333333333,55
2025-12-27 00:00:00,6.049435134972727,5.951158333333333,-19.662499999999998,56
2025-12-27 01:00:00,6.4683116931462115,4.881366666666667,-19.884166666666665,56
2025-12-27 02:00:00,6.708610525656944,7.111,-19.81833333333333,56
2025-12-27 03:00:00,6.049435134972726,7.993258333333335,-20.374166666666667,56
2025-12-27 04:00:00,6.049435134972726,6.284616666666666,-20.643333333333334,56
2025-12-27 05:00:00,6.468311693146211,5.292816666666666,-20.518333333333334,56
2025-12-27 06:00:00,6.228012860635477,7.287266666666667,-19.458333333333332,56
2025-12-27 07:00:00,6.28973396748346,7.552591666666668,-18.416666666666664,56
2025-12-27 08:00:00,5.809136302461993,4.666833333333333,-16.480833333333333,56
2025-12-27 09:00:00,5.987714028124744,6.759733333333333,-14.245,56
2025-12-27 10:00:00,5.088239804929794,7.421391666666667,-12.180833333333334,56
2025-12-27 11:00:00,5.088239804929793,5.432666666666666,-11.219166666666666,56
2025-12-27 12:00:00,5.507116363103277,4.617024999999999,-9.800833333333333,56
2025-12-27 13:00:00,5.088239804929794,5.654083333333334,-9.791666666666666,56
2025-12-27 14:00:00,5.56883746995126,4.954433333333333,-10.1575,56
2025-12-27 15:00:00,5.987714028124745,3.910675,-10.550833333333333,56
2025-12-27 16:00:00,5.390259744288509,4.365525000000001,-12.823333333333332,56
2025-12-27 17:00:00,4.971383186115024,4.729358333333334,-14.504166666666663,56
2025-12-27 18:00:00,4.971383186115024,2.8899583333333334,-15.129166666666665,56
2025-12-27 19:00:00,5.3902597442885085,4.792175,-16.63333333333333,56
2025-12-27 20:00:00,4.792805460452273,2.6824333333333334,-17.63,56
2025-12-27 21:00:00,4.971383186115025,2.7613333333333334,-18.394166666666667,56
2025-12-27 22:00:00,4.971383186115025,5.769366666666666,-17.485833333333336,56
2025-12-28 00:00:00,3.8694197865267723,4.188324999999999,-14.574166666666665,57
2025-12-28 01:00:00,5.339012085431437,5.914333333333333,-14.184166666666664,57
2025-12-28 02:00:00,5.8869073788201325,6.445891666666666,-14.4125,57
2025-12-28 03:00:00,6.165124117115218,4.573149999999999,-14.30583333333333,57
2025-12-28 04:00:00,6.165124117115218,5.478516666666666,-13.714166666666666,57
2025-12-28 05:00:00,5.1563803209685375,5.944591666666667,-13.360833333333334,57
2025-12-28 06:00:00,6.1651241171152185,5.311333333333333,-13.708333333333334,57
2025-12-28 07:00:00,5.5216438498943345,3.979241666666666,-13.828333333333333,57
2025-12-28 08:00:00,5.2434271115992495,5.744866666666666,-11.654166666666667,57
2025-12-28 09:00:00,4.695531818210553,5.596766666666667,-9.459166666666667,57
2025-12-28 10:00:00,4.05205155098967,2.891266666666666,-6.899166666666666,57
2025-12-28 11:00:00,3.1303545454737023,1.5754416666666666,-5.346666666666667,57
2025-12-28 12:00:00,3.1303545454737023,1.423066666666667,-4.095833333333332,57
2025-12-28 13:00:00,3.312986309936601,3.039775,-4.328333333333333,57
2025-12-28 14:00:00,2.7650910165479052,3.703716666666667,-4.670833333333333,57
2025-12-28 15:00:00,3.7738348126945853,5.040275,-5.431666666666666,57
2025-12-28 16:00:00,4.695531818210553,4.565575,-6.560833333333334,57
2025-12-28 17:00:00,5.3390120854314365,3.780166666666667,-7.449166666666667,57
2025-12-28 18:00:00,5.3390120854314365,4.703633333333333,-7.69,57
2025-12-28 19:00:00,4.4173150799154675,3.8551416666666665,-8.9675,57
2025-12-28 20:00:00,4.8781635826734515,5.00375,-8.8375,57
2025-12-28 21:00:00,4.4173150799154675,4.719641666666666,-9.2375,57
2025-12-28 22:00:00,5.339012085431436,4.879833333333334,-10.605833333333333,57
2025-12-29 00:00:00,4.809248258635751,4.436941666666667,-11.209166666666667,58
2025-12-29 01:00:00,5.270096762046478,3.7974833333333335,-11.041666666666666,58
2025-12-29 02:00:00,5.109745300425059,5.109366666666666,-10.526666666666666,58
2025-12-29 03:00:00,4.648896797014332,5.258283333333334,-9.815,58
2025-12-29 04:00:00,4.809248258635751,3.6996833333333328,-9.115833333333333,58
2025-12-29 05:00:00,5.109745300425058,4.431333333333333,-8.422500000000001,58
2025-12-29 06:00:00,4.648896797014332,4.980808333333333,-8.0525,58
2025-12-29 07:00:00,4.648896797014332,4.744949999999999,-7.338333333333334,58
2025-12-29 08:00:00,4.488545335392912,3.4192166666666672,-6.634166666666666,58
2025-12-29 09:00:00,5.109745300425058,5.2377916666666655,-5.823333333333334,58
2025-12-29 10:00:00,4.949393838803638,4.766708333333333,-4.7275,58
2025-12-29 11:00:00,4.949393838803638,4.548325,-2.8516666666666666,58
2025-12-29 12:00:00,4.167842412150072,4.2618,-1.1891666666666667,58
2025-12-29 13:00:00,3.706993908739345,2.7277583333333335,0.44500000000000006,58
2025-12-29 14:00:00,4.167842412150072,3.8610416666666665,0.6574999999999999,58
2025-12-29 15:00:00,3.706993908739345,4.823741666666667,0.7083333333333334,58
2025-12-29 16:00:00,3.706993908739345,3.4368416666666666,0.8141666666666666,58
2025-12-29 17:00:00,4.167842412150072,2.743558333333333,0.6158333333333333,58
2025-12-29 18:00:00,3.246145405328619,3.127983333333333,0.12083333333333333,58
2025-12-29 19:00:00,3.246145405328619,1.874658333333333,0.014166666666666666,58
2025-12-29 20:00:00,2.785296901917892,1.9067416666666668,0.01833333333333333,58
2025-12-29 21:00:00,2.785296901917892,1.8822583333333334,0.004166666666666666,58
2025-12-29 22:00:00,2.785296901917892,3.1876999999999995,-0.0375,58
2025-12-30 00:00:00,3.148585411456174,3.47965,-0.45,59
2025-12-30 01:00:00,4.079545627381272,3.6163666666666665,-1.6608333333333334,59
2025-12-30 02:00:00,3.6140655194187232,3.2001083333333336,-2.3000000000000003,59
2025-12-30 03:00:00,3.148585411456174,3.6216583333333334,-2.49,59
2025-12-30 04:00:00,4.079545627381272,4.196933333333334,-2.9258333333333333,59
2025-12-30 05:00:00,4.079545627381272,3.7414916666666667,-4.315,59
2025-12-30 06:00:00,3.7919179012591635,3.376541666666667,-6.100833333333334,59
2025-12-30 07:00:00,3.969770283099604,3.7337833333333332,-7.689166666666666,59
2025-12-30 08:00:00,4.435250391062153,5.193333333333333,-8.481666666666667,59
2025-12-30 09:00:00,4.079545627381272,4.58665,-8.214166666666667,59
2025-12-30 10:00:00,3.6140655194187232,3.3894749999999996,-8.3375,59
2025-12-30 11:00:00,4.54502573534382,4.4349083333333335,-9.1675,59
2025-12-30 12:00:00,4.722878117184261,4.613283333333334,-9.64,59
2025-12-30 13:00:00,4.435250391062153,5.901275,-10.398333333333333,59
2025-12-30 14:00:00,4.900730499024702,4.926866666666667,-11.106666666666667,59
2025-12-30 15:00:00,5.256435262705582,4.875433333333333,-11.953333333333333,59
2025-12-30 16:00:00,5.2564352627055815,4.514283333333333,-12.648333333333335,59
2025-12-30 17:00:00,5.2564352627055815,3.2333250000000002,-13.042500000000004,59
2025-12-30 18:00:00,4.790955154743033,3.96095,-13.269166666666665,59
2025-12-30 19:00:00,5.2564352627055815,3.8186916666666666,-13.508333333333333,59
2025-12-30 20:00:00,4.968807536583474,4.495225,-13.773333333333335,59
2025-12-30 21:00:00,5.214736955982687,5.492724999999999,-14.129166666666668,59
2025-12-30 22:00:00,5.612140026386462,6.3628166666666655,-14.825000000000003,59
2025-12-31 00:00:00,6.924586240962129,7.744433333333334,-15.229999999999999,60
2025-12-31 01:00:00,6.292439163828286,6.5699749999999995,-15.649166666666668,60
2025-12-31 02:00:00,6.127144492667289,5.617825000000001,-16.263333333333332,60
2025-12-31 03:00:00,6.457733834989282,5.6474833333333345,-16.3475,60
2025-12-31 04:00:00,6.924586240962129,6.854783333333333,-16.198333333333334,60
2025-12-31 05:00:00,6.759291569801132,5.791616666666666,-16.587500000000002,60
2025-12-31 06:00:00,6.759291569801132,5.286008333333333,-18.212500000000002,60
2025-12-31 07:00:00,6.457733834989283,6.544341666666666,-17.986666666666668,60
2025-12-31 08:00:00,6.5939968986401345,5.685466666666667,-15.652500000000003,60
2025-12-31 09:00:00,6.127144492667289,6.178283333333333,-13.315833333333332,60
2025-12-31 10:00:00,3.9291455264539117,6.405516666666667,-11.402500000000002,60
2025-12-31 11:00:00,3.2969984493200686,3.2641000000000004,-10.269166666666667,60
2025-12-31 12:00:00,4.201671653755616,6.219291666666665,-8.151666666666666,60
2025-12-31 13:00:00,4.697555667238607,7.496741666666666,-7.772500000000001,60
2025-12-31 14:00:00,5.796555150345295,6.568725000000001,-7.5325,60
2025-12-31 15:00:00,5.6022288716741535,5.649891666666666,-7.998333333333332,60
2025-12-31 16:00:00,5.796555150345295,6.870066666666665,-10.546666666666667,60
2025-12-31 17:00:00,5.135376465701308,4.619241666666666,-12.265833333333333,60
2025-12-31 18:00:00,5.0281450095606,5.583908333333333,-13.611666666666666,60
2025-12-31 19:00:00,5.494997415533447,5.913058333333334,-14.82416666666667,60
2025-12-31 20:00:00,5.0281450095606,4.842491666666667,-15.278333333333334,60
2025-12-31 21:00:00,6.127144492667289,7.141191666666667,-15.9225,60
2025-12-31 22:00:00,5.4949974155334464,4.313133333333333,-16.29083333333333,60
2026-01-01 00:00:00,3.761620505492226,3.898658333333334,-16.625,61
2026-01-01 01:00:00,5.005835694697602,6.582758333333333,-15.895000000000001,61
2026-01-01 02:00:00,5.297419959572089,6.137,-14.832500000000001,61
2026-01-01 03:00:00,5.589004224446576,4.445316666666666,-13.796666666666667,61
2026-01-01 04:00:00,5.589004224446575,5.5644583333333335,-12.865833333333333,61
2026-01-01 05:00:00,5.138648138850274,5.214333333333332,-12.184999999999997,61
2026-01-01 06:00:00,5.6149636010157185,6.537433333333334,-11.578333333333333,61
2026-01-01 07:00:00,4.053204770366713,3.070233333333333,-11.2275,61
2026-01-01 08:00:00,5.138648138850274,3.9296750000000005,-9.808333333333332,61
2026-01-01 09:00:00,3.628808061339554,5.215066666666667,-7.478333333333334,61
2026-01-01 10:00:00,3.3112644198959247,3.8643583333333327,-6.41,61
2026-01-01 11:00:00,3.6028486847704113,3.888008333333333,-5.635000000000001,61
2026-01-01 12:00:00,3.6028486847704113,5.0855500000000005,-4.781666666666666,61
2026-01-01 13:00:00,2.7021365135778086,2.8987333333333334,-4.335833333333333,61
2026-01-01 14:00:00,2.7021365135778086,3.2435666666666667,-4.5925,61
2026-01-01 15:00:00,2.7021365135778086,2.7258666666666667,-5.458333333333333,61
2026-01-01 16:00:00,3.15249259917411,2.7149499999999995,-7.6475,61
2026-01-01 17:00:00,4.370748411810342,4.150975,-9.5,61
2026-01-01 18:00:00,5.005835694697602,6.295483333333333,-10.56,61
2026-01-01 19:00:00,5.138648138850274,5.20505,-11.152499999999998,61
2026-01-01 20:00:00,5.482151156863046,4.867799999999999,-11.745833333333332,61
2026-01-01 21:00:00,5.005835694697602,4.5357916666666656,-12.398333333333333,61
2026-01-01 22:00:00,4.529520232532157,5.15115,-13.013333333333334,61
2026-01-02 00:00:00,6.4180937535944524,7.593049999999999,-15.265,62
2026-01-02 01:00:00,6.26348574689523,6.86505,-15.783333333333333,62
2026-01-02 02:00:00,6.418093753594451,6.345083333333333,-16.471666666666668,62
2026-01-02 03:00:00,7.338883382174068,7.607708333333333,-17.000833333333336,62
2026-01-02 04:00:00,6.727309766992895,7.1913166666666655,-17.528333333333332,62
2026-01-02 05:00:00,6.881917773692117,6.950541666666666,-17.959166666666665,62
2026-01-02 06:00:00,6.572701760293673,7.089866666666666,-18.790833333333335,62
2026-01-02 07:00:00,6.263485746895231,6.691216666666667,-19.019166666666663,62
2026-01-02 08:00:00,6.10887774019601,7.645716666666667,-17.58,62
2026-01-02 09:00:00,5.18122970000068,5.5107333333333335,-16.065,62
2026-01-02 10:00:00,5.799661726797565,6.462608333333335,-14.152500000000002,62
2026-01-02 11:00:00,5.954269733496787,4.816975,-13.102500000000001,62
2026-01-02 12:00:00,4.731122503134443,5.981224999999999,-12.160833333333334,62
2026-01-02 13:00:00,6.108877740196008,7.188325000000001,-12.614166666666668,62
2026-01-02 14:00:00,6.108877740196008,6.655291666666667,-12.930833333333332,62
2026-01-02 15:00:00,6.102019328580297,6.293233333333333,-13.718333333333334,62
2026-01-02 16:00:00,6.108877740196009,5.624366666666667,-14.667499999999999,62
2026-01-02 17:00:00,6.875059362076402,5.654724999999998,-15.005833333333333,62
2026-01-02 18:00:00,5.651912131714057,4.770041666666667,-15.29083333333333,62
2026-01-02 19:00:00,5.040338516532885,4.8042750000000005,-15.656666666666668,62
2026-01-02 20:00:00,4.112690476337557,6.1534,-16.36583333333333,62
2026-01-02 21:00:00,4.7311225031344435,6.286200000000001,-16.343333333333334,62
2026-01-02 22:00:00,5.4973041250148365,6.22405,-16.195,62
2026-01-03 00:00:00,6.272195015218884,6.720016666666667,-15.105833333333335,63
2026-01-03 01:00:00,5.921362392902125,6.5870750000000005,-15.329166666666671,63
2026-01-03 02:00:00,5.921362392902125,6.462441666666667,-15.38,63
2026-01-03 03:00:00,5.6382077188686655,6.434916666666666,-15.73666666666667,63
2026-01-03 04:00:00,6.096778704060505,6.281224999999999,-16.49083333333333,63
2026-01-03 05:00:00,6.204517066935587,7.304074999999999,-17.0875,63
2026-01-03 06:00:00,5.462791407710286,5.1687416666666675,-17.44416666666667,63
2026-01-03 07:00:00,6.555349689252344,7.294583333333333,-17.482499999999998,63
2026-01-03 08:00:00,6.096778704060505,7.2778583333333335,-15.9225,63
2026-01-03 09:00:00,6.096778704060504,6.054741666666666,-14.634999999999998,63
2026-01-03 10:00:00,6.555349689252343,6.353433333333333,-13.417499999999999,63
2026-01-03 11:00:00,6.379933378093964,6.573025,-12.736666666666666,63
2026-01-03 12:00:00,4.302555177884932,3.4977166666666673,-12.07,63
2026-01-03 13:00:00,5.462791407710286,5.892233333333333,-12.470833333333331,63
2026-01-03 14:00:00,5.004220422518447,7.2001833333333325,-12.791666666666666,63
2026-01-03 15:00:00,5.921362392902125,7.218724999999999,-13.671666666666667,63
2026-01-03 16:00:00,5.813624030027045,6.3941333333333334,-15.032499999999997,63
2026-01-03 17:00:00,6.272195015218884,7.265508333333332,-15.300000000000002,63
2026-01-03 18:00:00,6.096778704060505,7.004833333333333,-15.878333333333336,63
2026-01-03 19:00:00,5.462791407710286,6.121658333333333,-16.24,63
2026-01-03 20:00:00,6.272195015218884,5.424483333333333,-16.963333333333335,63
2026-01-03 21:00:00,5.6382077188686655,5.241274999999999,-17.463333333333335,63
2026-01-03 22:00:00,5.287375096551907,6.163249999999999,-17.74416666666667,63
2026-01-04 00:00:00,6.49137737056527,7.430299999999999,-18.60083333333333,64
2026-01-04 01:00:00,5.569680363811546,5.9780999999999995,-19.438333333333333,64
2026-01-04 02:00:00,6.030528867188408,6.568241666666666,-19.809166666666666,64
2026-01-04 03:00:00,6.49137737056527,7.485541666666666,-18.976666666666667,64
2026-01-04 04:00:00,5.569680363811546,6.120566666666665,-19.607499999999998,64
2026-01-04 05:00:00,6.270827699699141,6.690633333333333,-20.699166666666667,64
2026-01-04 06:00:00,6.7316762030760025,7.484083333333332,-21.43416666666667,64
2026-01-04 07:00:00,6.270827699699141,6.057658333333334,-22.291666666666668,64
2026-01-04 08:00:00,6.7316762030760025,7.608133333333334,-19.7075,64
2026-01-04 09:00:00,6.030528867188408,6.13755,-15.653333333333334,64
2026-01-04 10:00:00,6.251078538054537,5.790825000000001,-13.827499999999999,64
2026-01-04 11:00:00,5.790230034677674,4.400983333333333,-12.520000000000001,64
2026-01-04 12:00:00,4.147636530391752,4.283241666666666,-11.906666666666668,64
2026-01-04 13:00:00,4.868533027923952,4.858508333333332,-12.730833333333331,64
2026-01-04 14:00:00,5.349130692945418,8.134066666666666,-13.246666666666668,64
2026-01-04 15:00:00,6.030528867188408,6.076716666666667,-14.245833333333332,64
2026-01-04 16:00:00,6.7316762030760025,6.812941666666665,-15.84666666666667,64
2026-01-04 17:00:00,6.49137737056527,5.869433333333333,-17.087500000000002,64
2026-01-04 18:00:00,6.7316762030760025,7.4489166666666655,-17.731666666666666,64
2026-01-04 19:00:00,5.790230034677675,3.842825,-16.540833333333335,64
2026-01-04 20:00:00,6.050278028833013,6.095066666666667,-15.527500000000002,64
2026-01-04 21:00:00,3.927086859525624,3.012566666666667,-16.379166666666666,64
2026-01-04 22:00:00,4.888282189568557,6.006733333333332,-16.8325,64
2026-01-05 00:00:00,6.2330356888643195,6.393599999999999,-18.105833333333333,65
2026-01-05 01:00:00,6.2330356888643195,6.840958333333333,-18.485,65
2026-01-05 02:00:00,6.713633353885785,6.988458333333333,-19.040833333333335,65
2026-01-05 03:00:00,6.2330356888643195,7.112266666666668,-18.421666666666667,65
2026-01-05 04:00:00,5.992736856353589,5.718708333333333,-18.958333333333332,65
2026-01-05 05:00:00,6.952592735813361,5.957766666666666,-19.918333333333337,65
2026-01-05 06:00:00,6.712293903302628,6.763150000000001,-19.551666666666666,65
2026-01-05 07:00:00,6.2330356888643195,7.237474999999998,-19.254166666666666,65
2026-01-05 08:00:00,6.712293903302628,6.837566666666666,-17.7775,65
2026-01-05 09:00:00,5.753777474426013,5.208608333333332,-15.662500000000001,65
2026-01-05 10:00:00,6.712293903302627,5.4014,-13.74,65
2026-01-05 11:00:00,6.471995070791895,5.291133333333333,-12.102500000000001,65
2026-01-05 12:00:00,6.471995070791895,5.072649999999999,-10.725,65
2026-01-05 13:00:00,6.471995070791895,7.174391666666668,-10.569166666666666,65
2026-01-05 14:00:00,6.23303568886432,8.1255,-10.699166666666665,65
2026-01-05 15:00:00,6.4719950707918965,6.819,-11.560833333333333,65
2026-01-05 16:00:00,5.753777474426013,6.631216666666667,-13.380000000000003,65
2026-01-05 17:00:00,5.992736856353588,5.0655833333333335,-14.244166666666667,65
2026-01-05 18:00:00,5.0342204274769715,4.532658333333334,-14.67,65
2026-01-05 19:00:00,5.994076306936746,5.149816666666667,-14.120833333333332,65
2026-01-05 20:00:00,5.753777474426012,5.080583333333333,-13.76,65
2026-01-05 21:00:00,5.994076306936746,7.200733333333333,-13.370833333333332,65
2026-01-05 22:00:00,6.2330356888643195,8.410908333333333,-13.134166666666665,65
2026-01-06 00:00:00,6.725667906396395,6.148541666666667,-12.694166666666666,66
2026-01-06 01:00:00,5.2871038871078815,5.104116666666666,-13.791666666666666,66
2026-01-06 02:00:00,5.766625226870719,5.7600333333333325,-15.286666666666669,66
2026-01-06 03:00:00,5.2747347373912135,4.623425,-16.749166666666667,66
2026-01-06 04:00:00,5.934711773269443,6.435099999999999,-17.782500000000002,66
2026-01-06 05:00:00,6.2461465666335565,6.8702250000000005,-17.017500000000002,66
2026-01-06 06:00:00,5.76662522687072,4.199108333333334,-17.413333333333338,66
2026-01-06 07:00:00,5.766625226870719,6.620441666666666,-18.1425,66
2026-01-06 08:00:00,4.795213397628376,5.2284999999999995,-16.824166666666667,66
2026-01-08 11:10:00,2.8814190876874077,3.644633333333333,0.7541666666666665,68
2026-01-08 12:10:00,2.8814190876874077,1.3664249999999998,1.015,68
2026-01-08 13:10:00,2.8814190876874077,2.641758333333333,0.8333333333333334,68
2026-01-08 14:10:00,2.5702540599310284,3.2698583333333326,0.6716666666666667,68
2026-01-08 15:10:00,2.4011825730728398,2.3707916666666664,0.20416666666666664,68
2026-01-08 16:10:00,3.3886335482619736,4.414791666666667,-0.10166666666666667,68
2026-01-08 17:10:00,2.8814190876874077,2.6529166666666666,-0.3466666666666667,68
2026-01-08 18:10:00,3.8688700628765416,3.8215,-1.1116666666666668,68
2026-01-08 19:10:00,2.4011825730728398,1.3577166666666667,-1.4816666666666667,68
2026-01-08 20:10:00,2.4281605190328377,2.467833333333333,-1.2033333333333334,68
2026-01-08 21:10:00,1.9209460584582718,1.3902666666666668,-1.2449999999999999,68
2026-01-08 22:10:00,1.9209460584582718,2.5542,-1.2216666666666667,68
2026-01-09 00:00:00,2.3959128353973607,2.4035249999999997,-1.3525,69
2026-01-09 01:00:00,3.4501914372351457,4.929825,-1.2983333333333333,69
2026-01-09 02:00:00,2.8750954024768327,2.8087333333333335,-1.39,69
2026-01-09 03:00:00,3.2584927589823747,3.6750583333333338,-1.3941666666666668,69
2026-01-09 04:00:00,2.8750954024768327,2.255075,-1.4166666666666667,69
2026-01-09 05:00:00,3.0667940807296037,3.283208333333333,-1.4908333333333335,69
2026-01-09 06:00:00,3.4501914372351457,4.216774999999999,-1.6716666666666666,69
2026-01-09 07:00:00,3.3542779695563048,2.687091666666667,-1.1900000000000002,69
2026-01-09 08:00:00,2.8750954024768327,3.373333333333333,-0.5791666666666667,69
2026-01-09 09:00:00,2.3959128353973607,2.703458333333333,0.5508333333333333,69
2026-01-09 10:00:00,2.8750954024768327,4.312666666666667,0.5658333333333334,69
2026-01-09 11:00:00,1.9167302683178886,1.5810833333333332,0.5975,69
2026-01-09 12:00:00,2.8750954024768327,2.967491666666666,1.1575,69
2026-01-09 13:00:00,2.8750954024768327,3.392533333333333,1.635,69
2026-01-09 14:00:00,3.2584927589823747,3.453691666666667,2.0016666666666674,69
2026-01-09 15:00:00,2.8750954024768327,1.1322666666666668,1.9891666666666667,69
2026-01-09 16:00:00,3.2584927589823747,3.2355416666666668,2.69,69
2026-01-09 17:00:00,2.3959128353973607,3.099183333333333,2.9716666666666662,69
2026-01-09 18:00:00,2.8750954024768327,1.178,2.8641666666666663,69
2026-01-09 19:00:00,2.8750954024768327,1.7887583333333332,3.0083333333333333,69
2026-01-09 20:00:00,1.9167302683178886,1.975225,3.1799999999999997,69
2026-01-09 21:00:00,1.4375477012384166,1.418975,3.466666666666667,69
2026-01-09 22:00:00,1.9167302683178886,3.169616666666666,3.545833333333333,69
2026-01-10 00:00:00,2.950889067226936,3.913,3.7266666666666666,70
2026-01-10 01:00:00,2.950889067226936,3.1388166666666666,3.4625,70
2026-01-10 02:00:00,2.4590742226891136,2.6451416666666665,3.3841666666666668,70
2026-01-10 03:00:00,2.950889067226936,2.879716666666667,3.06,70
2026-01-10 04:00:00,2.950889067226936,3.692424999999999,2.3333333333333335,70
2026-01-10 05:00:00,2.4590742226891136,2.4387416666666666,2.416666666666667,70
2026-01-10 06:00:00,2.4590742226891136,3.2229,2.2408333333333332,70
2026-01-10 07:00:00,2.950889067226936,3.457191666666666,1.7824999999999998,70
2026-01-10 08:00:00,2.950889067226936,3.0412333333333335,1.9075,70
2026-01-10 09:00:00,1.967259378151291,2.7873583333333336,1.5599999999999998,70
2026-01-10 10:00:00,1.967259378151291,0.0,2.8475,70
2026-01-10 11:00:00,1.4754445336134683,4.0207749999999995,3.8216666666666668,70
2026-01-10 12:00:00,1.4754445336134683,1.3334666666666666,3.8383333333333334,70
2026-01-10 13:00:00,1.967259378151291,1.5425916666666666,3.731666666666667,70
2026-01-10 14:00:00,1.967259378151291,3.3333416666666666,2.8658333333333332,70
2026-01-10 15:00:00,2.950889067226936,2.436358333333333,1.4525000000000003,70
2026-01-10 16:00:00,2.950889067226936,4.513625,0.18000000000000002,70
2026-01-10 17:00:00,1.967259378151291,1.5879083333333335,-0.4850000000000001,70
2026-01-10 18:00:00,1.967259378151291,0.0,-1.195,70
2026-01-10 19:00:00,1.9833337389419161,2.9819666666666667,-2.1799999999999997,70
2026-01-10 20:00:00,1.967259378151291,1.5225416666666667,-2.333333333333333,70
2026-01-10 21:00:00,2.3058521817035897,4.1062916666666665,-3.0050000000000003,70
2026-01-10 22:00:00,1.967259378151291,1.395925,-2.6625,70
2026-01-11 00:00:00,2.9500176685435933,2.433775,-1.5366666666666668,71
2026-01-11 01:00:00,3.5398727511063783,3.3033333333333332,-1.5191666666666663,71
2026-01-11 02:00:00,2.9500176685435933,3.7013916666666664,-2.0374999999999996,71
2026-01-11 03:00:00,2.9500176685435933,3.1635416666666667,-2.964166666666667,71
2026-01-11 04:00:00,2.9500176685435933,2.7097583333333333,-3.5325,71
2026-01-11 05:00:00,2.9500176685435933,3.3040583333333338,-3.638333333333333,71
2026-01-11 06:00:00,2.9500176685435933,3.7473499999999995,-3.75,71
2026-01-11 07:00:00,2.458348057119661,1.5040666666666667,-3.6658333333333335,71
2026-01-11 08:00:00,2.9500176685435933,3.9023083333333335,-3.1341666666666668,71
2026-01-11 09:00:00,2.458348057119661,2.2830249999999994,-2.481666666666667,71
2026-01-11 10:00:00,2.9500176685435933,2.421491666666667,-1.7333333333333332,71
2026-01-11 11:00:00,2.9500176685435933,2.2737583333333333,-1.091666666666667,71
2026-01-11 12:00:00,2.458348057119661,1.3238166666666666,-1.02,71
2026-01-11 13:00:00,2.9500176685435933,2.9651583333333327,-1.2883333333333333,71
2026-01-11 14:00:00,2.458348057119661,2.9654583333333333,-1.5383333333333333,71
2026-01-11 15:00:00,1.4750088342717966,2.3934666666666664,-1.5608333333333333,71
2026-01-11 16:00:00,2.9500176685435933,2.9965333333333333,-2.1158333333333332,71
2026-01-11 17:00:00,2.9500176685435933,4.023266666666667,-2.306666666666667,71
2026-01-11 18:00:00,1.966678445695729,0.0,-2.651666666666667,71
2026-01-11 19:00:00,1.4750088342717966,0.4343333333333333,-3.4949999999999997,71
2026-01-11 20:00:00,0.7865971527053246,0.7319833333333332,-4.055,71
2026-01-11 21:00:00,0.49166961142393223,2.703683333333333,-4.324166666666667,71
2026-01-11 22:00:00,1.4750088342717966,3.7762249999999997,-5.264166666666667,71
2026-01-12 00:00:00,2.3119361411410106,3.2612833333333326,-6.245,72
2026-01-12 01:00:00,2.3119361411410106,1.9270416666666665,-6.5874999999999995,72
2026-01-12 02:00:00,2.774323369369213,3.765925,-5.134166666666666,72
2026-01-12 03:00:00,2.774323369369213,2.950233333333333,-4.629166666666666,72
2026-01-12 04:00:00,2.774323369369213,3.6419500000000005,-6.073333333333333,72
2026-01-12 05:00:00,3.56512690224033,2.883325,-6.739999999999999,72
2026-01-12 06:00:00,3.960528668675889,4.528108333333333,-8.119166666666667,72
2026-01-12 07:00:00,3.56512690224033,4.73945,-8.444166666666666,72
2026-01-12 08:00:00,3.8967987090433964,4.096824999999999,-8.154166666666667,72
2026-01-12 09:00:00,4.027514130468532,4.222908333333334,-7.620833333333334,72
2026-01-12 10:00:00,3.236710597597415,3.618325,-6.2,72
2026-01-12 11:00:00,3.6990978258256173,2.9447166666666664,-5.791666666666668,72
2026-01-12 12:00:00,2.774323369369213,2.999358333333333,-5.05,72
2026-01-12 13:00:00,2.774323369369213,2.508766666666667,-5.160833333333333,72
2026-01-12 14:00:00,3.6321123640329738,3.6407,-5.657499999999999,72
2026-01-12 15:00:00,2.774323369369213,5.428141666666666,-5.388333333333333,72
2026-01-12 16:00:00,2.3119361411410106,3.2914083333333335,-5.452500000000001,72
2026-01-12 17:00:00,3.434411480815194,2.804875,-5.73,72
2026-01-12 18:00:00,3.236710597597415,1.6575833333333332,-5.541666666666667,72
2026-01-12 19:00:00,3.236710597597415,4.499633333333333,-5.7508333333333335,72
2026-01-12 20:00:00,1.3871616846846064,1.6966416666666666,-5.656666666666666,72
2026-01-12 21:00:00,2.4426515625661462,2.9162,-5.509166666666666,72
2026-01-12 22:00:00,2.774323369369213,4.1695416666666665,-5.311666666666667,72
2026-01-13 00:00:00,3.8447583758866144,4.100175,-4.441666666666666,73
2026-01-13 01:00:00,2.957985622331579,1.5365749999999998,-3.6566666666666663,73
2026-01-13 02:00:00,4.621463201677817,3.5965333333333334,-3.2175,73
2026-01-13 03:00:00,3.7346904481227825,3.060191666666667,-2.8375000000000004,73
2026-01-13 04:00:00,4.362561593080749,3.6439,-2.4999999999999996,73
2026-01-13 05:00:00,3.475788839525715,2.8889083333333327,-2.7000000000000006,73
2026-01-13 06:00:00,3.106819303164816,3.220816666666667,-2.5366666666666666,73
2026-01-13 07:00:00,3.734690448122783,2.6928916666666667,-3.4491666666666667,73
2026-01-13 08:00:00,3.106819303164816,3.5339416666666663,-2.0174999999999996,73
2026-01-13 09:00:00,3.106819303164816,3.865708333333333,-0.4116666666666666,73
2026-01-13 10:00:00,3.106819303164816,2.808125,0.7275,73
2026-01-13 11:00:00,3.106819303164816,3.0455083333333333,1.1716666666666666,73
2026-01-13 12:00:00,2.847917694567748,2.791283333333333,1.4641666666666666,73
2026-01-13 13:00:00,3.106819303164816,2.6655416666666665,2.4500000000000006,73
2026-01-13 14:00:00,3.106819303164816,2.383775,2.388333333333333,73
2026-01-13 15:00:00,2.847917694567748,2.2012416666666668,1.1308333333333334,73
2026-01-13 16:00:00,3.106819303164816,4.708241666666666,0.000833333333333341,73
2026-01-13 17:00:00,3.106819303164816,2.304116666666667,-0.7783333333333334,73
2026-01-13 18:00:00,3.106819303164816,1.75475,-1.9766666666666668,73
2026-01-13 19:00:00,3.106819303164816,1.351675,-0.38833333333333336,73
2026-01-13 20:00:00,3.993592056719851,2.3140166666666664,-0.4166666666666667,73
2026-01-13 21:00:00,3.106819303164816,1.4541666666666666,-0.9441666666666667,73
2026-01-13 22:00:00,3.993592056719851,3.2956666666666665,-0.5549999999999999,73
2026-01-14 00:00:00,2.5284090645354986,4.5168583333333325,0.06000000000000002,74
2026-01-14 01:00:00,2.5284090645354986,3.1015083333333333,0.5933333333333334,74
2026-01-14 02:00:00,2.1070075537795825,2.725933333333333,0.7691666666666666,74
2026-01-14 03:00:00,2.5284090645354986,3.177208333333333,0.5108333333333334,74
2026-01-14 04:00:00,2.1070075537795825,2.4874666666666663,0.5,74
2026-01-14 05:00:00,2.5284090645354986,2.6283583333333334,0.29083333333333333,74
2026-01-14 06:00:00,2.5284090645354986,2.4006166666666666,0.4766666666666666,74
2026-01-14 07:00:00,2.5284090645354986,3.2932333333333337,0.37000000000000005,74
2026-01-14 08:00:00,2.5284090645354986,2.2512833333333333,0.7641666666666667,74
2026-01-14 09:00:00,2.5284090645354986,3.262683333333333,1.6208333333333333,74
2026-01-14 10:00:00,2.5284090645354986,2.2800499999999997,2.2725000000000004,74
2026-01-14 11:00:00,2.3177083091575406,3.279558333333333,2.9716666666666662,74
2026-01-14 12:00:00,2.5284090645354986,2.016033333333333,4.213333333333334,74
2026-01-14 13:00:00,2.5284090645354986,3.233875,4.7316666666666665,74
2026-01-14 14:00:00,2.1070075537795825,2.1524916666666667,4.396666666666666,74
2026-01-14 15:00:00,2.1070075537795825,2.24595,2.7816666666666663,74
2026-01-14 16:00:00,1.8963067984016242,3.418441666666667,1.3091666666666666,74
2026-01-14 17:00:00,1.8963067984016242,1.1789499999999997,0.6575000000000001,74
2026-01-14 18:00:00,2.5284090645354986,3.0091833333333335,0.44083333333333324,74
2026-01-14 19:00:00,2.5284090645354986,2.0864999999999996,0.2800000000000001,74
2026-01-14 20:00:00,2.5284090645354986,2.7896916666666662,0.3241666666666667,74
2026-01-14 21:00:00,2.5284090645354986,1.0771499999999998,0.24000000000000007,74
2026-01-14 22:00:00,2.5284090645354986,3.12215,0.1375,74
2026-01-15 00:00:00,1.5446241578239703,2.7555916666666667,0.17,75
2026-01-15 01:00:00,1.5446241578239703,2.350625,0.25000000000000006,75
2026-01-15 02:00:00,1.7652847517988233,3.675075,0.2875000000000001,75
2026-01-15 03:00:00,1.5446241578239703,2.6519833333333334,0.3491666666666667,75
2026-01-15 04:00:00,1.9859453457736762,3.1777166666666665,0.375,75
2026-01-15 05:00:00,1.5446241578239703,2.8014249999999996,0.31583333333333335,75
2026-01-15 06:00:00,1.9859453457736762,2.7789083333333333,0.3983333333333334,75
2026-01-15 07:00:00,1.7652847517988233,3.46965,0.3841666666666667,75
2026-01-15 08:00:00,1.5446241578239703,2.25345,0.7225,75
2026-01-15 09:00:00,1.7652847517988233,2.822141666666667,1.3141666666666667,75
2026-01-15 10:00:00,1.5446241578239703,1.8347666666666667,2.3983333333333334,75
2026-01-15 11:00:00,1.7652847517988233,2.6801083333333335,2.3800000000000003,75
2026-01-15 12:00:00,1.5446241578239703,3.0054749999999997,2.5775,75
2026-01-15 13:00:00,1.7652847517988233,2.6380916666666665,2.9225,75
2026-01-15 14:00:00,1.7652847517988233,3.8225999999999996,2.82,75
2026-01-15 15:00:00,1.7652847517988233,2.4138333333333333,2.4266666666666667,75
2026-01-15 16:00:00,1.5446241578239703,2.7360499999999996,2.2325,75
2026-01-15 17:00:00,1.5446241578239703,1.9579666666666664,2.1725,75
2026-01-15 18:00:00,1.9859453457736762,2.186958333333333,2.3891666666666667,75
2026-01-15 19:00:00,1.7652847517988233,2.196733333333333,2.0050000000000003,75
2026-01-15 20:00:00,2.206605939748529,2.2777166666666666,1.2041666666666666,75
2026-01-15 21:00:00,1.7652847517988233,3.6357,0.44916666666666666,75
2026-01-15 22:00:00,1.9859453457736762,3.105866666666666,0.6108333333333332,75
2026-01-16 00:00:00,2.6263537354951247,2.7234166666666666,-1.4166666666666667,76
2026-01-16 01:00:00,3.7847631168105096,4.952533333333333,-3.7650000000000006,76
2026-01-16 02:00:00,3.068484825311839,2.6393,-4.839166666666667,76
2026-01-16 03:00:00,4.46565363712678,3.466491666666667,-5.7316666666666665,76
2026-01-16 04:00:00,3.7847631168105096,3.514816666666666,-6.2825,76
2026-01-16 05:00:00,4.46565363712678,5.634225,-6.888333333333333,76
2026-01-16 06:00:00,3.988134776127667,4.375741666666666,-7.661666666666666,76
2026-01-16 07:00:00,4.2268942066272235,3.929033333333333,-8.577499999999999,76
2026-01-16 08:00:00,5.146544157443052,4.867475,-10.110833333333334,76
2026-01-16 09:00:00,4.46565363712678,4.509983333333333,-10.915,76
2026-01-16 10:00:00,3.988134776127667,5.4056999999999995,-11.112499999999999,76
2026-01-16 11:00:00,3.988134776127667,5.5118583333333335,-11.059166666666668,76
2026-01-16 12:00:00,4.2268942066272235,4.461350000000001,-10.430833333333334,76
2026-01-16 13:00:00,4.2268942066272235,4.687975,-10.365833333333333,76
2026-01-16 14:00:00,5.146544157443052,5.6526,-10.536666666666667,76
2026-01-16 15:00:00,3.988134776127667,4.5546999999999995,-11.259166666666667,76
2026-01-16 16:00:00,5.146544157443052,6.635974999999999,-12.106666666666664,76
2026-01-16 17:00:00,5.146544157443052,6.817708333333332,-12.713333333333333,76
2026-01-16 18:00:00,5.146544157443052,5.417933333333333,-13.199166666666665,76
2026-01-16 19:00:00,5.624063018442166,5.520083333333335,-13.480833333333337,76
2026-01-16 20:00:00,6.543712969257993,6.350975000000001,-13.833333333333334,76
2026-01-16 21:00:00,6.0661941082588795,6.435408333333334,-14.195,76
2026-01-16 22:00:00,6.0661941082588795,6.461924999999999,-14.495,76
2026-01-17 00:00:00,5.60455555296734,6.609708333333333,-13.305833333333332,77
2026-01-17 01:00:00,5.383124834799483,6.802241666666666,-12.855833333333337,77
2026-01-17 02:00:00,5.383124834799483,7.5463749999999985,-12.305833333333334,77
2026-01-17 03:00:00,4.684689348891351,5.185666666666667,-11.883333333333333,77
2026-01-17 04:00:00,5.1446224509293454,5.694441666666667,-11.660833333333334,77
2026-01-17 05:00:00,6.081560320707615,6.325175000000001,-11.490833333333333,77
2026-01-17 06:00:00,5.383124834799483,6.765016666666666,-11.656666666666666,77
2026-01-17 07:00:00,4.224756246853356,5.878141666666666,-11.490833333333333,77
2026-01-17 08:00:00,4.224756246853356,3.560775,-11.013333333333334,77
2026-01-17 09:00:00,5.161694116631626,5.6183499999999995,-10.0925,77
2026-01-17 10:00:00,5.161694116631626,5.211266666666666,-9.530833333333332,77
2026-01-17 11:00:00,4.224756246853356,4.885974999999999,-9.2675,77
2026-01-17 12:00:00,4.224756246853356,4.078725,-8.860833333333334,77
2026-01-17 13:00:00,4.241827912555637,4.2922,-8.480833333333333,77
2026-01-17 14:00:00,4.241827912555637,2.8241999999999994,-8.299999999999999,77
2026-01-17 15:00:00,3.781894810517642,4.778325,-8.26,77
2026-01-17 16:00:00,2.606454556869234,1.6369083333333334,-8.28,77
2026-01-17 17:00:00,4.241827912555637,6.959391666666666,-8.25,77
2026-01-17 18:00:00,3.7648231448153617,4.1508416666666665,-8.115,77
2026-01-17 19:00:00,3.5433924266475043,3.7105416666666664,-8.019166666666667,77
2026-01-17 20:00:00,3.321961708479648,4.216175,-7.885000000000001,77
2026-01-17 21:00:00,4.003325528685499,3.92025,-8.218333333333334,77
2026-01-17 22:00:00,3.3048900427773664,3.648608333333333,-10.2825,77
2026-01-18 00:00:00,4.479418174014855,6.1139833333333335,-13.166666666666666,78
2026-01-18 01:00:00,5.1571848497025155,6.0207250000000005,-13.939166666666667,78
2026-01-18 02:00:00,5.178749760624785,5.3219,-13.819166666666666,78
2026-01-18 03:00:00,4.938450928114052,5.595916666666667,-13.592500000000001,78
2026-01-18 04:00:00,5.616217603801712,6.4831916666666665,-13.235833333333332,78
2026-01-18 05:00:00,5.1571848497025155,5.196291666666666,-12.870833333333332,78
2026-01-18 06:00:00,4.938450928114052,4.252425,-12.406666666666666,78
2026-01-18 07:00:00,5.178749760624785,6.526775,-11.667499999999999,78
2026-01-18 08:00:00,5.397483682213249,5.26695,-10.278333333333334,78
2026-01-18 09:00:00,4.020385419915657,3.580991666666667,-8.519166666666667,78
2026-01-18 10:00:00,4.719717006525588,4.404658333333333,-6.499166666666667,78
2026-01-18 11:00:00,3.8016514983271925,3.3760250000000003,-4.632499999999999,78
2026-01-18 12:00:00,3.8016514983271934,2.2080083333333334,-2.3658333333333332,78
2026-01-18 13:00:00,3.8016514983271934,1.869875,-2.3041666666666667,78
2026-01-18 14:00:00,3.3210538333057267,2.8004583333333333,-2.336666666666667,78
2026-01-18 15:00:00,3.0807550007949933,2.713683333333333,-3.08,78
2026-01-18 16:00:00,3.3426187442279955,0.0,-4.153333333333333,78
2026-01-18 17:00:00,3.56135266581646,3.025975,-4.9366666666666665,78
2026-01-18 18:00:00,2.862021079206529,1.5024666666666664,-5.44,78
2026-01-18 19:00:00,3.8016514983271934,2.9722249999999995,-5.834166666666667,78
2026-01-18 20:00:00,3.3426187442279955,3.407316666666667,-6.129166666666666,78
2026-01-18 21:00:00,3.56135266581646,4.591083333333333,-6.064166666666666,78
2026-01-18 22:00:00,2.862021079206529,2.580133333333334,-6.073333333333333,78
2026-01-19 00:00:00,3.397977461746236,4.125733333333334,-6.2299999999999995,79
2026-01-19 01:00:00,3.6396857327238945,2.81395,-6.260000000000001,79
2026-01-19 02:00:00,3.881394003701552,3.3394749999999997,-6.2700000000000005,79
2026-01-19 03:00:00,3.881394003701552,5.130333333333334,-6.275000000000001,79
2026-01-19 04:00:00,3.397977461746236,2.088433333333333,-6.426666666666667,79
2026-01-19 05:00:00,4.13013310870872,3.5554250000000005,-6.69,79
2026-01-19 06:00:00,3.8813940037015526,3.200075,-7.185833333333334,79
2026-01-19 07:00:00,4.130133108708721,5.8854750000000005,-7.185833333333334,79
2026-01-19 08:00:00,3.3979774617462364,2.998816666666667,-6.185833333333334,79
2026-01-19 09:00:00,4.371841379686379,4.213349999999999,-5.096666666666667,79
2026-01-19 10:00:00,3.8813940037015526,2.805083333333333,-3.7775,79
2026-01-19 11:00:00,3.881394003701552,3.894558333333333,-2.7416666666666667,79
2026-01-19 12:00:00,3.881394003701552,2.5084333333333335,-2.1758333333333333,79
2026-01-19 13:00:00,3.881394003701552,3.4717583333333333,-1.8658333333333335,79
2026-01-19 14:00:00,3.3909466277167253,3.728333333333333,-2.3974999999999995,79
2026-01-19 15:00:00,3.3979774617462364,4.748008333333333,-2.7916666666666665,79
2026-01-19 16:00:00,3.3979774617462364,1.617825,-3.7641666666666667,79
2026-01-19 17:00:00,3.881394003701552,2.8818333333333332,-4.1575,79
2026-01-19 18:00:00,3.3909466277167257,1.5529166666666667,-4.1816666666666675,79
2026-01-19 19:00:00,3.881394003701552,4.551716666666667,-3.9666666666666663,79
2026-01-19 20:00:00,2.6587909807542407,3.1024749999999996,-3.9308333333333336,79
2026-01-19 21:00:00,3.3909466277167257,3.076825000000001,-4.296666666666667,79
2026-01-19 22:00:00,3.8813940037015526,5.155383333333333,-4.948333333333333,79
2026-01-20 00:00:00,3.853743021874191,4.503525,-8.138333333333334,80
2026-01-20 01:00:00,4.308545360273559,4.7542333333333335,-10.334166666666667,80
2026-01-20 02:00:00,4.063200498183938,3.4909250000000003,-10.263333333333334,80
2026-01-20 03:00:00,4.763347698672927,3.8025000000000007,-10.156666666666666,80
2026-01-20 04:00:00,4.763347698672927,4.499708333333333,-11.129166666666668,80
2026-01-20 05:00:00,4.972805174982674,4.449466666666667,-12.2325,80
2026-01-20 06:00:00,5.218150037072295,3.8110999999999997,-13.338333333333333,80
2026-01-20 07:00:00,4.727460312893053,4.4312249999999995,-13.357500000000002,80
2026-01-20 08:00:00,5.218150037072295,3.1631416666666663,-10.5325,80
2026-01-20 09:00:00,5.218150037072295,5.815125,-8.486666666666666,80
2026-01-20 10:00:00,4.727460312893053,2.979183333333333,-7.6025,80
2026-01-20 11:00:00,5.427607513382042,2.52665,-7.495,80
2026-01-20 12:00:00,4.763347698672927,4.103625,-8.009166666666667,80
2026-01-20 13:00:00,4.727460312893053,4.740358333333333,-9.176666666666668,80
2026-01-20 14:00:00,5.218150037072295,4.346216666666667,-9.647499999999999,80
2026-01-20 15:00:00,4.727460312893053,4.419291666666666,-10.374166666666666,80
2026-01-20 16:00:00,5.218150037072295,6.320541666666668,-11.955,80
2026-01-20 17:00:00,4.518002836583306,4.658583333333333,-12.591666666666667,80
2026-01-20 18:00:00,5.427607513382042,4.677433333333333,-13.338333333333333,80
2026-01-20 19:00:00,5.218150037072295,3.6707666666666663,-13.648333333333333,80
2026-01-20 20:00:00,5.218150037072295,4.9294,-13.931666666666667,80
2026-01-20 21:00:00,4.063200498183938,5.208216666666667,-13.69416666666667,80
2026-01-20 22:00:00,4.272657974493685,5.566841666666667,-13.2725,80
2026-01-21 00:00:00,4.752563047680927,6.581791666666667,-13.620833333333332,81
2026-01-21 01:00:00,3.6145551455956753,5.105241666666666,-14.60666666666667,81
2026-01-21 02:00:00,4.702430187845948,6.023825,-16.964166666666667,81
2026-01-21 03:00:00,4.257253598978843,5.2162,-18.748333333333335,81
2026-01-21 04:00:00,4.752563047680927,6.707075000000001,-17.903333333333336,81
2026-01-21 05:00:00,4.504908323329885,5.736291666666666,-18.051666666666666,81
2026-01-21 06:00:00,4.454775463494906,5.098583333333333,-19.75916666666667,81
2026-01-21 07:00:00,5.395261501064096,5.5024999999999995,-20.537499999999998,81
2026-01-21 08:00:00,4.752563047680927,6.121058333333333,-14.77666666666667,81
2026-01-21 09:00:00,4.05973173446278,4.470366666666667,-10.276666666666666,81
2026-01-21 10:00:00,4.257253598978843,4.770175,-9.755,81
2026-01-21 11:00:00,3.8622098699467164,4.504191666666666,-7.797499999999999,81
2026-01-21 12:00:00,2.7242019678614646,3.379741666666667,-5.8425,81
2026-01-21 13:00:00,2.9718566922125067,4.232758333333333,-6.189166666666666,81
2026-01-21 14:00:00,3.1693785567285695,4.038974999999999,-6.426666666666667,81
2026-01-21 15:00:00,2.7242019678614646,2.8833583333333337,-7.06,81
2026-01-21 16:00:00,3.8622098699467173,5.765091666666666,-8.518333333333333,81
2026-01-21 17:00:00,3.16937855672857,4.91035,-9.898333333333333,81
2026-01-21 18:00:00,3.366900421244633,4.212549999999999,-10.043333333333335,81
2026-01-21 19:00:00,3.8622098699467164,4.302833333333332,-10.005,81
2026-01-21 20:00:00,3.8622098699467173,5.213733333333334,-8.786666666666667,81
2026-01-21 21:00:00,3.417033281079612,4.366966666666666,-7.965833333333333,81
2026-01-21 22:00:00,3.614555145595675,5.249241666666666,-8.615,81
2026-01-22 00:00:00,5.62347595451519,5.530349999999999,-8.370833333333334,82
2026-01-22 01:00:00,5.62347595451519,5.055841666666667,-8.198333333333332,82
2026-01-22 02:00:00,4.932829934442413,5.0775500000000005,-8.184166666666666,82
2026-01-22 03:00:00,5.130276009822347,3.8382250000000004,-8.12,82
2026-01-22 04:00:00,4.73538385906248,5.161625,-8.143333333333333,82
2026-01-22 05:00:00,4.4887838867160585,4.2513250000000005,-8.578333333333333,82
2026-01-22 06:00:00,4.73538385906248,4.242875,-8.703333333333333,82
2026-01-22 07:00:00,5.376875982168768,4.146241666666667,-8.278333333333334,82
2026-01-22 08:00:00,4.73538385906248,4.40355,-7.262499999999999,82
2026-01-22 09:00:00,4.291337811336125,4.573108333333333,-5.656666666666666,82
2026-01-22 10:00:00,3.3540918189169266,3.267966666666667,-4.083333333333333,82
2026-01-22 11:00:00,2.614291901877661,4.023058333333333,-1.5750000000000002,82
2026-01-22 12:00:00,2.2193997511177948,3.463458333333333,0.026666666666666672,82
2026-01-22 13:00:00,1.972799778771373,2.4534499999999997,0.2183333333333333,82
2026-01-22 14:00:00,2.4659997234642166,3.6839749999999998,-0.5516666666666666,82
2026-01-22 15:00:00,2.4659997234642166,3.037616666666666,-1.3425,82
2026-01-22 16:00:00,2.9591996681570603,2.544483333333333,-2.3708333333333336,82
2026-01-22 17:00:00,3.403245715883415,3.896116666666666,-3.3049999999999997,82
2026-01-22 18:00:00,3.156645743536994,2.0965416666666665,-3.9450000000000003,82
2026-01-22 19:00:00,3.8472917636097694,3.38465,-3.7549999999999994,82
2026-01-22 20:00:00,4.291337811336125,2.958433333333333,-5.2683333333333335,82
2026-01-22 21:00:00,3.8472917636097703,3.982458333333333,-5.893333333333334,82
2026-01-22 22:00:00,3.3540918189169266,2.438641666666667,-7.232499999999999,82
2026-01-23 00:00:00,3.1562309579374714,4.411016666666667,-9.731666666666667,83
2026-01-23 01:00:00,3.417082780639414,4.133675,-11.015,83
2026-01-23 02:00:00,3.1562309579374714,4.0257249999999996,-11.833333333333334,83
2026-01-23 03:00:00,4.225647334259407,4.401808333333333,-13.773333333333333,83
2026-01-23 04:00:00,4.5125082424755165,5.368366666666667,-9.965833333333332,83
2026-01-23 05:00:00,4.251656419773575,3.806325,-9.75,83
2026-01-23 06:00:00,4.773360065177458,5.318666666666666,-12.556666666666667,83
2026-01-23 07:00:00,4.5125082424755165,4.675325,-13.6625,83
2026-01-23 08:00:00,4.5125082424755165,3.0059416666666667,-10.477500000000001,83
2026-01-23 09:00:00,4.7733600651774575,4.596774999999999,-7.601666666666667,83
2026-01-23 10:00:00,3.182240043451639,3.855375,-5.226666666666667,83
2026-01-23 11:00:00,3.417082780639414,3.4104833333333326,-5.324166666666666,83
2026-01-23 12:00:00,3.677934603341356,4.393458333333333,-6.110833333333333,83
2026-01-23 13:00:00,3.1562309579374714,3.101316666666667,-6.3975,83
2026-01-23 14:00:00,4.5125082424755165,4.657308333333334,-7.2775,83
2026-01-23 15:00:00,5.060220973393568,5.146975,-8.861666666666666,83
2026-01-23 16:00:00,5.3210727960955095,5.425008333333333,-10.523333333333333,83
2026-01-23 17:00:00,5.868785527013562,6.023049999999999,-11.4125,83
2026-01-23 18:00:00,5.060220973393568,5.485641666666668,-12.463333333333333,83
2026-01-23 19:00:00,5.060220973393568,4.908666666666666,-12.407499999999999,83
2026-01-23 20:00:00,5.347081881609678,3.945508333333333,-13.193333333333333,83
2026-01-23 21:00:00,6.416498257931614,5.04695,-13.981666666666667,83
2026-01-23 22:00:00,6.155646435229671,6.079816666666668,-15.250000000000002,83
2026-01-24 00:00:00,6.02181663301998,6.4742999999999995,-17.121666666666666,84
2026-01-24 01:00:00,6.229973548538098,7.638675,-17.445000000000004,84
2026-01-24 02:00:00,6.706643300785225,5.512725,-18.5425,84
2026-01-24 03:00:00,6.975156137514234,8.080508333333334,-19.560833333333335,84
2026-01-24 04:00:00,6.975156137514234,6.153508333333332,-20.370833333333337,84
2026-01-24 05:00:00,7.451825889761361,7.172241666666667,-21.471666666666664,84
2026-01-24 06:00:00,7.928495642008488,7.589441666666667,-22.486666666666668,84
2026-01-24 07:00:00,7.928495642008488,5.9086,-22.824166666666667,84
2026-01-24 08:00:00,7.928495642008488,7.752483333333333,-21.989166666666666,84
2026-01-24 09:00:00,7.451825889761361,7.540141666666667,-21.375833333333333,84
2026-01-24 10:00:00,6.975156137514234,10.785108333333335,-19.547500000000003,84
2026-01-24 11:00:00,6.229973548538098,7.303508333333333,-18.031666666666666,84
2026-01-24 12:00:00,6.02181663301998,5.223425000000001,-16.8475,84
2026-01-24 13:00:00,6.498486385267107,5.278791666666667,-16.685,84
2026-01-24 14:00:00,6.498486385267107,5.069441666666666,-17.198333333333334,84
2026-01-24 15:00:00,7.512181810972253,6.433308333333333,-17.615,84
2026-01-24 16:00:00,6.975156137514234,5.678275,-18.740833333333338,84
2026-01-24 17:00:00,6.498486385267107,5.108033333333332,-19.730833333333333,84
2026-01-24 18:00:00,7.512181810972253,5.867083333333333,-20.538333333333334,84
2026-01-24 19:00:00,7.928495642008488,5.201733333333332,-21.188333333333333,84
2026-01-24 20:00:00,8.942191067713635,6.783433333333334,-21.846666666666664,84
2026-01-24 21:00:00,8.405165394255615,7.275708333333334,-22.36,84
2026-01-24 22:00:00,8.673678230984624,6.871708333333333,-22.531666666666666,84
2026-01-25 00:00:00,6.18484596125157,7.675191666666667,-22.9375,85
2026-01-25 01:00:00,6.18484596125157,6.185941666666666,-22.888333333333332,85
2026-01-25 02:00:00,6.514971958363847,8.104708333333333,-22.83,85
2026-01-25 03:00:00,6.18484596125157,7.3517,-22.86583333333333,85
2026-01-25 04:00:00,6.18484596125157,8.983458333333333,-22.8475,85
2026-01-25 05:00:00,6.18484596125157,8.341525,-22.74416666666667,85
2026-01-25 06:00:00,6.18484596125157,9.589116666666667,-22.4075,85
2026-01-25 07:00:00,5.854719964139293,6.333158333333333,-22.36583333333333,85
2026-01-25 08:00:00,6.514971958363847,6.583191666666665,-20.911666666666665,85
2026-01-25 09:00:00,6.514971958363847,7.068783333333334,-19.430833333333336,85
2026-01-25 10:00:00,6.514971958363847,5.363125,-17.591666666666665,85
2026-01-25 11:00:00,6.03437429334238,5.123191666666666,-16.059166666666666,85
2026-01-25 12:00:00,6.845097955476125,6.510199999999999,-15.226666666666667,85
2026-01-25 13:00:00,6.514971958363847,8.165266666666666,-15.292499999999999,85
2026-01-25 14:00:00,6.18484596125157,6.762883333333334,-15.207499999999998,85
2026-01-25 15:00:00,6.845097955476125,14.514725000000002,-15.213333333333333,85
2026-01-25 16:00:00,3.9323293040534284,13.395808333333333,-15.491666666666667,85
2026-01-25 17:00:00,3.7818576361442395,6.1394,-15.624166666666667,85
2026-01-25 18:00:00,5.4033049604117265,6.682149999999999,-15.729999999999999,85
2026-01-25 19:00:00,4.983351798697904,7.360775,-15.730000000000002,85
2026-01-25 20:00:00,5.2236506312086375,7.4774416666666665,-15.828333333333333,85
2026-01-25 21:00:00,5.46394946371937,6.374041666666667,-16.394166666666667,85
2026-01-25 22:00:00,6.274673125853114,5.807241666666666,-16.600833333333338,85
2026-01-26 00:00:00,6.045325046740848,5.852200000000001,-16.65833333333333,86
2026-01-26 01:00:00,7.543711454205631,4.933416666666667,-17.00583333333333,86
2026-01-26 02:00:00,7.156169998119008,6.769174999999999,-17.208333333333332,86
2026-01-26 03:00:00,6.381087085945762,7.652233333333333,-17.20833333333334,86
2026-01-26 04:00:00,6.381087085945762,6.516333333333333,-17.05,86
2026-01-26 05:00:00,6.768628542032385,4.4364083333333335,-16.848333333333333,86
2026-01-26 06:00:00,7.156169998119008,6.5369,-16.7175,86
2026-01-26 07:00:00,6.381087085945762,6.2651666666666666,-16.504999999999995,86
2026-01-26 08:00:00,6.381087085945762,8.001824999999998,-16.180833333333336,86
2026-01-26 09:00:00,6.381087085945762,7.307849999999999,-15.509166666666665,86
2026-01-26 10:00:00,6.381087085945762,5.842925,-14.653333333333334,86
2026-01-26 11:00:00,5.993545629859138,3.6011416666666665,-13.8275,86
2026-01-26 12:00:00,6.768628542032385,6.01345,-13.097500000000002,86
2026-01-26 13:00:00,5.993545629859138,6.463291666666667,-12.625833333333333,86
2026-01-26 14:00:00,5.993545629859138,5.788666666666667,-12.397499999999999,86
2026-01-26 15:00:00,5.657783590654224,4.003833333333334,-12.393333333333333,86
2026-01-26 16:00:00,6.286426211838027,5.084966666666666,-12.6625,86
2026-01-26 17:00:00,6.381087085945762,5.648366666666667,-12.774999999999999,86
2026-01-26 18:00:00,6.527527376935206,5.843183333333334,-12.605833333333331,86
2026-01-26 19:00:00,6.527527376935206,6.755625,-12.3025,86
2026-01-26 20:00:00,5.752444464761959,5.3926083333333334,-12.346666666666666,86
2026-01-26 21:00:00,5.752444464761959,7.1731750000000005,-12.551666666666668,86
2026-01-26 22:00:00,5.51134329966478,6.5469083333333336,-12.541666666666666,86
2026-01-27 00:00:00,5.468815628363775,5.1571,-12.39,87
2026-01-27 01:00:00,5.468815628363775,5.788983333333333,-12.495833333333332,87
2026-01-27 02:00:00,5.228516795853042,5.697941666666665,-12.5475,87
2026-01-27 03:00:00,4.747919130831575,3.805558333333333,-12.65333333333333,87
2026-01-27 04:00:00,5.899687234736271,5.1694,-13.120833333333335,87
2026-01-27 05:00:00,5.468815628363775,6.200108333333332,-13.504166666666668,87
2026-01-27 06:00:00,5.228516795853042,4.994091666666667,-14.055833333333334,87
2026-01-27 07:00:00,5.468815628363775,6.2865166666666665,-14.648333333333335,87
2026-01-27 08:00:00,5.468815628363775,6.516033333333333,-13.245833333333332,87
2026-01-27 09:00:00,5.659388402225538,5.995850000000001,-12.51,87
2026-01-27 10:00:00,4.076748691948346,3.4129833333333335,-10.699166666666665,87
2026-01-27 11:00:00,4.747919130831575,2.40855,-9.4675,87
2026-01-27 12:00:00,4.698193072182605,2.742208333333333,-8.901666666666666,87
2026-01-27 13:00:00,4.938491904693338,5.027074999999999,-8.82,87
2026-01-27 14:00:00,4.938491904693338,5.187199999999999,-9.476666666666667,87
2026-01-27 15:00:00,4.507620298320842,3.686633333333333,-10.591666666666667,87
2026-01-27 16:00:00,4.938491904693338,6.107341666666666,-11.88,87
2026-01-27 17:00:00,4.747919130831575,6.273666666666666,-14.666666666666666,87
2026-01-27 18:00:00,4.938491904693338,5.558325000000001,-15.074999999999998,87
2026-01-27 19:00:00,4.938491904693338,3.0479833333333333,-14.69,87
2026-01-27 20:00:00,6.280832782459797,4.195991666666667,-14.531666666666666,87
2026-01-27 21:00:00,5.849961176087301,6.306008333333333,-14.592500000000001,87
2026-01-27 22:00:00,5.659388402225538,5.456675,-14.643333333333336,87
2026-01-28 00:00:00,4.717710519715661,4.511041666666666,-15.480833333333335,88
2026-01-28 01:00:00,5.886436251979549,6.586041666666667,-15.727500000000001,88
2026-01-28 02:00:00,5.40610368187596,6.3684666666666665,-17.33416666666667,88
2026-01-28 03:00:00,4.717710519715662,4.501766666666667,-18.409166666666668,88
2026-01-28 04:00:00,5.635568069262726,6.385058333333333,-18.389166666666668,88
2026-01-28 05:00:00,6.1159006393663145,7.228458333333334,-17.727500000000003,88
2026-01-28 06:00:00,6.1159006393663145,4.92605,-18.031666666666666,88
2026-01-28 07:00:00,6.1159006393663145,6.9825583333333325,-18.995833333333334,88
2026-01-28 08:00:00,5.635568069262726,7.178966666666667,-15.829166666666667,88
2026-01-28 09:00:00,5.406103681875961,5.946191666666666,-14.184166666666668,88
2026-01-28 10:00:00,4.258781744942128,4.4549916666666665,-11.833333333333334,88
2026-01-28 11:00:00,4.488246132328896,3.2161499999999994,-10.596666666666666,88
2026-01-28 12:00:00,4.509649927658952,4.990266666666667,-9.329166666666667,88
2026-01-28 13:00:00,3.5703885827818302,4.462033333333332,-8.4675,88
2026-01-28 14:00:00,5.198043089819249,4.740216666666666,-9.635,88
2026-01-28 15:00:00,5.198043089819251,4.528558333333333,-10.670833333333334,88
2026-01-28 16:00:00,5.67837565992284,5.8304833333333335,-11.925833333333335,88
2026-01-28 17:00:00,4.717710519715661,3.0911416666666662,-13.232500000000002,88
2026-01-28 18:00:00,5.907840047309604,6.053741666666666,-15.009166666666667,88
2026-01-28 19:00:00,5.198043089819251,6.5658,-16.39,88
2026-01-28 20:00:00,5.198043089819251,5.43095,-17.371666666666666,88
2026-01-28 21:00:00,5.427507477206017,6.450008333333332,-17.824166666666667,88
2026-01-28 22:00:00,6.1159006393663145,6.127183333333333,-17.848333333333333,88
2026-01-29 00:00:00,6.508101755429263,5.1559083333333335,-15.962499999999999,89
2026-01-29 01:00:00,6.200603345649068,6.514708333333333,-15.8925,89
2026-01-29 02:00:00,6.200603345649068,5.8555416666666655,-16.537500000000005,89
2026-01-29 03:00:00,6.721160412123353,5.92435,-16.805833333333336,89
2026-01-29 04:00:00,6.200603345649068,6.345124999999999,-17.4175,89
2026-01-29 05:00:00,6.200603345649068,5.722058333333333,-17.980833333333333,89
2026-01-29 06:00:00,6.721160412123353,6.111033333333332,-16.912500000000005,89
2026-01-29 07:00:00,6.200603345649068,7.64175,-16.138333333333335,89
2026-01-29 08:00:00,5.561427375566799,5.127225000000001,-13.822500000000003,89
2026-01-29 09:00:00,6.200603345649068,5.899633333333334,-12.004166666666668,89
2026-01-29 10:00:00,4.614752995704335,6.073025,-10.050833333333333,89
2026-01-29 11:00:00,3.9755770256220666,2.63685,-8.629166666666666,89
2026-01-29 12:00:00,3.9755770256220666,3.7113000000000005,-7.695833333333334,89
2026-01-29 13:00:00,3.1233423988457085,4.915833333333333,-7.9025,89
2026-01-29 14:00:00,3.856958122014083,3.2790999999999997,-9.0375,89
2026-01-29 15:00:00,5.324189568350832,4.283858333333334,-10.231666666666667,89
2026-01-29 16:00:00,5.13531006217862,5.488266666666666,-11.444166666666668,89
2026-01-29 17:00:00,5.655867128652905,7.7980833333333335,-12.097500000000002,89
2026-01-29 18:00:00,5.13531006217862,6.042083333333333,-12.717500000000001,89
2026-01-29 19:00:00,5.229749815264726,5.43165,-13.32,89
2026-01-29 20:00:00,5.34836871887271,6.081858333333334,-13.661666666666667,89
2026-01-29 21:00:00,5.561427375566799,7.009866666666668,-13.995,89
2026-01-29 22:00:00,5.561427375566799,6.602366666666668,-14.565833333333332,89
2026-01-30 00:00:00,6.463879082529455,6.214625,-14.782499999999999,90
2026-01-30 01:00:00,6.369493214350739,6.905316666666666,-15.105833333333335,90
2026-01-30 02:00:00,6.8318804425789414,5.7083666666666675,-15.425000000000002,90
2026-01-30 03:00:00,6.8318804425789414,7.08945,-15.730833333333331,90
2026-01-30 04:00:00,6.8318804425789414,6.903841666666666,-16.018333333333334,90
2026-01-30 05:00:00,6.8318804425789414,5.735849999999999,-16.554999999999996,90
2026-01-30 06:00:00,6.8318804425789414,7.581783333333332,-16.74166666666667,90
2026-01-30 07:00:00,6.8318804425789414,7.767341666666667,-16.55083333333333,90
2026-01-30 08:00:00,6.369493214350739,7.593325,-16.13416666666667,90
2026-01-30 09:00:00,5.907105986122537,6.224625,-15.129166666666668,90
2026-01-30 10:00:00,5.817491174276509,6.869016666666666,-14.259166666666667,90
2026-01-30 11:00:00,5.355103946048307,4.5648,-13.181666666666665,90
2026-01-30 12:00:00,4.8974877741527925,5.130958333333333,-11.799999999999999,90
2026-01-30 13:00:00,4.713487094128049,5.738300000000001,-11.787500000000001,90
2026-01-30 14:00:00,4.713487094128049,6.044158333333333,-12.075000000000001,90
2026-01-30 15:00:00,5.633490494251766,5.600533333333333,-12.981666666666667,90
2026-01-30 16:00:00,6.279878402504711,7.488958333333332,-14.125,90
2026-01-30 17:00:00,6.0014918543012525,4.385808333333333,-14.884166666666665,90
2026-01-30 18:00:00,6.369493214350739,5.399975,-15.791666666666671,90
2026-01-30 19:00:00,6.369493214350739,5.459891666666667,-16.264166666666664,90
2026-01-30 20:00:00,6.8318804425789414,5.777916666666666,-16.28,90
2026-01-30 21:00:00,6.369493214350739,7.353225000000001,-16.347499999999997,90
2026-01-30 22:00:00,6.369493214350739,8.951125,-16.670833333333334,90
2026-01-31 00:00:00,6.882758219033101,7.944983333333332,-16.952499999999997,91
2026-01-31 01:00:00,6.882758219033101,6.100558333333333,-16.819166666666664,91
2026-01-31 02:00:00,7.416841292565579,9.233041666666667,-16.735,91
2026-01-31 03:00:00,6.8827582190331,6.4537249999999995,-16.820000000000004,91
2026-01-31 04:00:00,7.416841292565579,7.654983333333333,-16.750833333333336,91
2026-01-31 05:00:00,7.416841292565578,7.995358333333332,-16.69,91
2026-01-31 06:00:00,7.9509243660980555,6.784633333333332,-16.6925,91
2026-01-31 07:00:00,7.416841292565578,7.1789250000000004,-16.230833333333337,91
2026-01-31 08:00:00,7.416841292565579,6.572524999999999,-14.214166666666669,91
2026-01-31 09:00:00,6.882758219033101,6.749291666666668,-13.069166666666666,91
2026-01-31 10:00:00,6.017753820182767,6.798149999999999,-11.268333333333333,91
2026-01-31 11:00:00,4.791667227570022,4.4992833333333335,-9.736666666666666,91
2026-01-31 12:00:00,4.272664588259821,2.9177416666666662,-8.726666666666667,91
2026-01-31 13:00:00,4.272664588259821,3.3137916666666665,-8.421666666666667,91
2026-01-31 14:00:00,4.791667227570022,4.860658333333334,-9.448333333333332,91
2026-01-31 15:00:00,4.618666347799955,4.919683333333333,-10.69,91
2026-01-31 16:00:00,5.310669866880223,5.942491666666666,-11.94,91
2026-01-31 17:00:00,5.829672506190423,7.175391666666666,-13.213333333333333,91
2026-01-31 18:00:00,6.363755579722901,5.548825000000001,-13.889166666666666,91
2026-01-31 19:00:00,5.829672506190422,5.351891666666666,-14.805833333333332,91
2026-01-31 20:00:00,6.1907546999528345,3.9032916666666657,-15.088333333333333,91
2026-01-31 21:00:00,5.671752060642634,4.9353083333333325,-15.56083333333333,91
2026-01-31 22:00:00,5.122588552887878,6.703741666666666,-16.685833333333335,91
2026-02-01 00:00:00,5.76379972816825,5.6121083333333335,-17.7975,92
2026-02-01 01:00:00,5.917095841082662,6.578299999999999,-19.364166666666662,92
2026-02-01 02:00:00,6.070391953997073,7.044974999999999,-19.24083333333333,92
2026-02-01 03:00:00,6.771704905903805,6.461508333333333,-20.0725,92
2026-02-01 04:00:00,6.771704905903804,6.461866666666665,-18.990833333333338,92
2026-02-01 05:00:00,7.319721744896122,7.573316666666667,-19.745,92
2026-02-01 06:00:00,6.465112680074981,6.6040833333333335,-19.7775,92
2026-02-01 07:00:00,6.311816567160568,5.755366666666666,-19.828333333333333,92
2026-02-01 08:00:00,5.610503615253839,7.0852,-15.662500000000003,92
2026-02-01 09:00:00,5.150615276510603,4.884408333333333,-12.103333333333332,92
2026-02-01 10:00:00,4.296006211689461,4.824425,-8.948333333333332,92
2026-02-01 11:00:00,4.384134711938544,4.937708333333333,-7.865833333333334,92
2026-02-01 12:00:00,3.2881010339539083,3.0191083333333335,-6.9175,92
2026-02-01 13:00:00,3.836117872946226,4.29935,-6.0325,92
2026-02-01 14:00:00,3.836117872946226,4.144175000000001,-6.260000000000001,92
2026-02-01 15:00:00,4.6907269377673675,5.974949999999999,-6.989999999999999,92
2026-02-01 16:00:00,4.296006211689462,5.8910833333333334,-8.500833333333334,92
2026-02-01 17:00:00,5.150615276510603,4.895266666666667,-9.416666666666666,92
2026-02-01 18:00:00,4.755894550432696,5.0335833333333335,-9.994166666666667,92
2026-02-01 19:00:00,4.997319163596192,3.471799999999999,-10.291666666666666,92
2026-02-01 20:00:00,4.997319163596192,5.648808333333334,-10.44,92
2026-02-01 21:00:00,5.150615276510604,6.093558333333333,-11.347499999999998,92
2026-02-01 22:00:00,4.9091906633471085,4.879075,-12.26833333333333,92
2026-02-02 00:00:00,6.179256345532998,5.431399999999999,-14.848333333333336,93
2026-02-02 01:00:00,6.179256345532997,6.703891666666667,-16.051666666666673,93
2026-02-02 02:00:00,5.645953220619447,4.694716666666666,-16.2775,93
2026-02-02 03:00:00,6.712559470446549,5.9591916666666656,-16.87,93
2026-02-02 04:00:00,6.1792563455329965,6.174641666666667,-17.165833333333335,93
2026-02-02 05:00:00,6.179256345532998,5.3815333333333335,-16.9375,93
2026-02-02 06:00:00,6.1792563455329965,6.5369,-17.944166666666664,93
2026-02-02 07:00:00,5.645953220619447,6.449508333333332,-16.77916666666667,93
2026-02-02 08:00:00,5.25957086465897,4.829025,-10.894166666666665,93
2026-02-02 09:00:00,5.186110480182433,5.836850000000001,-8.31,93
2026-02-02 10:00:00,3.1998187494813046,3.6293333333333337,-5.698333333333333,93
2026-02-02 11:00:00,3.7331218743948553,2.4699,-3.4341666666666666,93
2026-02-02 12:00:00,3.1998187494813046,2.4192833333333335,-2.1024999999999996,93
2026-02-02 13:00:00,3.1998187494813046,2.069875,-1.1375000000000002,93
2026-02-02 14:00:00,3.1998187494813046,3.0371666666666663,-1.5833333333333333,93
2026-02-02 15:00:00,3.1998187494813046,2.8315083333333333,-2.7875,93
2026-02-02 16:00:00,3.7331218743948553,4.784291666666667,-4.078333333333333,93
2026-02-02 17:00:00,3.353099662960309,4.577675,-5.596666666666667,93
2026-02-02 18:00:00,4.039683701352865,4.328708333333333,-6.158333333333334,93
2026-02-02 19:00:00,4.346245528310874,3.790833333333334,-6.175,93
2026-02-02 20:00:00,4.039683701352865,4.4384500000000005,-8.055,93
2026-02-02 21:00:00,3.353099662960309,3.827641666666666,-9.4175,93
2026-02-02 22:00:00,3.88640278787386,4.651716666666667,-10.175833333333333,93
2026-02-03 00:00:00,5.058776601644374,4.630541666666665,-11.385,94
2026-02-03 01:00:00,4.900270592858194,5.388433333333333,-12.273333333333333,94
2026-02-03 02:00:00,5.058776601644374,5.013141666666667,-12.898333333333332,94
2026-02-03 03:00:00,5.375788619216735,5.353575,-13.9525,94
2026-02-03 04:00:00,5.217282610430555,5.239466666666666,-14.398333333333335,94
2026-02-03 05:00:00,5.058776601644375,4.514966666666666,-15.081666666666669,94
2026-02-03 06:00:00,4.84250779950255,5.610183333333334,-15.914999999999997,94
2026-02-03 07:00:00,5.217282610430554,6.261458333333333,-15.255000000000003,94
2026-02-03 08:00:00,4.583258575285835,4.212425,-8.611666666666666,94
2026-02-03 09:00:00,4.049977755571651,4.349683333333333,-7.3975,94
2026-02-03 10:00:00,3.8914717467854714,4.164091666666667,-4.3983333333333325,94
2026-02-03 11:00:00,3.1996849182851066,2.7512999999999996,-2.8641666666666663,94
2026-02-03 12:00:00,3.1996849182851066,1.5238833333333333,-1.6016666666666666,94
2026-02-03 13:00:00,3.1996849182851066,3.6463499999999995,-0.5133333333333333,94
2026-02-03 14:00:00,3.1996849182851066,2.649716666666667,-0.23166666666666666,94
2026-02-03 15:00:00,3.1996849182851066,2.908308333333333,-1.5599999999999998,94
2026-02-03 16:00:00,3.3581909270712864,3.8653500000000003,-4.092499999999999,94
2026-02-03 17:00:00,3.732965737999291,4.129275,-6.18,94
2026-02-03 18:00:00,3.1996849182851066,2.4491,-8.125,94
2026-02-03 19:00:00,4.583258575285835,4.754816666666667,-10.514166666666666,94
2026-02-03 20:00:00,3.1996849182851066,2.4886000000000004,-11.945000000000002,94
2026-02-03 21:00:00,4.900270592858194,4.3427333333333324,-13.028333333333336,94
2026-02-03 22:00:00,4.366989773144011,4.042158333333333,-13.765,94
2026-02-04 00:00:00,5.3352592302253585,5.261558333333333,-15.667500000000002,95
2026-02-04 01:00:00,4.957065963945897,5.428358333333333,-16.32333333333333,95
2026-02-04 02:00:00,5.643220976890648,4.118058333333334,-15.959166666666668,95
2026-02-04 03:00:00,5.489240103558004,5.065924999999999,-15.283333333333333,95
2026-02-04 04:00:00,5.643220976890648,6.39915,-14.703333333333333,95
2026-02-04 05:00:00,5.489240103558003,4.495508333333333,-13.663333333333334,95
2026-02-04 06:00:00,4.957065963945897,5.337258333333333,-13.07416666666667,95
2026-02-04 07:00:00,5.335259230225359,5.839924999999999,-12.528333333333334,95
2026-02-04 08:00:00,4.565354863562137,4.33645,-8.985,95
2026-02-04 09:00:00,3.501006584337924,3.6117166666666662,-5.923333333333333,95
2026-02-04 10:00:00,3.1930448376726352,4.737391666666667,-3.5708333333333333,95
2026-02-04 11:00:00,3.1930448376726352,6.9011249999999995,-2.108333333333334,95
2026-02-04 12:00:00,2.1286965584484236,5.410266666666667,-1.3275,95
2026-02-04 13:00:00,3.725218977284741,3.60915,-0.5133333333333334,95
2026-02-04 14:00:00,3.725218977284741,3.939166666666667,-1.2500000000000002,95
2026-02-04 15:00:00,3.725218977284741,2.7916,-2.1199999999999997,95
2026-02-04 16:00:00,4.03318072395003,4.661525,-3.3275,95
2026-02-04 17:00:00,4.34114247061532,4.788174999999999,-4.491666666666666,95
2026-02-04 18:00:00,4.03318072395003,4.226633333333333,-5.6433333333333335,95
2026-02-04 19:00:00,4.03318072395003,3.2471666666666668,-6.195833333333333,95
2026-02-04 20:00:00,4.34114247061532,5.521333333333333,-7.1258333333333335,95
2026-02-04 21:00:00,4.649104217280608,5.867666666666666,-7.8,95
2026-02-04 22:00:00,4.34114247061532,4.794341666666666,-8.185,95
2026-02-05 00:00:00,5.074150915008655,3.7260249999999995,-8.643333333333333,96
2026-02-05 01:00:00,5.405590878754405,5.298,-8.549999999999999,96
2026-02-05 02:00:00,5.4055908787544045,3.5807749999999996,-9.459166666666667,96
2026-02-05 03:00:00,4.87489700304887,5.8556083333333335,-10.25,96
2026-02-05 04:00:00,5.405590878754405,5.132616666666666,-10.953333333333333,96
2026-02-05 05:00:00,4.377737057430245,3.856924999999999,-10.643333333333333,96
2026-02-05 06:00:00,4.7091770211759965,4.725391666666666,-8.403333333333334,96
2026-02-05 07:00:00,4.908430933135779,6.186883333333333,-7.5775,96
2026-02-05 08:00:00,4.54345703930312,9.173366666666666,-7.074166666666667,96
2026-02-05 09:00:00,3.184163254233208,2.789458333333333,-6.120833333333334,96
2026-02-05 10:00:00,4.245551005644278,3.669458333333333,-4.138333333333334,96
2026-02-05 11:00:00,3.7148571299387427,3.3574499999999996,-3.9766666666666666,96
2026-02-05 12:00:00,3.184163254233208,3.650091666666667,-3.473333333333334,96
2026-02-05 13:00:00,3.184163254233208,3.307958333333333,-3.671666666666667,96
2026-02-05 14:00:00,3.7148571299387427,3.042825,-4.078333333333334,96
2026-02-05 15:00:00,4.245551005644278,3.988433333333333,-5.495833333333334,96
2026-02-05 16:00:00,3.3498832361060837,4.636958333333334,-7.161666666666666,96
2026-02-05 17:00:00,4.377737057430245,4.781158333333334,-9.306666666666667,96
2026-02-05 18:00:00,4.90843093313578,4.589158333333334,-10.458333333333334,96
2026-02-05 19:00:00,5.23987089688153,5.073975,-11.385833333333332,96
2026-02-05 20:00:00,5.239870896881531,4.688341666666666,-12.245833333333332,96
2026-02-05 21:00:00,4.874897003048871,5.231974999999999,-13.241666666666665,96
2026-02-05 22:00:00,4.576990969390029,5.095433333333332,-15.204166666666667,96
2026-02-06 00:00:00,5.526032297271789,5.844508333333334,-17.01833333333333,97
2026-02-06 01:00:00,5.6855326914381,5.662116666666667,-18.080833333333334,97
2026-02-06 02:00:00,5.526032297271789,6.0312,-19.898333333333337,97
2026-02-06 03:00:00,6.057285940264452,4.544083333333332,-21.27,97
2026-02-06 04:00:00,6.216786334430763,6.832041666666665,-22.11583333333333,97
2026-02-06 05:00:00,6.376286728597074,6.455441666666666,-23.535833333333333,97
2026-02-06 06:00:00,6.907540371589737,7.297066666666667,-24.221666666666664,97
2026-02-06 07:00:00,6.748039977423426,6.5482000000000005,-23.328333333333337,97
2026-02-06 08:00:00,6.216786334430763,7.376533333333333,-18.860833333333332,97
2026-02-06 09:00:00,5.366531903105479,6.295933333333333,-15.115000000000002,97
2026-02-06 10:00:00,4.197276683447574,4.636683333333334,-10.834166666666667,97
2026-02-06 11:00:00,4.569029932273926,4.807841666666667,-9.235833333333334,97
2026-02-06 12:00:00,4.250029143941306,4.1336666666666675,-7.7491666666666665,97
2026-02-06 13:00:00,4.250029143941306,4.683916666666667,-6.848333333333334,97
2026-02-06 14:00:00,4.250029143941306,3.3192749999999993,-6.713333333333332,97
2026-02-06 15:00:00,4.569029932273926,5.27645,-6.948333333333333,97
2026-02-06 16:00:00,4.888030720606547,5.734933333333334,-8.513333333333334,97
2026-02-06 17:00:00,4.675777865946505,5.6171,-10.843333333333334,97
2026-02-06 18:00:00,5.047531114772857,4.713558333333333,-12.841666666666667,97
2026-02-06 19:00:00,5.526032297271789,5.311991666666666,-15.105833333333331,97
2026-02-06 20:00:00,5.526032297271789,4.696908333333333,-17.27,97
2026-02-06 21:00:00,5.6855326914381,6.963208333333334,-18.4175,97
2026-02-06 22:00:00,6.216786334430763,6.062941666666667,-18.962500000000002,97
2026-02-07 00:00:00,6.40106651166568,6.535375,-20.450000000000003,98
2026-02-07 01:00:00,6.40106651166568,6.011183333333333,-19.80666666666667,98
2026-02-07 02:00:00,6.40106651166568,6.275483333333334,-18.708333333333336,98
2026-02-07 03:00:00,6.40106651166568,5.742883333333333,-17.749999999999996,98
2026-02-07 04:00:00,6.40106651166568,7.283375000000001,-17.203333333333337,98
2026-02-07 05:00:00,5.870541897365621,5.456675,-17.175,98
2026-02-07 06:00:00,6.40106651166568,6.892441666666667,-16.522499999999997,98
2026-02-07 07:00:00,6.40106651166568,5.357075,-16.083333333333332,98
2026-02-07 08:00:00,5.328426903043903,5.631991666666666,-12.697500000000003,98
2026-02-07 09:00:00,5.328426903043903,4.560691666666666,-8.430833333333334,98
2026-02-07 10:00:00,4.786311908722184,5.044058333333333,-5.628333333333333,98
2026-02-07 11:00:00,4.786311908722184,5.101458333333333,-4.17,98
2026-02-07 12:00:00,3.1831476858003493,1.9968833333333333,-2.891666666666667,98
2026-02-07 13:00:00,4.120258545841696,3.276883333333333,-3.35,98
2026-02-07 14:00:00,3.4542051829612084,4.4818083333333325,-3.598333333333334,98
2026-02-07 15:00:00,3.1831476858003493,3.2284500000000005,-4.4366666666666665,98
2026-02-07 16:00:00,4.120258545841696,4.762433333333334,-5.459166666666666,98
2026-02-07 17:00:00,4.526844791582985,5.413716666666667,-6.079166666666667,98
2026-02-07 18:00:00,4.526844791582985,4.284425,-6.338333333333334,98
2026-02-07 19:00:00,5.057369405883043,5.419216666666666,-6.496666666666667,98
2026-02-07 20:00:00,5.192898154463473,4.76085,-6.644166666666667,98
2026-02-07 21:00:00,4.131848925863356,4.033366666666666,-6.6625000000000005,98
2026-02-07 22:00:00,5.328426903043903,5.198666666666666,-7.0375000000000005,98
2026-02-08 00:00:00,4.899665396090011,4.3805,-10.0425,99
2026-02-08 01:00:00,5.6271901436045715,5.828158333333333,-11.240833333333333,99
2026-02-08 02:00:00,5.434182307092667,4.345516666666667,-12.23666666666667,99
2026-02-08 03:00:00,5.6271901436045715,5.793216666666667,-12.610833333333334,99
2026-02-08 04:00:00,5.627190143604571,6.282191666666668,-13.296666666666667,99
2026-02-08 05:00:00,6.161707054607225,5.612941666666665,-13.843333333333332,99
2026-02-08 06:00:00,6.354714891119131,6.8548166666666654,-14.235,99
2026-02-08 07:00:00,6.354714891119131,6.080641666666668,-13.595833333333333,99
2026-02-08 08:00:00,5.434182307092667,6.270325,-11.25,99
2026-02-08 09:00:00,5.434182307092666,5.521366666666666,-11.138333333333334,99
2026-02-08 10:00:00,4.662150961045047,6.088783333333333,-9.147499999999999,99
2026-02-08 11:00:00,4.276135288021236,2.4532166666666666,-7.29,99
2026-02-08 12:00:00,3.7416183770185816,3.431325,-6.019166666666667,99
2026-02-08 13:00:00,3.7416183770185816,2.7239666666666666,-5.343333333333334,99
2026-02-08 14:00:00,4.127634050042391,3.9055333333333326,-6.6025,99
2026-02-08 15:00:00,4.127634050042391,3.6258416666666657,-7.4775,99
2026-02-08 16:00:00,4.899665396090012,4.806058333333333,-8.83,99
2026-02-08 17:00:00,5.092673232601917,6.306699999999999,-10.416666666666666,99
2026-02-08 18:00:00,4.899665396090012,4.039366666666667,-11.939166666666665,99
2026-02-08 19:00:00,6.161707054607226,6.674566666666666,-13.435000000000002,99
2026-02-08 20:00:00,4.899665396090011,4.071324999999999,-14.473333333333331,99
2026-02-08 21:00:00,5.820197980116476,6.704391666666666,-14.843333333333332,99
2026-02-08 22:00:00,5.820197980116476,4.793125,-14.959166666666667,99
2026-02-09 00:00:00,5.558690476744616,5.5949,-15.527500000000003,100
2026-02-09 01:00:00,6.552389890949675,7.951391666666666,-15.788333333333332,100
2026-02-09 02:00:00,7.014777119177877,6.8135249999999985,-15.995,100
2026-02-09 03:00:00,6.7491210261894485,8.770675,-15.8175,100
2026-02-09 04:00:00,6.286733797961246,6.125433333333333,-15.606666666666667,100
2026-02-09 05:00:00,7.014777119177877,9.727766666666664,-15.666666666666671,100
2026-02-09 06:00:00,7.939551575634281,7.462533333333333,-15.782499999999999,100
2026-02-09 07:00:00,7.477164347406079,7.749983333333334,-14.785833333333331,100
2026-02-09 08:00:00,6.021077704972818,7.507008333333332,-12.574166666666665,100
2026-02-09 09:00:00,5.558690476744616,7.037941666666666,-11.509166666666667,100
2026-02-09 10:00:00,4.496066104790902,4.70115,-8.508333333333333,100
2026-02-09 11:00:00,4.496066104790902,2.999991666666666,-5.878333333333333,100
2026-02-09 12:00:00,3.6990978258256173,3.730316666666666,-4.2299999999999995,100
2026-02-09 13:00:00,3.9647539188140457,5.027966666666667,-3.019166666666667,100
2026-02-09 14:00:00,4.230410011802474,2.1043583333333333,-3.7624999999999997,100
2026-02-09 15:00:00,5.224109426007533,4.7448749999999995,-4.375,100
2026-02-09 16:00:00,5.027378290767759,5.609333333333333,-5.028333333333333,100
2026-02-09 17:00:00,4.7617221977793305,6.153975000000001,-6.609999999999999,100
2026-02-09 18:00:00,4.496066104790902,5.043241666666667,-7.6575,100
2026-02-09 19:00:00,4.830647155527985,4.6257,-8.550833333333333,100
2026-02-09 20:00:00,4.7617221977793305,5.560058333333333,-9.046666666666667,100
2026-02-09 21:00:00,5.293034383756187,6.057074999999999,-10.008333333333333,100
2026-02-09 22:00:00,5.293034383756187,5.051325,-10.889166666666668,100
2026-02-10 00:00:00,5.602233074613799,5.727766666666667,-11.953333333333333,101
2026-02-10 01:00:00,5.138301983950279,5.904566666666667,-12.102500000000001,101
2026-02-10 02:00:00,6.066164165277319,5.228033333333333,-12.384166666666665,101
2026-02-10 03:00:00,5.602233074613799,5.165475,-13.106666666666667,101
2026-02-10 04:00:00,6.0661641652773195,6.14625,-13.41666666666667,101
2026-02-10 05:00:00,5.840041951054152,7.004308333333334,-13.708333333333334,101
2026-02-10 06:00:00,5.364424198173445,6.751749999999999,-14.480833333333331,101
2026-02-10 07:00:00,5.126615321733093,6.1395333333333335,-12.643333333333333,101
2026-02-10 08:00:00,4.662684231069573,4.472408333333333,-9.461666666666666,101
2026-02-10 09:00:00,4.650997568852386,5.792800000000001,-7.7316666666666665,101
2026-02-10 10:00:00,2.7835865439811194,2.111625,-4.444166666666667,101
2026-02-10 11:00:00,3.2475176346446393,2.760491666666666,-1.95,101
2026-02-10 12:00:00,2.7835865439811194,1.4306333333333332,-0.023333333333333362,101
2026-02-10 13:00:00,2.7835865439811194,2.294633333333333,1.6349999999999998,101
2026-02-10 14:00:00,2.7835865439811194,1.7288166666666662,0.9758333333333332,101
2026-02-10 15:00:00,3.4970131733021796,3.9525666666666655,-1.2775,101
2026-02-10 16:00:00,3.4970131733021796,3.2547249999999996,-3.486666666666667,101
2026-02-10 17:00:00,4.4365620168464055,5.070049999999999,-5.2700000000000005,101
2026-02-10 18:00:00,4.662684231069573,3.67415,-6.041666666666667,101
2026-02-10 19:00:00,3.972630926182886,4.285825,-7.050833333333333,101
2026-02-10 20:00:00,4.198753140406053,3.6528666666666667,-7.944166666666667,101
2026-02-10 21:00:00,4.900493107509925,5.3322416666666665,-7.551666666666667,101
2026-02-10 22:00:00,4.198753140406053,4.730841666666667,-6.990833333333334,101
2026-02-11 00:00:00,4.593313991110155,3.8062666666666662,-5.721666666666667,102
2026-02-11 01:00:00,5.033229717524495,4.906258333333333,-5.72,102
2026-02-11 02:00:00,3.664943356539786,3.722633333333333,-5.596666666666667,102
2026-02-11 03:00:00,5.033229717524495,4.758991666666666,-5.392500000000001,102
2026-02-11 04:00:00,4.129128673824971,3.068208333333333,-5.161666666666666,102
2026-02-11 05:00:00,4.569044400239312,4.924875,-5.2025,102
2026-02-11 06:00:00,4.129128673824971,3.6509,-5.170833333333333,102
2026-02-11 07:00:00,5.033229717524495,4.369524999999999,-4.8525,102
2026-02-11 08:00:00,4.349086537032141,3.542216666666667,-3.7641666666666667,102
2026-02-11 09:00:00,4.813271854317326,3.570066666666667,-2.8983333333333334,102
2026-02-11 10:00:00,3.664943356539786,3.7197999999999993,-2.43,102
2026-02-11 11:00:00,3.9091708106177996,3.10145,-1.7708333333333333,102
2026-02-11 12:00:00,4.129128673824971,3.7052583333333327,-1.6108333333333336,102
2026-02-11 13:00:00,3.225027630125445,2.6411666666666664,-0.9025,102
2026-02-11 14:00:00,3.664943356539786,3.9243333333333332,-0.2316666666666667,102
2026-02-11 15:00:00,3.4449854933326156,2.6687666666666665,-0.9716666666666667,102
2026-02-11 16:00:00,3.884901219746957,3.33205,-2.2308333333333334,102
2026-02-11 17:00:00,3.884901219746957,2.3827583333333333,-2.7691666666666666,102
2026-02-11 18:00:00,3.4449854933326156,1.9448916666666665,-3.045833333333333,102
2026-02-11 19:00:00,4.349086537032141,4.0365,-3.5741666666666667,102
2026-02-11 20:00:00,2.9808001760474316,3.571633333333333,-3.6566666666666667,102
2026-02-11 21:00:00,4.349086537032141,4.585708333333333,-3.5,102
2026-02-11 22:00:00,4.349086537032141,4.304999999999999,-4.13,102
2026-02-12 00:00:00,4.466472042052855,3.2883166666666663,-3.763333333333333,103
2026-02-12 01:00:00,4.4110192180591286,4.322691666666667,-3.7550000000000003,103
2026-02-12 02:00:00,4.622748136485604,4.330375,-3.7350000000000008,103
2026-02-12 03:00:00,4.678200960479331,3.199808333333333,-3.765,103
2026-02-12 04:00:00,4.411019218059128,4.824891666666666,-3.8249999999999997,103
2026-02-12 05:00:00,4.199290299632652,3.7345416666666673,-3.9033333333333338,103
2026-02-12 06:00:00,4.4110192180591286,5.0908083333333325,-3.875833333333333,103
2026-02-12 07:00:00,3.775832462779701,2.598758333333333,-3.76,103
2026-02-12 08:00:00,3.987561381206177,3.914633333333333,-2.3183333333333334,103
2026-02-12 09:00:00,3.2969218019330224,4.179775,-1.1575,103
2026-02-12 10:00:00,2.873463965080071,1.358933333333333,-0.4716666666666667,103
2026-02-12 11:00:00,3.0851928835065467,2.413675,-0.3933333333333333,103
2026-02-12 12:00:00,3.2969218019330224,3.366916666666667,0.33916666666666667,103
2026-02-12 13:00:00,3.2969218019330224,2.5162333333333335,-0.4125000000000001,103
2026-02-12 14:00:00,3.5086507203594977,2.3535833333333334,-1.0925,103
2026-02-12 15:00:00,3.93210855721245,3.8070666666666666,-1.6058333333333332,103
2026-02-12 16:00:00,3.932108557212449,3.1934750000000003,-2.8991666666666664,103
2026-02-12 17:00:00,4.622748136485604,4.212108333333333,-3.8191666666666664,103
2026-02-12 18:00:00,4.622748136485603,3.436758333333333,-4.416666666666666,103
2026-02-12 19:00:00,4.3555663940654,3.0305166666666667,-5.096666666666667,103
2026-02-12 20:00:00,4.622748136485604,3.786391666666667,-6.014166666666667,103
2026-02-12 21:00:00,4.834477054912079,4.787366666666666,-6.9875,103
2026-02-12 22:00:00,4.834477054912079,1.924825,-7.735833333333333,103
2026-02-13 00:00:00,4.737518521758285,4.728841666666666,-9.166666666666666,104
2026-02-13 01:00:00,4.8591983041274736,6.180033333333332,-9.953333333333333,104
2026-02-13 02:00:00,5.136181665165611,4.2273499999999995,-9.37,104
2026-02-13 03:00:00,5.379541229903986,5.601999999999999,-10.199166666666667,104
2026-02-13 04:00:00,5.2578614475348004,4.2957,-10.782499999999999,104
2026-02-13 05:00:00,5.102557868865849,6.237658333333334,-11.634166666666667,104
2026-02-13 06:00:00,4.737518521758285,4.702133333333333,-12.704166666666666,104
2026-02-13 07:00:00,5.136181665165612,5.210916666666666,-11.536666666666667,104
2026-02-13 08:00:00,5.136181665165611,5.794574999999999,-7.796666666666667,104
2026-02-13 09:00:00,4.250799392281535,4.8809,-6.291666666666667,104
2026-02-13 10:00:00,3.6087766841358344,3.3887666666666663,-4.326666666666667,104
2026-02-13 11:00:00,3.1220575546590834,0.8782333333333332,-2.5,104
2026-02-13 12:00:00,3.243737337028271,2.2632916666666665,-1.2816666666666665,104
2026-02-13 13:00:00,2.6017146288825694,0.66665,-0.5358333333333333,104
2026-02-13 14:00:00,3.08843375835932,0.8809416666666666,-0.67,104
2026-02-13 15:00:00,3.730456466505022,3.5822916666666664,-2.12,104
2026-02-13 16:00:00,3.487096901766646,2.4755583333333333,-3.106666666666667,104
2026-02-13 17:00:00,4.095495813612585,4.694658333333333,-4.37,104
2026-02-13 18:00:00,3.3654171193974585,2.5429416666666667,-5.62,104
2026-02-13 19:00:00,3.8521362488742095,4.047091666666667,-6.737500000000001,104
2026-02-13 20:00:00,3.7304564665050215,3.2973166666666662,-7.769166666666667,104
2026-02-13 21:00:00,4.095495813612585,4.871991666666666,-8.1575,104
2026-02-13 22:00:00,4.615838739389098,7.123324999999998,-8.049999999999999,104
2026-02-14 00:00:00,6.19509444115237,5.682466666666666,-8.005,105
2026-02-14 01:00:00,5.715640903309545,4.538508333333333,-7.814166666666666,105
2026-02-14 02:00:00,5.4207076360083235,5.410941666666667,-8.360833333333334,105
2026-02-14 03:00:00,5.4207076360083235,5.751325,-9.735833333333334,105
2026-02-14 04:00:00,4.646320830864277,4.7354,-10.355833333333333,105
2026-02-14 05:00:00,5.580525481955932,5.053058333333333,-12.167499999999999,105
2026-02-14 06:00:00,6.19509444115237,6.869675,-14.448333333333332,105
2026-02-14 07:00:00,5.101071944113107,3.955591666666667,-12.115,105
2026-02-14 08:00:00,4.326685138969061,5.9465249999999985,-5.767500000000001,105
2026-02-14 09:00:00,4.166867293021452,3.5405333333333338,-4.13,105
2026-02-14 10:00:00,3.07284479598219,2.907408333333333,-1.6208333333333333,105
2026-02-14 11:00:00,2.458275836785752,2.2466333333333335,-0.2775,105
2026-02-14 12:00:00,3.07284479598219,3.3390666666666666,-0.24083333333333332,105
2026-02-14 13:00:00,2.458275836785752,2.377833333333333,0.1525,105
2026-02-14 14:00:00,3.392480487877406,3.6920916666666663,-0.6816666666666666,105
2026-02-14 15:00:00,4.486502984916669,3.4087166666666664,-1.3883333333333334,105
2026-02-14 16:00:00,3.5522983338250143,3.0301666666666667,-2.6491666666666664,105
2026-02-14 17:00:00,4.646320830864277,3.241574999999999,-3.2641666666666667,105
2026-02-14 18:00:00,4.031751871667839,3.7318249999999993,-2.9399999999999995,105
2026-02-14 19:00:00,3.7121161797726225,4.026966666666667,-3.4825,105
2026-02-14 20:00:00,4.166867293021452,2.4694583333333333,-3.8974999999999995,105
2026-02-14 21:00:00,4.486502984916669,4.78505,-5.2225,105
2026-02-14 22:00:00,3.7121161797726225,3.192666666666667,-5.718333333333334,105
2026-02-15 00:00:00,4.086925422095373,4.381841666666666,-7.033333333333334,106
2026-02-15 01:00:00,4.714802423934237,4.992075000000001,-8.0475,106
2026-02-15 02:00:00,5.2833266716748675,4.734491666666667,-9.454166666666667,106
2026-02-15 03:00:00,5.093818589094658,3.969808333333333,-11.0375,106
2026-02-15 04:00:00,5.283326671674868,5.244408333333333,-12.036666666666667,106
2026-02-15 05:00:00,5.2833266716748675,5.066441666666666,-12.765,106
2026-02-15 06:00:00,5.911203673513732,5.881933333333333,-13.185,106
2026-02-15 07:00:00,5.093818589094657,4.088933333333333,-12.079166666666667,106
2026-02-15 08:00:00,5.093818589094658,4.488458333333335,-8.958333333333334,106
2026-02-15 09:00:00,4.904310506514447,5.6234166666666665,-7.273333333333333,106
2026-02-15 10:00:00,3.1393850091943207,3.3358583333333334,-5.015000000000001,106
2026-02-15 11:00:00,2.5115080073554568,1.5607833333333334,-3.3008333333333333,106
2026-02-15 12:00:00,3.1393850091943207,1.7899083333333334,-0.8241666666666666,106
2026-02-15 13:00:00,2.5115080073554568,0.7125833333333333,0.31,106
2026-02-15 14:00:00,3.1393850091943207,1.8013166666666665,0.6900000000000001,106
2026-02-15 15:00:00,3.518401174354741,2.7593083333333337,-1.593333333333333,106
2026-02-15 16:00:00,4.335786258773815,3.775958333333333,-3.078333333333333,106
2026-02-15 17:00:00,4.276433504675582,5.420816666666666,-5.111666666666667,106
2026-02-15 18:00:00,3.7079092569349523,3.2329416666666666,-6.360833333333333,106
2026-02-15 19:00:00,5.093818589094657,4.041775,-8.115833333333333,106
2026-02-15 20:00:00,5.093818589094658,4.703874999999999,-9.6075,106
2026-02-15 21:00:00,4.714802423934238,3.1007000000000002,-10.828333333333333,106
2026-02-15 22:00:00,5.283326671674869,5.687941666666665,-11.875,106
2026-02-16 00:00:00,5.532974468843234,6.196583333333333,-14.5175,107
2026-02-16 01:00:00,4.969390141040771,3.895758333333333,-15.292499999999997,107
2026-02-16 02:00:00,5.532974468843234,5.459291666666666,-16.2925,107
2026-02-16 03:00:00,5.345113026242413,5.486516666666666,-17.014166666666668,107
2026-02-16 04:00:00,6.036734834847818,4.789433333333333,-17.581666666666667,107
2026-02-16 05:00:00,5.532974468843235,4.984933333333333,-17.356666666666666,107
2026-02-16 06:00:00,6.284420239246521,4.953225,-16.879166666666666,107
2026-02-16 07:00:00,6.916218086054044,7.497633333333334,-14.9125,107
2026-02-16 08:00:00,4.465629775036187,3.556858333333333,-9.271666666666667,107
2026-02-16 09:00:00,4.465629775036187,5.561183333333333,-5.439166666666666,107
2026-02-16 10:00:00,3.022562196027498,1.3382916666666667,-1.7275,107
2026-02-16 11:00:00,3.022562196027498,2.3721916666666667,0.7775,107
2026-02-16 12:00:00,2.518801830022915,1.1329416666666665,2.735833333333334,107
2026-02-16 13:00:00,2.518801830022915,1.8876333333333335,3.7116666666666664,107
2026-02-16 14:00:00,2.518801830022915,2.125658333333333,3.4258333333333333,107
2026-02-16 15:00:00,3.082386157825379,2.640258333333333,2.1708333333333334,107
2026-02-16 16:00:00,3.586146523829962,3.253058333333333,0.14833333333333334,107
2026-02-16 17:00:00,3.3982850812291403,3.8889416666666667,-3.01,107
2026-02-16 18:00:00,4.277768332435366,3.6984916666666665,-4.565,107
2026-02-16 19:00:00,3.9618694090316042,3.208341666666667,-6.394166666666667,107
2026-02-16 20:00:00,4.465629775036187,3.9875,-7.330000000000001,107
2026-02-16 21:00:00,4.781528698439949,3.5965416666666665,-8.635,107
2026-02-16 22:00:00,5.1572515836415915,4.133249999999999,-9.725833333333334,107
2026-02-17 00:00:00,4.6543014706565,3.579033333333333,-10.495833333333334,108
2026-02-17 01:00:00,5.292185641569459,3.842516666666667,-10.615833333333333,108
2026-02-17 02:00:00,5.292185641569459,4.333825,-10.124166666666666,108
2026-02-17 03:00:00,5.814171684378431,6.022816666666666,-9.772499999999999,108
2026-02-17 04:00:00,5.13271459884122,4.755425,-9.588333333333333,108
2026-02-17 05:00:00,4.97324355611298,3.649716666666667,-10.667499999999999,108
2026-02-17 06:00:00,5.29218564156946,5.430766666666666,-11.889999999999999,108
2026-02-17 07:00:00,4.97324355611298,5.215299999999999,-10.163333333333334,108
2026-02-17 08:00:00,3.4508583423103154,3.2755083333333332,-4.774166666666667,108
2026-02-17 09:00:00,3.1319162568538355,4.551833333333334,-1.2133333333333334,108
2026-02-17 10:00:00,2.609930214044863,1.3350416666666667,0.9408333333333334,108
2026-02-17 11:00:00,2.609930214044863,0.4337083333333333,2.703333333333333,108
2026-02-17 12:00:00,2.609930214044863,3.331591666666667,2.8608333333333333,108
2026-02-17 13:00:00,2.609930214044863,2.6948999999999996,1.8008333333333333,108
2026-02-17 14:00:00,2.928872299501343,3.3740083333333337,1.7500000000000002,108
2026-02-17 15:00:00,3.4508583423103145,3.199741666666667,1.6624999999999999,108
2026-02-17 16:00:00,3.972844385119288,3.9029583333333324,1.1941666666666666,108
2026-02-17 17:00:00,3.4508583423103154,3.431891666666667,0.5874999999999999,108
2026-02-17 18:00:00,3.7698004277667954,3.9982083333333334,0.2041666666666667,108
2026-02-17 19:00:00,3.610329385038555,2.0620249999999998,0.08666666666666667,108
2026-02-17 20:00:00,4.291786470575767,3.206291666666667,0.6766666666666666,108
2026-02-17 21:00:00,3.7698004277667945,3.0431166666666667,0.1666666666666667,108
2026-02-17 22:00:00,3.7698004277667945,3.6857416666666665,0.12083333333333335,108
2026-02-18 00:00:00,3.2420026161805664,2.297225,-0.68,109
2026-02-18 01:00:00,4.322670154907421,3.690708333333333,-2.8791666666666664,109
2026-02-18 02:00:00,4.008911820566712,4.174283333333333,-3.0500000000000003,109
2026-02-18 03:00:00,4.322670154907422,4.229166666666667,-2.6841666666666666,109
2026-02-18 04:00:00,3.706811240536421,3.3907833333333333,-1.3791666666666664,109
2026-02-18 05:00:00,4.008911820566712,3.6821666666666664,-2.0591666666666666,109
2026-02-18 06:00:00,4.008911820566712,4.132275,-2.453333333333333,109
2026-02-18 07:00:00,4.008911820566712,4.904466666666666,-2.120833333333333,109
2026-02-18 08:00:00,2.788851746135129,2.0473333333333334,-0.3841666666666667,109
2026-02-18 09:00:00,2.788851746135129,3.8263833333333337,0.6291666666666667,109
2026-02-18 10:00:00,2.3240431217792743,1.9923083333333333,1.75,109
2026-02-18 11:00:00,2.3240431217792743,0.0,2.0475,109
2026-02-18 12:00:00,1.8592344974234196,1.328825,3.3275,109
2026-02-18 13:00:00,1.3944258730675647,1.1105333333333334,3.499166666666667,109
2026-02-18 14:00:00,2.3240431217792743,1.1615916666666666,2.1533333333333333,109
2026-02-18 15:00:00,3.2420026161805655,2.548,1.055,109
2026-02-18 16:00:00,3.544103196210857,3.8479083333333333,-0.685,109
2026-02-18 17:00:00,3.857861530551567,4.104791666666666,-2.3283333333333336,109
2026-02-18 18:00:00,3.706811240536421,3.2614166666666664,-2.7591666666666668,109
2026-02-18 19:00:00,4.787478779263275,4.043725,-3.3533333333333335,109
2026-02-18 20:00:00,4.473720444922567,5.077875,-3.8341666666666665,109
2026-02-18 21:00:00,3.857861530551567,4.209316666666666,-4.541666666666667,109
2026-02-18 22:00:00,4.322670154907422,4.548633333333334,-5.291666666666667,109
2026-02-19 00:00:00,4.435632546355637,4.477516666666667,-6.708333333333333,110
2026-02-19 01:00:00,4.0846189825594665,5.211125,-5.668333333333334,110
2026-02-19 02:00:00,3.7336054187632954,2.9821000000000004,-7.051666666666667,110
2026-02-19 03:00:00,4.571259549354494,4.009791666666667,-7.976666666666667,110
2026-02-19 04:00:00,4.8425135553522045,5.940333333333333,-8.619166666666667,110
2026-02-19 05:00:00,5.193527119148375,4.752291666666667,-10.852500000000001,110
2026-02-19 06:00:00,5.329154122147231,5.058433333333333,-12.726666666666667,110
2026-02-19 07:00:00,5.05790011614952,4.484458333333333,-9.704166666666667,110
2026-02-19 08:00:00,3.813364976561755,5.421283333333333,-4.575,110
2026-02-19 09:00:00,2.9198434007701604,2.8385833333333332,-3.2558333333333334,110
2026-02-19 10:00:00,2.9198434007701604,2.3223,-0.8508333333333332,110
2026-02-19 11:00:00,1.9465622671801068,1.1324333333333332,0.5841666666666666,110
2026-02-19 12:00:00,1.9465622671801068,1.807325,1.7349999999999997,110
2026-02-19 13:00:00,1.9465622671801068,2.4017,2.749166666666666,110
2026-02-19 14:00:00,2.9198434007701604,1.1766999999999999,2.578333333333333,110
2026-02-19 15:00:00,4.300005543356781,3.316758333333333,1.3483333333333334,110
2026-02-19 16:00:00,2.975710845970557,2.1042083333333332,-0.20750000000000002,110
2026-02-19 17:00:00,0.8137620179931353,1.8255833333333333,-2.6858333333333335,110
2026-02-19 18:00:00,1.0291485787904502,3.2013583333333333,-3.9650000000000003,110
2026-02-19 19:00:00,1.7311757063827917,2.535933333333334,-5.438333333333333,110
2026-02-19 20:00:00,3.5979784157644397,3.6019499999999995,-7.315,110
2026-02-19 21:00:00,4.355872988557178,4.527591666666667,-8.656666666666666,110
2026-02-19 22:00:00,3.462351412765584,2.7030749999999997,-10.208333333333334,110
2026-02-20 00:00:00,3.771899368840848,5.295625,-12.507499999999999,111
2026-02-20 01:00:00,3.2249186897116537,3.4272416666666667,-13.3525,111
2026-02-20 02:00:00,4.261914662906533,4.2240166666666665,-14.180833333333334,111
2026-02-20 03:00:00,4.318880047970041,3.7908083333333336,-15.1025,111
2026-02-20 04:00:00,4.931399165552149,4.810033333333333,-15.89333333333333,111
2026-02-20 05:00:00,5.478379844681342,4.025408333333333,-16.791666666666668,111
2026-02-20 06:00:00,5.723387491714185,4.244541666666667,-16.819999999999997,111
2026-02-20 07:00:00,6.025360523810535,6.201508333333332,-13.601666666666665,111
2026-02-20 08:00:00,3.8944031923572693,5.330225,-7.005,111
2026-02-20 09:00:00,3.2818840747751623,3.7273000000000005,-3.875,111
2026-02-20 10:00:00,2.1879227165167747,2.4411250000000004,-1.689166666666667,111
2026-02-20 11:00:00,2.7349033956459685,1.4330833333333333,-0.3658333333333333,111
2026-02-20 12:00:00,2.1879227165167747,1.4623583333333332,0.6841666666666667,111
2026-02-20 13:00:00,2.1879227165167747,3.7449583333333334,1.2358333333333333,111
2026-02-20 14:00:00,1.640942037387581,1.3259166666666666,1.2025,111
2026-02-20 15:00:00,2.1879227165167747,2.439133333333333,0.19083333333333333,111
2026-02-20 16:00:00,3.224918689711654,3.482141666666667,-1.2083333333333333,111
2026-02-20 17:00:00,3.8944031923572693,3.413558333333333,-2.5225000000000004,111
2026-02-20 18:00:00,4.139410839390112,4.502083333333333,-3.4175,111
2026-02-20 19:00:00,3.771899368840848,3.1679666666666666,-4.345833333333333,111
2026-02-20 20:00:00,4.19637622445362,2.966183333333333,-5.228333333333333,111
2026-02-20 21:00:00,5.780352876777693,4.736425,-5.9075,111
2026-02-20 22:00:00,6.082325908874044,5.053541666666667,-6.865833333333334,111
2026-02-21 00:00:00,5.7623024376663095,4.822066666666666,-8.904166666666667,112
2026-02-21 01:00:00,5.259819298385391,4.060925,-9.721666666666666,112
2026-02-21 02:00:00,5.259819298385392,4.948049999999999,-10.522499999999999,112
2026-02-21 03:00:00,5.259819298385391,5.238941666666666,-11.105833333333331,112
2026-02-21 04:00:00,5.420170760006811,5.256466666666666,-11.467500000000001,112
2026-02-21 05:00:00,5.259819298385392,4.380333333333333,-12.722500000000002,112
2026-02-21 06:00:00,5.259819298385391,5.371983333333333,-13.706666666666669,112
2026-02-21 07:00:00,5.259819298385391,5.097616666666666,-11.324166666666665,112
2026-02-21 08:00:00,4.939116375142552,4.736291666666666,-8.7225,112
2026-02-21 09:00:00,4.276281774240213,4.150466666666667,-7.380833333333334,112
2026-02-21 10:00:00,3.6348759277545333,3.9154250000000004,-4.4225,112
2026-02-21 11:00:00,2.6513384036093552,0.0,-3.8508333333333336,112
2026-02-21 12:00:00,2.6513384036093552,1.9207416666666668,-2.8674999999999997,112
2026-02-21 13:00:00,1.9885038027070165,1.0455583333333334,-1.1516666666666666,112
2026-02-21 14:00:00,2.6513384036093552,2.4353833333333332,-0.3283333333333333,112
2026-02-21 15:00:00,2.9720413268521955,2.240158333333333,-1.4541666666666666,112
2026-02-21 16:00:00,3.4530957117164545,2.7289000000000003,-2.6566666666666663,112
2026-02-21 17:00:00,3.6134471733378746,3.034241666666666,-4.290833333333333,112
2026-02-21 18:00:00,4.436633235861633,3.1429499999999995,-5.760000000000001,112
2026-02-21 19:00:00,3.934150096580714,3.8503583333333333,-7.344166666666666,112
2026-02-21 20:00:00,4.436633235861633,2.8982583333333336,-8.445,112
2026-02-21 21:00:00,4.596984697483053,4.056024999999999,-9.4625,112
2026-02-21 22:00:00,4.596984697483053,3.9975749999999994,-10.221666666666666,112
2026-02-22 00:00:00,5.1280242346164515,5.191749999999999,-11.860833333333332,113
2026-02-22 01:00:00,5.288375696237872,6.302149999999999,-12.440833333333332,113
2026-02-22 02:00:00,5.288375696237872,4.671749999999999,-13.055833333333334,113
2026-02-22 03:00:00,5.196285927130062,4.788933333333333,-14.31,113
2026-02-22 04:00:00,5.837691773615742,5.353891666666666,-15.329999999999998,113
2026-02-22 05:00:00,5.8376917736157425,5.740616666666666,-15.856666666666664,113
2026-02-22 06:00:00,5.837691773615742,4.891383333333334,-15.5175,113
2026-02-22 07:00:00,5.288375696237872,6.603725,-12.527499999999998,113
2026-02-22 08:00:00,4.418356695617161,3.207491666666666,-6.195833333333334,113
2026-02-22 09:00:00,4.258005233995742,5.557549999999999,-2.6666666666666665,113
2026-02-22 10:00:00,3.0672833101321917,1.9439833333333336,-0.02833333333333336,113
2026-02-22 11:00:00,2.746580386889352,1.8377833333333333,1.3550000000000002,113
2026-02-22 12:00:00,1.647948232133611,0.9407166666666666,2.6950000000000003,113
2026-02-22 13:00:00,1.647948232133611,0.950975,3.3541666666666665,113
2026-02-22 14:00:00,1.647948232133611,0.9229833333333333,3.050833333333333,113
2026-02-22 15:00:00,2.517967232754321,1.8144166666666663,1.855833333333333,113
2026-02-22 16:00:00,2.838670155997161,2.935025,0.5416666666666669,113
2026-02-22 17:00:00,2.999021617618581,4.107458333333333,-2.685,113
2026-02-22 18:00:00,3.7086891566178717,3.6054749999999998,-4.194166666666667,113
2026-02-22 19:00:00,4.418356695617161,3.973883333333333,-5.4816666666666665,113
2026-02-22 20:00:00,4.418356695617161,4.511658333333334,-6.610833333333333,113
2026-02-22 21:00:00,3.616599387510062,3.6815999999999995,-7.454166666666667,113
2026-02-22 22:00:00,3.937302310752902,3.3531583333333335,-8.264166666666666,113
2026-02-23 00:00:00,3.967790714306557,3.7280916666666664,-9.924999999999999,114
2026-02-23 01:00:00,4.436373091970072,4.5496583333333325,-10.073333333333332,114
2026-02-23 02:00:00,4.436373091970073,2.9960916666666666,-10.138333333333334,114
2026-02-23 03:00:00,4.904955469633587,4.835425,-9.323333333333332,114
2026-02-23 04:00:00,4.904955469633587,4.609591666666667,-8.485833333333334,114
2026-02-23 05:00:00,5.019574481410579,4.441999999999999,-8.716666666666667,114
2026-02-23 06:00:00,4.670664280801829,5.006016666666667,-8.38,114
2026-02-23 07:00:00,3.967790714306558,3.249116666666666,-7.62,114
2026-02-23 08:00:00,4.67066428080183,4.340941666666667,-6.809166666666666,114
2026-02-23 09:00:00,4.670664280801829,5.199166666666667,-6.190833333333333,114
2026-02-23 10:00:00,3.3845893248660506,3.83195,-5.6066666666666665,114
2026-02-23 11:00:00,3.9677907143065574,3.7599416666666667,-5.510833333333333,114
2026-02-23 12:00:00,4.202081903138315,3.4121583333333327,-5.286666666666666,114
2026-02-23 13:00:00,4.436373091970072,4.252624999999999,-5.069999999999999,114
2026-02-23 14:00:00,4.436373091970072,5.485125,-4.7725,114
2026-02-23 15:00:00,5.019574481410579,4.24025,-4.5874999999999995,114
2026-02-23 16:00:00,5.717394882628079,5.700591666666666,-4.930000000000001,114
2026-02-23 17:00:00,5.368484682019329,4.7939083333333325,-5.324166666666667,114
2026-02-23 18:00:00,4.550992103747064,2.537183333333333,-5.5874999999999995,114
2026-02-23 19:00:00,4.670664280801829,2.9078249999999994,-5.7075,114
2026-02-23 20:00:00,2.921060112480309,3.752183333333333,-5.670833333333333,114
2026-02-23 21:00:00,2.4524777348167937,3.920416666666667,-5.5475,114
2026-02-23 22:00:00,3.2699703130890585,4.181083333333333,-5.68,114
2026-02-24 00:00:00,3.457805548877565,5.190183333333333,-5.801666666666667,115
2026-02-24 01:00:00,3.4578055488775643,3.5566083333333336,-5.640000000000001,115
2026-02-24 02:00:00,4.3124317583448475,5.189408333333334,-5.541666666666667,115
2026-02-24 03:00:00,4.5842069244977965,4.225116666666667,-5.661666666666666,115
2026-02-24 04:00:00,4.040656592191898,4.511841666666665,-5.857500000000001,115
2026-02-24 05:00:00,4.040656592191898,4.502608333333333,-6.283333333333334,115
2026-02-24 06:00:00,4.584206924497797,3.80095,-6.416666666666667,115
2026-02-24 07:00:00,4.584206924497798,5.7727916666666665,-5.995,115
2026-02-24 08:00:00,2.9142552165716653,3.7285999999999997,-3.875,115
2026-02-24 09:00:00,2.331404173257332,3.8525583333333335,-2.7466666666666666,115
2026-02-24 10:00:00,2.331404173257332,3.6017666666666663,-2.1750000000000003,115
2026-02-24 11:00:00,2.9142552165716653,1.941625,-2.6841666666666666,115
2026-02-24 12:00:00,2.9142552165716653,3.9856750000000005,-1.2691666666666668,115
2026-02-24 13:00:00,2.9142552165716653,2.8400333333333334,-1.2775,115
2026-02-24 14:00:00,2.9142552165716653,2.1185166666666664,-2.018333333333333,115
2026-02-24 15:00:00,4.0406565921918975,3.7721833333333334,-2.983333333333334,115
2026-02-24 16:00:00,4.0406565921918975,3.4449249999999996,-4.024166666666667,115
2026-02-24 17:00:00,4.584206924497798,5.3007583333333335,-5.425833333333333,115
2026-02-24 18:00:00,4.0406565921918975,2.63465,-6.898333333333333,115
2026-02-24 19:00:00,4.8559820906507465,3.505691666666667,-8.208333333333334,115
2026-02-24 20:00:00,4.584206924497798,4.842758333333333,-9.32,115
2026-02-24 21:00:00,5.167057967812131,6.421408333333334,-10.2775,115
2026-02-24 22:00:00,4.623507635506231,5.210483333333333,-11.273333333333333,115
2026-02-25 00:00:00,5.091441918644079,6.648791666666667,-12.612500000000002,116
2026-02-25 01:00:00,4.350585871852185,4.197241666666667,-13.963333333333331,116
2026-02-25 02:00:00,5.8322979654359735,5.755308333333334,-14.87416666666667,116
2026-02-25 03:00:00,5.275360328308589,5.269449999999999,-14.966666666666669,116
2026-02-25 04:00:00,4.350585871852184,6.010541666666665,-15.98666666666667,116
2026-02-25 05:00:00,4.812973100080387,4.490191666666667,-16.9025,116
2026-02-25 06:00:00,5.737747556536791,6.516283333333333,-15.958333333333334,116
2026-02-25 07:00:00,4.5345042815166945,5.920108333333333,-13.736666666666666,116
2026-02-25 08:00:00,4.629054690415877,6.51595,-11.7125,116
2026-02-25 09:00:00,3.7936482347247997,5.692208333333333,-10.278333333333334,116
2026-02-25 10:00:00,3.515179416161107,4.952808333333333,-9.7775,116
2026-02-25 11:00:00,3.3312610064965975,4.776291666666666,-8.851666666666667,116
2026-02-25 12:00:00,3.515179416161107,3.5064,-7.2075,116
2026-02-25 13:00:00,4.256035462953002,4.9651499999999995,-5.45,116
2026-02-25 14:00:00,3.7936482347247997,3.254833333333333,-4.865833333333334,116
2026-02-25 15:00:00,4.256035462953001,3.578441666666667,-4.889166666666667,116
2026-02-25 16:00:00,4.812973100080387,4.792283333333334,-5.1066666666666665,116
2026-02-25 17:00:00,4.072117053288492,5.317475,-5.375,116
2026-02-25 18:00:00,2.8688737782683953,2.4316416666666667,-5.435,116
2026-02-25 19:00:00,4.350585871852185,3.6580333333333335,-5.394166666666667,116
2026-02-25 20:00:00,3.7936482347247997,3.18295,-5.39,116
2026-02-25 21:00:00,4.166667462187674,3.2377749999999996,-5.459166666666667,116
2026-02-25 22:00:00,3.60972982506029,3.4046250000000007,-6.589166666666667,116
2026-02-26 00:00:00,5.11882197875505,5.334725000000001,-8.0975,117
2026-02-26 01:00:00,4.893055442681753,5.310733333333333,-7.774166666666667,117
2026-02-26 02:00:00,4.882201286600145,3.7380416666666667,-8.075000000000001,117
2026-02-26 03:00:00,4.882201286600145,5.061224999999999,-6.9975,117
2026-02-26 04:00:00,5.11882197875505,5.012250000000001,-6.885000000000001,117
2026-02-26 05:00:00,4.183193366217037,4.267733333333333,-6.670833333333333,117
2026-02-26 06:00:00,4.183193366217037,3.981333333333333,-6.213333333333334,117
2026-02-26 07:00:00,3.946572674062132,4.928391666666666,-5.240833333333334,117
2026-02-26 08:00:00,3.021798217605727,3.312766666666667,-1.7683333333333333,117
2026-02-26 09:00:00,2.3119361411410106,3.1672999999999996,0.2866666666666667,117
2026-02-26 10:00:00,1.8495489129128087,2.177983333333333,2.2158333333333333,117
2026-02-26 11:00:00,1.8495489129128087,1.1765416666666666,2.888333333333333,117
2026-02-26 12:00:00,0.9247744564564043,1.8692999999999997,2.2733333333333334,117
2026-02-26 13:00:00,1.8495489129128087,0.9868999999999999,2.045833333333333,117
2026-02-26 14:00:00,1.8495489129128087,0.977125,1.6716666666666669,117
2026-02-26 15:00:00,2.3119361411410106,2.3358749999999997,0.14749999999999996,117
2026-02-26 16:00:00,2.5485568332959163,1.9411333333333334,-0.8883333333333332,117
2026-02-26 17:00:00,3.720806137988835,3.4072250000000004,-2.459166666666667,117
2026-02-26 18:00:00,3.2475647536790238,3.204825,-3.670833333333334,117
2026-02-26 19:00:00,3.720806137988835,4.219333333333333,-4.859999999999999,117
2026-02-26 20:00:00,3.48418544583393,3.335575,-6.171666666666667,117
2026-02-26 21:00:00,3.9574268301437403,4.268416666666666,-8.191666666666666,117
2026-02-26 22:00:00,4.6455805944452395,4.292341666666667,-9.046666666666667,117
2026-02-27 00:00:00,4.031122672908578,4.21885,-9.0925,118
2026-02-27 01:00:00,4.191474134529998,4.8226,-9.999166666666666,118
2026-02-27 02:00:00,4.7334243840590915,3.6076499999999987,-10.726666666666667,118
2026-02-27 03:00:00,5.21447876892335,5.667741666666666,-11.100833333333334,118
2026-02-27 04:00:00,4.542624990105254,5.159916666666667,-11.295833333333334,118
2026-02-27 05:00:00,4.57307292243767,3.6805833333333333,-11.980833333333335,118
2026-02-27 06:00:00,5.37483023054477,5.525183333333333,-12.560833333333333,118
2026-02-27 07:00:00,5.05412730730193,5.8119,-8.9625,118
2026-02-27 08:00:00,3.069013903180058,4.691441666666666,-6.911666666666666,118
2026-02-27 09:00:00,2.8782145092262215,4.384633333333333,-5.7124999999999995,118
2026-02-27 10:00:00,3.069013903180058,2.9359249999999997,-4.093333333333333,118
2026-02-27 11:00:00,2.5575115859833817,0.0,-2.068333333333333,118
2026-02-27 12:00:00,2.5575115859833817,3.5885583333333337,-0.7083333333333334,118
2026-02-27 13:00:00,2.5575115859833817,1.6521,0.03333333333333335,118
2026-02-27 14:00:00,2.5575115859833817,2.865791666666666,0.24583333333333332,118
2026-02-27 15:00:00,3.389716826422898,2.048775,-0.9958333333333335,118
2026-02-27 16:00:00,3.8707712112871575,3.5343999999999993,-1.5008333333333335,118
2026-02-27 17:00:00,2.687415115272385,3.0999583333333334,-3.361666666666667,118
2026-02-27 18:00:00,3.0081180385152253,2.5615666666666668,-4.495,118
2026-02-27 19:00:00,3.168469500136645,3.5664000000000002,-5.088333333333333,118
2026-02-27 20:00:00,2.8173186445613885,3.8456,-6.3374999999999995,118
2026-02-27 21:00:00,2.4966157213185483,2.1897583333333333,-6.466666666666666,118
2026-02-27 22:00:00,2.656967182939969,4.379991666666666,-7.1475,118
2026-02-28 00:00:00,3.1660283078024154,4.5541833333333335,-10.7275,119
2026-02-28 01:00:00,3.3269151661280096,5.506433333333334,-12.065833333333332,119
2026-02-28 02:00:00,3.836870241008824,4.778025,-12.790833333333333,119
2026-02-28 03:00:00,3.3269151661280096,4.580175,-12.379166666666668,119
2026-02-28 04:00:00,3.836870241008824,5.952741666666666,-10.113333333333335,119
2026-02-28 05:00:00,3.1660283078024154,4.217466666666667,-7.950833333333333,119
2026-02-28 06:00:00,3.005141449476821,4.389725,-4.781666666666667,119
2026-02-28 07:00:00,2.495186374596007,2.8761999999999994,-3.2074999999999996,119
2026-02-28 08:00:00,3.005141449476821,4.115591666666667,-1.8274999999999997,119
2026-02-28 09:00:00,1.6634575830640046,4.199,0.7599999999999999,119
2026-02-28 10:00:00,1.0199101497616283,2.4841333333333333,3.4775000000000005,119
2026-02-28 11:00:00,1.0199101497616283,2.8792750000000003,5.915833333333333,119
2026-02-28 12:00:00,0.5099550748808142,2.0279499999999997,6.891666666666667,119
2026-02-28 13:00:00,0.0,1.2086916666666665,8.0975,119
2026-02-28 14:00:00,0.32177371665118815,1.991891666666667,5.2175,119
2026-02-28 15:00:00,0.6435474333023763,2.6843833333333333,4.1433333333333335,119
2026-02-28 16:00:00,0.32177371665118815,1.5137749999999999,4.81,119
2026-02-28 17:00:00,0.6435474333023763,3.1403083333333335,3.9825000000000004,119
2026-02-28 18:00:00,0.6435474333023763,1.8793666666666666,1.9016666666666664,119
2026-02-28 19:00:00,1.3143893665087845,1.7759083333333334,1.2583333333333333,119
2026-02-28 20:00:00,1.3143893665087845,2.486791666666666,1.1391666666666667,119
2026-02-28 21:00:00,0.9926156498575963,1.719258333333333,0.5425,119
2026-02-28 22:00:00,1.3143893665087845,4.235625,-0.3441666666666667,119
