t,day,actual,T_o,pred
2025-11-07 00:00:00,6,2.906125,1.2950000000000002,2.3411780090532917
2025-11-07 01:00:00,6,1.960775,1.255,2.1497658733045437
2025-11-07 02:00:00,6,3.7670083333333326,0.7824999999999999,2.129833745372227
2025-11-07 03:00:00,6,1.795,0.7116666666666666,2.3422191729949615
2025-11-07 04:00:00,6,2.2236749999999996,0.3741666666666667,2.688831188298205
2025-11-07 05:00:00,6,3.8073499999999996,-0.4716666666666667,2.7704263645584954
2025-11-07 06:00:00,6,1.9930750000000002,-0.9491666666666667,2.8192415859735265
2025-11-07 07:00:00,6,2.9094083333333334,-0.7466666666666666,2.8710729151203607
2025-11-07 08:00:00,6,1.7210833333333333,0.17166666666666672,2.8393587103845874
2025-11-07 09:00:00,6,2.0959166666666667,1.2316666666666667,2.4144579458575066
2025-11-07 10:00:00,6,4.137775,1.7858333333333334,2.0954273063893227
2025-11-07 11:00:00,6,1.7563333333333333,2.2358333333333333,1.9505334073463163
2025-11-07 12:00:00,6,1.6692666666666667,2.5316666666666667,1.8542296204319944
2025-11-07 13:00:00,6,1.0320416666666665,3.5508333333333333,1.6143265154276383
2025-11-07 14:00:00,6,2.80025,3.2583333333333333,1.6183550093347914
2025-11-07 15:00:00,6,1.8244583333333333,2.6808333333333327,1.7341609767459762
2025-11-07 16:00:00,6,2.9484916666666665,1.5233333333333334,1.9787084666376167
2025-11-07 17:00:00,6,1.7645749999999998,1.175,2.0157466656309864
2025-11-07 18:00:00,6,1.6675416666666667,0.7216666666666667,2.092493564682893
2025-11-07 19:00:00,6,3.3366416666666665,0.36166666666666675,2.1653359624527773
2025-11-07 20:00:00,6,1.3192416666666666,-0.755,2.404747824363106
2025-11-07 21:00:00,6,2.121825,-1.2633333333333334,2.5129715395358287
2025-11-07 22:00:00,6,2.0421083333333336,-0.7683333333333334,2.413368602629565
2025-11-07 23:00:00,6,3.2063416666666664,-0.18999999999999997,2.282726328048818
2025-11-08 00:00:00,7,2.819375,0.0,2.3341863182117812
2025-11-08 01:00:00,7,1.7947749999999998,0.0,2.3341863182117812
2025-11-08 02:00:00,7,1.7756083333333332,0.0,2.3341863182117812
2025-11-08 03:00:00,7,2.548058333333333,0.009166666666666667,2.3322603461904245
2025-11-08 04:00:00,7,1.6842666666666666,0.005,2.3331357880183137
2025-11-08 05:00:00,7,2.5974166666666667,0.07916666666666665,2.3175529234818812
2025-11-08 06:00:00,7,2.986683333333333,0.14833333333333334,2.3030205891389164
2025-11-08 07:00:00,7,0.254475,0.48583333333333334,2.2481463363299694
2025-11-08 08:00:00,7,1.31145,4.471666666666667,1.4645296519159836
2025-11-08 09:00:00,7,2.497533333333333,7.88,0.7217779907169687
2025-11-08 10:00:00,7,0.110125,9.601666666666667,0.3368479399161215
2025-11-08 11:00:00,7,1.8747083333333332,7.800833333333333,0.7983550173089566
2025-11-08 12:00:00,7,0.6566666666666666,9.166666666666666,0.5226371208786914
2025-11-08 13:00:00,7,0.0,9.675833333333333,0.41834998505290066
2025-11-08 14:00:00,7,0.26795,8.443333333333333,0.6391514741784903
2025-11-08 15:00:00,7,1.3845750000000001,5.921666666666667,1.2440277712728438
2025-11-08 16:00:00,7,1.1183416666666666,3.9166666666666665,1.6675507519193251
2025-11-08 17:00:00,7,1.1280583333333334,2.6391666666666667,1.8287387931316084
2025-11-08 18:00:00,7,1.0920916666666667,1.4574999999999998,2.0684418295308844
2025-11-08 19:00:00,7,2.0578916666666665,0.1791666666666666,2.2965423196125343
2025-11-08 20:00:00,7,1.1522999999999999,-0.505,2.4402898677519844
2025-11-08 21:00:00,7,1.054275,-1.8324999999999996,2.7192056341175674
2025-11-08 22:00:00,7,2.320766666666666,-2.3383333333333334,2.825484272023348
2025-11-08 23:00:00,7,2.8879083333333333,-2.366666666666667,2.8828186030808256
2025-11-09 00:00:00,8,1.4963250000000001,-2.245833333333333,2.66568235573111
2025-11-09 01:00:00,8,1.4729999999999999,-2.559166666666667,2.6573646435832257
2025-11-09 02:00:00,8,3.942825,-1.7266666666666666,2.5314458052313427
2025-11-09 03:00:00,8,1.3976416666666667,-2.1533333333333338,2.58097055026266
2025-11-09 04:00:00,8,3.563391666666667,-1.8283333333333331,2.5718615341577893
2025-11-09 05:00:00,8,2.6378,-2.0558333333333336,2.5626171438591565
2025-11-09 06:00:00,8,2.1279166666666667,-2.0749999999999997,2.566225078451298
2025-11-09 07:00:00,8,2.742233333333333,-0.9958333333333335,2.3630826742415794
2025-11-09 08:00:00,8,1.5805749999999998,0.9950000000000001,2.012664210764255
2025-11-09 09:00:00,8,1.8436749999999997,1.9308333333333334,1.8778841772569281
2025-11-09 10:00:00,8,2.6741416666666664,2.4199999999999995,1.778602202081173
2025-11-09 11:00:00,8,1.8453583333333332,2.5508333333333333,1.796761899571585
2025-11-09 12:00:00,8,1.797,2.3558333333333334,1.8066119191426104
2025-11-09 13:00:00,8,1.6867916666666667,2.2025,1.8326166743522259
2025-11-09 14:00:00,8,5.57335,2.0241666666666664,1.8613659387162191
2025-11-09 15:00:00,8,4.310616666666666,1.5650000000000002,1.914965676104341
2025-11-09 16:00:00,8,3.582808333333333,0.4591666666666667,2.0956763916873227
2025-11-09 17:00:00,8,2.9641083333333333,0.027499999999999997,2.178678017421679
2025-11-09 18:00:00,8,0.0,0.005,2.174685741843223
2025-11-09 19:00:00,8,1.5781916666666669,0.08333333333333333,2.1680019552098067
2025-11-09 20:00:00,8,1.4786500000000002,0.2125,2.2293879443563314
2025-11-09 21:00:00,8,1.3901083333333333,0.445,2.174801098400054
2025-11-09 22:00:00,8,1.35905,0.4766666666666666,2.113783834038128
2025-11-12 00:00:00,11,3.2982916666666666,-2.4708333333333337,2.973210047710683
2025-11-12 01:00:00,11,3.3517833333333327,-2.3558333333333334,3.1517446835856857
2025-11-12 02:00:00,11,3.859058333333333,-1.6491666666666667,2.9435342692109785
2025-11-12 03:00:00,11,2.73145,-1.3283333333333334,2.764705224476756
2025-11-12 04:00:00,11,4.554366666666667,-0.9774999999999999,2.7843320556496014
2025-11-12 05:00:00,11,2.138316666666667,-0.5925,2.796256537339523
2025-11-12 06:00:00,11,2.684583333333333,-0.25833333333333336,2.7032022671891975
2025-11-12 07:00:00,11,4.5991,0.00416666666666667,2.7022946780617056
2025-11-12 08:00:00,11,1.7989416666666669,0.5825,2.4580856489863465
2025-11-12 09:00:00,11,3.3118416666666666,1.5575000000000003,2.2799229272062083
2025-11-12 10:00:00,11,0.21005833333333332,2.6199999999999997,1.9983210275830083
2025-11-12 11:00:00,11,2.84455,4.3125,1.7022955548847865
2025-11-12 12:00:00,11,1.7042833333333334,5.283333333333333,1.51589416259347
2025-11-12 13:00:00,11,0.0,5.273333333333333,1.4345487679970892
2025-11-12 14:00:00,11,1.611225,3.8433333333333337,1.6515242352814314
2025-11-12 15:00:00,11,2.1713916666666666,2.8891666666666667,1.6697350906374042
2025-11-12 16:00:00,11,1.9070916666666664,1.75,1.8702221953657439
2025-11-12 17:00:00,11,1.0436166666666666,0.4808333333333333,2.100038953158328
2025-11-12 18:00:00,11,2.8365249999999995,-0.1575,2.2156263704066004
2025-11-12 19:00:00,11,1.9808,-0.8983333333333333,2.3497741692756793
2025-11-12 20:00:00,11,2.4418666666666664,-0.9900000000000001,2.366372884546319
2025-11-12 21:00:00,11,3.0444999999999998,-0.8291666666666667,2.337249684116924
2025-11-12 22:00:00,11,1.4244833333333333,-0.935,2.356413655383935
2025-11-12 23:00:00,11,2.41415,-0.9266666666666669,2.3549046812684225
2025-11-13 00:00:00,12,3.3249999999999997,-0.8208333333333333,2.3241837510526393
2025-11-13 01:00:00,12,1.2522749999999998,-0.8616666666666668,2.332044218614423
2025-11-13 02:00:00,12,2.415008333333333,-0.8441666666666666,2.32867544680223
2025-11-13 03:00:00,12,2.1302666666666665,-0.73,2.3066982211703047
2025-11-13 04:00:00,12,3.761758333333333,-0.6791666666666666,2.296912741144411
2025-11-13 05:00:00,12,1.4239333333333333,-0.725,2.3057357149382494
2025-11-13 06:00:00,12,2.6620833333333334,-0.6608333333333335,2.2933835516268757
2025-11-13 07:00:00,12,3.2836166666666666,-0.3891666666666666,2.2410873796852138
2025-11-13 08:00:00,12,1.4564416666666666,0.3558333333333333,2.0976739511090003
2025-11-13 09:00:00,12,2.183125,0.8666666666666667,1.9993378977340353
2025-11-13 10:00:00,12,2.4779666666666667,1.2183333333333333,1.9316416260794915
2025-11-13 11:00:00,12,1.3543916666666664,1.5708333333333335,1.9228294451994383
2025-11-13 12:00:00,12,2.2706083333333336,1.9525,1.8384818997415922
2025-11-13 13:00:00,12,2.304091666666667,2.750833333333334,1.7107788868582121
2025-11-13 14:00:00,12,2.080475,2.7866666666666666,1.6297355046248678
2025-11-13 15:00:00,12,1.2498666666666667,2.24,1.740202210672607
2025-11-13 16:00:00,12,2.351958333333333,1.3383333333333336,1.9085414765101685
2025-11-13 17:00:00,12,2.043083333333333,0.5833333333333334,2.0538799175504923
2025-11-13 18:00:00,12,2.9643583333333337,0.6425000000000001,2.0424902604711734
2025-11-13 19:00:00,12,1.373475,0.4949999999999999,2.0708841943167995
2025-11-13 20:00:00,12,1.6938833333333332,0.16666666666666666,2.1340887702217524
2025-11-13 21:00:00,12,2.1780333333333335,-0.04083333333333333,2.17403277885204
2025-11-13 22:00:00,12,3.056025,0.01,2.1642472988261465
2025-11-13 23:00:00,12,2.447375,-0.5,2.262422934495769
2025-11-14 00:00:00,13,1.3521083333333332,-1.695,2.531711743544858
2025-11-14 01:00:00,13,2.807691666666667,-2.019166666666667,2.5947587366332217
2025-11-14 02:00:00,13,3.1464916666666665,-2.5141666666666667,2.691031008855555
2025-11-14 03:00:00,13,2.8201083333333337,-3.1383333333333336,2.812424833593817
2025-11-14 04:00:00,13,2.300683333333333,-3.699166666666667,2.9215009938726566
2025-11-14 05:00:00,13,2.64095,-4.05,2.9897343719965663
2025-11-14 06:00:00,13,3.3395083333333333,-4.251666666666668,3.041133127344504
2025-11-14 07:00:00,13,2.6407916666666664,-2.6941666666666664,2.812927527300157
2025-11-14 08:00:00,13,2.7280499999999996,-0.3658333333333334,2.29313875913459
2025-11-14 09:00:00,13,2.3409,0.5983333333333334,2.3097241221297375
2025-11-14 10:00:00,13,1.3367083333333334,1.5216666666666665,2.0486750169779775
2025-11-14 11:00:00,13,2.8174749999999995,1.4708333333333334,2.0086983096827553
2025-11-14 12:00:00,13,1.41105,2.68,1.7769669325477886
2025-11-14 13:00:00,13,2.5320666666666667,2.5058333333333334,2.024930674815217
2025-11-14 14:00:00,13,0.5633166666666666,2.0224999999999995,1.9295277842552934
2025-11-14 15:00:00,13,2.9077583333333332,0.7266666666666666,2.171782594472234
2025-11-14 16:00:00,13,2.3657749999999997,-0.7824999999999999,2.3542401306097482
2025-11-14 17:00:00,13,2.141625,-1.416666666666667,2.498382937484171
2025-11-14 18:00:00,13,2.851866666666666,-1.278333333333333,2.4506744773644424
2025-11-14 19:00:00,13,1.251725,-0.7908333333333332,2.364281965560739
2025-11-14 20:00:00,13,2.2112333333333334,-0.5783333333333334,2.3304150951082407
2025-11-14 21:00:00,13,3.4643333333333333,-0.6566666666666666,2.3315730519064988
2025-11-14 22:00:00,13,1.4898500000000001,-0.7266666666666667,2.3518590067594216
2025-11-14 23:00:00,13,2.92805,-1.4066666666666665,2.5312835891326944
2025-11-15 00:00:00,14,2.4482416666666666,-1.7774999999999999,2.6094072067018064
2025-11-15 01:00:00,14,2.9400833333333334,-2.3708333333333336,2.6880668902343796
2025-11-15 02:00:00,14,2.255441666666667,-3.060833333333333,2.819643087749103
2025-11-15 03:00:00,14,2.6656500000000003,-2.7091666666666665,2.8814917073020907
2025-11-15 04:00:00,14,3.457841666666667,-2.9116666666666666,2.87321133555756
2025-11-15 05:00:00,14,2.2415166666666666,-3.5466666666666664,2.8894165061991477
2025-11-15 06:00:00,14,3.4800416666666667,-2.9258333333333333,2.9942428572682203
2025-11-15 07:00:00,14,3.231633333333333,-1.6624999999999999,2.893069478462567
2025-11-15 08:00:00,14,1.6159166666666667,-0.4766666666666666,2.7060439666872544
2025-11-15 09:00:00,14,2.977583333333333,0.35666666666666663,2.660603985064717
2025-11-15 10:00:00,14,0.0,1.3775000000000002,2.5444231494730154
2025-11-15 11:00:00,14,1.5442666666666667,2.1116666666666664,2.3032867832462975
2025-11-15 12:00:00,14,1.4403666666666664,2.598333333333333,2.109959409937051
2025-11-15 13:00:00,14,0.0,1.9599999999999997,2.197027108550812
2025-11-15 14:00:00,14,1.298325,1.1533333333333333,2.23687234777693
2025-11-15 15:00:00,14,3.0101083333333336,-0.03666666666666666,2.398027504427862
2025-11-15 16:00:00,14,1.7866749999999998,-1.4858333333333331,2.5529901709585703
2025-11-15 17:00:00,14,2.545325,-1.8,2.657465160678619
2025-11-15 18:00:00,14,3.8171083333333335,-2.1208333333333336,2.764595897398168
2025-11-15 19:00:00,14,1.7054083333333334,-2.6208333333333336,2.7447372755604333
2025-11-15 20:00:00,14,3.3295,-3.4299999999999997,2.854538079399227
2025-11-15 21:00:00,14,3.104516666666666,-4.134166666666666,2.98312985680705
2025-11-15 22:00:00,14,2.4252583333333333,-5.235833333333333,3.195576763107649
2025-11-15 23:00:00,14,3.0796416666666664,-6.273333333333333,3.3956496816736443
2025-11-16 00:00:00,15,2.5466249999999997,-6.745833333333333,3.430728371827323
2025-11-16 01:00:00,15,2.982758333333333,-5.906666666666666,3.275038401372311
2025-11-16 02:00:00,15,2.994933333333333,-5.37,3.175471031984994
2025-11-16 03:00:00,15,3.05625,-4.5225,3.0182349843655825
2025-11-16 04:00:00,15,2.9479666666666664,-4.179166666666666,2.979299578610668
2025-11-16 05:00:00,15,3.56745,-4.069166666666667,2.934128386622259
2025-11-16 06:00:00,15,2.332058333333333,-3.9625,2.9513493256156527
2025-11-16 07:00:00,15,3.5166833333333334,-3.703333333333333,2.909746532526309
2025-11-16 08:00:00,15,3.1039749999999997,-3.1016666666666666,2.7969789502721674
2025-11-16 09:00:00,15,2.1035,-2.11,2.5741310351924613
2025-11-16 10:00:00,15,2.6603333333333334,-1.3141666666666667,2.422995276071841
2025-11-16 11:00:00,15,2.708225,-0.5641666666666667,2.2914856061836875
2025-11-16 12:00:00,15,2.7173583333333333,-0.010000000000000009,2.1841451562103744
2025-11-16 13:00:00,15,5.2167666666666666,0.5108333333333334,2.084404377068388
2025-11-16 14:00:00,15,1.5456083333333333,0.43583333333333346,2.0983190715479823
2025-11-16 15:00:00,15,2.827716666666666,0.11,2.2489151406082852
2025-11-16 16:00:00,15,2.487258333333333,-0.055,2.2934806571392254
2025-11-16 17:00:00,15,3.8250666666666664,-0.3983333333333334,2.350484678993079
2025-11-16 18:00:00,15,2.40805,-1.2925,2.5915522009821794
2025-11-16 19:00:00,15,2.1589833333333335,-1.8808333333333331,2.715546468206803
2025-11-16 20:00:00,15,3.1467166666666664,-2.2275000000000005,2.8340426939731733
2025-11-16 21:00:00,15,2.0315833333333333,-2.398333333333334,2.985104888186124
2025-11-16 22:00:00,15,3.4978416666666665,-2.5,2.937224524375594
2025-11-16 23:00:00,15,3.4856166666666666,-2.5875,2.9858197193649776
2025-11-17 00:00:00,16,1.7699249999999997,-2.6749999999999994,3.0284135694500125
2025-11-17 01:00:00,16,3.342425,-2.9175,3.1421537442348493
2025-11-17 02:00:00,16,3.0833416666666666,-3.2316666666666674,3.237371006794424
2025-11-17 03:00:00,16,2.38855,-3.2883333333333327,3.2043150021618025
2025-11-17 04:00:00,16,3.7761750000000003,-3.283333333333333,3.1482261602409887
2025-11-17 05:00:00,16,3.473058333333333,-3.1750000000000003,3.1889944980377916
2025-11-17 06:00:00,16,3.144183333333333,-3.0141666666666667,3.160100518945142
2025-11-17 07:00:00,16,3.2487833333333334,-2.5141666666666667,3.029504516704395
2025-11-17 08:00:00,16,3.8836583333333325,-1.9541666666666668,2.9389760255738118
2025-11-17 09:00:00,16,2.821933333333333,-1.0516666666666665,2.764525405956071
2025-11-17 10:00:00,16,2.736983333333333,-0.19000000000000003,2.6823398959021807
2025-11-17 11:00:00,16,2.7252750000000003,0.22666666666666668,2.594143136035702
2025-11-17 12:00:00,16,2.297833333333333,0.44333333333333336,2.537725760246513
2025-11-17 13:00:00,16,2.564975,0.45250000000000007,2.4521567993272795
2025-11-17 14:00:00,16,2.334891666666666,0.3008333333333333,2.6173239097777357
2025-11-17 15:00:00,16,3.752016666666666,-0.25000000000000006,2.717249121355882
2025-11-17 16:00:00,16,2.8754333333333335,-0.2833333333333334,2.72767806605461
2025-11-17 17:00:00,16,2.6767916666666665,-0.41583333333333333,2.6717790615855668
2025-11-17 18:00:00,16,2.6895249999999997,-0.37500000000000006,2.640815691688125
2025-11-17 19:00:00,16,1.8167,-0.3191666666666667,2.626297354510241
2025-11-17 20:00:00,16,2.5665166666666663,-0.43583333333333335,2.6921398998595407
2025-11-17 21:00:00,16,3.440425,-0.6258333333333334,2.703144713993338
2025-11-17 22:00:00,16,2.4160083333333335,-0.7275,2.732078307263698
2025-11-17 23:00:00,16,3.2633583333333327,-0.8566666666666666,2.7915893692287352
2025-11-18 00:00:00,17,3.061616666666666,-0.8816666666666665,2.9099066867736996
2025-11-18 01:00:00,17,2.860958333333333,-1.055,2.9045687744288484
2025-11-18 02:00:00,17,2.8151,-0.9941666666666666,2.8431747984874556
2025-11-18 03:00:00,17,2.6677583333333335,-0.8408333333333333,2.7384063412576456
2025-11-18 04:00:00,17,2.9102249999999996,-0.8291666666666666,2.518115351506777
2025-11-18 05:00:00,17,2.9947,-1.1849999999999998,2.741306347181511
2025-11-18 06:00:00,17,2.8090083333333338,-0.9158333333333332,2.604959424016543
2025-11-18 07:00:00,17,2.340875,-0.7208333333333333,2.7149216410424866
2025-11-18 08:00:00,17,3.6488666666666667,0.4625000000000001,2.5347521232213706
2025-11-18 09:00:00,17,1.80445,0.6616666666666665,2.4713297424043845
2025-11-18 10:00:00,17,1.4774666666666665,2.555833333333333,2.027914940833875
2025-11-18 11:00:00,17,1.4867833333333333,2.7675,1.9990359012684662
2025-11-18 12:00:00,17,1.5645916666666666,2.7591666666666668,1.9814404709985143
2025-11-18 13:00:00,17,0.0,1.67,2.3426368200586345
2025-11-18 14:00:00,17,3.19405,0.9808333333333334,2.520321281672596
2025-11-18 15:00:00,17,1.3175,0.4908333333333334,2.6870975865515168
2025-11-18 16:00:00,17,2.302583333333333,0.29999999999999993,2.6858848666127804
2025-11-18 17:00:00,17,2.514275,0.20833333333333334,2.6224375663681303
2025-11-18 18:00:00,17,3.3028249999999995,0.22583333333333333,2.421319401956392
2025-11-18 19:00:00,17,2.9990500000000004,0.31416666666666676,2.3095826842617324
2025-11-18 20:00:00,17,1.944308333333333,0.41666666666666674,2.4362311870830617
2025-11-18 21:00:00,17,2.6906166666666667,0.061666666666666675,2.5133805338671076
2025-11-18 22:00:00,17,2.766316666666666,-0.05083333333333332,2.4069538824441223
2025-11-21 00:00:00,20,2.5582,-5.023333333333333,3.152082953518658
2025-11-21 01:00:00,20,2.772491666666667,-5.0183333333333335,3.1511528948191008
2025-11-21 02:00:00,20,3.292133333333333,-5.491666666666667,3.2391984517105135
2025-11-21 03:00:00,20,3.2430333333333334,-6.2225,3.37514203162912
2025-11-21 04:00:00,20,3.2245583333333334,-6.887499999999999,3.498839838670224
2025-11-21 05:00:00,20,3.9281749999999995,-7.197500000000001,3.556503478042769
2025-11-21 06:00:00,20,1.6028333333333333,-6.256666666666667,3.3814974327427607
2025-11-21 07:00:00,20,2.885025,-5.411666666666666,3.2243175125175982
2025-11-21 08:00:00,20,2.4128833333333333,-3.0925,2.7929252857063296
2025-11-21 09:00:00,20,3.3483583333333327,-0.5233333333333333,2.3188371458067496
2025-11-21 10:00:00,20,2.564308333333333,1.0283333333333333,2.0956436821651425
2025-11-21 11:00:00,20,2.2005166666666662,1.9574999999999998,1.9441410242020054
2025-11-21 12:00:00,20,1.5462333333333336,2.161666666666667,1.8411537847162376
2025-11-21 13:00:00,20,3.010883333333333,2.3233333333333337,1.8015190646378454
2025-11-21 14:00:00,20,1.4916749999999999,1.7874999999999999,1.8898794273077923
2025-11-21 15:00:00,20,2.6699916666666668,1.1766666666666665,1.9988101660677633
2025-11-21 16:00:00,20,1.0027083333333333,0.4666666666666666,2.1308785014048817
2025-11-21 17:00:00,20,3.0825,0.23500000000000007,2.1739712211510307
2025-11-21 18:00:00,20,1.5287416666666667,0.18583333333333332,2.183116798363343
2025-11-21 19:00:00,20,2.9713083333333334,0.2175,2.179735055381989
2025-11-21 20:00:00,20,1.4998916666666666,0.7391666666666666,2.086231971165242
2025-11-21 21:00:00,20,1.5217,0.9266666666666667,2.046393735147665
2025-11-21 22:00:00,20,3.3526750000000005,0.3058333333333333,2.1607953895739707
2025-11-26 00:00:00,25,2.3153666666666664,-0.2700000000000001,2.2772389511890774
2025-11-26 01:00:00,25,2.2167499999999998,-0.035833333333333335,2.2393293641631593
2025-11-26 02:00:00,25,2.280333333333333,0.23083333333333336,2.196158304204818
2025-11-26 03:00:00,25,2.0273250000000003,0.3983333333333334,2.169041482168485
2025-11-26 04:00:00,25,1.9307083333333332,0.7033333333333335,2.1196645823411324
2025-11-26 05:00:00,25,1.8907916666666666,0.7458333333333332,2.112784194660272
2025-11-26 06:00:00,25,2.1607916666666664,0.7925,2.105229259167562
2025-11-26 07:00:00,25,1.5397083333333332,0.9625,2.07770770844412
2025-11-26 08:00:00,25,2.2135249999999997,1.9166666666666667,1.9232362595306807
2025-11-26 09:00:00,25,2.9524166666666667,2.8108333333333335,1.7784782991078685
2025-11-26 10:00:00,25,1.9922,3.7916666666666665,1.6216990887020837
2025-11-26 11:00:00,25,1.5861416666666668,4.906666666666667,1.4436518119311665
2025-11-26 12:00:00,25,1.5265333333333333,5.345833333333332,1.368083410378889
2025-11-26 13:00:00,25,1.5499249999999998,5.821666666666666,1.3263593115504244
2025-11-26 14:00:00,25,1.5385499999999999,5.5325,1.3842596636225186
2025-11-26 15:00:00,25,1.5939666666666665,4.754166666666666,1.4657359771862943
2025-11-26 16:00:00,25,1.327925,4.148333333333333,1.5717318261182844
2025-11-26 17:00:00,25,1.315825,3.7600000000000002,1.6324948940147206
2025-11-26 18:00:00,25,2.313191666666667,3.579166666666667,1.66022206268494
2025-11-26 19:00:00,25,1.79365,3.4574999999999996,1.685704412724217
2025-11-26 20:00:00,25,1.693158333333333,3.4616666666666664,1.6832534103982626
2025-11-26 21:00:00,25,1.6982916666666665,3.400833333333333,1.7038394202033393
2025-11-26 22:00:00,25,1.6878833333333334,3.4299999999999997,1.6924454801803541
2025-11-26 23:00:00,25,1.7016916666666668,3.3525000000000005,1.7171304526721107
2025-11-27 00:00:00,26,2.9029000000000003,3.3575000000000004,1.7315645454376951
2025-11-27 01:00:00,26,1.49635,3.106666666666666,1.7554532408824404
2025-11-27 02:00:00,26,1.4102416666666668,2.8883333333333336,1.788934685940079
2025-11-27 03:00:00,26,1.3145749999999998,2.954166666666667,1.7826469757226333
2025-11-27 04:00:00,26,2.369933333333333,2.8200000000000003,1.8894850819797178
2025-11-27 05:00:00,26,2.1946666666666665,1.985,2.1081825752612136
2025-11-27 06:00:00,26,1.5532416666666666,1.3291666666666668,2.0862230729249585
2025-11-27 07:00:00,26,2.4601666666666664,1.0275,2.0957864906191577
2025-11-27 08:00:00,26,1.2150083333333332,1.8475000000000001,1.9743054110313265
2025-11-27 09:00:00,26,2.2858666666666667,2.39,1.9987544995207258
2025-11-27 10:00:00,26,0.0,4.5008333333333335,1.7270754764392584
2025-11-27 11:00:00,26,0.9668916666666667,4.258333333333333,1.8444083107292244
2025-11-27 12:00:00,26,1.8648833333333332,3.9808333333333334,1.7987906418294535
2025-11-27 13:00:00,26,1.7484166666666665,4.3275,1.723721163298635
2025-11-27 14:00:00,26,1.5784833333333332,4.230833333333333,1.5987576282783387
2025-11-27 15:00:00,26,2.430475,2.893333333333334,1.7908859548741771
2025-11-27 16:00:00,26,1.710475,2.1108333333333333,1.9113794449426207
2025-11-27 17:00:00,26,1.8817583333333332,2.144166666666667,1.920014362048997
2025-11-27 18:00:00,26,3.4262666666666663,2.069166666666667,1.9229781589256145
2025-11-27 19:00:00,26,1.667025,1.9858333333333338,1.932031172908984
2025-11-27 20:00:00,26,3.2952999999999997,1.3341666666666665,2.0359501007417684
2025-11-27 21:00:00,26,1.6201083333333333,0.8341666666666668,2.1124355765523672
2025-11-27 22:00:00,26,1.5966749999999998,0.3841666666666667,2.1833039258142883
2025-11-27 23:00:00,26,2.4584999999999995,0.19416666666666668,2.213226117724877
2025-11-28 00:00:00,27,3.168658333333333,0.04750000000000001,2.2272890146766393
2025-11-28 01:00:00,27,1.4998833333333335,-0.31499999999999995,2.2861487583744773
2025-11-28 02:00:00,27,3.0349749999999998,-0.9533333333333335,2.3897960311849222
2025-11-28 03:00:00,27,1.4086666666666665,-1.2499999999999998,2.43796630418821
2025-11-28 04:00:00,27,2.7888583333333328,-1.4024999999999999,2.4627279894679903
2025-11-28 05:00:00,27,2.5209249999999996,-1.7366666666666666,2.5169872014745027
2025-11-28 06:00:00,27,2.4989666666666666,-2.1583333333333328,2.5854539378218724
2025-11-28 07:00:00,27,2.1273916666666666,-1.6983333333333333,2.510762952715651
2025-11-28 08:00:00,27,2.9906916666666663,-0.62,2.335672128934037
2025-11-28 09:00:00,27,1.8751666666666666,0.8241666666666667,2.1021674613683055
2025-11-28 10:00:00,27,2.6162666666666667,1.7225000000000001,1.9954347897952458
2025-11-28 11:00:00,27,2.6235166666666663,2.35,1.928010568942492
2025-11-28 12:00:00,27,2.25475,2.4858333333333333,1.8859149994325868
2025-11-28 13:00:00,27,3.226775,2.0525,2.071659777113091
2025-11-28 14:00:00,27,2.805308333333333,-0.9808333333333333,2.449315766662698
2025-11-28 15:00:00,27,3.0689749999999996,-1.4483333333333335,2.482485271991451
2025-11-28 16:00:00,27,2.7038249999999997,-1.9816666666666665,2.5593667988302427
2025-11-28 17:00:00,27,2.37975,-2.8625000000000003,2.7841024791846465
2025-11-28 18:00:00,27,2.325833333333333,-3.4308333333333336,2.895185988161852
2025-11-28 19:00:00,27,2.7869333333333337,-3.4616666666666664,2.9667845765065763
2025-11-28 20:00:00,27,2.0286416666666667,-3.2541666666666664,2.9352435554278973
2025-11-28 21:00:00,27,3.2090916666666662,-3.328333333333333,2.8725754318279977
2025-11-28 22:00:00,27,2.6447833333333333,-3.454166666666667,2.8230321003898915
2025-11-28 23:00:00,27,2.8629250000000006,-2.9408333333333334,2.798691889611648
2025-11-29 00:00:00,28,3.077691666666667,-2.2224999999999997,2.755987118307366
2025-11-29 01:00:00,28,3.8518916666666665,-2.0125,2.822964439977932
2025-11-29 02:00:00,28,2.884158333333333,-1.885,2.740676614143286
2025-11-29 03:00:00,28,3.359183333333333,-1.801666666666667,2.7847977608890475
2025-11-29 04:00:00,28,3.3921666666666668,-1.8691666666666669,2.80728697712112
2025-11-29 05:00:00,28,3.3555083333333333,-1.8566666666666667,2.8671460839983243
2025-11-29 06:00:00,28,3.2530416666666664,-2.0091666666666663,2.8171218574092243
2025-11-29 07:00:00,28,2.6476666666666664,-1.8099999999999998,2.8624040732433733
2025-11-29 08:00:00,28,2.888575,-1.505,2.8210039736170556
2025-11-29 09:00:00,28,2.7927750000000002,-0.9866666666666668,2.7254007866366257
2025-11-29 10:00:00,28,2.7047416666666666,-0.20750000000000002,2.6347879538199277
2025-11-29 11:00:00,28,2.7269416666666664,-0.17166666666666663,2.6475468234468065
2025-11-29 12:00:00,28,3.381275,0.21250000000000002,2.542216732863015
2025-11-29 13:00:00,28,3.2413250000000002,-0.25,2.641529568051654
2025-11-29 14:00:00,28,2.8660249999999996,-0.38833333333333336,2.6299673282917184
2025-11-29 15:00:00,28,2.3270166666666667,-0.7266666666666666,2.5617295331140757
2025-11-29 16:00:00,28,3.9633499999999997,-1.343333333333333,2.689969070285135
2025-11-29 17:00:00,28,2.9361583333333328,-1.8225000000000005,2.8485381655827293
2025-11-29 18:00:00,28,2.385483333333333,-2.415833333333333,2.788850858891063
2025-11-29 19:00:00,28,2.8433500000000005,-3.2083333333333335,2.8023459914770052
2025-11-29 20:00:00,28,2.4468083333333333,-3.138333333333333,2.922443635517497
2025-11-29 21:00:00,28,4.4301,-3.310833333333333,2.92213961369528
2025-11-29 22:00:00,28,4.54655,-3.801666666666667,2.8985680151288644
2025-11-29 23:00:00,28,4.800283333333333,-4.8275,3.0098084546578754
2025-11-30 00:00:00,29,4.009949999999999,-5.348333333333334,3.2109137564301737
2025-11-30 01:00:00,29,4.74575,-6.273333333333333,3.377533775090551
2025-11-30 02:00:00,29,3.802183333333333,-7.365833333333334,3.5577606857229456
2025-11-30 03:00:00,29,4.848083333333334,-8.181666666666667,3.6980180767917696
2025-11-30 04:00:00,29,4.278975,-8.448333333333332,3.7438631892963903
2025-11-30 05:00:00,29,3.5119083333333325,-7.638333333333333,3.6046086600636045
2025-11-30 06:00:00,29,3.0477999999999996,-7.028333333333333,3.4997379652092846
2025-11-30 07:00:00,29,3.883566666666667,-6.2875000000000005,3.372374512032385
2025-11-30 08:00:00,29,3.5072083333333333,-4.584166666666667,3.1050360730755706
2025-11-30 09:00:00,29,4.237275,-2.9025,2.9480815917182452
2025-11-30 10:00:00,29,5.010475,-3.2225,3.099020858921128
2025-11-30 11:00:00,29,1.8551749999999996,-2.9633333333333334,3.0223870890705156
2025-11-30 12:00:00,29,3.1847250000000003,-2.7724999999999995,2.849341279622105
2025-11-30 13:00:00,29,3.099458333333333,-2.3333333333333335,2.7810682714421167
2025-11-30 14:00:00,29,2.13745,-1.8758333333333335,2.727527108867236
2025-11-30 15:00:00,29,2.989866666666667,-1.615,2.7001770353763384
2025-11-30 16:00:00,29,4.0327666666666655,-1.1391666666666667,2.6809864282475435
2025-11-30 17:00:00,29,2.7189749999999995,-0.2575,2.5332938458295304
2025-11-30 18:00:00,29,2.6515666666666666,0.2558333333333334,2.321471356455036
2025-11-30 19:00:00,29,1.960508333333333,0.28250000000000014,2.2594966425825653
2025-11-30 20:00:00,29,3.1332249999999995,0.01916666666666667,2.288137601298103
2025-11-30 21:00:00,29,2.436808333333333,0.06083333333333333,2.2809743024692564
2025-11-30 22:00:00,29,3.3733083333333336,-0.009166666666666662,2.293008644501719
2025-11-30 23:00:00,29,5.290466666666666,-0.5225,2.3812604860731144
2025-12-01 00:00:00,30,4.7886999999999995,-0.7916666666666666,2.4865220046347303
2025-12-01 01:00:00,30,4.3153,-0.67,2.463826504870905
2025-12-01 02:00:00,30,4.076099999999999,-0.6208333333333335,2.4546550357882633
2025-12-01 03:00:00,30,4.64165,-0.3291666666666667,2.4002480158064907
2025-12-01 04:00:00,30,2.837008333333333,-0.6583333333333333,2.4616502240716343
2025-12-01 05:00:00,30,2.6863833333333336,-0.48166666666666674,2.428695114825532
2025-12-01 06:00:00,30,3.801008333333333,-0.42583333333333334,2.4206064359859
2025-12-01 07:00:00,30,2.3594583333333334,-0.12499999999999999,2.4094392685006634
2025-12-01 08:00:00,30,2.225241666666667,0.15250000000000002,2.3103987085223068
2025-12-01 09:00:00,30,2.4372000000000003,0.2358333333333333,2.571362526260256
2025-12-01 10:00:00,30,2.336308333333333,0.01666666666666666,2.6956303179673218
2025-12-01 11:00:00,30,2.2561166666666668,-0.8733333333333332,2.9002223864975925
2025-12-01 12:00:00,30,3.2467583333333336,-1.5041666666666664,3.0090651073546146
2025-12-01 13:00:00,30,3.0438999999999994,-2.5041666666666664,3.1150377997655334
2025-12-01 14:00:00,30,3.076733333333333,-3.4583333333333335,3.2409156194502047
2025-12-01 15:00:00,30,3.4376,-4.7683333333333335,3.477641567866425
2025-12-01 16:00:00,30,1.3084083333333334,-5.930000000000001,3.479759461096971
2025-12-01 17:00:00,30,1.2761666666666667,-6.589166666666667,3.7127945785262844
2025-12-01 18:00:00,30,5.681783333333333,-7.43,3.808445626433508
2025-12-01 19:00:00,30,2.8459083333333335,-7.8,4.161896909143019
2025-12-01 20:00:00,30,4.709608333333334,-8.19,4.105405337337924
2025-12-01 21:00:00,30,4.946841666666667,-8.6525,4.128187859816735
2025-12-01 22:00:00,30,4.862008333333333,-9.346666666666666,4.1628513988363665
2025-12-01 23:00:00,30,5.126741666666668,-10.63,4.331795113414235
2025-12-02 00:00:00,31,5.983583333333333,-11.29,4.5016465748556485
2025-12-02 01:00:00,31,4.330691666666667,-11.6725,4.573068352562482
2025-12-02 02:00:00,31,4.2458833333333335,-11.37,4.516584463003483
2025-12-02 03:00:00,31,5.218491666666667,-10.959166666666668,4.439872183244292
2025-12-02 04:00:00,31,5.069783333333333,-10.44,4.347412536349169
2025-12-02 05:00:00,31,4.918616666666667,-10.139166666666666,4.28675882972899
2025-12-02 06:00:00,31,4.031133333333333,-9.5925,4.194632711253996
2025-12-02 07:00:00,31,5.096133333333333,-8.884166666666667,4.083652492935699
2025-12-02 08:00:00,31,5.555441666666667,-8.375833333333334,3.9748060253725357
2025-12-02 09:00:00,31,4.468908333333332,-8.147499999999999,3.9245834452976127
2025-12-02 10:00:00,31,4.665525,-7.75,3.874454409024498
2025-12-02 11:00:00,31,5.06245,-7.180833333333333,3.7572564759188096
2025-12-02 12:00:00,31,4.936175,-7.115833333333334,3.798046643967804
2025-12-02 13:00:00,31,3.7529999999999997,-6.935,3.6947536783601955
2025-12-02 14:00:00,31,4.6226,-6.543333333333334,3.6153318780841452
2025-12-02 15:00:00,31,2.769458333333333,-6.512499999999999,3.6095745670271673
2025-12-02 16:00:00,31,2.3454083333333333,-6.3758333333333335,3.584055674774617
2025-12-02 17:00:00,31,2.380125,-6.2925,3.568495374620623
2025-12-02 18:00:00,31,3.2790833333333333,-6.2175,3.5544911044820284
2025-12-02 19:00:00,31,4.254375,-6.069166666666667,3.5622172851536127
2025-12-02 20:00:00,31,4.533125,-5.954166666666667,3.554677821944112
2025-12-02 21:00:00,31,5.853908333333333,-5.89,3.548059460553491
2025-12-02 22:00:00,31,4.7728166666666665,-5.7316666666666665,3.4845691304545716
2025-12-05 00:00:00,34,8.262208333333334,-16.939999999999998,5.970493294047663
2025-12-05 01:00:00,34,5.9571000000000005,-17.096666666666668,6.016500336316604
2025-12-05 02:00:00,34,6.874225000000001,-17.800833333333333,6.13556187348968
2025-12-05 03:00:00,34,7.201149999999998,-17.281666666666666,6.090690931123634
2025-12-05 04:00:00,34,5.529491666666666,-17.388333333333332,6.0833332262983495
2025-12-05 05:00:00,34,7.142116666666666,-17.259166666666673,6.06418146850212
2025-12-05 06:00:00,34,6.516883333333333,-17.175833333333333,6.032176082319619
2025-12-05 07:00:00,34,7.708383333333332,-16.7875,5.9588019999696105
2025-12-05 08:00:00,34,6.849,-15.334166666666667,5.660996978098889
2025-12-05 09:00:00,34,5.3881499999999996,-13.1625,5.2288521117854545
2025-12-05 10:00:00,34,5.490766666666667,-10.799999999999999,4.724778609925045
2025-12-05 11:00:00,34,3.746941666666667,-9.375,4.435292725577372
2025-12-05 12:00:00,34,5.2761249999999995,-8.014166666666666,4.1379094617466645
2025-12-05 13:00:00,34,5.0496583333333325,-8.6625,4.259370679324115
2025-12-05 14:00:00,34,5.555774999999999,-8.9725,4.31537829596642
2025-12-05 15:00:00,34,5.187091666666666,-9.8425,4.490990045677293
2025-12-05 16:00:00,34,6.062833333333333,-11.750833333333333,4.875738373804689
2025-12-05 17:00:00,34,6.117366666666667,-12.862499999999999,5.1058452474958935
2025-12-05 18:00:00,34,6.948041666666667,-14.605833333333335,5.453577807645077
2025-12-05 19:00:00,34,3.7458416666666663,-15.009166666666667,5.535392580924806
2025-12-05 20:00:00,34,4.7989999999999995,-14.435,5.418924856152629
2025-12-05 21:00:00,34,5.999733333333333,-13.870833333333332,5.304485596833669
2025-12-05 22:00:00,34,7.700241666666666,-14.17,5.365170521642394
2025-12-05 23:00:00,34,6.480533333333333,-13.980833333333335,5.3267987168190505
2025-12-06 00:00:00,35,4.647358333333333,-13.464166666666669,5.568611510140107
2025-12-06 01:00:00,35,5.137983333333333,-13.049166666666666,5.4741200257293166
2025-12-06 02:00:00,35,5.667574999999999,-13.018333333333336,5.467099574076307
2025-12-06 03:00:00,35,5.194333333333333,-13.361666666666665,5.545273251942261
2025-12-06 04:00:00,35,4.990566666666666,-13.4125,5.556847510072899
2025-12-06 05:00:00,35,6.587775,-13.106666666666667,5.487212219352498
2025-12-06 06:00:00,35,4.894041666666666,-13.399999999999999,5.554001381024381
2025-12-06 07:00:00,35,6.109558333333333,-13.857500000000002,5.661717244182177
2025-12-06 08:00:00,35,4.9687,-12.519166666666665,5.375213878280178
2025-12-06 09:00:00,35,5.174783333333333,-10.431666666666667,4.904519850323049
2025-12-06 10:00:00,35,5.426366666666667,-8.518333333333333,4.473613519060229
2025-12-06 11:00:00,35,2.9702916666666668,-7.434166666666666,4.2400989591701945
2025-12-06 12:00:00,35,1.1098333333333332,-6.235833333333335,3.949942577569019
2025-12-06 13:00:00,35,2.771433333333333,-6.255,3.9748331884749657
2025-12-06 14:00:00,35,3.439308333333333,-6.208333333333333,3.9500648109396317
2025-12-06 15:00:00,35,4.174424999999999,-6.435833333333334,4.016315827464075
2025-12-06 16:00:00,35,4.715658333333334,-6.61,4.030064054920061
2025-12-06 17:00:00,35,5.09645,-6.565,4.0171695222061645
2025-12-06 18:00:00,35,3.29745,-6.505,4.001823562988098
2025-12-06 19:00:00,35,1.6844249999999998,-6.375,3.954476855757399
2025-12-06 20:00:00,35,4.32695,-6.273333333333333,3.9313283394961207
2025-12-06 21:00:00,35,4.099008333333334,-6.239999999999999,3.923738662033407
2025-12-06 22:00:00,35,4.049383333333333,-6.445,3.970415178429098
2025-12-06 23:00:00,35,5.328016666666667,-7.295833333333334,4.164141695664874
2025-12-07 00:00:00,36,4.059325,-7.463333333333334,4.195761179091877
2025-12-07 01:00:00,36,4.816491666666667,-9.4025,4.6364645147176375
2025-12-07 02:00:00,36,5.467066666666667,-10.341666666666667,4.854317176491765
2025-12-07 03:00:00,36,4.771750000000001,-9.555833333333334,4.671874241294772
2025-12-07 04:00:00,36,6.852925,-10.986666666666666,4.996489027405463
2025-12-07 05:00:00,36,3.9928166666666667,-11.292499999999999,5.073239159704997
2025-12-07 06:00:00,36,3.69555,-9.522499999999999,4.762514906275874
2025-12-07 07:00:00,36,5.4962583333333335,-9.824166666666667,4.805127097845839
2025-12-07 08:00:00,36,5.397241666666666,-8.727500000000001,4.621677567187564
2025-12-07 09:00:00,36,4.071375,-6.857500000000001,4.137701155861963
2025-12-07 10:00:00,36,3.056941666666667,-5.3325,3.7945635776976347
2025-12-07 11:00:00,36,2.2176416666666663,-5.151666666666666,3.7705995778747137
2025-12-07 12:00:00,36,3.2256083333333336,-4.658333333333334,3.6495268317171936
2025-12-07 13:00:00,36,3.0585083333333336,-4.9525,3.6698261132380257
2025-12-07 14:00:00,36,3.903325,-5.305,3.7374200885559046
2025-12-07 15:00:00,36,4.806033333333334,-6.121666666666666,3.890848256720809
2025-12-07 16:00:00,36,2.8979583333333334,-6.952500000000001,4.079667004300905
2025-12-07 17:00:00,36,3.131083333333333,-7.434166666666666,4.189132637301202
2025-12-07 18:00:00,36,3.5652916666666665,-7.653333333333333,4.23894139418542
2025-12-07 19:00:00,36,2.5050583333333334,-7.620833333333334,4.231555304761525
2025-12-07 20:00:00,36,4.728741666666667,-7.529166666666666,4.210722744847973
2025-12-07 21:00:00,36,2.883933333333333,-7.735833333333333,4.2576906981076155
2025-12-07 22:00:00,36,2.779275,-8.041666666666666,4.328261697723739
2025-12-07 23:00:00,36,5.4457249999999995,-8.23,4.369997134732488
2025-12-08 00:00:00,37,3.9623250000000008,-8.485833333333334,4.402861163883411
2025-12-08 01:00:00,37,5.757991666666666,-8.916666666666666,4.5002859396585215
2025-12-08 02:00:00,37,6.308375,-9.189166666666667,4.561906639230013
2025-12-08 03:00:00,37,4.373225000000001,-9.339166666666667,4.595826290370283
2025-12-08 04:00:00,37,5.053458333333333,-10.139166666666666,4.7767310964517256
2025-12-08 05:00:00,37,5.712216666666666,-11.460833333333333,5.075600911498775
2025-12-08 06:00:00,37,4.25755,-12.591666666666667,5.331317392595148
2025-12-08 07:00:00,37,5.065741666666667,-12.856666666666667,5.391242109609625
2025-12-08 08:00:00,37,4.338675,-12.570833333333333,5.3266063299367765
2025-12-08 09:00:00,37,6.395341666666667,-11.737500000000002,5.138163823601941
2025-12-08 10:00:00,37,3.705258333333333,-10.614166666666666,5.001612012748368
2025-12-08 11:00:00,37,4.2474083333333335,-10.341666666666667,5.0301387549541525
2025-12-08 12:00:00,37,3.267933333333333,-10.227500000000001,4.963581507017148
2025-12-08 13:00:00,37,6.948883333333332,-11.240833333333333,5.137178400008361
2025-12-08 14:00:00,37,6.559241666666667,-11.643333333333333,5.249280003537935
2025-12-08 15:00:00,37,5.372716666666666,-12.602500000000001,5.3928299857928845
2025-12-08 16:00:00,37,4.850508333333333,-13.174999999999999,5.65154137832698
2025-12-08 17:00:00,37,6.891824999999999,-14.166666666666666,5.8471587401369005
2025-12-08 18:00:00,37,5.865891666666666,-14.828333333333333,5.95256198602716
2025-12-08 19:00:00,37,6.112933333333334,-14.583333333333336,5.9988427106589075
2025-12-08 20:00:00,37,5.760775,-15.105833333333331,6.0607369191236975
2025-12-08 21:00:00,37,6.484491666666666,-15.555000000000001,6.08005241902605
2025-12-08 22:00:00,37,4.627908333333333,-16.179999999999996,6.253579486285691
2025-12-08 23:00:00,37,6.8081249999999995,-16.656666666666663,6.38007382345217
2025-12-09 00:00:00,38,6.1919,-16.6575,6.409776159475098
2025-12-09 01:00:00,38,6.917199999999999,-17.151666666666667,6.495650589788413
2025-12-09 02:00:00,38,5.233791666666667,-17.037499999999998,6.464143114375797
2025-12-09 03:00:00,38,6.729041666666666,-17.393333333333334,6.457253305984196
2025-12-09 04:00:00,38,6.5699499999999995,-16.93166666666667,6.364993713409645
2025-12-09 05:00:00,38,6.304366666666668,-16.968333333333334,6.449930362601121
2025-12-09 06:00:00,38,7.556266666666666,-16.834166666666665,6.465834484605921
2025-12-09 07:00:00,38,5.948524999999999,-16.99083333333333,6.463365521324496
2025-12-09 08:00:00,38,6.245783333333333,-15.161666666666667,6.096305630383569
2025-12-09 09:00:00,38,5.8126999999999995,-13.060833333333335,5.533525369707709
2025-12-09 10:00:00,38,5.144033333333334,-10.749166666666667,4.9980872741584275
2025-12-09 11:00:00,38,4.537508333333333,-9.375833333333334,4.669042759184607
2025-12-09 12:00:00,38,2.6948499999999997,-7.444166666666667,4.21443252743293
2025-12-09 13:00:00,38,4.460183333333333,-8.689166666666667,4.473964984428577
2025-12-09 14:00:00,38,4.7755833333333335,-9.7125,4.6865872394672055
2025-12-09 15:00:00,38,4.9431666666666665,-10.885,4.946742735899118
2025-12-09 16:00:00,38,5.854633333333332,-13.149166666666666,5.454255261633492
2025-12-09 17:00:00,38,4.570675,-14.68083333333333,5.7975780523216685
2025-12-09 18:00:00,38,0.0,-14.888333333333335,5.844089137676053
2025-12-09 19:00:00,38,1.9772333333333332,-14.648333333333333,5.790293183531224
2025-12-09 20:00:00,38,5.295325,-15.573333333333332,5.997631756797752
2025-12-09 21:00:00,38,4.628341666666667,-16.115833333333335,6.119233028145958
2025-12-09 22:00:00,38,4.307875,-15.154166666666663,5.903675628551747
2025-12-09 23:00:00,38,5.9130416666666665,-14.444166666666666,5.7635556508958965
2025-12-10 00:00:00,39,6.077299999999999,-13.420833333333334,5.301509755431622
2025-12-10 01:00:00,39,4.782916666666667,-12.605833333333335,5.131155269696949
2025-12-10 02:00:00,39,5.8932166666666665,-12.288333333333334,5.064790178628533
2025-12-10 03:00:00,39,5.2821083333333325,-11.954166666666666,4.994941355745501
2025-12-10 04:00:00,39,4.491683333333334,-11.63,4.927182771951239
2025-12-10 05:00:00,39,6.722375000000001,-11.551666666666668,4.910809232422549
2025-12-10 06:00:00,39,3.852175,-12.541666666666666,5.117742902210681
2025-12-10 07:00:00,39,4.694458333333333,-13.277500000000002,5.271549661825934
2025-12-10 08:00:00,39,6.080349999999999,-11.744166666666665,4.951046334881352
2025-12-10 09:00:00,39,3.5289916666666667,-8.985,4.425645783626049
2025-12-10 10:00:00,39,4.545216666666666,-6.855833333333333,4.022469733869498
2025-12-10 11:00:00,39,4.3983,-5.788333333333334,3.8412010637787684
2025-12-10 12:00:00,39,3.2476166666666666,-4.9575000000000005,3.638192571638599
2025-12-10 13:00:00,39,4.307466666666667,-4.990833333333334,3.6338865701758145
2025-12-10 14:00:00,39,3.778966666666667,-5.44,3.6757336527587334
2025-12-10 15:00:00,39,4.495525000000001,-5.61,3.668858840512297
2025-12-10 16:00:00,39,2.9088499999999997,-5.564166666666666,3.6646911982711425
2025-12-10 17:00:00,39,1.3865583333333331,-5.25,3.624665764610899
2025-12-10 18:00:00,39,3.941858333333333,-5.189166666666666,3.592748449340875
2025-12-10 19:00:00,39,4.077866666666667,-5.075,3.5579955326158323
2025-12-10 20:00:00,39,4.350083333333334,-4.902500000000001,3.5209744249818895
2025-12-10 21:00:00,39,4.872583333333333,-4.710000000000001,3.4807373225230864
2025-12-10 22:00:00,39,3.26205,-4.552499999999999,3.447816056874974
2025-12-10 23:00:00,39,3.245,-4.459166666666667,3.4283071587131304
2025-12-11 00:00:00,40,4.180591666666667,-4.550833333333333,3.461401341606453
2025-12-11 01:00:00,40,3.9768666666666674,-4.528333333333333,3.4566722647236316
2025-12-11 02:00:00,40,3.8950416666666667,-4.61,3.473837062298315
2025-12-11 03:00:00,40,3.080741666666666,-4.564166666666666,3.464203757537013
2025-12-11 04:00:00,40,4.270125,-5.0375000000000005,3.563689523071912
2025-12-11 05:00:00,40,4.301233333333333,-6.175833333333333,3.802945783143516
2025-12-11 06:00:00,40,4.663975,-5.892499999999999,3.7433944446191045
2025-12-11 07:00:00,40,3.3904083333333332,-5.444166666666667,3.6491632089540076
2025-12-11 08:00:00,40,3.1494,-5.0225,3.560536805150031
2025-12-11 09:00:00,40,3.2379166666666666,-4.4816666666666665,3.44686380896667
2025-12-11 10:00:00,40,4.23375,-3.75,3.2930812347771616
2025-12-11 11:00:00,40,4.378725,-2.875833333333333,3.1093478403297876
2025-12-11 12:00:00,40,2.877125,-3.0041666666666664,3.1363210936614325
2025-12-11 13:00:00,40,2.836091666666667,-3.5174999999999996,3.2442141069880126
2025-12-11 14:00:00,40,5.50385,-4.834166666666667,3.520952680130864
2025-12-11 15:00:00,40,4.190508333333334,-6.0275,3.834890908828472
2025-12-11 16:00:00,40,3.479141666666667,-7.899166666666667,4.416549043898686
2025-12-11 17:00:00,40,3.2371000000000003,-9.055,4.616970511336061
2025-12-11 18:00:00,40,4.389483333333334,-9.916666666666666,4.83692340223742
2025-12-11 19:00:00,40,4.111908333333333,-10.751666666666667,4.932365353268298
2025-12-11 20:00:00,40,4.6944,-10.765,4.907430555183236
2025-12-11 21:00:00,40,4.44485,-10.782499999999999,4.872095956815158
2025-12-11 22:00:00,40,4.996766666666666,-10.9625,4.924235456780215
2025-12-11 23:00:00,40,4.552858333333333,-11.268333333333333,4.989445562915688
2025-12-12 00:00:00,41,5.305516666666667,-10.7875,4.964637821949239
2025-12-12 01:00:00,41,4.57415,-10.295833333333333,4.863460191287282
2025-12-12 02:00:00,41,3.7423833333333336,-10.079166666666667,4.735423429903213
2025-12-12 03:00:00,41,4.759358333333333,-10.274166666666668,4.733373475343465
2025-12-12 04:00:00,41,5.126683333333333,-9.739166666666666,4.735821663968088
2025-12-12 05:00:00,41,3.806425,-9.227500000000001,4.635397849024584
2025-12-12 06:00:00,41,4.824166666666667,-9.074166666666667,4.665795298015259
2025-12-12 07:00:00,41,4.506966666666667,-9.029166666666667,4.680253563077964
2025-12-12 08:00:00,41,5.399283333333333,-8.319166666666666,4.525954178873491
2025-12-12 09:00:00,41,5.077,-7.3975,4.3939072275358075
2025-12-12 10:00:00,41,4.458283333333333,-7.3475,4.333354276423664
2025-12-12 11:00:00,41,5.150833333333333,-6.943333333333334,4.159070037152376
2025-12-12 12:00:00,41,5.0967,-6.9366666666666665,4.222386468335911
2025-12-12 13:00:00,41,5.240375,-6.476666666666667,4.169217153912713
2025-12-12 14:00:00,41,4.581741666666666,-5.81,3.989400700685743
2025-12-12 15:00:00,41,4.032775,-6.361666666666667,4.111519895068427
2025-12-12 16:00:00,41,5.086708333333333,-6.735833333333333,4.187127953652244
2025-12-12 17:00:00,41,3.1726916666666667,-6.403333333333333,4.063205454747131
2025-12-12 18:00:00,41,3.6099750000000004,-6.199166666666667,4.011039773992015
2025-12-12 19:00:00,41,3.3853416666666662,-6.125,4.010006803171241
2025-12-12 20:00:00,41,2.5393,-5.9624999999999995,4.040981919399888
2025-12-12 21:00:00,41,6.103833333333333,-5.969166666666667,4.087076426067586
2025-12-12 22:00:00,41,4.524258333333333,-6.091666666666668,4.011391045758679
2025-12-12 23:00:00,41,4.890866666666667,-6.204999999999999,3.9964242176779785
2025-12-13 00:00:00,42,4.643258333333333,-6.740833333333334,4.107931213392086
2025-12-13 01:00:00,42,5.471425,-6.839166666666667,4.294795168628682
2025-12-13 02:00:00,42,4.58695,-7.63,4.412518613689651
2025-12-13 03:00:00,42,4.271125,-8.37,4.44091957273126
2025-12-13 04:00:00,42,5.416991666666666,-9.064166666666667,4.4676492602691145
2025-12-13 05:00:00,42,5.693225,-9.3575,4.587736946389265
2025-12-13 06:00:00,42,3.2854249999999996,-10.148333333333333,4.6691582843064126
2025-12-13 07:00:00,42,4.459016666666667,-10.911666666666667,4.8241561732354885
2025-12-13 08:00:00,42,3.5322333333333336,-9.272499999999999,4.5164974653211365
2025-12-13 09:00:00,42,4.286833333333332,-6.398333333333333,3.980003932066299
2025-12-13 10:00:00,42,3.545633333333333,-4.7225,3.632539229269626
2025-12-13 11:00:00,42,2.3878333333333335,-4.153333333333333,3.487727258073833
2025-12-13 12:00:00,42,4.403975,-4.026666666666666,3.447601613859067
2025-12-13 13:00:00,42,3.0809333333333337,-3.6441666666666666,3.3784998083934528
2025-12-13 14:00:00,42,3.6935,-3.6475000000000004,3.3687747754353428
2025-12-13 15:00:00,42,3.9102083333333333,-4.579166666666667,3.5222344792335467
2025-12-13 16:00:00,42,4.6034999999999995,-7.1066666666666665,4.0350229895696454
2025-12-13 17:00:00,42,3.5174666666666665,-8.116666666666667,4.244490667756899
2025-12-13 18:00:00,42,4.107541666666666,-8.11,4.24310804281837
2025-12-13 19:00:00,42,4.725433333333333,-9.740833333333333,4.581332668406205
2025-12-13 20:00:00,42,4.124083333333332,-11.213333333333333,4.886719951703959
2025-12-13 21:00:00,42,3.4414166666666666,-12.135833333333336,5.078040677573011
2025-12-13 22:00:00,42,4.54285,-12.64,5.182601688549321
2025-12-13 23:00:00,42,3.869641666666667,-13.463333333333333,5.353355868457743
2025-12-14 00:00:00,43,4.1637749999999984,-13.25,5.256072875219749
2025-12-14 01:00:00,43,5.157183333333333,-13.347499999999998,5.275921521429473
2025-12-14 02:00:00,43,4.445624999999999,-12.921666666666667,5.189232134992127
2025-12-14 03:00:00,43,3.08995,-12.976666666666667,5.200428807212997
2025-12-14 04:00:00,43,4.301875,-14.286666666666667,5.467113181928278
2025-12-14 05:00:00,43,5.420725,-15.509166666666665,5.715984669019445
2025-12-14 06:00:00,43,4.562783333333334,-15.449166666666665,5.703770117505767
2025-12-14 07:00:00,43,5.349550000000001,-15.1075,5.63421503249733
2025-12-14 08:00:00,43,6.372783333333333,-14.375,5.485095716101191
2025-12-14 09:00:00,43,4.64815,-11.834166666666667,4.970809794741828
2025-12-14 10:00:00,43,4.532941666666666,-7.276666666666666,4.046190883489646
2025-12-14 11:00:00,43,4.371458333333333,-3.540833333333333,3.3797809701889787
2025-12-14 12:00:00,43,3.63805,-2.955,3.243482904377583
2025-12-14 13:00:00,43,3.4857416666666667,-3.2583333333333333,3.3299202265412045
2025-12-14 14:00:00,43,2.58035,-3.5641666666666665,3.3898227456551258
2025-12-14 15:00:00,43,4.0399416666666665,-4.76,3.604409896323049
2025-12-14 16:00:00,43,4.6302666666666665,-6.8425,4.022826859055202
2025-12-14 17:00:00,43,5.568641666666666,-8.6075,4.35033186261688
2025-12-14 18:00:00,43,4.986141666666666,-9.795,4.65449104142127
2025-12-14 19:00:00,43,4.590775,-10.314166666666667,4.849388935335354
2025-12-14 20:00:00,43,6.3382000000000005,-9.99,4.921311166429628
2025-12-14 21:00:00,43,5.500291666666667,-10.098333333333334,4.950930059589835
2025-12-14 22:00:00,43,5.6925,-10.656666666666666,5.028588915487693
2025-12-14 23:00:00,43,5.547741666666666,-10.689166666666665,4.965436858643886
2025-12-15 00:00:00,44,4.854958333333332,-10.699166666666668,5.060868276516665
2025-12-15 01:00:00,44,6.073708333333333,-10.990833333333333,4.993655179078256
2025-12-15 02:00:00,44,4.5168333333333335,-11.963333333333333,5.285958632526062
2025-12-15 03:00:00,44,5.904491666666666,-12.333333333333334,5.29655790476577
2025-12-15 04:00:00,44,6.196066666666667,-11.795833333333334,5.2537630014142405
2025-12-15 05:00:00,44,4.290191666666667,-12.119166666666667,5.333929503806359
2025-12-15 06:00:00,44,5.515625,-12.708333333333334,5.454412147066177
2025-12-15 07:00:00,44,5.866616666666666,-13.213333333333333,5.603260670055692
2025-12-15 08:00:00,44,6.436966666666666,-11.846666666666666,5.3601488960990356
2025-12-15 09:00:00,44,6.5259833333333335,-10.018333333333333,5.039123006375272
2025-12-15 10:00:00,44,5.638066666666667,-7.644166666666667,4.5463988327917395
2025-12-15 11:00:00,44,3.9095416666666667,-6.754166666666666,4.447151965532377
2025-12-15 12:00:00,44,5.024208333333333,-6.359166666666667,4.256131102395147
2025-12-15 13:00:00,44,5.452949999999999,-7.435833333333334,4.5645231999085185
2025-12-15 14:00:00,44,5.081908333333333,-7.8808333333333325,4.641579004453734
2025-12-15 15:00:00,44,6.570558333333334,-9.014166666666666,4.983038177639125
2025-12-15 16:00:00,44,5.497283333333334,-9.57,5.149262814418646
2025-12-15 17:00:00,44,7.1440166666666665,-9.906666666666666,4.898921529144475
2025-12-15 18:00:00,44,6.583666666666667,-10.661666666666667,4.810224676396185
2025-12-15 19:00:00,44,4.070508333333334,-10.545833333333333,4.852967551255429
2025-12-15 20:00:00,44,4.055166666666667,-10.499166666666666,5.158354266254459
2025-12-15 21:00:00,44,4.568108333333333,-10.439166666666667,5.107018046144907
2025-12-15 22:00:00,44,5.313899999999999,-10.5125,4.914275469514347
2025-12-15 23:00:00,44,5.9345583333333325,-11.079166666666667,5.051455607486234
2025-12-16 00:00:00,45,4.652733333333334,-12.199166666666668,5.162167182483294
2025-12-16 01:00:00,45,4.445491666666666,-11.971666666666666,5.268156460361087
2025-12-16 02:00:00,45,6.320058333333333,-13.737499999999999,5.333834160790075
2025-12-16 03:00:00,45,6.681291666666667,-15.115833333333333,5.592598362130264
2025-12-16 04:00:00,45,4.8497916666666665,-16.183333333333334,5.804714050568936
2025-12-16 05:00:00,45,5.607924999999999,-16.62916666666667,6.056885727800077
2025-12-16 06:00:00,45,6.90275,-12.865833333333335,5.578085671428248
2025-12-16 07:00:00,45,4.775883333333333,-12.699166666666665,5.124966241314107
2025-12-16 08:00:00,45,4.963533333333334,-11.235833333333334,4.816143263580078
2025-12-16 09:00:00,45,5.371758333333332,-9.786666666666667,4.5212138199968335
2025-12-16 10:00:00,45,3.4931666666666668,-4.956666666666666,3.6658640884595117
2025-12-16 11:00:00,45,3.2124166666666665,-2.750833333333333,3.3062164705734007
2025-12-16 12:00:00,45,3.3206833333333337,-1.665,3.0770343459807057
2025-12-16 13:00:00,45,3.8495749999999993,-2.1158333333333332,3.0970694216115495
2025-12-16 14:00:00,45,3.398325,-2.3049999999999997,3.077100947131802
2025-12-16 15:00:00,45,4.930991666666667,-2.440833333333333,3.083918031748338
2025-12-16 16:00:00,45,4.867908333333333,-2.9075,3.2085152027627397
2025-12-16 17:00:00,45,3.6040083333333333,-4.9125000000000005,3.5708020084735357
2025-12-16 18:00:00,45,3.5484750000000003,-7.225833333333334,4.0073789830312165
2025-12-16 19:00:00,45,4.736383333333333,-8.505,4.2640455872428085
2025-12-16 20:00:00,45,4.529258333333333,-8.259166666666667,4.214718780570222
2025-12-16 21:00:00,45,3.5178499999999997,-7.875,4.137635194549673
2025-12-16 22:00:00,45,3.3512249999999995,-7.205000000000001,4.099185375840871
2025-12-16 23:00:00,45,6.362733333333332,-4.46,3.609256560588538
2025-12-17 00:00:00,46,4.578316666666666,-4.351666666666667,3.5687915780584176
2025-12-17 01:00:00,46,4.5157,-4.411666666666666,3.6021709414448457
2025-12-17 02:00:00,46,4.975733333333333,-4.656666666666666,3.674110638916335
2025-12-17 03:00:00,46,3.9064749999999995,-4.848333333333334,3.647538800856199
2025-12-17 04:00:00,46,5.218841666666666,-4.931666666666666,3.642939123126235
2025-12-17 05:00:00,46,4.864258333333334,-3.8699999999999997,3.523455793607419
2025-12-17 06:00:00,46,3.0019333333333336,-3.6058333333333334,3.5453584908616707
2025-12-17 07:00:00,46,4.131308333333333,-3.3524999999999996,3.479346619520646
2025-12-17 08:00:00,46,4.0527750000000005,-2.635,3.3580250024143226
2025-12-18 13:55:00,47,2.352125,2.533333333333333,2.4522077710637324
2025-12-18 14:55:00,47,2.532475,0.44083333333333324,2.7056869856839
2025-12-18 15:55:00,47,2.6248666666666667,-2.7875,3.260312745453586
2025-12-18 16:55:00,47,3.224191666666666,-2.5933333333333333,3.2598059492512217
2025-12-18 17:55:00,47,2.331975,0.9083333333333332,2.729196670682308
2025-12-18 18:55:00,47,1.4520666666666668,1.7958333333333334,2.595109173316692
2025-12-18 19:55:00,47,2.908091666666667,2.5649999999999995,2.5581230374374995
2025-12-18 20:55:00,47,2.454683333333333,2.8049999999999997,2.564535625813587
2025-12-18 21:55:00,47,4.097166666666666,3.060833333333333,2.505256297762153
2025-12-18 22:55:00,47,2.963933333333333,3.0558333333333336,2.3662429172017196
2025-12-18 23:55:00,47,2.651683333333333,2.81,2.329494670788605
2025-12-19 00:55:00,48,4.518891666666667,2.5566666666666666,2.447370724928754
2025-12-19 01:55:00,48,3.397641666666667,3.0275,2.3709202022895197
2025-12-19 02:55:00,48,3.083566666666667,2.9491666666666667,2.319142030788643
2025-12-19 03:55:00,48,3.029108333333333,2.0691666666666664,2.4638239294123134
2025-12-19 04:55:00,48,3.2196249999999997,2.268333333333333,2.43357746382628
2025-12-19 05:55:00,48,2.0116833333333335,4.0675,2.1100434686533363
2025-12-19 06:55:00,48,3.0648583333333335,4.653333333333333,2.003879813306127
2025-12-19 07:55:00,48,2.1734416666666667,5.574166666666667,1.8677554828353893
2025-12-19 08:55:00,48,2.1248416666666663,7.5183333333333335,1.5606882494360768
2025-12-19 09:55:00,48,3.0218333333333334,8.8925,1.4189498301488817
2025-12-19 10:55:00,48,2.159625,9.736666666666666,1.2921518111352785
2025-12-19 11:55:00,48,1.936,9.929166666666665,1.2558347786363053
2025-12-19 12:55:00,48,2.171358333333333,10.560833333333333,1.1322832957668414
2025-12-19 13:55:00,48,1.652825,11.296666666666667,1.0403360572412337
2025-12-20 18:05:00,49,2.6451499999999997,-4.149166666666667,3.677901994205239
2025-12-20 19:05:00,49,1.795425,-4.055,3.7317747789629814
2025-12-20 20:05:00,49,2.6847,-3.8983333333333334,3.72687989107749
2025-12-20 21:05:00,49,6.560466666666667,-3.2866666666666666,3.7073224761341472
2025-12-20 22:05:00,49,4.416458333333333,-2.4175000000000004,3.708315462468643
2025-12-20 23:05:00,49,3.862325,-2.2500000000000004,3.643480841831545
2025-12-21 00:05:00,50,4.520766666666666,-2.1999999999999997,3.5730703742085606
2025-12-21 01:05:00,50,4.469691666666667,-2.225833333333333,3.4669744248902834
2025-12-21 02:05:00,50,3.2110749999999992,-2.185833333333333,3.4927861916483463
2025-12-21 03:05:00,50,4.24745,-2.6833333333333336,3.5355148505473064
2025-12-21 04:05:00,50,4.134058333333333,-2.588333333333333,3.453860390044151
2025-12-21 05:05:00,50,2.725825,-2.203333333333333,3.4098594245312235
2025-12-21 06:05:00,50,3.645266666666667,-1.685833333333333,3.3387965907756225
2025-12-21 07:05:00,50,3.5681249999999998,-2.0599999999999996,3.346403768917654
2025-12-21 08:05:00,50,2.7329166666666667,-1.4641666666666666,3.329415415928242
2025-12-21 09:05:00,50,2.534116666666667,0.24,3.134772593520174
2025-12-21 10:05:00,50,2.357725,1.2783333333333333,3.0035881976984276
2025-12-21 11:05:00,50,2.2941166666666666,1.7550000000000006,2.9924830627883905
2025-12-21 12:05:00,50,1.5015499999999997,0.7225,3.2223716776496043
2025-12-21 13:05:00,50,0.0,0.21833333333333338,3.502870027247181
2025-12-21 14:05:00,50,0.0,-0.36166666666666675,3.5933734340034027
2025-12-21 15:05:00,50,0.0,-1.1941666666666666,3.584560891050734
2025-12-21 16:05:00,50,0.0,-2.1525000000000003,3.7610697445024446
2025-12-21 17:05:00,50,0.0,-2.750833333333334,3.9614881464765253
2025-12-21 18:05:00,50,0.0,-3.356666666666667,4.14817411595102
2025-12-21 19:05:00,50,0.0,-3.8516666666666666,4.153998128667986
2025-12-21 20:05:00,50,0.0,-4.365000000000001,4.082425214370753
2025-12-21 21:05:00,50,0.0,-5.110833333333333,4.411591620985886
2025-12-21 22:05:00,50,0.0,-6.1933333333333325,4.369841267119191
2025-12-21 23:05:00,50,0.0,-7.490833333333334,4.881188616311103
2025-12-22 00:05:00,51,0.0,-8.495833333333334,4.588148345750419
2025-12-22 01:05:00,51,0.0,-9.064166666666667,4.660375615146803
2025-12-22 02:05:00,51,0.0,-9.215833333333334,4.698191405205026
2025-12-22 03:05:00,51,0.0,-9.278333333333334,4.714732724761819
2025-12-22 04:05:00,51,0.0,-9.522499999999999,4.743003825237339
2025-12-22 05:05:00,51,0.0,-10.0375,4.854084844614342
2025-12-22 06:05:00,51,0.0,-10.634166666666667,4.972888432875499
2025-12-22 07:05:00,51,0.0,-11.351666666666667,5.074475750011441
2025-12-22 08:05:00,51,0.0,-10.5825,4.929555560390132
2025-12-22 09:05:00,51,0.0,-9.977500000000001,4.832374349324366
2025-12-22 10:05:00,51,0.0,-8.4625,4.558691327359556
2025-12-22 11:05:00,51,0.0,-8.106666666666667,4.4931499165596245
2025-12-22 12:05:00,51,3.0351583333333334,-7.940833333333334,4.491897662910966
2025-12-22 13:05:00,51,6.049266666666665,-8.403333333333334,4.564880785258494
2025-12-22 14:05:00,51,6.2186916666666665,-8.619166666666667,4.5510177433373045
2025-12-22 15:05:00,51,6.175891666666668,-9.5325,4.6379901661521625
2025-12-22 16:05:00,51,5.413275,-10.518333333333333,4.869159704035217
2025-12-22 17:05:00,51,4.247058333333333,-10.785833333333334,4.895195522374681
2025-12-22 18:05:00,51,4.1983999999999995,-10.758333333333333,4.8502485306254535
2025-12-22 19:05:00,51,6.3072833333333325,-10.645000000000001,4.801534969625055
2025-12-22 20:05:00,51,6.038683333333333,-10.852500000000001,4.839736161671695
2025-12-22 21:05:00,51,8.887575,-10.319166666666666,4.7623880661687865
2025-12-22 22:05:00,51,6.1751,-9.990833333333333,4.675048618490667
2025-12-22 23:05:00,51,7.189866666666666,-10.055,4.679130489176655
2025-12-23 00:05:00,52,7.497191666666667,-10.755,4.888408163211905
2025-12-23 01:05:00,52,6.394291666666665,-12.729166666666666,5.2401340390955
2025-12-23 02:05:00,52,6.915333333333333,-13.545833333333329,5.387559587375701
2025-12-23 03:05:00,52,5.616591666666667,-14.690000000000003,5.585667208475781
2025-12-23 04:05:00,52,5.3237,-15.560000000000002,5.741169579070616
2025-12-23 05:05:00,52,5.557908333333333,-15.921666666666669,5.798981611358446
2025-12-23 06:05:00,52,4.112075,-16.3,5.876747737595691
2025-12-23 07:05:00,52,3.405783333333333,-15.600833333333334,5.755104350584997
2025-12-23 08:05:00,52,5.532825000000001,-13.259166666666667,5.305112797541764
2025-12-23 09:05:00,52,5.675883333333332,-10.772499999999999,4.771556412554373
2025-12-23 10:05:00,52,4.140541666666667,-9.041666666666666,4.361613541010095
2025-12-23 11:05:00,52,4.674099999999999,-8.115,4.180247849140383
2025-12-23 12:05:00,52,3.8981749999999997,-7.615833333333334,4.177269857067365
2025-12-23 13:05:00,52,3.8697749999999993,-7.555833333333333,4.142938874083715
2025-12-23 14:05:00,52,3.5295416666666664,-7.028333333333333,4.157639873637075
2025-12-23 15:05:00,52,5.322175,-7.291666666666667,4.172569547673183
2025-12-23 16:05:00,52,4.170108333333333,-7.480833333333333,4.221534474547345
2025-12-23 17:05:00,52,3.057008333333333,-7.485833333333333,4.249588128096085
2025-12-23 18:05:00,52,2.217925,-7.648333333333333,4.269918336685379
2025-12-23 19:05:00,52,5.218358333333334,-8.036666666666667,4.246634566420588
2025-12-23 20:05:00,52,3.3437833333333336,-8.213333333333333,4.265170239315826
2025-12-23 21:05:00,52,4.626608333333333,-8.338333333333333,4.359446377699104
2025-12-23 22:05:00,52,4.918824999999999,-8.991666666666667,4.379834795239522
2025-12-23 23:05:00,52,4.364533333333333,-9.653333333333334,4.487943510725347
2025-12-24 00:05:00,53,6.7738749999999985,-9.926666666666668,4.525139261569277
2025-12-24 01:05:00,53,4.484341666666666,-10.36,4.462813506901214
2025-12-24 02:05:00,53,4.189391666666667,-10.775,4.571076303820267
2025-12-24 03:05:00,53,5.436633333333334,-10.921666666666667,4.677071700666104
2025-12-24 04:05:00,53,5.116241666666666,-11.184166666666668,4.674333932723184
2025-12-24 05:05:00,53,5.023941666666666,-11.265,4.767692379639149
2025-12-24 06:05:00,53,5.008541666666667,-11.28,4.699551332109821
2025-12-24 07:05:00,53,4.303308333333333,-11.292499999999999,4.784161439301966
2025-12-24 08:05:00,53,6.199525,-11.056666666666667,4.7550135145709564
2025-12-24 09:05:00,53,4.7036999999999995,-10.486666666666666,4.729195353262491
2025-12-24 10:05:00,53,3.7113666666666667,-9.9725,4.601029588547109
2025-12-24 11:05:00,53,4.447608333333333,-9.051666666666668,4.350892356494476
2025-12-24 12:05:00,53,3.6822916666666665,-8.138333333333334,4.243462895170807
2025-12-24 13:05:00,53,4.402941666666667,-7.5874999999999995,4.276500264490729
2025-12-24 14:05:00,53,5.685708333333333,-7.705000000000001,4.308922633063439
2025-12-24 15:05:00,53,3.5891166666666665,-8.476666666666667,4.475060613333712
2025-12-24 16:05:00,53,5.2856749999999995,-10.111666666666666,4.766914515026514
2025-12-24 17:05:00,53,4.945366666666666,-11.703333333333333,5.049885209871219
2025-12-24 18:05:00,53,4.735483333333333,-13.023333333333332,5.281874434046146
2025-12-24 19:05:00,53,3.3337916666666665,-14.592500000000001,5.5635288742830475
2025-12-24 20:05:00,53,2.7336083333333336,-15.897499999999999,5.795535213616454
2025-12-24 21:05:00,53,3.680233333333333,-15.850833333333332,5.78577911190571
2025-12-24 22:05:00,53,5.541108333333334,-14.84666666666667,5.600960237931803
2025-12-24 23:05:00,53,5.7283583333333326,-14.041666666666666,5.465600272559303
2025-12-25 00:05:00,54,6.1478,-13.286666666666667,5.273525889628676
2025-12-25 01:05:00,54,6.318125,-12.541666666666666,5.147037195726876
2025-12-25 02:05:00,54,3.6821166666666674,-10.976666666666667,4.865785916585012
2025-12-25 03:05:00,54,6.4045749999999995,-9.5375,4.574013713786696
2025-12-25 04:05:00,54,5.418691666666667,-9.289166666666667,4.522243562279897
2025-12-25 05:05:00,54,4.685275,-9.275,4.5509592203487905
2025-12-25 06:05:00,54,3.755183333333333,-9.225,4.560654759573296
2025-12-25 07:05:00,54,6.2103166666666665,-9.324166666666667,4.5931246226092695
2025-12-25 08:05:00,54,4.552791666666667,-9.290833333333333,4.587348915231151
2025-12-25 09:05:00,54,3.859683333333333,-8.805,4.503167980195077
2025-12-25 10:05:00,54,4.826025,-7.9816666666666665,4.360508007955553
2025-12-25 11:05:00,54,3.0931083333333333,-6.403333333333333,4.08702826360165
2025-12-25 12:05:00,54,3.5921833333333337,-6.283333333333334,4.066235717040424
2025-12-25 13:05:00,54,5.205266666666667,-5.574166666666667,3.943357542570956
2025-12-25 14:05:00,54,3.916366666666667,-5.3625,3.9047687630595025
2025-12-25 15:05:00,54,3.9982749999999987,-6.389166666666667,4.015364783315723
2025-12-25 16:05:00,54,4.813783333333333,-7.730833333333333,4.171273462828145
2025-12-25 17:05:00,54,5.472475000000001,-8.634166666666667,4.41136467229276
2025-12-25 18:05:00,54,4.7722500000000005,-9.319166666666666,4.479367869585845
2025-12-25 19:05:00,54,4.773883333333334,-10.4625,4.6622204768140065
2025-12-25 20:05:00,54,4.672733333333333,-11.9125,4.875442488308812
2025-12-25 21:05:00,54,6.154766666666666,-12.884166666666665,5.058692372205155
2025-12-25 22:05:00,54,6.258266666666667,-14.065000000000003,5.353221940943387
2025-12-25 23:05:00,54,4.326841666666666,-14.794166666666667,5.493992821431117
2025-12-26 00:05:00,55,5.96805,-14.698333333333332,5.288505297662604
2025-12-26 01:05:00,55,6.3675999999999995,-14.768333333333336,5.251000993625541
2025-12-26 02:05:00,55,4.116633333333334,-15.24083333333333,5.381934560786157
2025-12-26 03:05:00,55,6.306125,-15.940000000000003,5.5658607783102765
2025-12-26 04:05:00,55,5.981283333333334,-16.473333333333333,5.654743725507891
2025-12-26 05:05:00,55,5.494941666666667,-16.5975,5.569802011632488
2025-12-26 06:05:00,55,4.211075,-17.689166666666665,5.90757173548155
2025-12-26 07:05:00,55,6.053333333333333,-18.39833333333333,5.97714911790111
2025-12-26 08:05:00,55,5.088374999999999,-16.435,5.698361679472808
2025-12-26 09:05:00,55,5.860066666666666,-14.254166666666663,5.228123491640348
2025-12-26 10:05:00,55,3.769883333333333,-13.175833333333335,4.864658457210921
2025-12-26 11:05:00,55,4.055133333333333,-12.667499999999999,4.803489931792556
2025-12-26 12:05:00,55,3.9632166666666664,-10.94,4.66134187208061
2025-12-26 13:05:00,55,3.8458750000000004,-11.780833333333334,4.8375022031014
2025-12-26 14:05:00,55,6.112933333333334,-12.35666666666667,5.06069776282763
2025-12-26 15:05:00,55,5.146366666666666,-13.29166666666667,5.174541166115107
2025-12-26 16:05:00,55,5.084208333333334,-15.403333333333336,5.562890017832494
2025-12-26 17:05:00,55,4.550191666666666,-17.609166666666663,5.921155947525888
2025-12-26 18:05:00,55,6.1157916666666665,-19.09916666666667,6.1631580186599235
2025-12-26 19:05:00,55,5.4631,-20.505,6.382457043362777
2025-12-26 20:05:00,55,4.729141666666667,-20.88083333333333,6.39870898070567
2025-12-26 21:05:00,55,5.687408333333334,-18.726666666666667,6.052355893554763
2025-12-26 22:05:00,55,7.832741666666668,-18.81333333333333,6.116733683984881
2025-12-26 23:05:00,55,8.041075000000001,-19.489166666666666,6.226500842648026
2025-12-27 00:05:00,56,5.733275,-19.685833333333335,6.209393988448112
2025-12-27 01:05:00,56,4.994716666666666,-19.860833333333332,6.2409927143008765
2025-12-27 02:05:00,56,7.196516666666666,-19.86916666666667,6.24231080817807
2025-12-27 03:05:00,56,7.982091666666668,-20.406666666666666,6.327327863257054
2025-12-27 04:05:00,56,6.102508333333334,-20.6575,6.367002488960579
2025-12-27 05:05:00,56,5.3488083333333325,-20.453333333333333,6.334709188969337
2025-12-27 06:05:00,56,7.466358333333333,-19.375,6.164147841260493
2025-12-27 07:05:00,56,7.311083333333333,-18.296666666666663,5.993586493551648
2025-12-27 08:05:00,56,4.586708333333332,-16.281666666666663,5.67487139404625
2025-12-27 09:05:00,56,7.015675,-14.049999999999999,5.235491649191303
2025-12-27 10:05:00,56,7.3442583333333324,-12.060833333333335,4.887335060994322
2025-12-27 11:05:00,56,5.471016666666666,-11.126666666666667,4.778627809737709
2025-12-27 12:05:00,56,4.575541666666666,-9.721666666666666,4.540696359461341
2025-12-27 13:05:00,56,5.810308333333334,-9.88,4.633567969886118
2025-12-27 14:05:00,56,4.251766666666667,-10.134166666666667,4.6416923590191015
2025-12-27 15:05:00,56,4.672116666666666,-10.685,4.715202663803635
2025-12-27 16:05:00,56,4.128933333333333,-12.999166666666667,5.155674215819715
2025-12-27 17:05:00,56,4.264941666666666,-14.619999999999997,5.412043474933858
2025-12-27 18:05:00,56,3.5187416666666667,-15.161666666666667,5.4977195769514395
2025-12-27 19:05:00,56,4.231158333333333,-16.776666666666667,5.753166170351547
2025-12-27 20:05:00,56,2.9401,-17.695000000000004,5.878248709552342
2025-12-27 21:05:00,56,2.8666000000000005,-18.389999999999997,6.008349144976217
2025-12-27 22:05:00,56,5.278233333333333,-17.388333333333335,5.849914260937553
2025-12-27 23:05:00,56,5.856741666666667,-15.410833333333334,5.520264463459828
2025-12-28 00:05:00,57,4.658641666666665,-14.5875,5.3548883830143685
2025-12-28 01:05:00,57,5.776050000000001,-14.082499999999998,5.278482694671707
2025-12-28 02:05:00,57,6.760075,-14.537500000000001,5.356611220045482
2025-12-28 03:05:00,57,4.5675,-14.139166666666666,5.254209877670594
2025-12-28 04:05:00,57,5.461716666666667,-13.723333333333334,5.172072461569493
2025-12-28 05:05:00,57,6.268166666666667,-13.360833333333334,5.068772184435225
2025-12-28 06:05:00,57,4.3636333333333335,-13.7825,5.2144085980024775
2025-12-28 07:05:00,57,4.491175,-13.717499999999996,5.196917893162317
2025-12-28 08:05:00,57,5.838233333333333,-11.46,4.802321941874892
2025-12-28 09:05:00,57,4.991708333333333,-9.227500000000001,4.3974816003064
2025-12-28 10:05:00,57,2.93595,-6.7366666666666655,4.002468356392225
2025-12-28 11:05:00,57,1.5305166666666667,-5.25,3.8145156104121103
2025-12-28 12:05:00,57,2.407725,-4.0125,3.572271021432725
2025-12-28 13:05:00,57,2.1751750000000003,-4.406666666666667,3.6701431990963522
2025-12-28 14:05:00,57,4.341141666666666,-4.703333333333333,3.7505203176877018
2025-12-28 15:05:00,57,4.282791666666667,-5.5200000000000005,3.9871897546283352
2025-12-28 16:05:00,57,4.624633333333333,-6.625,4.143280157358071
2025-12-28 17:05:00,57,4.429233333333334,-7.523333333333333,4.2903120308159775
2025-12-28 18:05:00,57,3.995508333333333,-7.755,4.326602782097958
2025-12-28 19:05:00,57,4.496941666666666,-9.0275,4.519848006910081
2025-12-28 20:05:00,57,4.826675,-8.800833333333333,4.485425805764765
2025-12-28 21:05:00,57,4.978791666666666,-9.339166666666667,4.56717853348489
2025-12-28 22:05:00,57,4.359066666666667,-10.707500000000001,4.774977262457718
2025-12-28 23:05:00,57,5.989833333333333,-11.120833333333332,4.837747158663881
2025-12-29 00:05:00,58,4.546025,-11.185833333333335,4.8357015509480705
2025-12-29 01:05:00,58,3.352208333333334,-11.027500000000002,4.81205039066149
2025-12-29 02:05:00,58,4.968675,-10.471666666666666,4.729022370076494
2025-12-29 03:05:00,58,5.594683333333334,-9.768333333333333,4.623961426487685
2025-12-29 04:05:00,58,4.275341666666666,-9.0375,4.514792649796469
2025-12-29 05:05:00,58,3.6051416666666665,-8.39,4.418071852203454
2025-12-29 06:05:00,58,5.074875,-8.005833333333333,4.359301689227619
2025-12-29 07:05:00,58,5.129016666666666,-7.2924999999999995,4.254131967480157
2025-12-29 08:05:00,58,3.4258416666666665,-6.545833333333333,4.139959053635059
2025-12-29 09:05:00,58,5.550541666666667,-5.754166666666666,4.0230735679107985
2025-12-29 10:05:00,58,4.348275,-4.6066666666666665,3.80191402117214
2025-12-29 11:05:00,58,4.083383333333332,-2.6850000000000005,3.521529534347816
2025-12-29 12:05:00,58,4.261991666666667,-1.0225,3.2854626027604894
2025-12-29 13:05:00,58,3.029575,0.48166666666666674,2.948719070108832
2025-12-29 14:05:00,58,4.1347,0.6666666666666666,2.9218012195936494
2025-12-29 15:05:00,58,4.365691666666667,0.7083333333333334,2.941897357797394
2025-12-29 16:05:00,58,3.6402166666666664,0.8191666666666665,2.9575967861442574
2025-12-29 17:05:00,58,2.488108333333333,0.5558333333333333,3.065130858223419
2025-12-29 18:05:00,58,3.062441666666666,0.12083333333333333,3.1467597469042694
2025-12-29 19:05:00,58,1.874658333333333,0.009166666666666667,3.1634400388958577
2025-12-29 20:05:00,58,1.9069500000000001,0.027499999999999997,3.1607014834942535
2025-12-29 21:05:00,58,1.8820500000000002,-0.004999999999999998,3.1655561953425515
2025-12-29 22:05:00,58,3.1876999999999995,-0.0375,3.146147255734112
2025-12-29 23:05:00,58,4.070825,0.056666666666666664,3.0063564922949726
2025-12-30 00:05:00,59,3.7044916666666667,-0.5516666666666666,2.8317739182115274
2025-12-30 01:05:00,59,2.7707083333333333,-1.7400000000000002,2.934104979837393
2025-12-30 02:05:00,59,3.3757249999999996,-2.3183333333333334,3.1348755794554
2025-12-30 03:05:00,59,4.385533333333333,-2.5133333333333336,3.1944758369977277
2025-12-30 04:05:00,59,3.257441666666667,-2.9858333333333333,3.263304761748022
2025-12-30 05:05:00,59,3.778958333333333,-4.4816666666666665,3.187984954132403
2025-12-30 06:05:00,59,3.830025000000001,-6.216666666666666,3.5233469855752046
2025-12-30 07:05:00,59,3.917883333333333,-7.814166666666666,3.6883391177734564
2025-12-30 08:05:00,59,4.518283333333333,-8.485833333333334,3.7492206143250293
2025-12-30 09:05:00,59,4.781783333333333,-8.163333333333334,3.612121114061945
2025-12-30 10:05:00,59,4.129791666666667,-8.397499999999999,3.6741164085733393
2025-12-30 11:05:00,59,3.719533333333333,-9.2375,3.8160799168634516
2025-12-30 12:05:00,59,5.064075,-9.714166666666667,3.999565226805369
2025-12-30 13:05:00,59,5.230408333333333,-10.449166666666667,3.872656161896167
2025-12-30 14:05:00,59,5.257524999999999,-11.166666666666666,3.909113896083215
2025-12-30 15:05:00,59,4.5604499999999994,-12.027499999999998,4.089199480003548
2025-12-30 16:05:00,59,4.620575,-12.689999999999998,4.364707504842541
2025-12-30 17:05:00,59,3.673341666666667,-13.060833333333335,4.492593751195209
2025-12-30 18:05:00,59,4.001933333333334,-13.292500000000004,4.407068926844205
2025-12-30 19:05:00,59,3.2157250000000004,-13.535833333333334,4.452587326666574
2025-12-30 20:05:00,59,4.859075,-13.791666666666666,4.641959665183745
2025-12-30 21:05:00,59,5.612308333333333,-14.166666666666666,4.562298894208417
2025-12-30 22:05:00,59,6.310691666666667,-14.880833333333333,4.88225201099573
2025-12-30 23:05:00,59,5.881808333333333,-15.148333333333333,5.075013890291737
2025-12-31 00:05:00,60,7.817500000000001,-15.235,5.126606501165047
2025-12-31 01:05:00,60,6.383366666666666,-15.718333333333334,5.345356049922475
2025-12-31 02:05:00,60,5.259875,-16.263333333333335,5.467472559465551
2025-12-31 03:05:00,60,6.205558333333334,-16.38,5.530564784081591
2025-12-31 04:05:00,60,6.754416666666665,-16.156666666666666,5.334202306580693
2025-12-31 05:05:00,60,5.658675000000001,-16.703333333333333,5.624723875941504
2025-12-31 06:05:00,60,5.447033333333333,-18.310000000000002,5.88790724842681
2025-12-31 07:05:00,60,6.344674999999999,-17.889166666666668,5.828030778274648
2025-12-31 08:05:00,60,6.302091666666666,-15.384166666666665,5.359690845654024
2025-12-31 09:05:00,60,5.318725,-13.149166666666664,4.951534646614529
2025-12-31 10:05:00,60,6.407983333333333,-11.295833333333334,4.528408579644477
2025-12-31 11:05:00,60,3.2850750000000004,-10.139166666666666,4.3223444002231375
2025-12-31 12:05:00,60,6.795066666666665,-8.0175,4.042127295559604
2025-12-31 13:05:00,60,7.399874999999999,-7.759166666666666,4.08525131999535
2025-12-31 14:05:00,60,6.599724999999999,-7.5225,4.072298938504492
2025-12-31 15:05:00,60,6.12915,-8.174999999999999,4.339672404091866
2025-12-31 16:05:00,60,5.9303333333333335,-10.713333333333333,4.805600622350201
2025-12-31 17:05:00,60,4.482516666666665,-12.385833333333332,5.046693619626721
2025-12-31 18:05:00,60,6.010508333333332,-13.741666666666667,5.242138715077093
2025-12-31 19:05:00,60,5.791574999999999,-14.851666666666668,5.402146623583484
2025-12-31 20:05:00,60,5.188591666666667,-15.329166666666667,5.470978854495016
2025-12-31 21:05:00,60,7.232449999999999,-15.978333333333333,5.564557053238618
2025-12-31 22:05:00,60,3.570658333333333,-16.33666666666667,5.613969788283524
2025-12-31 23:05:00,60,6.434891666666666,-16.486666666666668,5.637833948275327
2026-01-01 00:05:00,61,4.145766666666667,-16.63,5.727453197724687
2026-01-01 01:05:00,61,7.002624999999998,-15.81583333333333,5.607225328527331
2026-01-01 02:05:00,61,6.4745,-14.72166666666667,5.445649901448388
2026-01-01 03:05:00,61,3.9173999999999993,-13.731666666666667,5.299456750367058
2026-01-01 04:05:00,61,5.653141666666667,-12.796666666666667,5.16138544101247
2026-01-01 05:05:00,61,4.648783333333333,-12.129166666666668,5.062815816419755
2026-01-01 06:05:00,61,6.537433333333334,-11.536666666666667,4.975321430545323
2026-01-01 07:05:00,61,3.3347416666666665,-11.181666666666667,4.922898633945453
2026-01-01 08:05:00,61,4.193991666666666,-9.623333333333333,4.692779785021138
2026-01-01 09:05:00,61,4.6862416666666675,-7.2975,4.349324326546399
2026-01-01 10:05:00,61,4.585958333333333,-6.395833333333333,4.210084727634479
2026-01-01 11:05:00,61,3.513116666666667,-5.584166666666667,4.096316650937634
2026-01-01 12:05:00,61,4.738841666666667,-4.642499999999999,3.9572608759191974
2026-01-01 13:05:00,61,2.998625,-4.3774999999999995,3.918128365781266
2026-01-01 14:05:00,61,3.1436750000000004,-4.6575,3.959475923662854
2026-01-01 15:05:00,61,3.906283333333333,-5.541666666666667,4.049358961844399
2026-01-01 16:05:00,61,1.878058333333333,-7.860833333333333,4.1948248602063805
2026-01-01 17:05:00,61,4.375416666666666,-9.62,4.377315325642968
2026-01-01 18:05:00,61,6.3309999999999995,-10.62,4.505823794249057
2026-01-01 19:05:00,61,4.601566666666667,-11.19,4.5909132790872285
2026-01-01 20:05:00,61,4.8678,-11.815,4.519186780406757
2026-01-01 21:05:00,61,4.6543,-12.44,4.57905274947238
2026-01-01 22:05:00,61,5.548725000000001,-13.078333333333333,4.665231598526607
2026-01-01 23:05:00,61,7.599716666666667,-14.134999999999998,4.715171505255658
2026-01-02 00:05:00,62,7.725775,-15.33916666666667,4.555523094277778
2026-01-02 01:05:00,62,6.9605999999999995,-15.829166666666666,4.8018335658388525
2026-01-02 02:05:00,62,6.3357,-16.5275,5.060004453520346
2026-01-02 03:05:00,62,7.397275,-17.0425,4.858346328984824
2026-01-02 04:05:00,62,7.227591666666665,-17.57,5.154879222290559
2026-01-02 05:05:00,62,6.727891666666667,-17.995833333333334,5.376020475097432
2026-01-02 06:05:00,62,6.744833333333333,-18.87,5.926215136068296
2026-01-02 07:05:00,62,7.364424999999999,-18.935833333333335,5.737691734316466
2026-01-02 08:05:00,62,7.422625,-17.45916666666667,5.287063721960548
2026-01-02 09:05:00,62,6.0749,-15.9125,4.906876377786276
2026-01-02 10:05:00,62,5.651816666666667,-14.050833333333332,4.647784984979303
2026-01-02 11:05:00,62,4.570841666666667,-13.019166666666665,4.420422563652776
2026-01-02 12:05:00,62,6.231633333333332,-12.119166666666665,4.266221572696425
2026-01-02 13:05:00,62,7.067925000000001,-12.659999999999998,4.3512956278569686
2026-01-02 14:05:00,62,7.244558333333333,-12.9775,4.479630811022439
2026-01-02 15:05:00,62,5.521,-13.81083333333333,4.808366572506736
2026-01-02 16:05:00,62,6.4334083333333325,-14.741666666666667,5.2717287861131785
2026-01-02 17:05:00,62,5.174975,-14.991666666666669,5.101881068203786
2026-01-02 18:05:00,62,4.860216666666667,-15.323333333333332,5.211042332363392
2026-01-02 19:05:00,62,4.726675,-15.680000000000001,5.305990416464035
2026-01-02 20:05:00,62,6.477391666666666,-16.44,5.631890032108994
2026-01-02 21:05:00,62,5.9715750000000005,-16.352500000000003,5.478739580222115
2026-01-02 22:05:00,62,6.827708333333333,-16.051666666666666,5.460087159222385
2026-01-02 23:05:00,62,6.5736083333333335,-14.828333333333335,4.933660064606216
2026-01-03 00:05:00,63,6.405908333333335,-15.143333333333333,5.37317156010046
2026-01-03 01:05:00,63,6.149033333333334,-15.315000000000003,5.44511191206987
2026-01-03 02:05:00,63,7.2538,-15.40333333333333,5.450142637933103
2026-01-03 03:05:00,63,5.486466666666667,-15.810833333333333,5.464381269986103
2026-01-03 04:05:00,63,6.902966666666666,-16.545833333333334,5.57331714230712
2026-01-03 05:05:00,63,7.304633333333332,-17.110833333333332,5.6599248022613375
2026-01-03 06:05:00,63,5.1824916666666665,-17.485833333333336,5.756945063456964
2026-01-03 07:05:00,63,7.3292,-17.395,5.693393447654119
2026-01-03 08:05:00,63,7.2870583333333325,-15.792499999999999,5.30854135794643
2026-01-03 09:05:00,63,6.003316666666667,-14.537500000000001,4.980244761365723
2026-01-03 10:05:00,63,6.748208333333333,-13.329999999999998,4.840421931842655
2026-01-03 11:05:00,63,5.549808333333333,-12.671666666666667,4.763281859878637
2026-01-03 12:05:00,63,4.604841666666666,-12.079166666666667,4.663380098938913
2026-01-03 13:05:00,63,5.318233333333334,-12.494166666666667,4.811132657729787
2026-01-03 14:05:00,63,7.282699999999999,-12.847499999999998,4.963018848519779
2026-01-03 15:05:00,63,7.490091666666667,-13.782499999999999,5.1763282449996675
2026-01-03 16:05:00,63,6.146166666666667,-15.092500000000001,5.340910579855173
2026-01-03 17:05:00,63,7.301774999999998,-15.341666666666667,5.333563426756889
2026-01-03 18:05:00,63,6.624675000000002,-15.883333333333335,5.555277473799493
2026-01-03 19:05:00,63,5.826508333333332,-16.31833333333333,5.635507337860787
2026-01-03 20:05:00,63,5.9998499999999995,-16.991666666666667,5.5616807604180885
2026-01-03 21:05:00,63,5.512824999999999,-17.518333333333334,5.771566530049846
2026-01-03 22:05:00,63,5.316333333333334,-17.75833333333333,5.933939547872554
2026-01-03 23:05:00,63,7.335850000000001,-18.06,5.958339545786588
2026-01-04 00:05:00,64,6.917083333333333,-18.675,6.2540672669481525
2026-01-04 01:05:00,64,5.674641666666666,-19.49333333333333,6.412173844773973
2026-01-04 02:05:00,64,7.428191666666667,-19.74,6.31228031999434
2026-01-04 03:05:00,64,7.406766666666666,-18.99083333333333,6.286551355906225
2026-01-04 04:05:00,64,5.329983333333334,-19.713333333333335,6.476193946531593
2026-01-04 05:05:00,64,7.414725,-20.764166666666664,6.671527533609554
2026-01-04 06:05:00,64,7.052816666666666,-21.49416666666667,6.79897168584897
2026-01-04 07:05:00,64,6.181383333333334,-22.269166666666667,6.934271984459308
2026-01-04 08:05:00,64,7.181658333333333,-19.276666666666667,6.343732666429343
2026-01-04 09:05:00,64,7.023916666666667,-15.505,5.494248759636796
2026-01-04 10:05:00,64,4.904458333333333,-13.684166666666668,5.173694365488807
2026-01-04 11:05:00,64,4.400983333333333,-12.46,5.0105929399380695
2026-01-04 12:05:00,64,4.311841666666666,-11.878333333333332,4.889729103952321
2026-01-04 13:05:00,64,5.418758333333332,-12.828333333333333,5.129652263602861
2026-01-04 14:05:00,64,7.902758333333332,-13.28416666666667,5.199811484642027
2026-01-04 15:05:00,64,7.7110166666666675,-14.379999999999997,5.536197433793275
2026-01-04 16:05:00,64,5.323641666666667,-15.97166666666667,5.83484794510627
2026-01-04 17:05:00,64,6.151216666666666,-17.175,5.870938856083447
2026-01-04 18:05:00,64,6.664591666666666,-17.713333333333335,6.136018402218158
2026-01-04 19:05:00,64,5.032041666666667,-16.392500000000002,5.8829097732633935
2026-01-04 20:05:00,64,4.905849999999999,-15.560000000000002,5.608108013104412
2026-01-04 21:05:00,64,4.012658333333333,-16.420833333333334,5.676980831679812
2026-01-04 22:05:00,64,5.6383833333333335,-16.874166666666667,5.755053641296061
2026-01-04 23:05:00,64,7.759533333333331,-17.4175,5.906389478221554
2026-01-05 00:05:00,65,6.864133333333332,-18.147499999999997,6.109463474183823
2026-01-05 01:05:00,65,7.220958333333332,-18.475833333333334,6.039218288967035
2026-01-05 02:05:00,65,6.249424999999999,-19.119166666666665,6.4236376586735675
2026-01-05 03:05:00,65,7.056016666666666,-18.3475,6.127597370221119
2026-01-05 04:05:00,65,7.092641666666665,-19.06083333333333,6.285430785194844
2026-01-05 05:05:00,65,5.022525,-19.918333333333337,6.511720111561743
2026-01-05 06:05:00,65,6.759458333333333,-19.523333333333333,6.51050369919419
2026-01-05 07:05:00,65,7.208124999999998,-19.2125,6.457404962182612
2026-01-05 08:05:00,65,6.839758333333333,-17.574166666666667,6.028073479581811
2026-01-05 09:05:00,65,5.104041666666666,-15.5,5.62168521969706
2026-01-05 10:05:00,65,5.468758333333334,-13.605833333333335,5.128425193383
2026-01-05 11:05:00,65,5.0515,-11.986666666666666,4.8891972446013625
2026-01-05 12:05:00,65,5.372525,-10.609166666666665,4.62504381081989
2026-01-05 13:05:00,65,8.090450000000002,-10.63,4.779432164035699
2026-01-05 14:05:00,65,7.197758333333334,-10.717500000000001,4.8926805895377035
2026-01-05 15:05:00,65,7.453508333333333,-11.713333333333333,5.116476036233925
2026-01-05 16:05:00,65,5.821008333333333,-13.468333333333334,5.437452353258337
2026-01-05 17:05:00,65,5.1353583333333335,-14.313333333333333,5.587493256413598
2026-01-05 18:05:00,65,4.5050333333333334,-14.646666666666668,5.646680989413701
2026-01-05 19:05:00,65,5.121825,-14.079166666666667,5.545913873981026
2026-01-05 20:05:00,65,5.245491666666666,-13.741666666666669,5.4859862943184226
2026-01-05 21:05:00,65,7.300983333333333,-13.338333333333333,5.414369137388297
2026-01-05 22:05:00,65,8.456408333333332,-13.106666666666664,5.373233662953225
2026-01-05 23:05:00,65,4.939691666666667,-12.777500000000002,5.314785776615624
2026-01-06 00:05:00,66,6.10065,-12.7125,5.352474858856414
2026-01-06 01:05:00,66,5.789891666666667,-13.94,5.575337812336985
2026-01-06 02:05:00,66,5.398408333333333,-15.388333333333334,5.838294915629065
2026-01-06 03:05:00,66,5.047291666666666,-16.855833333333333,6.104731888527427
2026-01-06 04:05:00,66,5.743283333333332,-17.824166666666667,6.280540952983927
2026-01-06 05:05:00,66,6.7089,-16.93916666666667,6.119861756380827
2026-01-06 06:05:00,66,5.087291666666666,-17.52416666666667,6.22607342871169
2026-01-06 07:05:00,66,6.682200000000001,-18.124166666666664,6.335008477256164
2026-01-08 11:10:00,68,3.644633333333333,0.7541666666666665,2.7872347863353664
2026-01-08 12:10:00,68,1.3664249999999998,1.015,2.5337358851529386
2026-01-08 13:10:00,68,2.641758333333333,0.8333333333333334,2.5511470034764208
2026-01-08 14:10:00,68,3.2698583333333326,0.6716666666666667,2.6556634016195066
2026-01-08 15:10:00,68,2.3707916666666664,0.20416666666666664,2.7300706573811193
2026-01-08 16:10:00,68,4.414791666666667,-0.10166666666666667,2.7902739874656315
2026-01-08 17:10:00,68,2.6529166666666666,-0.3466666666666667,2.8815192778624015
2026-01-08 18:10:00,68,3.8215,-1.1116666666666668,3.0919044716097366
2026-01-08 19:10:00,68,1.3577166666666667,-1.4816666666666667,3.056904146061763
2026-01-08 20:10:00,68,2.467833333333333,-1.2033333333333334,3.0571044283362268
2026-01-08 21:10:00,68,1.3902666666666668,-1.2449999999999999,3.0884133254948662
2026-01-08 22:10:00,68,2.5542,-1.2216666666666667,3.163167073713017
2026-01-08 23:10:00,68,2.5278166666666664,-1.3808333333333334,3.2295089142751827
2026-01-09 00:10:00,69,3.711708333333333,-1.3341666666666665,2.949555403564412
2026-01-09 01:10:00,69,3.621641666666667,-1.3166666666666669,2.9690925071314638
2026-01-09 02:10:00,69,2.8087333333333335,-1.39,2.9900865939145604
2026-01-09 03:10:00,69,3.6750583333333338,-1.3941666666666668,2.9909409998010847
2026-01-09 04:10:00,69,2.255075,-1.4299999999999997,2.998288890425193
2026-01-09 05:10:00,69,3.5802416666666668,-1.5100000000000005,3.013604540827682
2026-01-09 06:10:00,69,3.9197416666666665,-1.6341666666666665,3.0330156677396913
2026-01-09 07:10:00,69,2.687091666666667,-1.125,2.8967635952849555
2026-01-09 08:10:00,69,3.373725,-0.42249999999999993,2.6986342494008033
2026-01-09 09:10:00,69,2.7030666666666665,0.6625,2.408697905726711
2026-01-09 10:10:00,69,4.313233333333334,0.5425,2.37332242419763
2026-01-09 11:10:00,69,3.0980250000000003,0.6808333333333333,2.3946091218941468
2026-01-09 12:10:00,69,1.4499833333333332,1.1991666666666667,2.3164230061741575
2026-01-09 13:10:00,69,3.392533333333333,1.7924999999999998,2.18405110867419
2026-01-09 14:10:00,69,3.453691666666667,1.964166666666667,2.1883080027625414
2026-01-09 15:10:00,69,2.010625,2.0500000000000003,2.100656089544854
2026-01-09 16:10:00,69,2.3571833333333334,2.795833333333334,1.8902620649324358
2026-01-09 17:10:00,69,3.099183333333333,2.9666666666666663,1.8301927363423547
2026-01-09 18:10:00,69,2.034275,2.864166666666667,1.9084411454503025
2026-01-09 19:10:00,69,1.0417083333333332,3.018333333333333,1.9302854069544604
2026-01-09 20:10:00,69,3.2849749999999998,3.2308333333333334,1.8999085066925676
2026-01-09 21:10:00,69,0.0,3.5083333333333333,1.8180716640792531
2026-01-09 22:10:00,69,3.9873999999999996,3.6199999999999997,1.8741035545843039
2026-01-09 23:10:00,69,2.716608333333333,3.9591666666666665,1.7964812747355507
2026-01-10 00:10:00,70,3.988883333333333,3.6341666666666668,2.0019047968014845
2026-01-10 01:10:00,70,2.942658333333333,3.420833333333333,2.0614467327229367
2026-01-10 02:10:00,70,4.024074999999999,3.4766666666666666,1.8380083704187298
2026-01-10 03:10:00,70,1.4650583333333334,2.8475,1.781515363412939
2026-01-10 04:10:00,70,3.692424999999999,2.3333333333333335,1.8594286640245432
2026-01-10 05:10:00,70,2.4387416666666666,2.4391666666666665,1.8174735889381142
2026-01-10 06:10:00,70,3.2229,2.1716666666666664,1.863313195339451
2026-01-10 07:10:00,70,4.200366666666666,1.7225000000000001,1.9475916317111217
2026-01-10 08:10:00,70,2.8284083333333334,1.9949999999999999,2.1255715380817297
2026-01-10 09:10:00,70,2.2570083333333333,1.4866666666666666,2.117072028332002
2026-01-10 10:10:00,70,0.0,3.185,1.9634409767233725
2026-01-10 11:10:00,70,4.0207749999999995,3.7808333333333337,1.802270266298788
2026-01-10 12:10:00,70,1.3334666666666666,3.8649999999999998,1.8463205467998454
2026-01-10 13:10:00,70,2.468383333333333,3.6533333333333338,2.012130044654532
2026-01-10 14:10:00,70,3.047683333333333,2.6616666666666666,2.2732040589271048
2026-01-10 15:10:00,70,1.7964166666666663,1.2074999999999998,2.5109091856732855
2026-01-10 16:10:00,70,4.5134333333333325,0.022500000000000003,2.7627405029384784
2026-01-10 17:10:00,70,1.5879083333333335,-0.5541666666666668,2.8947161274465785
2026-01-10 18:10:00,70,1.2836083333333332,-1.3941666666666668,3.088319769771205
2026-01-10 19:10:00,70,1.6983583333333332,-2.198333333333333,3.2476431265563326
2026-01-10 20:10:00,70,1.5225416666666667,-2.4450000000000003,3.296513296098714
2026-01-10 21:10:00,70,4.1062916666666665,-3.0233333333333334,3.4110940314447027
2026-01-10 22:10:00,70,2.6780583333333334,-2.5608333333333335,3.3194624635527377
2026-01-10 23:10:00,70,2.479808333333333,-1.9708333333333332,3.1971669713195117
2026-01-11 00:10:00,71,3.536133333333333,-1.4816666666666667,3.15851231176716
2026-01-11 01:10:00,71,3.3484833333333333,-1.5750000000000002,3.140402185966239
2026-01-11 02:10:00,71,3.92965,-2.1766666666666663,3.2636241590119037
2026-01-11 03:10:00,71,1.7877750000000001,-3.084166666666667,3.461513860902467
2026-01-11 04:10:00,71,4.298025,-3.578333333333333,3.587300479366211
2026-01-11 05:10:00,71,1.7157916666666666,-3.6566666666666663,3.606239176211151
2026-01-11 06:10:00,71,4.23445,-3.75,3.616616643160155
2026-01-11 07:10:00,71,2.2951,-3.6200000000000006,3.601722929877458
2026-01-11 08:10:00,71,3.3944166666666664,-3.0275,3.497327640860081
2026-01-11 09:10:00,71,1.5127833333333334,-2.334166666666667,3.372318036284053
2026-01-11 10:10:00,71,3.4890833333333338,-1.6450000000000002,3.24805969135091
2026-01-11 11:10:00,71,1.2061666666666666,-0.9716666666666667,3.1266561330607288
2026-01-11 12:10:00,71,2.8554083333333335,-1.1075000000000002,3.14301262484356
2026-01-11 13:10:00,71,1.4335666666666667,-1.344166666666667,3.1611328554572555
2026-01-11 14:10:00,71,3.5287166666666665,-1.5241666666666667,3.2221138668528093
2026-01-11 15:10:00,71,2.969491666666667,-1.6441666666666668,3.247909439422333
2026-01-11 16:10:00,71,2.501791666666667,-2.1666666666666665,3.341769043410593
2026-01-11 17:10:00,71,3.378725,-2.3250000000000006,3.370665265069707
2026-01-11 18:10:00,71,0.0,-2.7583333333333333,3.448796267929724
2026-01-11 19:10:00,71,0.4343333333333333,-3.6525,3.6100165872927987
2026-01-11 20:10:00,71,2.0362166666666663,-4.0825,3.6875465824385083
2026-01-11 21:10:00,71,2.3731,-4.398333333333333,3.744492063369175
2026-01-11 22:10:00,71,3.842583333333333,-5.555833333333333,3.9531919921625676
2026-01-11 23:10:00,71,2.114158333333333,-6.1525,4.060772373023669
2026-01-12 00:10:00,72,4.2021749999999995,-6.3325,3.9095457204916078
2026-01-12 01:10:00,72,2.4504666666666663,-6.509166666666666,3.942243266694624
2026-01-12 02:10:00,72,3.226475,-4.781666666666666,3.758832535685244
2026-01-12 03:10:00,72,2.953191666666666,-4.9208333333333325,4.246699702736881
2026-01-12 04:10:00,72,3.415633333333333,-6.194166666666667,4.439483625655269
2026-01-12 05:10:00,72,3.532341666666667,-6.9525,4.305372117348613
2026-01-12 06:10:00,72,3.7863916666666664,-8.281666666666666,4.884230308378332
2026-01-12 07:10:00,72,5.139525,-8.384166666666667,4.666926254008294
2026-01-12 08:10:00,72,3.147933333333333,-8.102500000000001,4.91145782438112
2026-01-12 09:10:00,72,4.162916666666667,-7.403333333333333,4.610596429750952
2026-01-12 10:10:00,72,5.0658,-6.075,4.314865721005186
2026-01-12 11:10:00,72,1.4972416666666668,-5.740833333333334,4.32894583441338
2026-01-12 12:10:00,72,3.9966666666666666,-4.888333333333333,4.025500687644868
2026-01-12 13:10:00,72,2.4555666666666665,-5.3133333333333335,4.056826980475772
2026-01-12 14:10:00,72,4.03215,-5.644166666666667,3.9999955927266484
2026-01-12 15:10:00,72,4.092583333333333,-5.3741666666666665,3.9067453853671634
2026-01-12 16:10:00,72,3.2914083333333335,-5.5075,3.785485934876014
2026-01-12 17:10:00,72,4.462458333333333,-5.716666666666666,3.7955670099065646
2026-01-12 18:10:00,72,1.621375,-5.536666666666666,3.7622525288695288
2026-01-12 19:10:00,72,2.878258333333333,-5.769166666666667,3.8052837335423666
2026-01-12 20:10:00,72,1.6966416666666666,-5.6383333333333345,3.781069041307114
2026-01-12 21:10:00,72,3.874525,-5.4725,3.75037653331466
2026-01-12 22:10:00,72,3.508808333333332,-5.293333333333334,3.717216285986129
2026-01-12 23:10:00,72,2.8351083333333333,-5.13,3.6869864791191893
2026-01-13 00:10:00,73,4.377700000000001,-4.2975,3.515883961697383
2026-01-13 01:10:00,73,2.5380249999999998,-3.5641666666666665,3.3696462770443625
2026-01-13 02:10:00,73,3.5032333333333328,-3.185,3.317373595485534
2026-01-13 03:10:00,73,1.9476166666666668,-2.69,3.230000476414702
2026-01-13 04:10:00,73,3.5708,-2.5416666666666665,3.2076533309148205
2026-01-13 05:10:00,73,4.159999999999999,-2.690833333333334,3.2136046545203625
2026-01-13 06:10:00,73,1.9497249999999997,-2.6475000000000004,3.2411535958922553
2026-01-13 07:10:00,73,3.6491083333333334,-3.3841666666666668,3.3477817010546755
2026-01-13 08:10:00,73,3.9472333333333336,-1.6791666666666663,3.014480952530594
2026-01-13 09:10:00,73,3.6388833333333337,-0.2725,2.7763798601566676
2026-01-13 10:10:00,73,1.6654416666666665,0.9166666666666666,2.5669398203778053
2026-01-13 11:10:00,73,3.8388249999999995,1.1716666666666666,2.597714664978494
2026-01-13 12:10:00,73,2.4395916666666664,1.6358333333333335,2.511805928074519
2026-01-13 13:10:00,73,2.2239166666666668,2.606666666666667,2.306084647386981
2026-01-13 14:10:00,73,2.453433333333334,2.203333333333333,2.383556458489789
2026-01-13 15:10:00,73,3.2960499999999997,0.8441666666666666,2.5289118064823572
2026-01-13 16:10:00,73,3.5437749999999997,-0.07333333333333333,2.705245534761067
2026-01-13 17:10:00,73,2.5898666666666665,-1.0658333333333332,2.9054481519452797
2026-01-13 18:10:00,73,1.4689999999999999,-1.805,3.0481954694186717
2026-01-13 19:10:00,73,1.351675,-0.31416666666666665,2.8594378027395213
2026-01-13 20:10:00,73,2.3140166666666664,-0.5091666666666667,2.9177496240144256
2026-01-13 21:10:00,73,2.44735,-0.9208333333333334,2.9228701922246367
2026-01-13 22:10:00,73,3.4953499999999997,-0.49499999999999994,2.8980767808529087
2026-01-13 23:10:00,73,3.0731916666666668,-0.19083333333333338,2.800275768911585
2026-01-14 00:10:00,74,2.977066666666667,0.1616666666666667,2.7796126613975947
2026-01-14 01:10:00,74,3.1019416666666664,0.6725,2.7105700826388084
2026-01-14 02:10:00,74,3.037158333333333,0.7325,2.636872996232718
2026-01-14 03:10:00,74,2.8658583333333336,0.49166666666666664,2.6397381293356994
2026-01-14 04:10:00,74,3.7739083333333334,0.49500000000000005,2.6885099324070176
2026-01-14 05:10:00,74,2.21875,0.305,2.6605543393591415
2026-01-14 06:10:00,74,3.515616666666666,0.39833333333333326,2.6279187248029143
2026-01-14 07:10:00,74,2.446358333333333,0.425,2.6359365407657203
2026-01-14 08:10:00,74,1.1279416666666666,0.8991666666666666,2.5650452294902717
2026-01-14 09:10:00,74,3.240758333333333,1.7825,2.43540577939127
2026-01-14 10:10:00,74,2.2800499999999997,2.3325,2.3673633446085955
2026-01-14 11:10:00,74,3.279558333333333,3.1108333333333333,2.202028023814512
2026-01-14 12:10:00,74,2.0160333333333336,4.421666666666667,1.9070260647530057
2026-01-14 13:10:00,74,3.233875,4.7683333333333335,1.811975927444805
2026-01-14 14:10:00,74,2.1524916666666667,4.1975,1.8905902290301853
2026-01-14 15:10:00,74,2.2462333333333335,2.466666666666667,2.2161054688680295
2026-01-14 16:10:00,74,3.4183583333333334,1.1333333333333335,2.4710122644248904
2026-01-14 17:10:00,74,2.2689166666666667,0.6208333333333335,2.568992063967059
2026-01-14 18:10:00,74,2.400966666666667,0.40416666666666673,2.610414418245049
2026-01-14 19:10:00,74,2.157633333333333,0.2800000000000001,2.6341526135812816
2026-01-14 20:10:00,74,2.2366083333333333,0.32416666666666677,2.6257088259784607
2026-01-14 21:10:00,74,2.232433333333333,0.22083333333333335,2.6454641026341172
2026-01-14 22:10:00,74,2.1220749999999997,0.14666666666666667,2.6596432931369676
2026-01-14 23:10:00,74,2.448633333333333,0.1516666666666667,2.6586873926536296
2026-01-15 00:10:00,75,3.3120249999999993,0.18833333333333335,2.653314920548647
2026-01-15 01:10:00,75,2.165691666666667,0.25500000000000006,2.6407115362406435
2026-01-15 02:10:00,75,3.3888416666666665,0.29250000000000015,2.633622132567391
2026-01-15 03:10:00,75,3.388133333333333,0.36250000000000004,2.6213263305372436
2026-01-15 04:10:00,75,2.3562999999999996,0.3841666666666667,2.616292479143886
2026-01-15 05:10:00,75,3.4327666666666663,0.32083333333333336,2.6282656942364895
2026-01-15 06:10:00,75,2.1475666666666666,0.37500000000000006,2.6180254444862365
2026-01-15 07:10:00,75,3.46965,0.4166666666666667,2.610148329293734
2026-01-15 08:10:00,75,2.25345,0.82,2.533897854230311
2026-01-15 09:10:00,75,2.8480000000000003,1.425,2.4195221416351766
2026-01-15 10:10:00,75,2.0465166666666668,2.486666666666667,2.2188132465302157
2026-01-15 11:10:00,75,3.1916249999999997,2.5091666666666668,2.2145596043262645
2026-01-15 12:10:00,75,2.697075,2.578333333333333,2.2014835931067105
2026-01-15 13:10:00,75,3.2249666666666665,2.848333333333333,2.150439886659295
2026-01-15 14:10:00,75,2.795,2.82,2.1557963249901966
2026-01-15 15:10:00,75,2.4138333333333333,2.3841666666666668,2.2381909499037715
2026-01-15 16:10:00,75,3.314491666666666,2.214166666666667,2.2703295798891814
2026-01-15 17:10:00,75,2.3556833333333334,2.14,2.300297806320896
2026-01-15 18:10:00,75,1.2108,2.329166666666667,2.269349372322034
2026-01-15 19:10:00,75,2.362258333333333,1.9908333333333337,2.324701327422149
2026-01-15 20:10:00,75,2.3783,1.0333333333333334,2.493567024444699
2026-01-15 21:10:00,75,4.4701,0.38833333333333325,2.615504767624636
2026-01-15 22:10:00,75,2.005358333333333,0.6849999999999999,2.560349527412199
2026-01-15 23:10:00,75,3.650958333333333,0.30583333333333335,2.6943420151731305
2026-01-16 00:10:00,76,2.3859666666666666,-1.9125000000000003,3.370132155058272
2026-01-16 01:10:00,76,4.493975,-3.9641666666666673,3.812928137583789
2026-01-16 02:10:00,76,2.6393,-4.991666666666667,4.021804396291403
2026-01-16 03:10:00,76,4.749458333333333,-5.8566666666666665,4.210914216512839
2026-01-16 04:10:00,76,2.9527249999999996,-6.3566666666666665,4.330709008559658
2026-01-16 05:10:00,76,4.913349999999999,-7.008333333333333,4.491754672690804
2026-01-16 06:10:00,76,5.028466666666666,-7.814166666666666,4.705498807133765
2026-01-16 07:10:00,76,4.0291,-8.753333333333332,4.845163607279692
2026-01-16 08:10:00,76,4.936508333333333,-10.384166666666667,5.24001639339756
2026-01-16 09:10:00,76,3.854799999999999,-10.924166666666666,5.482033916211278
2026-01-16 10:10:00,76,5.419041666666667,-11.145000000000001,5.398091737347335
2026-01-16 11:10:00,76,6.727608333333333,-10.99,5.363458847349883
2026-01-16 12:10:00,76,4.226008333333334,-10.4125,5.224812673595108
2026-01-16 13:10:00,76,3.89425,-10.319166666666666,5.249057297186771
2026-01-16 14:10:00,76,5.2859333333333325,-10.601666666666667,5.291554018819594
2026-01-16 15:10:00,76,5.046908333333333,-11.43,5.318590537847324
2026-01-16 16:10:00,76,6.666258333333333,-12.232500000000002,5.2868628054949545
2026-01-16 17:10:00,76,7.214316666666665,-12.786666666666667,5.559375686214644
2026-01-16 18:10:00,76,5.451741666666667,-13.2875,5.471459383917967
2026-01-16 19:10:00,76,5.107458333333333,-13.475833333333332,5.693705853809975
2026-01-16 20:10:00,76,7.041916666666666,-13.921666666666667,5.716793718250091
2026-01-16 21:10:00,76,6.2414250000000004,-14.288333333333334,5.708929785235552
2026-01-16 22:10:00,76,5.743341666666666,-14.410833333333334,5.583804476806329
2026-01-16 23:10:00,76,7.784333333333333,-13.486666666666666,5.3908436257639005
2026-01-17 00:10:00,77,6.968658333333333,-13.273333333333335,5.385738270092753
2026-01-17 01:10:00,77,7.409916666666665,-12.758333333333333,5.281404212589353
2026-01-17 02:10:00,77,6.471516666666666,-12.217500000000001,5.175905389983144
2026-01-17 03:10:00,77,6.611608333333334,-11.855833333333335,5.10110987646576
2026-01-17 04:10:00,77,5.283200000000001,-11.624166666666667,5.07410933239685
2026-01-17 05:10:00,77,6.095274999999999,-11.467500000000001,5.0650052238610765
2026-01-17 06:10:00,77,5.665341666666666,-11.693333333333333,5.0983020017320335
2026-01-17 07:10:00,77,6.266425,-11.435833333333333,5.034415633036458
2026-01-17 08:10:00,77,5.481116666666666,-10.87,4.962319597669042
2026-01-17 09:10:00,77,3.994591666666667,-9.924999999999999,4.802635453109882
2026-01-17 10:10:00,77,4.994733333333333,-9.531666666666668,4.701122551484757
2026-01-17 11:10:00,77,4.417274999999999,-9.193333333333333,4.628682528975581
2026-01-17 12:10:00,77,5.462858333333332,-8.7675,4.519725987470782
2026-01-17 13:10:00,77,4.524408333333334,-8.4625,4.471597992534187
2026-01-17 14:10:00,77,2.9767083333333333,-8.281666666666666,4.41863849898873
2026-01-17 15:10:00,77,3.0094749999999997,-8.265,4.387718419660483
2026-01-17 16:10:00,77,4.675983333333334,-8.28,4.390698472160482
2026-01-17 17:10:00,77,3.920316666666666,-8.230833333333333,4.380930522299375
2026-01-17 18:10:00,77,4.1522499999999996,-8.101666666666667,4.35526895910494
2026-01-17 19:10:00,77,4.896208333333334,-8.005,4.33606417632717
2026-01-17 20:10:00,77,3.0291,-7.848333333333334,4.304939183549404
2026-01-17 21:10:00,77,3.9354,-8.463333333333333,4.427121336049356
2026-01-17 22:10:00,77,4.923791666666666,-10.685,4.868500222993628
2026-01-17 23:10:00,77,5.4138416666666656,-12.199166666666668,5.169319967021289
2026-01-18 00:10:00,78,5.435366666666666,-13.435000000000002,5.46680795674028
2026-01-18 01:10:00,78,6.485083333333333,-13.888333333333335,5.557962030183507
2026-01-18 02:10:00,78,5.970358333333333,-13.823333333333336,5.544892144653045
2026-01-18 03:10:00,78,4.7556416666666665,-13.527499999999998,5.485407409225938
2026-01-18 04:10:00,78,6.001441666666667,-13.1625,5.41201497509334
2026-01-18 05:10:00,78,5.3961500000000004,-12.801666666666668,5.339460354135771
2026-01-18 06:10:00,78,5.0894,-12.318333333333333,5.24227402583233
2026-01-18 07:10:00,78,5.522174999999999,-11.478333333333333,5.07337088974635
2026-01-18 08:10:00,78,5.621841666666667,-9.995833333333334,4.775276962070797
2026-01-18 09:10:00,78,3.951075,-8.268333333333333,4.427919619703499
2026-01-18 10:10:00,78,4.566533333333333,-6.194166666666667,4.010856221173734
2026-01-18 11:10:00,78,3.4105,-4.118333333333333,3.6030038839985763
2026-01-18 12:10:00,78,1.0778999999999999,-2.1941666666666664,3.2203172529773703
2026-01-18 13:10:00,78,1.869875,-2.4299999999999997,3.258526027536344
2026-01-18 14:10:00,78,2.800875,-2.3508333333333336,3.2456331249606842
2026-01-18 15:10:00,78,2.7132666666666667,-3.2641666666666667,3.421705996492875
2026-01-18 16:10:00,78,0.0,-4.3025,3.630489039710267
2026-01-18 17:10:00,78,3.025975,-5.028333333333333,3.776436094800434
2026-01-18 18:10:00,78,1.5024666666666664,-5.519166666666667,3.8751304868189287
2026-01-18 19:10:00,78,3.0004083333333327,-5.894166666666667,3.950533672571598
2026-01-18 20:10:00,78,4.353616666666667,-6.1475,4.001472713613401
2026-01-18 21:10:00,78,3.617008333333333,-6.045833333333333,3.9810300721426777
2026-01-18 22:10:00,78,3.5353750000000006,-6.091666666666666,3.990246017068004
2026-01-18 23:10:00,78,2.605433333333333,-6.174166666666667,4.006834717933591
2026-01-19 00:10:00,79,4.1254,-6.239999999999999,3.955731911929167
2026-01-19 01:10:00,79,3.5858750000000006,-6.255,3.9588156869475526
2026-01-19 02:10:00,79,3.870566666666667,-6.2700000000000005,3.9618994619659382
2026-01-19 03:10:00,79,3.8956833333333334,-6.289166666666667,3.9658398411560976
2026-01-19 04:10:00,79,3.2252833333333335,-6.473333333333334,4.003701745548499
2026-01-19 05:10:00,79,2.3502083333333332,-6.7175,4.053898750014442
2026-01-19 06:10:00,79,5.483616666666666,-7.269166666666667,4.16731314235729
2026-01-19 07:10:00,79,3.670075,-7.079166666666667,4.130167319834999
2026-01-19 08:10:00,79,4.274091666666667,-6.005,3.9462672556318954
2026-01-19 09:10:00,79,3.997425,-4.7775,3.716332077970149
2026-01-19 10:10:00,79,2.9921499999999996,-3.795833333333333,3.5423595530533425
2026-01-19 11:10:00,79,2.58,-2.5050000000000003,3.2483161649464445
2026-01-19 12:10:00,79,2.5084333333333335,-2.023333333333334,3.123395355322491
2026-01-19 13:10:00,79,4.764583333333333,-1.9816666666666665,3.118402910490091
2026-01-19 14:10:00,79,2.667758333333333,-2.458333333333333,3.182881420542028
2026-01-19 15:10:00,79,4.51615,-2.9574999999999996,3.2808991454057868
2026-01-19 16:10:00,79,1.6174333333333333,-3.8524999999999996,3.4724495771899053
2026-01-19 17:10:00,79,2.8818333333333332,-4.204166666666667,3.5396440188231733
2026-01-19 18:10:00,79,1.5529166666666667,-4.120833333333334,3.543014039712922
2026-01-19 19:10:00,79,4.551716666666667,-3.9666666666666663,3.4924589565539907
2026-01-19 20:10:00,79,3.1024749999999996,-3.9450000000000003,3.4888541953516037
2026-01-19 21:10:00,79,4.192216666666667,-4.416666666666667,3.5816435288985757
2026-01-19 22:10:00,79,4.039991666666666,-5.0825,3.7803007986527972
2026-01-19 23:10:00,79,3.81,-6.430833333333333,4.015056050133184
2026-01-20 00:10:00,80,3.6982249999999994,-8.56,4.4021582498443355
2026-01-20 01:10:00,80,5.273816666666666,-10.555833333333334,4.813175586719662
2026-01-20 02:10:00,80,2.9230916666666666,-9.980833333333333,4.70943815996718
2026-01-20 03:10:00,80,5.189033333333334,-10.448333333333332,4.793962196013549
2026-01-20 04:10:00,80,3.1065166666666664,-11.199166666666665,4.946112586878595
2026-01-20 05:10:00,80,4.8920416666666675,-12.551666666666668,5.230784145047338
2026-01-20 06:10:00,80,3.651816666666667,-13.375833333333333,5.395894250628764
2026-01-20 07:10:00,80,5.490291666666667,-13.190833333333332,5.3576662531737345
2026-01-20 08:10:00,80,3.307291666666667,-9.93,4.767281011844811
2026-01-20 09:10:00,80,4.328616666666667,-8.329166666666667,4.727347659406586
2026-01-20 10:10:00,80,2.979183333333333,-7.533333333333334,4.745450361503301
2026-01-20 11:10:00,80,3.221033333333333,-7.541666666666667,4.869134386911924
2026-01-20 12:10:00,80,3.503508333333333,-8.245,5.023221855934101
2026-01-20 13:10:00,80,5.472208333333332,-9.2875,5.314879297147409
2026-01-20 14:10:00,80,4.5863,-9.638333333333334,5.310208997682588
2026-01-20 15:10:00,80,5.045733333333333,-10.661666666666667,5.29952523178542
2026-01-20 16:10:00,80,4.852741666666667,-12.102500000000001,5.522373413404819
2026-01-20 17:10:00,80,5.931299999999999,-12.656666666666666,5.592514620874741
2026-01-20 18:10:00,80,4.476324999999999,-13.403333333333334,5.627543634513654
2026-01-20 19:10:00,80,3.3237583333333327,-13.7875,5.63951221643655
2026-01-20 20:10:00,80,4.379991666666666,-13.908333333333333,5.643469027821238
2026-01-20 21:10:00,80,5.748766666666667,-13.59666666666667,5.562807170686516
2026-01-20 22:10:00,80,5.476108333333333,-13.2675,5.607849737086924
2026-01-20 23:10:00,80,6.523799999999999,-13.336666666666668,5.533624467795432
2026-01-21 00:10:00,81,6.050800000000001,-13.685833333333333,5.446580132827233
2026-01-21 01:10:00,81,5.27095,-14.972499999999998,5.686211431076243
2026-01-21 02:10:00,81,5.155166666666667,-17.296666666666667,6.206553347029588
2026-01-21 03:10:00,81,6.455424999999999,-18.924999999999997,6.507704481028085
2026-01-21 04:10:00,81,5.687791666666667,-17.74166666666667,6.2887950485930135
2026-01-21 05:10:00,81,5.379816666666667,-18.209166666666665,6.367390642672986
2026-01-21 06:10:00,81,5.9787083333333335,-20.064166666666665,6.7313991324887334
2026-01-21 07:10:00,81,6.135208333333333,-20.194166666666664,6.776689214314686
2026-01-21 08:10:00,81,4.520316666666666,-13.466666666666669,5.510162525653242
2026-01-21 09:10:00,81,5.632225000000001,-10.091666666666667,4.897641857773893
2026-01-21 10:10:00,81,4.4313666666666665,-9.519166666666665,4.784135220941565
2026-01-21 11:10:00,81,3.5454666666666665,-7.478333333333334,4.3739017747722855
2026-01-21 12:10:00,81,4.980358333333333,-5.721666666666667,4.022031047542061
2026-01-21 13:10:00,81,2.632141666666666,-6.314166666666666,4.13511777480338
2026-01-21 14:10:00,81,4.038975,-6.4775,4.100974766955482
2026-01-21 15:10:00,81,4.298633333333334,-7.209166666666667,4.1781656914973
2026-01-21 16:10:00,81,4.987083333333333,-8.7675,4.4451161418191525
2026-01-21 17:10:00,81,4.774858333333333,-10.046666666666667,4.706566637561298
2026-01-21 18:10:00,81,4.065050000000001,-10.048333333333334,4.676579977559718
2026-01-21 19:10:00,81,4.476866666666666,-9.953333333333333,4.666035289388359
2026-01-21 20:10:00,81,5.838983333333332,-8.4625,4.4288955355940605
2026-01-21 21:10:00,81,3.21375,-8.105,4.420814356551395
2026-01-21 22:10:00,81,5.639024999999998,-8.596666666666666,4.453704687626936
2026-01-21 23:10:00,81,5.483841666666667,-8.480833333333333,4.384298003613959
2026-01-22 00:10:00,82,4.0436749999999995,-8.343333333333334,4.37592958025738
2026-01-22 01:10:00,82,4.911549999999999,-8.165833333333333,4.300365951589985
2026-01-22 02:10:00,82,4.150183333333333,-8.189166666666667,4.311817623085281
2026-01-22 03:10:00,82,4.638283333333333,-8.115,4.275678141649419
2026-01-22 04:10:00,82,4.292791666666666,-8.18,4.287794719054938
2026-01-22 05:10:00,82,5.768191666666667,-8.648333333333333,4.381899105732288
2026-01-22 06:10:00,82,3.8779499999999993,-8.661666666666667,4.384609966595621
2026-01-22 07:10:00,82,3.9474333333333336,-8.1675,4.284138685848337
2026-01-22 08:10:00,82,4.437883333333334,-7.0025,4.052898132031917
2026-01-22 09:10:00,82,3.6345249999999996,-5.420833333333333,3.7359057430613856
2026-01-22 10:10:00,82,5.113125,-3.7175,3.391676327789232
2026-01-22 11:10:00,82,2.129016666666667,-1.3483333333333334,2.9787972924960675
2026-01-22 12:10:00,82,3.463458333333333,0.48500000000000004,2.6088307909013837
2026-01-22 13:10:00,82,2.4534499999999997,-0.08666666666666667,2.6871584145766745
2026-01-22 14:10:00,82,3.6839749999999998,-0.5983333333333334,2.745216859494914
2026-01-22 15:10:00,82,3.037616666666666,-1.5141666666666669,2.9824322084065478
2026-01-22 16:10:00,82,3.1468416666666665,-2.5700000000000003,3.159874272600143
2026-01-22 17:10:00,82,3.709566666666666,-3.5133333333333336,3.3787418708413646
2026-01-22 18:10:00,82,3.249716666666667,-3.861666666666667,3.5725074881242764
2026-01-22 19:10:00,82,1.8156666666666665,-3.8983333333333334,3.564959420272762
2026-01-22 20:10:00,82,2.958433333333333,-5.411666666666666,3.744346892043714
2026-01-22 21:10:00,82,4.021583333333333,-6.0325,3.8815807658132297
2026-01-22 22:10:00,82,4.252858333333333,-7.524166666666666,4.160812545482426
2026-01-22 23:10:00,82,3.915141666666667,-8.547500000000001,4.361398220453331
2026-01-23 00:10:00,83,3.7020916666666666,-9.985833333333334,4.665809899566857
2026-01-23 01:10:00,83,4.411566666666666,-11.099166666666667,4.889615152237804
2026-01-23 02:10:00,83,5.1570583333333335,-12.165833333333333,5.104039346413561
2026-01-23 03:10:00,83,4.136658333333333,-13.94,5.460687088132458
2026-01-23 04:10:00,83,4.224083333333334,-9.054166666666665,4.568583238457522
2026-01-23 05:10:00,83,5.204716666666667,-10.199166666666667,4.708694738402008
2026-01-23 06:10:00,83,4.116883333333333,-12.959166666666668,5.263517340831781
2026-01-23 07:10:00,83,5.451866666666667,-13.450000000000001,5.36218597393297
2026-01-23 08:10:00,83,3.4063166666666667,-9.773333333333332,4.653146205733497
2026-01-23 09:10:00,83,3.5891666666666664,-7.328333333333333,4.232089382624485
2026-01-23 10:10:00,83,3.4894583333333333,-4.903333333333333,3.8374851010581947
2026-01-23 11:10:00,83,4.062291666666666,-5.513333333333333,3.9846399260188776
2026-01-23 12:10:00,83,3.898541666666666,-6.0925,4.1202641147732795
2026-01-23 13:10:00,83,3.5067999999999997,-6.573333333333333,4.240892597235455
2026-01-23 14:10:00,83,6.148583333333335,-7.5,4.400230861552591
2026-01-23 15:10:00,83,3.6305083333333332,-9.1575,4.741592580515462
2026-01-23 16:10:00,83,6.235458333333333,-10.76,4.992052499635946
2026-01-23 17:10:00,83,5.371183333333333,-11.514166666666666,5.086313128146002
2026-01-23 18:10:00,83,4.789875,-12.514166666666666,5.256370726629143
2026-01-23 19:10:00,83,5.005875,-12.509166666666667,5.209154185907846
2026-01-23 20:10:00,83,4.976241666666666,-13.244166666666667,5.409712324993593
2026-01-23 21:10:00,83,4.402525,-14.292499999999999,5.77016172391812
2026-01-23 22:10:00,83,6.610974999999998,-15.34666666666667,5.988133943024262
2026-01-23 23:10:00,83,6.846033333333331,-16.425833333333333,6.16868531711851
2026-01-24 00:10:00,84,6.8727583333333335,-17.19083333333333,6.167894138253553
2026-01-24 01:10:00,84,6.548233333333333,-17.584166666666672,6.331396982084409
2026-01-24 02:10:00,84,6.564533333333332,-18.7275,6.608583079297782
2026-01-24 03:10:00,84,7.949883333333333,-19.695000000000004,6.7860927984321595
2026-01-24 04:10:00,84,6.1219666666666654,-20.509166666666665,7.066462402036686
2026-01-24 05:10:00,84,7.08325,-21.699166666666667,7.146672331932357
2026-01-24 06:10:00,84,7.758125,-22.602500000000003,7.287837446781229
2026-01-24 07:10:00,84,6.210375,-22.754166666666666,7.316922875261438
2026-01-24 08:10:00,84,7.385833333333333,-21.86,7.139421242900907
2026-01-24 09:10:00,84,7.351983333333333,-21.15416666666667,6.989451105662071
2026-01-24 10:10:00,84,11.026133333333334,-19.27416666666667,6.731787690175821
2026-01-24 11:10:00,84,7.419100000000001,-17.78583333333333,6.3871318206901115
2026-01-24 12:10:00,84,4.49725,-16.68083333333333,6.232630362147205
2026-01-24 13:10:00,84,4.774016666666666,-16.860833333333332,6.228071029774159
2026-01-24 14:10:00,84,6.328991666666666,-17.175000000000004,6.2944349703624045
2026-01-24 15:10:00,84,5.374683333333333,-17.791666666666668,6.309817003516897
2026-01-24 16:10:00,84,5.7344,-18.916666666666668,6.503554081495067
2026-01-24 17:10:00,84,5.665475,-19.874166666666664,6.675543072838809
2026-01-24 18:10:00,84,5.902375,-20.6675,6.915638781233772
2026-01-24 19:10:00,84,5.296824999999999,-21.30916666666667,7.1330770881415635
2026-01-24 20:10:00,84,6.969691666666665,-21.930000000000003,7.230439697584801
2026-01-24 21:10:00,84,7.971216666666667,-22.414999999999996,7.255130318655614
2026-01-24 22:10:00,84,6.265350000000001,-22.555000000000003,7.28574953772725
2026-01-24 23:10:00,84,7.491833333333333,-22.745,7.2832314431456275
2026-01-25 00:10:00,85,7.4089,-22.9375,7.256983327025377
2026-01-25 01:10:00,85,6.989741666666667,-22.870833333333337,7.334629493612669
2026-01-25 02:10:00,85,7.547350000000001,-22.830000000000002,7.323007021843378
2026-01-25 03:10:00,85,7.341775,-22.869999999999994,7.2809588660767455
2026-01-25 04:10:00,85,9.186441666666667,-22.860833333333332,7.22256679458181
2026-01-25 05:10:00,85,8.303749999999999,-22.679999999999996,7.218944397263834
2026-01-25 06:10:00,85,9.933583333333335,-22.412499999999998,7.265772386104842
2026-01-25 07:10:00,85,5.736275,-22.19416666666667,7.146312634432563
2026-01-25 08:10:00,85,7.1085499999999975,-20.70333333333333,6.819209431687027
2026-01-25 09:10:00,85,6.354391666666666,-19.088333333333335,6.495433196590879
2026-01-25 10:10:00,85,4.622708333333333,-17.322499999999998,6.156710060466026
2026-01-25 11:10:00,85,5.9882333333333335,-15.8375,5.829568416195488
2026-01-25 12:10:00,85,7.202233333333333,-15.235833333333334,5.684630787868262
2026-01-25 13:10:00,85,8.894033333333335,-15.269166666666665,5.670995289034295
2026-01-25 14:10:00,85,5.224383333333333,-15.208333333333334,5.646622087951271
2026-01-25 15:10:00,85,16.321700000000003,-15.249999999999995,5.63051140089732
2026-01-25 16:10:00,85,11.335991666666667,-15.524166666666668,5.675459508621733
2026-01-25 17:10:00,85,6.267449999999999,-15.646666666666667,5.69712048116095
2026-01-25 18:10:00,85,6.430158333333334,-15.729999999999999,5.714483165325087
2026-01-25 19:10:00,85,7.915441666666666,-15.729999999999999,5.725924759154777
2026-01-25 20:10:00,85,7.459191666666668,-15.9075,5.818210924695938
2026-01-25 21:10:00,85,6.048449999999999,-16.46333333333334,5.936070611995265
2026-01-25 22:10:00,85,6.062316666666667,-16.5825,5.991837647926796
2026-01-25 23:10:00,85,8.355824999999998,-16.463333333333335,5.965217044246275
2026-01-26 00:10:00,86,5.945183333333334,-16.72333333333333,6.14954925939301
2026-01-26 01:10:00,86,4.659833333333334,-17.042500000000004,6.228678397859372
2026-01-26 02:10:00,86,7.352466666666666,-17.231666666666666,6.240457371721118
2026-01-26 03:10:00,86,8.555958333333333,-17.185000000000002,6.238084405469675
2026-01-26 04:10:00,86,4.725933333333333,-17.013333333333332,6.196407204568555
2026-01-26 05:10:00,86,4.7586,-16.830000000000002,6.174590367078906
2026-01-26 06:10:00,86,6.525516666666666,-16.68916666666667,6.113278072290765
2026-01-26 07:10:00,86,6.658341666666666,-16.46833333333333,6.063451131517594
2026-01-26 08:10:00,86,7.733599999999998,-16.065,5.986035887158046
2026-01-26 09:10:00,86,6.5402000000000005,-15.407499999999999,5.853387720210226
2026-01-26 10:10:00,86,6.007991666666667,-14.523333333333335,5.70210256432621
2026-01-26 11:10:00,86,3.5824666666666665,-13.646666666666667,5.503251011233003
2026-01-26 12:10:00,86,5.828591666666667,-13.000833333333333,5.354598689872084
2026-01-26 13:10:00,86,7.037141666666666,-12.616666666666667,5.276793047606323
2026-01-26 14:10:00,86,5.709375,-12.36,5.208050055331687
2026-01-26 15:10:00,86,4.8201583333333335,-12.430833333333334,5.215690338006806
2026-01-26 16:10:00,86,4.708441666666666,-12.695,5.278074545403305
2026-01-26 17:10:00,86,6.196633333333334,-12.765,5.291793934809144
2026-01-26 18:10:00,86,5.258416666666666,-12.550833333333335,5.246672767990558
2026-01-26 19:10:00,86,5.8265916666666655,-12.279166666666667,5.196330710759268
2026-01-26 20:10:00,86,5.582216666666667,-12.393333333333333,5.200423747871282
2026-01-26 21:10:00,86,7.735966666666667,-12.565000000000003,5.232767999102135
2026-01-26 22:10:00,86,6.635983333333334,-12.518333333333333,5.223221831268935
2026-01-26 23:10:00,86,5.938816666666665,-12.370833333333332,5.193411738172655
2026-01-27 00:10:00,87,4.881083333333333,-12.39,5.27417139903635
2026-01-27 01:10:00,87,4.951508333333333,-12.555833333333334,5.308991180232551
2026-01-27 02:10:00,87,5.852308333333333,-12.505833333333333,5.301970173418501
2026-01-27 03:10:00,87,3.946075,-12.718333333333334,5.346189488450124
2026-01-27 04:10:00,87,5.580358333333332,-13.217500000000001,5.447920357467648
2026-01-27 05:10:00,87,6.273441666666668,-13.583333333333334,5.524733844629118
2026-01-27 06:10:00,87,5.728233333333334,-14.157499999999999,5.649214840649645
2026-01-27 07:10:00,87,5.599783333333333,-14.505000000000003,5.723938367283623
2026-01-27 08:10:00,87,5.368458333333333,-13.125833333333333,5.442182468146874
2026-01-27 09:10:00,87,6.446874999999999,-12.264166666666668,5.271442718063815
2026-01-27 10:10:00,87,2.8953,-10.454166666666667,4.889006453642399
2026-01-27 11:10:00,87,3.6378500000000003,-9.268333333333333,4.638791967436174
2026-01-27 12:10:00,87,3.65225,-8.836666666666666,4.545842152460136
2026-01-27 13:10:00,87,3.6517999999999993,-8.9125,4.560587540716706
2026-01-27 14:10:00,87,4.671241666666667,-9.726666666666667,4.72834366434332
2026-01-27 15:10:00,87,5.7292499999999995,-10.674999999999999,4.924344321023214
2026-01-27 16:10:00,87,4.920858333333333,-12.264166666666668,5.249036555263204
2026-01-27 17:10:00,87,5.227666666666667,-14.958333333333334,5.813440573140339
2026-01-27 18:10:00,87,5.742208333333334,-14.996666666666664,5.8214893667836805
2026-01-27 19:10:00,87,4.349683333333333,-14.703333333333331,5.7621335575065515
2026-01-27 20:10:00,87,4.017075,-14.509166666666667,5.721181941688948
2026-01-27 21:10:00,87,4.967625000000001,-14.5875,5.739138339265816
2026-01-27 22:10:00,87,6.7773916666666665,-14.721666666666666,5.768685914930483
2026-01-27 23:10:00,87,6.890383333333332,-15.023333333333332,5.836249085035948
2026-01-28 00:10:00,88,5.23205,-15.522499999999999,5.908918564615435
2026-01-28 01:10:00,88,5.572125,-15.964166666666669,5.995468397870115
2026-01-28 02:10:00,88,6.583841666666667,-17.519166666666667,6.318697170510625
2026-01-28 03:10:00,88,4.6369,-18.501666666666665,6.523892445064021
2026-01-28 04:10:00,88,7.021541666666667,-18.398333333333333,6.5041390722822765
2026-01-28 05:10:00,88,6.059558333333334,-17.5975,6.339890228705295
2026-01-28 06:10:00,88,6.736775,-18.245,6.4722220794933305
2026-01-28 07:10:00,88,6.2225166666666665,-18.666666666666668,6.558705601667282
2026-01-28 08:10:00,88,6.353058333333334,-15.4775,5.9225075057352825
2026-01-28 09:10:00,88,7.002066666666665,-13.874166666666666,5.583498351716454
2026-01-28 10:10:00,88,3.2393083333333337,-11.504166666666668,5.089423018269688
2026-01-28 11:10:00,88,4.193458333333332,-10.420833333333333,4.879693550112582
2026-01-28 12:10:00,88,4.573333333333333,-8.926666666666668,4.556981117237119
2026-01-28 13:10:00,88,4.540841666666666,-8.731666666666667,4.516087431686818
2026-01-28 14:10:00,88,4.258824999999999,-9.856666666666667,4.754683945549059
2026-01-28 15:10:00,88,5.245575,-10.800833333333332,4.952372221060454
2026-01-28 16:10:00,88,4.772449999999999,-12.156666666666666,5.217952572945971
2026-01-28 17:10:00,88,5.927983333333332,-13.506666666666666,5.486242862696809
2026-01-28 18:10:00,88,4.510941666666666,-15.342500000000001,5.867327674936116
2026-01-28 19:10:00,88,5.516008333333333,-16.523333333333333,6.115332885987273
2026-01-28 20:10:00,88,6.2265999999999995,-17.455833333333334,6.307771626010479
2026-01-28 21:10:00,88,7.008758333333333,-17.893333333333334,6.398983292194323
2026-01-28 22:10:00,88,5.498916666666666,-17.8575,6.398343259121261
2026-01-28 23:10:00,88,6.770108333333335,-16.944166666666664,6.212850872081116
2026-01-29 00:10:00,89,5.648416666666667,-15.842500000000001,5.978892889566092
2026-01-29 01:10:00,89,5.779791666666665,-16.004166666666666,5.999528633593127
2026-01-29 02:10:00,89,5.796174999999999,-16.620833333333337,6.109953203295891
2026-01-29 03:10:00,89,6.509108333333332,-16.81,6.176749366348301
2026-01-29 04:10:00,89,6.9758249999999995,-17.5425,6.292453258412421
2026-01-29 05:10:00,89,4.624291666666666,-17.888333333333332,6.368488300495862
2026-01-29 06:10:00,89,6.189441666666665,-16.796666666666667,6.145218830511685
2026-01-29 07:10:00,89,7.048400000000001,-15.814166666666667,5.941111825322508
2026-01-29 08:10:00,89,6.601025,-13.564166666666665,5.518033959610613
2026-01-29 09:10:00,89,5.410641666666668,-11.638333333333334,5.1308131110548025
2026-01-29 10:10:00,89,4.814191666666667,-9.846666666666666,4.760506604685455
2026-01-29 11:10:00,89,3.663066666666667,-8.374166666666666,4.447924129006243
2026-01-29 12:10:00,89,4.009283333333333,-7.594166666666666,4.296214417051254
2026-01-29 13:10:00,89,3.5916333333333332,-8.111666666666666,4.4137047697884215
2026-01-29 14:10:00,89,3.5734083333333335,-9.240833333333333,4.642293245169838
2026-01-29 15:10:00,89,5.205133333333333,-10.420833333333333,4.874057445985397
2026-01-29 16:10:00,89,5.773008333333333,-11.685,5.115527179116132
2026-01-29 17:10:00,89,6.600216666666667,-12.115833333333335,5.216996423119758
2026-01-29 18:10:00,89,7.0844499999999995,-12.819999999999999,5.389749979897966
2026-01-29 19:10:00,89,4.329274999999999,-13.394166666666665,5.479051294878717
2026-01-29 20:10:00,89,6.874008333333333,-13.698333333333332,5.533661975967104
2026-01-29 21:10:00,89,6.786483333333333,-14.092500000000001,5.6113579016380815
2026-01-29 22:10:00,89,7.046408333333334,-14.593333333333334,5.698572211902384
2026-01-29 23:10:00,89,6.756308333333333,-14.685,5.747325936571319
2026-01-30 00:10:00,90,5.6754999999999995,-14.80083333333333,5.825969365667468
2026-01-30 01:10:00,90,7.108158333333331,-15.156666666666666,5.8942968007132475
2026-01-30 02:10:00,90,5.507124999999999,-15.490000000000004,5.966033948915016
2026-01-30 03:10:00,90,7.368825,-15.777499999999998,6.032127728831216
2026-01-30 04:10:00,90,6.237275,-16.078333333333333,6.102713547399711
2026-01-30 05:10:00,90,6.734716666666667,-16.6525,6.224761883232914
2026-01-30 06:10:00,90,8.200716666666667,-16.7225,6.233171804218369
2026-01-30 07:10:00,90,6.672725,-16.477499999999996,6.193587887934584
2026-01-30 08:10:00,90,6.689441666666666,-16.040833333333335,6.103653634371039
2026-01-30 09:10:00,90,7.432816666666666,-14.837500000000004,5.852632880567894
2026-01-30 10:10:00,90,6.718416666666666,-14.222500000000002,5.705206710535353
2026-01-30 11:10:00,90,4.307108333333334,-12.935833333333335,5.4342772586466825
2026-01-30 12:10:00,90,4.964691666666667,-11.670833333333334,5.160501813089739
2026-01-30 13:10:00,90,5.732666666666667,-11.894166666666669,5.205644840736242
2026-01-30 14:10:00,90,5.956583333333334,-12.130833333333333,5.2665238927348
2026-01-30 15:10:00,90,6.2280500000000005,-13.208333333333334,5.486299584606842
2026-01-30 16:10:00,90,6.104741666666666,-14.245,5.710809537871931
2026-01-30 17:10:00,90,5.022491666666666,-15.018333333333336,5.883001354797945
2026-01-30 18:10:00,90,5.263083333333333,-15.930833333333338,6.06842191088219
2026-01-30 19:10:00,90,5.91865,-16.278333333333332,6.156860464097947
2026-01-30 20:10:00,90,5.7415666666666665,-16.28,6.1542363051291
2026-01-30 21:10:00,90,7.606858333333334,-16.38416666666667,6.162564586875806
2026-01-30 22:10:00,90,8.700633333333334,-16.7175,6.240884671343177
2026-01-30 23:10:00,90,5.808991666666666,-16.884166666666662,6.278185423626961
2026-01-31 00:10:00,91,7.855883333333335,-16.944166666666668,6.346550647819742
2026-01-31 01:10:00,91,6.9482333333333335,-16.805,6.324816269536881
2026-01-31 02:10:00,91,8.469566666666667,-16.74,6.31662524373453
2026-01-31 03:10:00,91,6.570891666666665,-16.820000000000004,6.32674049497311
2026-01-31 04:10:00,91,7.623958333333333,-16.73666666666667,6.308401118300074
2026-01-31 05:10:00,91,7.291549999999999,-16.675833333333333,6.288627049935536
2026-01-31 06:10:00,91,7.437508333333333,-16.706666666666663,6.288185379502254
2026-01-31 07:10:00,91,6.641575,-15.920833333333333,6.119578083575606
2026-01-31 08:10:00,91,7.043383333333332,-13.973333333333334,5.691147296231923
2026-01-31 09:10:00,91,6.359866666666667,-12.87,5.457666207874464
2026-01-31 10:10:00,91,6.9366166666666675,-10.920833333333334,5.013117037553239
2026-01-31 11:10:00,91,4.251025,-9.574166666666667,4.709343054908298
2026-01-31 12:10:00,91,3.3228166666666663,-8.611666666666666,4.492674761451877
2026-01-31 13:10:00,91,2.9221083333333335,-8.490833333333333,4.461734614533434
2026-01-31 14:10:00,91,4.878191666666666,-9.675833333333333,4.721633375123593
2026-01-31 15:10:00,91,4.560708333333333,-10.87,4.956646665496853
2026-01-31 16:10:00,91,6.818583333333333,-12.194999999999999,5.261184489863603
2026-01-31 17:10:00,91,6.692041666666667,-13.338333333333333,5.517662814847329
2026-01-31 18:10:00,91,5.888374999999999,-14.041666666666666,5.657796104793907
2026-01-31 19:10:00,91,4.348858333333333,-14.90333333333333,5.829588942897582
2026-01-31 20:10:00,91,4.648041666666666,-15.157499999999999,5.893499121858601
2026-01-31 21:10:00,91,5.242166666666667,-15.625833333333334,5.999956152277238
2026-01-31 22:10:00,91,6.666541666666666,-16.903333333333336,6.263762381758008
2026-01-31 23:10:00,91,7.297483333333333,-17.036666666666665,6.293685059461684
2026-02-01 00:10:00,92,5.497199999999999,-18.135,6.5509096195797545
2026-02-01 01:10:00,92,6.743591666666667,-19.37833333333333,6.821968241112323
2026-02-01 02:10:00,92,7.0410666666666675,-19.379166666666666,6.822573239213257
2026-02-01 03:10:00,92,6.346350000000001,-19.883333333333333,6.932063096775016
2026-02-01 04:10:00,92,6.664691666666667,-19.10166666666667,6.767783072452278
2026-02-01 05:10:00,92,7.416158333333331,-19.75916666666667,6.909703057103163
2026-02-01 06:10:00,92,6.190383333333334,-19.897499999999997,6.935151566323309
2026-02-01 07:10:00,92,6.0324583333333335,-19.24083333333333,6.791991919025946
2026-02-01 08:10:00,92,6.475391666666668,-15.13,5.895790725982941
2026-02-01 09:10:00,92,4.937708333333333,-11.473333333333334,5.134426201602309
2026-02-01 10:10:00,92,5.644791666666666,-8.647499999999999,4.5213696615880306
2026-02-01 11:10:00,92,3.6482916666666667,-7.685833333333334,4.302940006452942
2026-02-01 12:10:00,92,4.121733333333333,-6.764166666666667,4.111164043589611
2026-02-01 13:10:00,92,3.647491666666666,-5.995833333333334,3.953163926213739
2026-02-01 14:10:00,92,4.526541666666667,-6.394166666666667,4.025290565756319
2026-02-01 15:10:00,92,5.644983333333332,-7.175,4.194861204002949
2026-02-01 16:10:00,92,6.312841666666666,-8.676666666666668,4.504437026409109
2026-02-01 17:10:00,92,4.068633333333333,-9.625,4.709154504433115
2026-02-01 18:10:00,92,5.234958333333332,-9.952499999999999,4.801807820687853
2026-02-01 19:10:00,92,4.412958333333333,-10.375,4.883089001190472
2026-02-01 20:10:00,92,5.195991666666667,-10.555833333333334,4.935855439307851
2026-02-01 21:10:00,92,5.317024999999999,-11.505,5.119998240096567
2026-02-01 22:10:00,92,5.269816666666666,-12.448333333333332,5.341793678187386
2026-02-01 23:10:00,92,6.53195,-13.963333333333333,5.652371656397164
2026-02-02 00:10:00,93,5.774566666666665,-15.005833333333337,5.863245668202874
2026-02-02 01:10:00,93,5.595916666666667,-16.171666666666667,6.108953003135003
2026-02-02 02:10:00,93,5.527716666666666,-16.393333333333334,6.156087309971566
2026-02-02 03:10:00,93,6.276133333333334,-16.920833333333334,6.268252784511205
2026-02-02 04:10:00,93,4.811733333333333,-17.06416666666667,6.298730606976953
2026-02-02 05:10:00,93,7.379883333333332,-17.099999999999998,6.306350062593388
2026-02-02 06:10:00,93,5.422466666666666,-17.958333333333332,6.490688346754998
2026-02-02 07:10:00,93,7.052033333333334,-15.93083333333334,6.057743173526859
2026-02-02 08:10:00,93,5.122216666666667,-10.320833333333335,4.9082817178708495
2026-02-02 09:10:00,93,4.4770416666666675,-7.939166666666666,4.427965453238844
2026-02-02 10:10:00,93,3.2193666666666667,-5.245,3.8492407988699413
2026-02-02 11:10:00,93,2.4699,-3.1475000000000004,3.407055522399252
2026-02-02 12:10:00,93,2.419283333333333,-1.9208333333333334,3.1542860504722317
2026-02-02 13:10:00,93,2.069875,-1.0591666666666668,2.9536179126073323
2026-02-02 14:10:00,93,3.0371666666666663,-1.8150000000000004,3.1104244520578566
2026-02-02 15:10:00,93,4.350266666666666,-3.000833333333334,3.3371614841904824
2026-02-02 16:10:00,93,4.554825000000001,-4.350833333333333,3.5954186329220645
2026-02-02 17:10:00,93,3.544883333333333,-5.75,3.8957827693173788
2026-02-02 18:10:00,93,4.830575,-6.116666666666666,4.005103947636483
2026-02-02 19:10:00,93,3.032466666666667,-6.36,4.069612887429389
2026-02-02 20:10:00,93,4.850675000000001,-8.375,4.452476521919066
2026-02-02 21:10:00,93,4.647516666666666,-9.574166666666667,4.706087186499413
2026-02-02 22:10:00,93,4.368183333333333,-10.2875,4.875273938081982
2026-02-02 23:10:00,93,4.49095,-10.749166666666667,4.968526738317114
2026-02-03 00:10:00,94,5.320308333333332,-11.500833333333333,5.108797976741869
2026-02-03 01:10:00,94,5.137416666666667,-12.435000000000002,5.307005426426844
2026-02-03 02:10:00,94,4.165633333333333,-13.036666666666667,5.43526126358169
2026-02-03 03:10:00,94,6.308391666666666,-14.082500000000001,5.658199041461653
2026-02-03 04:10:00,94,5.014999999999999,-14.472499999999998,5.741334404049558
2026-02-03 05:10:00,94,4.211491666666666,-15.252500000000003,5.907605129225372
2026-02-03 06:10:00,94,6.3051,-15.864166666666668,6.037992642344011
2026-02-03 07:10:00,94,4.943466666666667,-14.529166666666669,5.753413901177717
2026-02-03 08:10:00,94,5.403733333333334,-8.074166666666667,4.398086975609128
2026-02-03 09:10:00,94,4.836333333333333,-7.0225,4.187088936176743
2026-02-03 10:10:00,94,2.485875,-3.9716666666666662,3.546687564035284
2026-02-03 11:10:00,94,2.7512999999999996,-2.7258333333333336,3.3090522615954163
2026-02-03 12:10:00,94,3.2677333333333336,-1.3841666666666665,3.01005166329082
2026-02-03 13:10:00,94,1.9024999999999999,-0.365,2.7860624196055994
2026-02-03 14:10:00,94,2.649716666666667,-0.38000000000000006,2.7662907938014643
2026-02-03 15:10:00,94,4.186116666666666,-1.9716666666666665,3.076889259811451
2026-02-03 16:10:00,94,3.787075,-4.444166666666666,3.603618691693014
2026-02-03 17:10:00,94,2.9297416666666667,-6.4624999999999995,4.033861957051793
2026-02-03 18:10:00,94,3.3553333333333333,-8.528333333333334,4.474230683238588
2026-02-03 19:10:00,94,3.848583333333333,-10.769166666666665,4.951903738791749
2026-02-03 20:10:00,94,2.4886000000000004,-12.1625,5.248917256413499
2026-02-03 21:10:00,94,5.031766666666666,-13.176666666666668,5.4651047270747855
2026-02-03 22:10:00,94,4.732633333333333,-13.838333333333336,5.606150620012388
2026-02-03 23:10:00,94,4.899958333333333,-14.745,5.799422574062904
2026-02-04 00:10:00,95,4.777316666666667,-15.819999999999999,5.996068992708908
2026-02-04 01:10:00,95,5.92,-16.3,6.100029885814566
2026-02-04 02:10:00,95,4.273816666666667,-15.904166666666667,6.014298246534727
2026-02-04 03:10:00,95,5.566966666666666,-15.167499999999999,5.854747153643407
2026-02-04 04:10:00,95,5.152466666666665,-14.509166666666667,5.712161900946413
2026-02-04 05:10:00,95,5.53825,-13.500833333333333,5.4937718303598775
2026-02-04 06:10:00,95,4.524566666666666,-13.079166666666666,5.402445073569144
2026-02-04 07:10:00,95,6.743549999999999,-12.134166666666667,5.197772065267383
2026-02-04 08:10:00,95,3.1017166666666665,-8.397499999999999,4.388981114862291
2026-02-04 09:10:00,95,4.1872,-5.423333333333333,3.7542236822863804
2026-02-04 10:10:00,95,4.9078,-3.2933333333333334,3.2916933379575193
2026-02-04 11:10:00,95,10.017033333333334,-1.9783333333333335,3.036828416083157
2026-02-04 12:10:00,95,2.5349999999999997,-1.2116666666666667,2.9006889813966983
2026-02-04 13:10:00,95,3.9345749999999993,-0.48500000000000004,2.7295827169517035
2026-02-04 14:10:00,95,2.8322583333333333,-1.3708333333333336,2.923752533206727
2026-02-04 15:10:00,95,4.032299999999999,-2.328333333333333,3.128203763991551
2026-02-04 16:10:00,95,3.8780416666666664,-3.5316666666666667,3.3928816361230054
2026-02-04 17:10:00,95,4.4027916666666655,-4.6675,3.65500822965212
2026-02-04 18:10:00,95,4.653783333333333,-5.81,3.9005231281224955
2026-02-04 19:10:00,95,2.7803666666666667,-6.219166666666666,3.9893411098763973
2026-02-04 20:10:00,95,6.280816666666666,-7.426666666666667,4.182421124001129
2026-02-04 21:10:00,95,5.677383333333332,-7.715833333333332,4.311751562889635
2026-02-04 22:10:00,95,4.38175,-8.375,4.407792445994002
2026-02-04 23:10:00,95,5.0763083333333325,-8.8375,4.508971719779255
2026-02-05 00:10:00,96,4.089875,-8.56,4.504731027283391
2026-02-05 01:10:00,96,4.514125,-8.795833333333334,4.505803270446192
2026-02-05 02:10:00,96,5.015325,-9.450000000000001,4.614073991291436
2026-02-05 03:10:00,96,4.341975,-10.44,4.816278742257101
2026-02-05 04:10:00,96,4.8755,-11.045833333333333,4.946515652896489
2026-02-05 05:10:00,96,4.527116666666666,-10.319166666666666,4.788580268841264
2026-02-05 06:10:00,96,5.209433333333333,-8.134166666666667,4.332610974277234
2026-02-05 07:10:00,96,6.0376416666666675,-7.504166666666666,4.181861022068889
2026-02-05 08:10:00,96,8.053908333333332,-6.8475,4.081497321027835
2026-02-05 09:10:00,96,4.2131,-5.995,3.9411249442216727
2026-02-05 10:10:00,96,2.3606833333333337,-4.0225,3.548917635272134
2026-02-05 11:10:00,96,3.533275,-3.7550000000000003,3.5232941287743706
2026-02-05 12:10:00,96,3.8230500000000003,-3.2275000000000005,3.342911728291937
2026-02-05 13:10:00,96,3.808958333333333,-4.0233333333333325,3.5818411442047804
2026-02-05 14:10:00,96,2.9879083333333334,-4.240833333333334,3.6116797835187526
2026-02-05 15:10:00,96,3.1927250000000003,-5.773333333333333,3.9224678507382427
2026-02-05 16:10:00,96,5.292741666666666,-7.495833333333334,4.210972606529619
2026-02-05 17:10:00,96,5.429491666666666,-9.648333333333333,4.693715825723445
2026-02-05 18:10:00,96,4.475791666666666,-10.5425,4.895353243240932
2026-02-05 19:10:00,96,4.010758333333333,-11.478333333333333,5.085073959779513
2026-02-05 20:10:00,96,5.235766666666667,-12.63,5.301329205917295
2026-02-05 21:10:00,96,5.972641666666666,-13.209166666666668,5.47234134333937
2026-02-05 22:10:00,96,3.8394333333333335,-15.597499999999997,5.937484451056019
2026-02-05 23:10:00,96,6.4378166666666665,-16.505,6.133023337467329
2026-02-06 00:10:00,97,6.14325,-17.14916666666667,6.246130249823904
2026-02-06 01:10:00,97,4.712083333333333,-18.400000000000002,6.513089312824002
2026-02-06 02:10:00,97,6.532916666666666,-20.14833333333333,6.886227296950722
2026-02-06 03:10:00,97,4.88765,-21.38083333333334,7.14927356888753
2026-02-06 04:10:00,97,6.132366666666666,-22.37,7.360386432166088
2026-02-06 05:10:00,97,7.1023249999999996,-23.725833333333327,7.649755116710498
2026-02-06 06:10:00,97,7.189925000000001,-24.277500000000003,7.767494556887758
2026-02-06 07:10:00,97,6.827608333333333,-22.596666666666668,7.408762758039524
2026-02-06 08:10:00,97,6.005391666666666,-18.254166666666666,6.481964838456902
2026-02-06 09:10:00,97,6.780891666666666,-14.37,5.705103677340054
2026-02-06 10:10:00,97,4.5957333333333334,-10.44,4.866579300022615
2026-02-06 11:10:00,97,4.972391666666666,-8.958333333333334,4.586781679091506
2026-02-06 12:10:00,97,3.8430333333333326,-7.55,4.281767647674476
2026-02-06 13:10:00,97,4.237716666666667,-6.724166666666666,4.105005509593576
2026-02-06 14:10:00,97,4.038291666666667,-6.795833333333333,4.094195564027194
2026-02-06 15:10:00,97,5.697716666666666,-7.096666666666667,4.113681516972756
2026-02-06 16:10:00,97,4.749258333333333,-8.8925,4.483951438228313
2026-02-06 17:10:00,97,6.39655,-11.1725,4.970560363190518
2026-02-06 18:10:00,97,5.280924999999999,-13.230000000000002,5.409682232975492
2026-02-06 19:10:00,97,3.8703333333333334,-15.467500000000001,5.887220596836428
2026-02-06 20:10:00,97,5.47705,-17.673333333333332,6.358000503406222
2026-02-06 21:10:00,97,6.931591666666667,-18.361666666666668,6.504908022418936
2026-02-06 22:10:00,97,6.221141666666666,-19.254166666666666,6.695389805545588
2026-02-06 23:10:00,97,6.942733333333332,-19.898333333333333,6.8328710551785505
2026-02-07 00:10:00,98,6.316633333333332,-20.463333333333335,6.814030978925244
2026-02-07 01:10:00,98,7.340699999999999,-19.570833333333333,6.630701842663182
2026-02-07 02:10:00,98,4.893466666666667,-18.5925,6.431088984485322
2026-02-07 03:10:00,98,5.976566666666667,-17.583333333333332,6.22518509074308
2026-02-07 04:10:00,98,7.15055,-17.221666666666668,6.151392943852798
2026-02-07 05:10:00,98,5.514608333333333,-17.124166666666667,6.131499669230303
2026-02-07 06:10:00,98,6.712816666666667,-16.429999999999996,5.9898663550376625
2026-02-07 07:10:00,98,5.588741666666667,-15.8375,5.868976455408651
2026-02-07 08:10:00,98,5.295841666666666,-11.934166666666664,5.072565358555923
2026-02-07 09:10:00,98,4.553575,-7.801666666666667,4.351903869776091
2026-02-07 10:10:00,98,5.4959999999999996,-5.377499999999999,3.8988203299570423
2026-02-07 11:10:00,98,3.9089916666666666,-3.8183333333333334,3.614766191710735
2026-02-07 12:10:00,98,2.4209916666666667,-2.886666666666667,3.3419713815472676
2026-02-07 13:10:00,98,2.8527750000000003,-3.4433333333333334,3.5067119763268266
2026-02-07 14:10:00,98,4.776591666666667,-3.6675,3.435712429163968
2026-02-07 15:10:00,98,3.274558333333333,-4.659166666666667,3.6268950053537505
2026-02-07 16:10:00,98,5.5191333333333334,-5.575,3.7850152480065713
2026-02-07 17:10:00,98,4.7134,-6.1575,3.8962949603260033
2026-02-07 18:10:00,98,5.041333333333333,-6.343333333333334,3.939857961854942
2026-02-07 19:10:00,98,4.605933333333333,-6.551666666666667,3.9767465416768575
2026-02-07 20:10:00,98,4.732525,-6.612500000000001,4.019118808090722
2026-02-07 21:10:00,98,4.672008333333333,-6.704166666666667,4.02799600387008
2026-02-07 22:10:00,98,5.370024999999999,-7.300833333333333,4.230127303828404
2026-02-07 23:10:00,98,5.0168333333333335,-9.034166666666668,4.615853705887254
2026-02-08 00:10:00,99,4.410266666666666,-10.250833333333334,4.950618247933162
2026-02-08 01:10:00,99,6.562366666666668,-11.467500000000001,5.193673868666279
2026-02-08 02:10:00,99,3.9907166666666662,-12.292499999999999,5.332915922158083
2026-02-08 03:10:00,99,6.29325,-12.735833333333332,5.438161051753179
2026-02-08 04:10:00,99,5.695808333333334,-13.379999999999997,5.516149019848584
2026-02-08 05:10:00,99,6.428033333333333,-13.94,5.720922772714822
2026-02-08 06:10:00,99,6.281024999999999,-14.235,5.796148222557098
2026-02-08 07:10:00,99,6.152174999999999,-13.225833333333334,5.612610957722194
2026-02-08 08:10:00,99,6.8280666666666665,-11.125,5.2140522025062594
2026-02-08 09:10:00,99,4.829816666666667,-10.916666666666666,5.211237183197875
2026-02-08 10:10:00,99,5.577858333333333,-8.744166666666667,4.711498259801316
2026-02-08 11:10:00,99,3.2813749999999997,-7.146666666666667,4.399090315910623
2026-02-08 12:10:00,99,3.284275,-5.7225,4.108607930622994
2026-02-08 13:10:00,99,1.9743166666666663,-5.5058333333333325,4.106419695470001
2026-02-08 14:10:00,99,3.5473166666666662,-6.815,4.305772099826673
2026-02-08 15:10:00,99,3.934241666666667,-7.616666666666667,4.430385343859005
2026-02-08 16:10:00,99,5.028675,-9.135,4.788781865362155
2026-02-08 17:10:00,99,7.0060916666666655,-10.648333333333333,5.130443880125241
2026-02-08 18:10:00,99,3.8911083333333334,-12.217500000000001,5.4765221407530635
2026-02-08 19:10:00,99,5.592416666666667,-13.648333333333333,5.727052485058683
2026-02-08 20:10:00,99,5.554199999999999,-14.574166666666665,5.902755657260648
2026-02-08 21:10:00,99,6.441683333333333,-14.862499999999999,6.0038243806105545
2026-02-08 22:10:00,99,4.488758333333333,-15.023333333333332,5.942039849665207
2026-02-08 23:10:00,99,7.3570166666666665,-15.263333333333335,5.982980916442188
2026-02-09 00:10:00,100,5.740375,-15.574166666666665,6.095274603264441
2026-02-09 01:10:00,100,7.830858333333332,-15.834166666666667,6.154146262887047
2026-02-09 02:10:00,100,7.062083333333333,-16.0,6.148929932474463
2026-02-09 03:10:00,100,8.5881,-15.752500000000003,6.088006908584975
2026-02-09 04:10:00,100,7.335516666666665,-15.644166666666669,6.023706561372682
2026-02-09 05:10:00,100,8.451291666666666,-15.652499999999998,5.986867286836156
2026-02-09 06:10:00,100,7.430658333333334,-15.75,6.056219797122208
2026-02-09 07:10:00,100,7.982616666666666,-14.414999999999997,5.8782667314226265
2026-02-09 08:10:00,100,7.4561416666666664,-12.412500000000001,5.543994378101492
2026-02-09 09:10:00,100,6.686191666666667,-11.074166666666665,5.280629643660989
2026-02-09 10:10:00,100,3.8258916666666667,-8.030833333333332,4.647536502482594
2026-02-09 11:10:00,100,3.974491666666666,-5.573333333333334,4.140264774231229
2026-02-09 12:10:00,100,4.757225,-3.9291666666666667,3.8275733150063957
2026-02-09 13:10:00,100,3.0265583333333335,-3.01,3.621073030710589
2026-02-09 14:10:00,100,3.1963666666666666,-3.9341666666666666,3.8018992707069565
2026-02-09 15:10:00,100,4.726391666666666,-4.420833333333333,3.8579992727604786
2026-02-09 16:10:00,100,5.788649999999999,-5.2875000000000005,4.012675828353103
2026-02-09 17:10:00,100,5.906391666666666,-6.805,4.307274269164237
2026-02-09 18:10:00,100,4.083816666666666,-7.8374999999999995,4.485504378289581
2026-02-09 19:10:00,100,6.150416666666667,-8.62,4.677612366104756
2026-02-09 20:10:00,100,6.521133333333333,-9.209166666666667,4.772504226310955
2026-02-09 21:10:00,100,4.021575,-10.147499999999999,4.938447572799891
2026-02-09 22:10:00,100,6.234383333333333,-11.009166666666665,5.137272230826464
2026-02-09 23:10:00,100,5.374608333333334,-11.586666666666666,5.192697972656024
2026-02-10 00:10:00,101,5.263475000000001,-12.0,5.315278366361999
2026-02-10 01:10:00,101,5.963508333333333,-12.153333333333336,5.390069784383153
2026-02-10 02:10:00,101,5.19395,-12.44,5.430967687771465
2026-02-10 03:10:00,101,6.107549999999999,-13.148333333333332,5.480880665801215
2026-02-10 04:10:00,101,5.153999999999999,-13.5875,5.5093418505648835
2026-02-10 05:10:00,101,6.985283333333332,-13.759166666666665,5.575799284809965
2026-02-10 06:10:00,101,7.384391666666668,-14.509166666666667,5.667550536580421
2026-02-10 07:10:00,101,5.470291666666666,-11.975833333333334,5.315798979729261
2026-02-10 08:10:00,101,5.067025,-9.156666666666666,4.8138979898610685
2026-02-10 09:10:00,101,4.6526,-7.25,4.423295683706652
2026-02-10 10:10:00,101,1.556158333333333,-3.9858333333333333,3.8173900013118605
2026-02-10 11:10:00,101,2.760491666666666,-1.5241666666666667,3.2877106175777606
2026-02-10 12:10:00,101,2.053983333333333,0.19833333333333333,2.9448013829601036
2026-02-10 13:10:00,101,1.6712833333333335,1.7924999999999998,2.63081245330464
2026-02-10 14:10:00,101,2.656133333333333,0.6016666666666666,2.8270262009057325
2026-02-10 15:10:00,101,3.558116666666667,-1.5741666666666667,3.2120264508156255
2026-02-10 16:10:00,101,3.8117583333333336,-3.940833333333334,3.659330518594195
2026-02-10 17:10:00,101,4.735925,-5.413333333333334,3.9391384961830345
2026-02-10 18:10:00,101,2.918625,-6.125,4.0743711010844885
2026-02-10 19:10:00,101,4.471191666666667,-7.333333333333333,4.303981495823491
2026-02-10 20:10:00,101,4.649849999999999,-7.915833333333333,4.414669541287327
2026-02-10 21:10:00,101,4.491783333333333,-7.473333333333333,4.330584631213941
2026-02-10 22:10:00,101,4.819341666666666,-6.916666666666667,4.224805497637628
2026-02-10 23:10:00,101,4.0992,-6.0008333333333335,4.0860577290644375
2026-02-11 00:10:00,102,4.002841666666667,-5.711666666666666,3.9939185584519614
2026-02-11 01:10:00,102,5.088966666666666,-5.715833333333332,3.997279542090599
2026-02-11 02:10:00,102,3.886183333333333,-5.559166666666666,3.971074281891849
2026-02-11 03:10:00,102,4.305225,-5.360833333333333,3.928363460003169
2026-02-11 04:10:00,102,2.8387249999999997,-5.1475,3.8817555954236718
2026-02-11 05:10:00,102,5.4397166666666665,-5.206666666666666,3.8925416682188585
2026-02-11 06:10:00,102,3.393499999999999,-5.148333333333333,3.881132751406826
2026-02-11 07:10:00,102,4.39445,-4.709166666666667,3.7952399062648117
2026-02-11 08:10:00,102,3.464166666666666,-3.6341666666666668,3.5849898678716445
2026-02-11 09:10:00,102,3.790083333333333,-2.796666666666667,3.4211904193560376
2026-02-11 10:10:00,102,4.120566666666667,-2.328333333333333,3.3295931158080068
2026-02-11 11:10:00,102,2.7932666666666663,-1.6875,3.204258015401537
2026-02-11 12:10:00,102,3.419583333333333,-1.5691666666666668,3.1811142127257
2026-02-11 13:10:00,102,2.6949666666666663,-0.685,3.0137870013872505
2026-02-11 14:10:00,102,4.0402249999999995,-0.24083333333333332,2.921936179676387
2026-02-11 15:10:00,102,2.838883333333333,-1.2258333333333333,3.1139645880605955
2026-02-11 16:10:00,102,2.4920833333333334,-2.3741666666666665,3.338557264731746
2026-02-11 17:10:00,102,2.6146416666666665,-2.8200000000000003,3.4257539860808506
2026-02-11 18:10:00,102,2.6131916666666664,-3.0833333333333335,3.477257096260882
2026-02-11 19:10:00,102,4.02085,-3.6758333333333333,3.593139094165953
2026-02-11 20:10:00,102,3.559808333333333,-3.615,3.5812412237762623
2026-02-11 21:10:00,102,4.379191666666666,-3.519166666666667,3.562498003299352
2026-02-11 22:10:00,102,4.300241666666666,-4.254166666666667,3.7062503551309596
2026-02-11 23:10:00,102,5.213866666666666,-4.088333333333334,3.6738164344796105
2026-02-12 00:10:00,103,3.4760833333333334,-3.75,3.660445411439091
2026-02-12 01:10:00,103,3.852383333333333,-3.7449999999999997,3.6594857078835963
2026-02-12 02:10:00,103,3.958766666666666,-3.735,3.657566300772607
2026-02-12 03:10:00,103,3.842624999999999,-3.7750000000000004,3.6652439292165653
2026-02-12 04:10:00,103,4.085991666666666,-3.856666666666666,3.6809190872896473
2026-02-12 05:10:00,103,3.7427083333333333,-3.89,3.687317110992946
2026-02-12 06:10:00,103,5.392691666666667,-3.894166666666667,3.688116863955859
2026-02-12 07:10:00,103,3.388433333333333,-3.560833333333333,3.62413662692287
2026-02-12 08:10:00,103,3.4083916666666663,-1.9900000000000002,3.3741687248547656
2026-02-12 09:10:00,103,3.419625,-1.1849999999999998,3.210275519912053
2026-02-12 10:10:00,103,1.4337333333333333,-0.4025,3.0777019174303755
2026-02-12 11:10:00,103,3.152833333333333,-0.2908333333333334,3.046867544329515
2026-02-12 12:10:00,103,2.9487083333333333,0.39916666666666667,2.951015677149764
2026-02-12 13:10:00,103,2.233033333333333,-0.6391666666666667,3.19666838857616
2026-02-12 14:10:00,103,2.2988833333333334,-1.1341666666666668,3.2734599306815073
2026-02-12 15:10:00,103,4.103141666666667,-1.8291666666666664,3.4443666627413068
2026-02-12 16:10:00,103,3.393816666666666,-3.0833333333333335,3.669785993004171
2026-02-12 17:10:00,103,4.805408333333333,-3.9125,3.854821752614166
2026-02-12 18:10:00,103,2.289191666666667,-4.508333333333333,3.963326222731465
2026-02-12 19:10:00,103,3.6601166666666667,-5.245,4.134052637299113
2026-02-12 20:10:00,103,3.8564249999999998,-6.1625000000000005,4.328608885256546
2026-02-12 21:10:00,103,4.087733333333333,-7.1308333333333325,4.530498000089095
2026-02-12 22:10:00,103,3.9080333333333335,-7.875,4.626566772026117
2026-02-12 23:10:00,103,3.4459083333333327,-8.588333333333333,4.7329642036487645
2026-02-13 00:10:00,104,4.807041666666667,-9.2925,4.898501037289821
2026-02-13 01:10:00,104,5.531616666666667,-9.943333333333333,4.933239123154531
2026-02-13 02:10:00,104,4.836916666666666,-9.351666666666667,4.913197548219156
2026-02-13 03:10:00,104,5.4183916666666665,-10.352500000000001,4.993603636388925
2026-02-13 04:10:00,104,5.3233500000000005,-10.906666666666666,5.083651167195378
2026-02-13 05:10:00,104,4.803108333333332,-11.838333333333333,5.256008937100052
2026-02-13 06:10:00,104,4.9913333333333325,-12.885,5.444718243854108
2026-02-13 07:10:00,104,5.628025,-10.674999999999999,5.100928900374902
2026-02-13 08:10:00,104,5.348916666666666,-7.546666666666667,4.615869334972702
2026-02-13 09:10:00,104,5.548291666666665,-5.995,4.325093522058184
2026-02-13 10:10:00,104,2.155866666666667,-4.021666666666667,3.942557926721533
2026-02-13 11:10:00,104,0.8782333333333332,-2.19,3.564185281896653
2026-02-13 12:10:00,104,2.490241666666667,-1.4016666666666666,3.380479049010718
2026-02-13 13:10:00,104,0.8633083333333333,-0.2166666666666667,3.1486624385332327
2026-02-13 14:10:00,104,1.7560833333333332,-0.9108333333333333,3.269151631464338
2026-02-13 15:10:00,104,2.283541666666667,-2.286666666666666,3.5187872476269515
2026-02-13 16:10:00,104,3.2109916666666667,-3.333333333333334,3.7349349001628798
2026-02-13 17:10:00,104,3.9592249999999996,-4.573333333333333,3.9557955260693594
2026-02-13 18:10:00,104,3.5432,-5.7825,4.192101299936515
2026-02-13 19:10:00,104,3.5524916666666666,-6.918333333333334,4.356483740316707
2026-02-13 20:10:00,104,3.1354249999999992,-7.908333333333334,4.534902142665907
2026-02-13 21:10:00,104,5.654425000000001,-8.189166666666667,4.65538595025045
2026-02-13 22:10:00,104,7.068083333333333,-8.036666666666667,4.645104117665207
2026-02-13 23:10:00,104,4.612166666666666,-8.574166666666667,4.706535734353814
2026-02-14 00:10:00,105,6.328891666666666,-7.903333333333333,4.631812299245448
2026-02-14 01:10:00,105,4.150016666666667,-7.781666666666667,4.598673367533814
2026-02-14 02:10:00,105,5.836574999999999,-8.624166666666666,4.656882071953396
2026-02-14 03:10:00,105,5.798858333333334,-9.8425,4.902706091454571
2026-02-14 04:10:00,105,5.0464,-10.513333333333334,4.958521601686527
2026-02-14 05:10:00,105,4.672883333333334,-12.676666666666668,5.408076763216337
2026-02-14 06:10:00,105,6.269675,-14.564166666666665,5.7940940023304135
2026-02-14 07:10:00,105,4.5353916666666665,-10.929166666666667,5.047386483072558
2026-02-14 08:10:00,105,5.6489,-5.240833333333334,3.9550055181403336
2026-02-14 09:10:00,105,3.408208333333333,-3.8466666666666662,3.726101351705854
2026-02-14 10:10:00,105,3.290058333333333,-1.241666666666667,3.144628501744789
2026-02-14 11:10:00,105,1.9425833333333333,-0.2866666666666667,2.948561895858333
2026-02-14 12:10:00,105,3.1104083333333334,-0.023333333333333307,2.8706622852753996
2026-02-14 13:10:00,105,2.9581166666666667,-0.08416666666666668,2.933522659569902
2026-02-14 14:10:00,105,2.940941666666667,-0.7083333333333334,3.0199768355243295
2026-02-14 15:10:00,105,3.2429499999999996,-1.5550000000000004,3.1769120593602995
2026-02-14 16:10:00,105,3.54685,-2.8624999999999994,3.3846341195945815
2026-02-14 17:10:00,105,3.1203833333333333,-3.2225,3.4950257193095315
2026-02-14 18:10:00,105,3.7694666666666663,-3.0283333333333338,3.4817459601788467
2026-02-14 19:10:00,105,4.77515,-3.5283333333333338,3.550843340762024
2026-02-14 20:10:00,105,2.3582083333333332,-4.101666666666667,3.702075579745047
2026-02-14 21:10:00,105,3.59705,-5.338333333333334,4.034690661655661
2026-02-14 22:10:00,105,4.429058333333334,-5.829166666666667,4.089546489687019
2026-02-14 23:10:00,105,4.738133333333334,-6.550833333333333,4.213516898600038
2026-02-15 00:10:00,106,4.7189,-7.1725,4.327164994044856
2026-02-15 01:10:00,106,4.985925,-8.2325,4.663998169338457
2026-02-15 02:10:00,106,5.294216666666666,-9.773333333333333,4.891915135882645
2026-02-15 03:10:00,106,4.354283333333333,-11.134166666666667,5.107802288359896
2026-02-15 04:10:00,106,4.454908333333333,-12.291666666666666,5.234953463277865
2026-02-15 05:10:00,106,4.80315,-12.834166666666668,5.342205897121176
2026-02-15 06:10:00,106,5.96435,-13.245833333333335,5.423592536627469
2026-02-15 07:10:00,106,4.855591666666665,-11.481666666666667,5.262241566148848
2026-02-15 08:10:00,106,3.8735166666666667,-8.574166666666667,4.724845944799614
2026-02-15 09:10:00,106,5.555183333333333,-7.023333333333333,4.448733229332586
2026-02-15 10:10:00,106,2.621766666666667,-4.676666666666667,4.002343806249425
2026-02-15 11:10:00,106,2.4191916666666664,-2.9858333333333325,3.6168017184044006
2026-02-15 12:10:00,106,0.9313333333333333,-0.45,3.1182283018804564
2026-02-15 13:10:00,106,1.6431749999999998,0.4208333333333334,2.8711333264042644
2026-02-15 14:10:00,106,0.8707250000000001,0.4083333333333332,2.7647109425797614
2026-02-15 15:10:00,106,3.7911916666666667,-1.7966666666666669,3.1866786759499823
2026-02-15 16:10:00,106,3.6035166666666663,-3.5283333333333338,3.505468164711437
2026-02-15 17:10:00,106,4.561374999999999,-5.235833333333333,3.8494092648984597
2026-02-15 18:10:00,106,4.726599999999999,-6.6575,4.121076803961997
2026-02-15 19:10:00,106,3.528083333333333,-8.370833333333334,4.459803384579276
2026-02-15 20:10:00,106,3.814216666666666,-9.852500000000001,4.752729386688966
2026-02-15 21:10:00,106,4.490591666666666,-10.9675,4.97316526454204
2026-02-15 22:10:00,106,4.837375,-12.09666666666667,5.196401897195937
2026-02-15 23:10:00,106,5.064691666666666,-13.615000000000002,5.496576911731289
2026-02-16 00:10:00,107,6.229541666666666,-14.795833333333334,5.6926535761144885
2026-02-16 01:10:00,107,4.132216666666666,-15.348333333333334,5.803216436605494
2026-02-16 02:10:00,107,4.8140583333333336,-16.45,6.0236751116720235
2026-02-16 03:10:00,107,6.177225,-17.115,6.156750771810518
2026-02-16 04:10:00,107,4.771858333333332,-17.629166666666666,6.259642604273489
2026-02-16 05:10:00,107,5.532750000000001,-17.263333333333335,6.18643431504943
2026-02-16 06:10:00,107,4.955708333333334,-16.7225,6.07820611526261
2026-02-16 07:10:00,107,6.412066666666668,-14.06916666666667,5.547237566539592
2026-02-16 08:10:00,107,4.485216666666666,-8.456666666666665,4.4240990063481584
2026-02-16 09:10:00,107,4.061441666666667,-4.9675,3.7946380355033575
2026-02-16 10:10:00,107,1.3382916666666667,-1.2691666666666668,3.0988840626175236
2026-02-16 11:10:00,107,2.3721916666666667,1.1666666666666665,2.641735230100792
2026-02-16 12:10:00,107,1.1329416666666665,3.0041666666666664,2.2886859182223533
2026-02-16 13:10:00,107,1.8876333333333335,3.7716666666666665,2.1193906885783997
2026-02-16 14:10:00,107,2.125658333333333,3.2083333333333335,2.2166407284134584
2026-02-16 15:10:00,107,3.0984000000000003,2.0508333333333333,2.3904447064403977
2026-02-16 16:10:00,107,3.736508333333333,-0.48583333333333334,2.835306237936987
2026-02-16 17:10:00,107,3.3362916666666673,-3.2925,3.3906781217889437
2026-02-16 18:10:00,107,3.3715999999999995,-4.889166666666667,3.7101931153044276
2026-02-16 19:10:00,107,3.708833333333333,-6.560833333333334,4.044716641918239
2026-02-16 20:10:00,107,4.528908333333333,-7.570833333333333,4.246831554309035
2026-02-16 21:10:00,107,2.9629833333333333,-8.829166666666667,4.498641387403181
2026-02-16 22:10:00,107,4.922999999999999,-9.850833333333332,4.7030909604981606
2026-02-16 23:10:00,107,4.769433333333334,-10.601666666666667,4.853343052960296
2026-02-17 00:10:00,108,3.6829416666666663,-10.4675,4.813327865401778
2026-02-17 01:10:00,108,4.254583333333334,-10.602500000000001,4.840279713124405
2026-02-17 02:10:00,108,4.546166666666666,-10.063333333333333,4.732638691664284
2026-02-17 03:10:00,108,5.907524999999999,-9.721666666666666,4.664427225205784
2026-02-17 04:10:00,108,4.682358333333333,-9.64,4.6481230210278985
2026-02-17 05:10:00,108,3.628058333333333,-10.926666666666668,4.9049974215447865
2026-02-17 06:10:00,108,5.156624999999999,-11.991666666666667,5.124927846781421
2026-02-17 07:10:00,108,4.865041666666666,-9.246666666666668,4.572938912074879
2026-02-17 08:10:00,108,3.8354833333333334,-4.084166666666667,3.58174145311398
2026-02-17 09:10:00,108,3.775058333333333,-0.7866666666666666,3.038010717437214
2026-02-17 10:10:00,108,1.3350416666666667,1.25,2.674658983597921
2026-02-17 11:10:00,108,2.208241666666667,2.9675,2.309279737115164
2026-02-17 12:10:00,108,1.5570583333333334,2.5641666666666665,2.3965073024267087
2026-02-17 13:10:00,108,3.3152333333333335,1.8200000000000003,2.4892426006865542
2026-02-17 14:10:00,108,3.3912166666666663,1.7358333333333331,2.436416684816002
2026-02-17 15:10:00,108,3.5274333333333328,1.6066666666666671,2.465192722293434
2026-02-17 16:10:00,108,3.5682333333333336,1.1300000000000001,2.5019898958669686
2026-02-17 17:10:00,108,3.8901416666666675,0.42999999999999994,2.6409646374514852
2026-02-17 18:10:00,108,2.90945,0.1575,2.705447051143058
2026-02-17 19:10:00,108,2.692508333333333,0.21666666666666667,2.7332475868824657
2026-02-17 20:10:00,108,2.5758083333333333,0.6858333333333332,2.739743161959644
2026-02-17 21:10:00,108,3.3541166666666666,0.07833333333333332,2.8282202135024854
2026-02-17 22:10:00,108,4.232725,0.12083333333333336,2.7923935347353614
2026-02-17 23:10:00,108,4.218641666666667,-0.036666666666666674,2.810100368699012
2026-02-18 00:10:00,109,2.8635333333333333,-0.9900000000000001,2.9815745565236673
2026-02-18 01:10:00,109,4.284833333333333,-3.0875,3.3853182117935012
2026-02-18 02:10:00,109,3.4199166666666665,-2.9525,3.3587351170199016
2026-02-18 03:10:00,109,4.08295,-2.5041666666666664,3.3421786147950816
2026-02-18 04:10:00,109,3.5602166666666664,-1.4016666666666666,3.4341789541096186
2026-02-18 05:10:00,109,4.340224999999999,-2.1658333333333335,3.5272626142786128
2026-02-18 06:10:00,109,3.7146083333333326,-2.4766666666666666,3.618307386904993
2026-02-18 07:10:00,109,4.235025000000001,-1.8991666666666667,3.4641913491493432
2026-02-18 08:10:00,109,2.453958333333333,-0.07833333333333344,3.1158026632281013
2026-02-18 09:10:00,109,4.392233333333333,0.7308333333333333,2.9272737669506017
2026-02-18 10:10:00,109,1.0196,1.9308333333333332,2.696078459507424
2026-02-18 11:10:00,109,0.0,2.1675,2.6362585810526102
2026-02-18 12:10:00,109,1.328825,3.388333333333333,2.349804628661456
2026-02-18 13:10:00,109,1.1105333333333334,3.5033333333333334,2.294304371625389
2026-02-18 14:10:00,109,2.2629916666666667,1.8808333333333334,2.5919160487982036
2026-02-18 15:10:00,109,2.9158416666666667,0.7391666666666666,2.8139685720975516
2026-02-18 16:10:00,109,3.3009583333333334,-0.9899999999999999,3.0681633045240866
2026-02-18 17:10:00,109,3.6543916666666663,-2.4208333333333334,3.387552438272571
2026-02-18 18:10:00,109,3.485908333333333,-2.894166666666667,3.497648730697116
2026-02-18 19:10:00,109,3.558225,-3.3850000000000002,3.610225272577106
2026-02-18 20:10:00,109,5.818633333333333,-3.9683333333333333,3.7579856959211377
2026-02-18 21:10:00,109,3.3752749999999994,-4.639166666666667,3.8605128384300453
2026-02-18 22:10:00,109,5.187591666666666,-5.453333333333333,3.907067525142586
2026-02-18 23:10:00,109,3.7020833333333334,-5.949166666666667,3.965029896136894
2026-02-19 00:10:00,110,3.8143083333333334,-6.565,4.118239447212504
2026-02-19 01:10:00,110,4.988949999999999,-5.788333333333334,3.967512489408635
2026-02-19 02:10:00,110,3.586333333333333,-7.199999999999999,4.2111286702873265
2026-02-19 03:10:00,110,4.2778833333333335,-8.083333333333334,4.422958206615429
2026-02-19 04:10:00,110,5.8576999999999995,-8.934166666666666,4.581317209494698
2026-02-19 05:10:00,110,4.109291666666667,-11.209166666666667,4.986746331245541
2026-02-19 06:10:00,110,5.8652,-12.815,5.304293842665111
2026-02-19 07:10:00,110,4.160191666666667,-8.495833333333334,4.458292169510509
2026-02-19 08:10:00,110,4.568575,-4.2825,3.770848521859162
2026-02-19 09:10:00,110,3.9715,-2.9266666666666663,3.5425352291414534
2026-02-19 10:10:00,110,1.1893833333333332,-0.5408333333333334,3.0742864370397185
2026-02-19 11:10:00,110,1.1324333333333332,0.75,2.8859138070581056
2026-02-19 12:10:00,110,1.853375,2.0083333333333333,2.592062474781961
2026-02-19 13:10:00,110,2.35565,2.8008333333333333,2.3943792513600126
2026-02-19 14:10:00,110,2.221375,2.3558333333333334,2.495439154459345
2026-02-19 15:10:00,110,2.9995333333333334,1.1583333333333332,2.728361269109544
2026-02-19 16:10:00,110,2.1479166666666667,-0.6241666666666666,2.988925482851976
2026-02-19 17:10:00,110,1.054425,-2.991666666666667,3.3617665647129082
2026-02-19 18:10:00,110,3.4331750000000003,-4.163333333333333,3.593459248187696
2026-02-19 19:10:00,110,2.3044833333333337,-5.758333333333333,3.90886450862208
2026-02-19 20:10:00,110,4.399,-7.490833333333334,4.2514598777146
2026-02-19 21:10:00,110,3.7301750000000005,-8.943333333333333,4.538686298266915
2026-02-19 22:10:00,110,3.6958333333333333,-10.44,4.834646511297299
2026-02-19 23:10:00,110,3.7984999999999998,-11.759166666666667,5.0955067658780875
2026-02-20 00:10:00,111,4.618658333333333,-12.655833333333334,5.247359601649167
2026-02-20 01:10:00,111,4.008783333333334,-13.455,5.408274392435978
2026-02-20 02:10:00,111,3.3808166666666666,-14.420833333333334,5.602748055128277
2026-02-20 03:10:00,111,4.480975,-15.180833333333332,5.755776511017298
2026-02-20 04:10:00,111,5.500808333333333,-16.055833333333336,5.931960588521106
2026-02-20 05:10:00,111,4.1214916666666666,-16.838333333333335,6.089519492117368
2026-02-20 06:10:00,111,4.365975000000001,-16.731666666666666,6.068041814097855
2026-02-20 07:10:00,111,4.901008333333333,-12.486666666666666,5.213297346665098
2026-02-20 08:10:00,111,5.86025,-6.088333333333334,4.069382804820218
2026-02-20 09:10:00,111,2.899316666666667,-3.5825,3.91426314639007
2026-02-20 10:10:00,111,2.441125,-1.43,3.4109160600709756
2026-02-20 11:10:00,111,1.4330833333333333,-0.18999999999999997,3.1441800874276002
2026-02-20 12:10:00,111,1.4623583333333332,0.8458333333333332,2.868589633032934
2026-02-20 13:10:00,111,3.8984749999999995,1.2916666666666667,2.653544458210915
2026-02-20 14:10:00,111,1.9332166666666666,1.0358333333333332,2.7711127469969137
2026-02-20 15:10:00,111,2.209533333333334,0.02416666666666668,2.949140749631061
2026-02-20 16:10:00,111,3.7489833333333333,-1.4908333333333335,3.222339211791155
2026-02-20 17:10:00,111,4.07095,-2.670833333333334,3.6327686347116663
2026-02-20 18:10:00,111,3.1342749999999997,-3.5833333333333326,3.8939328647066964
2026-02-20 19:10:00,111,3.7984166666666663,-4.480833333333333,4.0218627841495955
2026-02-20 20:10:00,111,2.248091666666667,-5.357500000000001,4.219910618960954
2026-02-20 21:10:00,111,5.224983333333332,-6.041666666666667,4.251252273263422
2026-02-20 22:10:00,111,5.673283333333333,-7.0375000000000005,4.432651477446894
2026-02-20 23:10:00,111,4.1269,-8.021666666666667,4.662874143670856
2026-02-21 00:10:00,112,4.469391666666667,-9.056666666666667,4.747764680860678
2026-02-21 01:10:00,112,5.81315,-9.865833333333333,4.951400090898146
2026-02-21 02:10:00,112,3.5155416666666666,-10.604999999999999,5.021694211563623
2026-02-21 03:10:00,112,5.508308333333333,-11.19,5.055795749085426
2026-02-21 04:10:00,112,5.618566666666667,-11.578333333333333,5.106800647609071
2026-02-21 05:10:00,112,3.6036666666666672,-12.971666666666666,5.371262636296695
2026-02-21 06:10:00,112,5.9035666666666655,-13.7725,5.462003937654903
2026-02-21 07:10:00,112,4.7532749999999995,-10.625,4.948772052040394
2026-02-21 08:10:00,112,5.77805,-8.370833333333334,4.635332066119251
2026-02-21 09:10:00,112,3.453708333333333,-7.075,4.329079144788443
2026-02-21 10:10:00,112,2.83605,-4.1258333333333335,3.7000425603741958
2026-02-21 11:10:00,112,0.0,-3.689166666666667,3.748245064665492
2026-02-21 12:10:00,112,1.9207416666666668,-2.608333333333334,3.52842563988204
2026-02-21 13:10:00,112,2.404816666666667,-0.9058333333333333,3.0742419867541124
2026-02-21 14:10:00,112,1.076125,-0.49499999999999994,2.9485020429811932
2026-02-21 15:10:00,112,2.240158333333333,-1.63,3.1110054947432486
2026-02-21 16:10:00,112,2.8714999999999997,-2.9250000000000003,3.328358201648389
2026-02-21 17:10:00,112,2.891641666666666,-4.546666666666667,3.6432191480174865
2026-02-21 18:10:00,112,3.1608499999999995,-6.009999999999999,3.927338275368018
2026-02-21 19:10:00,112,4.316841666666666,-7.584166666666667,4.232976676031546
2026-02-21 20:10:00,112,3.470366666666666,-8.6075,4.431665906319959
2026-02-21 21:10:00,112,2.999533333333333,-9.615,4.680590228326024
2026-02-21 22:10:00,112,4.633158333333332,-10.365,4.781884682749311
2026-02-21 23:10:00,112,3.3532583333333337,-11.399166666666668,4.973692715331509
2026-02-22 00:10:00,113,5.909275,-11.935,5.037134839771962
2026-02-22 01:10:00,113,5.918991666666666,-12.547500000000001,5.1714559053351055
2026-02-22 02:10:00,113,4.96185,-13.221666666666666,5.288873654566373
2026-02-22 03:10:00,113,4.640583333333333,-14.5375,5.546318983944856
2026-02-22 04:10:00,113,5.4911166666666675,-15.39,5.713112253073536
2026-02-22 05:10:00,113,5.623383333333332,-15.94,5.820720813801717
2026-02-22 06:10:00,113,5.138233333333333,-15.443333333333333,5.723547022598693
2026-02-22 07:10:00,113,6.0282083333333345,-11.550833333333332,4.9619718905360655
2026-02-22 08:10:00,113,3.7298500000000003,-5.1775,3.7412638998003565
2026-02-22 09:10:00,113,5.5483,-2.254166666666667,3.3339644871401726
2026-02-22 10:10:00,113,0.9204083333333334,0.365,2.7656760693233178
2026-02-22 11:10:00,113,1.8377833333333333,1.4658333333333335,2.5649954051881534
2026-02-22 12:10:00,113,0.9407166666666666,2.9825,2.265906349340132
2026-02-22 13:10:00,113,0.9513333333333333,3.3674999999999997,2.218320093908168
2026-02-22 14:10:00,113,0.9226249999999999,2.815,2.3272842890498167
2026-02-22 15:10:00,113,1.8183833333333328,1.7258333333333333,2.503273759677634
2026-02-22 16:10:00,113,2.9546250000000005,0.03750000000000007,2.74116779711359
2026-02-22 17:10:00,113,4.878333333333333,-3.045833333333333,3.2979522378211916
2026-02-22 18:10:00,113,3.1245583333333338,-4.389166666666667,3.5607779952360827
2026-02-22 19:10:00,113,4.198625,-5.694166666666667,3.816103762054767
2026-02-22 20:10:00,113,4.663041666666667,-6.773333333333333,4.027244801665365
2026-02-22 21:10:00,113,3.2762416666666665,-7.555833333333333,4.180342435792277
2026-02-22 22:10:00,113,4.4319083333333325,-8.463333333333333,4.357896560993776
2026-02-22 23:10:00,113,4.582725,-9.5325,4.567081081318407
2026-02-23 00:10:00,114,2.9816749999999996,-9.93,4.643886225062612
2026-02-23 01:10:00,114,4.803850000000001,-10.133333333333333,4.6918155667804875
2026-02-23 02:10:00,114,4.0005749999999995,-10.1525,4.691110093843812
2026-02-23 03:10:00,114,4.278091666666667,-9.11,4.54722258269051
2026-02-23 04:10:00,114,5.099975,-8.435,4.71647825963136
2026-02-23 05:10:00,114,3.9041416666666664,-8.694166666666666,4.658700397970765
2026-02-23 06:10:00,114,4.361549999999999,-8.291666666666666,4.562866835605841
2026-02-23 07:10:00,114,4.233258333333333,-7.458333333333333,4.407593478868617
2026-02-23 08:10:00,114,4.561033333333333,-6.7075,4.383404800807728
2026-02-23 09:10:00,114,3.9620249999999997,-6.084166666666667,4.197874076817427
2026-02-23 10:10:00,114,5.2141,-5.514166666666667,4.059200482090085
2026-02-23 11:10:00,114,2.528766666666667,-5.538333333333333,4.035622989786337
2026-02-23 12:10:00,114,4.327641666666667,-5.2491666666666665,3.9333725141911007
2026-02-23 13:10:00,114,4.127199999999999,-5.015,3.858118344968689
2026-02-23 14:10:00,114,4.8709,-4.744166666666666,3.842836947322755
2026-02-23 15:10:00,114,4.74405,-4.5975,3.813077996476345
2026-02-23 16:10:00,114,5.646191666666667,-4.9941666666666675,3.9045692640634933
2026-02-23 17:10:00,114,4.207883333333332,-5.38,3.8955786562609873
2026-02-23 18:10:00,114,3.563875,-5.605833333333333,3.936630369818842
2026-02-23 19:10:00,114,1.9623000000000002,-5.730833333333333,3.946904539106141
2026-02-23 20:10:00,114,4.6324250000000005,-5.639166666666667,3.947301025658396
2026-02-23 21:10:00,114,2.768825,-5.555833333333333,3.948906667506552
2026-02-23 22:10:00,114,4.255566666666666,-5.698333333333333,4.001067092994174
2026-02-23 23:10:00,114,4.769491666666666,-5.7316666666666665,3.975880904313184
2026-02-24 00:10:00,115,5.274575,-5.801666666666667,4.021750053658277
2026-02-24 01:10:00,115,5.0115083333333335,-5.6258333333333335,3.969320521544318
2026-02-24 02:10:00,115,3.2485166666666663,-5.5325,3.9293695329726765
2026-02-24 03:10:00,115,5.192383333333333,-5.685,3.9473254719309114
2026-02-24 04:10:00,115,4.5633333333333335,-5.926666666666667,4.097486712795199
2026-02-24 05:10:00,115,4.762416666666667,-6.32,4.162700299531798
2026-02-24 06:10:00,115,4.077716666666666,-6.394166666666667,4.189350307909957
2026-02-24 07:10:00,115,4.965366666666666,-5.865000000000001,4.112417791248037
2026-02-24 08:10:00,115,4.175291666666667,-3.4683333333333333,3.6422956069936765
2026-02-24 09:10:00,115,2.6397749999999998,-2.579166666666667,3.51157048227191
2026-02-24 10:10:00,115,3.6017666666666663,-2.3000000000000003,3.482520445806876
2026-02-24 11:10:00,115,2.186625,-2.5216666666666665,3.5208950001958397
2026-02-24 12:10:00,115,4.1453500000000005,-1.1725,3.2379449738863277
2026-02-24 13:10:00,115,2.444933333333333,-1.4991666666666668,3.3393589428077206
2026-02-24 14:10:00,115,2.5811333333333333,-2.033333333333333,3.413819188826093
2026-02-24 15:10:00,115,4.4162583333333325,-3.1075,3.589964873033604
2026-02-24 16:10:00,115,3.419083333333333,-4.260833333333334,3.7523048961413767
2026-02-24 17:10:00,115,4.210333333333333,-5.6575,4.056233228085481
2026-02-24 18:10:00,115,4.070566666666667,-7.148333333333333,4.444184671940295
2026-02-24 19:10:00,115,2.3103499999999997,-8.393333333333333,4.716201705408716
2026-02-24 20:10:00,115,5.878549999999999,-9.490833333333333,4.971989640014584
2026-02-24 21:10:00,115,5.970433333333333,-10.430833333333334,5.106932141169063
2026-02-24 22:10:00,115,6.056508333333333,-11.375,5.168655801210489
2026-02-24 23:10:00,115,5.103291666666666,-11.725833333333332,5.2834141112407
2026-02-25 00:10:00,116,5.8069749999999996,-12.849166666666667,5.270778937380037
2026-02-25 01:10:00,116,6.675566666666666,-14.16666666666667,5.5358630113716725
2026-02-25 02:10:00,116,4.010716666666667,-14.906666666666666,5.694642359013151
2026-02-25 03:10:00,116,4.681274999999999,-15.055000000000001,5.795928321086982
2026-02-25 04:10:00,116,6.4791,-16.213333333333335,5.949694138258925
2026-02-25 05:10:00,116,4.789516666666667,-16.828333333333333,6.083114283825643
2026-02-25 06:10:00,116,6.508716666666667,-15.675833333333332,5.839617755449267
2026-02-25 07:10:00,116,5.201491666666667,-13.389166666666668,5.371323810597018
2026-02-25 08:10:00,116,7.16495,-11.38,4.990817544780879
2026-02-25 09:10:00,116,6.1786166666666675,-10.231666666666667,4.885658566670322
2026-02-25 10:10:00,116,3.817866666666666,-9.5925,4.913375102292553
2026-02-25 11:10:00,116,4.573716666666666,-8.7075,4.679661836834196
2026-02-25 12:10:00,116,4.801525,-6.8425,4.280697187634276
2026-02-25 13:10:00,116,3.8683916666666662,-5.269166666666667,3.9576880527807834
2026-02-25 14:10:00,116,3.6267333333333327,-4.865833333333334,3.757210255417299
2026-02-25 15:10:00,116,4.211158333333333,-4.88,3.643055038726794
2026-02-25 16:10:00,116,3.504341666666667,-5.1625000000000005,3.6865578399040855
2026-02-25 17:10:00,116,5.568091666666667,-5.411666666666666,3.7375854964313526
2026-02-25 18:10:00,116,3.085008333333333,-5.420833333333333,3.7394627680761685
2026-02-25 19:10:00,116,2.9318666666666666,-5.39,3.733148308907243
2026-02-25 20:10:00,116,3.8138916666666662,-5.39,3.733148308907243
2026-02-25 21:10:00,116,2.4603916666666668,-5.524166666666666,3.760624739345002
2026-02-25 22:10:00,116,4.019916666666667,-6.885833333333334,4.0394849091294684
2026-02-25 23:10:00,116,3.7977999999999996,-7.801666666666667,4.234267881664629
2026-02-26 00:10:00,117,5.52055,-8.088333333333333,4.272847433666666
2026-02-26 01:10:00,117,4.586516666666666,-7.736666666666667,4.200637190240703
2026-02-26 02:10:00,117,4.532775,-8.020000000000001,4.258816059351669
2026-02-26 03:10:00,117,5.492333333333333,-6.881666666666667,4.026429252310043
2026-02-26 04:10:00,117,3.9075999999999995,-6.921666666666667,4.0332873843862185
2026-02-26 05:10:00,117,4.2753,-6.550833333333333,3.9645291637738067
2026-02-26 06:10:00,117,5.115075,-6.134166666666666,3.871584351121917
2026-02-26 07:10:00,117,4.154083333333333,-5.041666666666667,3.6542122260177345
2026-02-26 08:10:00,117,2.7996666666666665,-1.0183333333333333,2.8816489914800525
2026-02-26 09:10:00,117,3.6030583333333337,0.5966666666666667,2.6793947988810487
2026-02-26 10:10:00,117,1.5553,2.355,2.4231453809728296
2026-02-26 11:10:00,117,1.1765416666666666,2.879166666666667,2.368860688005368
2026-02-26 12:10:00,117,1.8692999999999997,2.2775,2.5047814716203196
2026-02-26 13:10:00,117,0.9868999999999999,1.9991666666666663,2.4854533742461653
2026-02-26 14:10:00,117,0.977125,1.4083333333333332,2.6198655679699154
2026-02-26 15:10:00,117,2.348225,-0.09333333333333334,2.914458606080428
2026-02-26 16:10:00,117,1.928783333333333,-1.055,3.0563729681450558
2026-02-26 17:10:00,117,4.5134,-2.7224999999999997,3.2837156749087715
2026-02-26 18:10:00,117,2.5157333333333334,-3.8425,3.4305974763386056
2026-02-26 19:10:00,117,3.8204166666666666,-5.013333333333333,3.740594938905388
2026-02-26 20:10:00,117,3.8714666666666666,-6.528333333333333,3.978020388209701
2026-02-26 21:10:00,117,4.945341666666667,-8.487499999999999,4.354811193384762
2026-02-26 22:10:00,117,4.5028749999999995,-8.778333333333334,4.545821447831045
2026-02-26 23:10:00,117,3.337008333333333,-8.08,4.401976448343479
2026-02-27 00:10:00,118,4.586941666666666,-9.230833333333333,4.783725367346461
2026-02-27 01:10:00,118,5.473491666666667,-10.194166666666666,4.937380111542106
2026-02-27 02:10:00,118,3.2791250000000005,-10.828333333333333,4.959681768676666
2026-02-27 03:10:00,118,5.023499999999999,-11.068333333333333,5.204108143717624
2026-02-27 04:10:00,118,5.5509,-11.397499999999999,5.222348184895689
2026-02-27 05:10:00,118,4.298916666666667,-12.134166666666667,5.297159090933107
2026-02-27 06:10:00,118,5.606625,-12.411666666666667,5.335440732545227
2026-02-27 07:10:00,118,5.514658333333334,-8.254166666666666,4.440157685463051
2026-02-27 08:10:00,118,3.870933333333333,-6.634166666666666,4.194873578542389
2026-02-27 09:10:00,118,4.919949999999999,-5.5275,4.038789896523376
2026-02-27 10:10:00,118,2.3813833333333334,-3.7691666666666666,3.6280701797919876
2026-02-27 11:10:00,118,2.131866666666667,-1.8049999999999997,3.1601466328148797
2026-02-27 12:10:00,118,1.4566916666666665,-0.4716666666666667,2.819340751381924
2026-02-27 13:10:00,118,1.6997083333333334,0.14916666666666667,2.6617104182965643
2026-02-27 14:10:00,118,2.818183333333333,0.009166666666666675,2.6804585108373593
2026-02-27 15:10:00,118,2.048775,-1.1258333333333332,2.895661992667713
2026-02-27 16:10:00,118,3.801166666666666,-1.7916666666666667,2.976501445780111
2026-02-27 17:10:00,118,4.009483333333334,-3.500833333333333,3.3403470076973005
2026-02-27 18:10:00,118,2.6868916666666665,-4.685,3.5931167139715887
2026-02-27 19:10:00,118,3.5891249999999997,-5.199166666666667,3.704689083806211
2026-02-27 20:10:00,118,2.521258333333333,-6.513333333333333,3.9898586579216073
2026-02-27 21:10:00,118,2.5609749999999996,-6.415833333333334,3.9687014986498883
2026-02-27 22:10:00,118,4.618266666666667,-7.5275,4.209929280431713
2026-02-27 23:10:00,118,5.220066666666667,-9.6575,4.672131836829275
2026-02-28 00:10:00,119,4.29945,-10.968333333333334,4.9357457619965555
2026-02-28 01:10:00,119,5.306091666666667,-12.278333333333334,5.224390944394182
2026-02-28 02:10:00,119,5.438749999999999,-12.805,5.34043659024361
2026-02-28 03:10:00,119,4.544016666666666,-12.0875,5.182342759426589
2026-02-28 04:10:00,119,5.867683333333334,-9.7575,4.680142159772165
2026-02-28 05:10:00,119,3.616575,-7.403333333333333,4.1514274329741045
2026-02-28 06:10:00,119,4.790366666666666,-4.449166666666667,3.5348430616620794
2026-02-28 07:10:00,119,3.3334833333333327,-3.0124999999999997,3.299534105217798
2026-02-28 08:10:00,119,3.7525333333333335,-1.5133333333333336,3.042334185780914
2026-02-28 09:10:00,119,3.9234916666666666,1.3949999999999998,2.4303585180096166
2026-02-28 10:10:00,119,2.391883333333333,3.7875,1.8569758074236926
2026-02-28 11:10:00,119,3.0108083333333338,6.203333333333333,1.397665494753708
2026-02-28 12:10:00,119,1.6967249999999996,7.178333333333334,1.196297138914968
2026-02-28 13:10:00,119,1.0232666666666668,7.801666666666667,1.0444675212480226
2026-02-28 14:10:00,119,3.0233999999999996,4.749166666666667,1.7408613405589624
2026-02-28 15:10:00,119,2.337125,4.291666666666667,1.7639243855154652
2026-02-28 16:10:00,119,1.5218999999999998,4.800833333333333,1.6265183065279873
2026-02-28 17:10:00,119,2.745833333333333,3.57,1.836444673913618
2026-02-28 18:10:00,119,2.447183333333333,1.7625,2.2523254635075447
2026-02-28 19:10:00,119,1.2620583333333333,1.2541666666666667,2.369388699576455
2026-02-28 20:10:00,119,2.1349249999999995,1.0933333333333335,2.3708687295895077
2026-02-28 21:10:00,119,2.507525,0.3241666666666667,2.491281952858782
2026-02-28 22:10:00,119,4.188375,-0.385,2.6046791673326237
