t,day,actual,T_o,pred
2025-11-07 00:00:00,6,2.906125,1.2950000000000002,2.3411780090532917
2025-11-07 01:00:00,6,1.960775,1.255,2.1497658733045437
2025-11-07 02:00:00,6,3.7670083333333326,0.7824999999999999,2.129833745372227
2025-11-07 03:00:00,6,1.795,0.7116666666666666,2.3422191729949615
2025-11-07 04:00:00,6,2.2236749999999996,0.3741666666666667,2.688831188298205
2025-11-07 05:00:00,6,3.8073499999999996,-0.4716666666666667,2.7704263645584954
2025-11-07 06:00:00,6,1.9930750000000002,-0.9491666666666667,2.8192415859735265
2025-11-07 07:00:00,6,2.9094083333333334,-0.7466666666666666,2.8710729151203607
2025-11-07 08:00:00,6,1.7210833333333333,0.17166666666666672,2.8393587103845874
2025-11-07 09:00:00,6,2.0959166666666667,1.2316666666666667,2.4144579458575066
2025-11-07 10:00:00,6,4.137775,1.7858333333333334,2.0954273063893227
2025-11-07 11:00:00,6,1.7563333333333333,2.2358333333333333,1.9505334073463163
2025-11-07 12:00:00,6,1.6692666666666667,2.5316666666666667,1.8542296204319944
2025-11-07 13:00:00,6,1.0320416666666665,3.5508333333333333,1.6143265154276383
2025-11-07 14:00:00,6,2.80025,3.2583333333333333,1.6183550093347914
2025-11-07 15:00:00,6,1.8244583333333333,2.6808333333333327,1.7341609767459762
2025-11-07 16:00:00,6,2.9484916666666665,1.5233333333333334,1.9787084666376167
2025-11-07 17:00:00,6,1.7645749999999998,1.175,2.0157466656309864
2025-11-07 18:00:00,6,1.6675416666666667,0.7216666666666667,2.092493564682893
2025-11-07 19:00:00,6,3.3366416666666665,0.36166666666666675,2.1653359624527773
2025-11-07 20:00:00,6,1.3192416666666666,-0.755,2.404747824363106
2025-11-07 21:00:00,6,2.121825,-1.2633333333333334,2.5129715395358287
2025-11-07 22:00:00,6,2.0421083333333336,-0.7683333333333334,2.413368602629565
2025-11-07 23:00:00,6,3.2063416666666664,-0.18999999999999997,2.282726328048818
2025-11-08 00:00:00,7,2.819375,0.0,2.3341863182117812
2025-11-08 01:00:00,7,1.7947749999999998,0.0,2.3341863182117812
2025-11-08 02:00:00,7,1.7756083333333332,0.0,2.3341863182117812
2025-11-08 03:00:00,7,2.548058333333333,0.009166666666666667,2.3322603461904245
2025-11-08 04:00:00,7,1.6842666666666666,0.005,2.3331357880183137
2025-11-08 05:00:00,7,2.5974166666666667,0.07916666666666665,2.3175529234818812
2025-11-08 06:00:00,7,2.986683333333333,0.14833333333333334,2.3030205891389164
2025-11-08 07:00:00,7,0.254475,0.48583333333333334,2.2481463363299694
2025-11-08 08:00:00,7,1.31145,4.471666666666667,1.4645296519159836
2025-11-08 09:00:00,7,2.497533333333333,7.88,0.7217779907169687
2025-11-08 10:00:00,7,0.110125,9.601666666666667,0.3368479399161215
2025-11-08 11:00:00,7,1.8747083333333332,7.800833333333333,0.7983550173089566
2025-11-08 12:00:00,7,0.6566666666666666,9.166666666666666,0.5226371208786914
2025-11-08 13:00:00,7,0.0,9.675833333333333,0.41834998505290066
2025-11-08 14:00:00,7,0.26795,8.443333333333333,0.6391514741784903
2025-11-08 15:00:00,7,1.3845750000000001,5.921666666666667,1.2440277712728438
2025-11-08 16:00:00,7,1.1183416666666666,3.9166666666666665,1.6675507519193251
2025-11-08 17:00:00,7,1.1280583333333334,2.6391666666666667,1.8287387931316084
2025-11-08 18:00:00,7,1.0920916666666667,1.4574999999999998,2.0684418295308844
2025-11-08 19:00:00,7,2.0578916666666665,0.1791666666666666,2.2965423196125343
2025-11-08 20:00:00,7,1.1522999999999999,-0.505,2.4402898677519844
2025-11-08 21:00:00,7,1.054275,-1.8324999999999996,2.7192056341175674
2025-11-08 22:00:00,7,2.320766666666666,-2.3383333333333334,2.825484272023348
2025-11-08 23:00:00,7,2.8879083333333333,-2.366666666666667,2.8828186030808256
2025-11-09 00:00:00,8,1.4963250000000001,-2.245833333333333,2.66568235573111
2025-11-09 01:00:00,8,1.4729999999999999,-2.559166666666667,2.6573646435832257
2025-11-09 02:00:00,8,3.942825,-1.7266666666666666,2.5314458052313427
2025-11-09 03:00:00,8,1.3976416666666667,-2.1533333333333338,2.58097055026266
2025-11-09 04:00:00,8,3.563391666666667,-1.8283333333333331,2.5718615341577893
2025-11-09 05:00:00,8,2.6378,-2.0558333333333336,2.5626171438591565
2025-11-09 06:00:00,8,2.1279166666666667,-2.0749999999999997,2.566225078451298
2025-11-09 07:00:00,8,2.742233333333333,-0.9958333333333335,2.3630826742415794
2025-11-09 08:00:00,8,1.5805749999999998,0.9950000000000001,2.012664210764255
2025-11-09 09:00:00,8,1.8436749999999997,1.9308333333333334,1.8778841772569281
2025-11-09 10:00:00,8,2.6741416666666664,2.4199999999999995,1.778602202081173
2025-11-09 11:00:00,8,1.8453583333333332,2.5508333333333333,1.796761899571585
2025-11-09 12:00:00,8,1.797,2.3558333333333334,1.8066119191426104
2025-11-09 13:00:00,8,1.6867916666666667,2.2025,1.8326166743522259
2025-11-09 14:00:00,8,5.57335,2.0241666666666664,1.8613659387162191
2025-11-09 15:00:00,8,4.310616666666666,1.5650000000000002,1.914965676104341
2025-11-09 16:00:00,8,3.582808333333333,0.4591666666666667,2.0956763916873227
2025-11-09 17:00:00,8,2.9641083333333333,0.027499999999999997,2.178678017421679
2025-11-09 18:00:00,8,0.0,0.005,2.174685741843223
2025-11-09 19:00:00,8,1.5781916666666669,0.08333333333333333,2.1680019552098067
2025-11-09 20:00:00,8,1.4786500000000002,0.2125,2.2293879443563314
2025-11-09 21:00:00,8,1.3901083333333333,0.445,2.174801098400054
2025-11-09 22:00:00,8,1.35905,0.4766666666666666,2.113783834038128
2025-11-12 00:00:00,11,3.2982916666666666,-2.4708333333333337,2.973210047710683
2025-11-12 01:00:00,11,3.3517833333333327,-2.3558333333333334,3.1517446835856857
2025-11-12 02:00:00,11,3.859058333333333,-1.6491666666666667,2.9435342692109785
2025-11-12 03:00:00,11,2.73145,-1.3283333333333334,2.764705224476756
2025-11-12 04:00:00,11,4.554366666666667,-0.9774999999999999,2.7843320556496014
2025-11-12 05:00:00,11,2.138316666666667,-0.5925,2.796256537339523
2025-11-12 06:00:00,11,2.684583333333333,-0.25833333333333336,2.7032022671891975
2025-11-12 07:00:00,11,4.5991,0.00416666666666667,2.7022946780617056
2025-11-12 08:00:00,11,1.7989416666666669,0.5825,2.4580856489863465
2025-11-12 09:00:00,11,3.3118416666666666,1.5575000000000003,2.2799229272062083
2025-11-12 10:00:00,11,0.21005833333333332,2.6199999999999997,1.9983210275830083
2025-11-12 11:00:00,11,2.84455,4.3125,1.7022955548847865
2025-11-12 12:00:00,11,1.7042833333333334,5.283333333333333,1.51589416259347
2025-11-12 13:00:00,11,0.0,5.273333333333333,1.4345487679970892
2025-11-12 14:00:00,11,1.611225,3.8433333333333337,1.6515242352814314
2025-11-12 15:00:00,11,2.1713916666666666,2.8891666666666667,1.6697350906374042
2025-11-12 16:00:00,11,1.9070916666666664,1.75,1.8702221953657439
2025-11-12 17:00:00,11,1.0436166666666666,0.4808333333333333,2.100038953158328
2025-11-12 18:00:00,11,2.8365249999999995,-0.1575,2.2156263704066004
2025-11-12 19:00:00,11,1.9808,-0.8983333333333333,2.3497741692756793
2025-11-12 20:00:00,11,2.4418666666666664,-0.9900000000000001,2.366372884546319
2025-11-12 21:00:00,11,3.0444999999999998,-0.8291666666666667,2.337249684116924
2025-11-12 22:00:00,11,1.4244833333333333,-0.935,2.356413655383935
2025-11-12 23:00:00,11,2.41415,-0.9266666666666669,2.3549046812684225
2025-11-13 00:00:00,12,3.3249999999999997,-0.8208333333333333,2.3241837510526393
2025-11-13 01:00:00,12,1.2522749999999998,-0.8616666666666668,2.332044218614423
2025-11-13 02:00:00,12,2.415008333333333,-0.8441666666666666,2.32867544680223
2025-11-13 03:00:00,12,2.1302666666666665,-0.73,2.3066982211703047
2025-11-13 04:00:00,12,3.761758333333333,-0.6791666666666666,2.296912741144411
2025-11-13 05:00:00,12,1.4239333333333333,-0.725,2.3057357149382494
2025-11-13 06:00:00,12,2.6620833333333334,-0.6608333333333335,2.2933835516268757
2025-11-13 07:00:00,12,3.2836166666666666,-0.3891666666666666,2.2410873796852138
2025-11-13 08:00:00,12,1.4564416666666666,0.3558333333333333,2.0976739511090003
2025-11-13 09:00:00,12,2.183125,0.8666666666666667,1.9993378977340353
2025-11-13 10:00:00,12,2.4779666666666667,1.2183333333333333,1.9316416260794915
2025-11-13 11:00:00,12,1.3543916666666664,1.5708333333333335,1.9228294451994383
2025-11-13 12:00:00,12,2.2706083333333336,1.9525,1.8384818997415922
2025-11-13 13:00:00,12,2.304091666666667,2.750833333333334,1.7107788868582121
2025-11-13 14:00:00,12,2.080475,2.7866666666666666,1.6297355046248678
2025-11-13 15:00:00,12,1.2498666666666667,2.24,1.740202210672607
2025-11-13 16:00:00,12,2.351958333333333,1.3383333333333336,1.9085414765101685
2025-11-13 17:00:00,12,2.043083333333333,0.5833333333333334,2.0538799175504923
2025-11-13 18:00:00,12,2.9643583333333337,0.6425000000000001,2.0424902604711734
2025-11-13 19:00:00,12,1.373475,0.4949999999999999,2.0708841943167995
2025-11-13 20:00:00,12,1.6938833333333332,0.16666666666666666,2.1340887702217524
2025-11-13 21:00:00,12,2.1780333333333335,-0.04083333333333333,2.17403277885204
2025-11-13 22:00:00,12,3.056025,0.01,2.1642472988261465
2025-11-13 23:00:00,12,2.447375,-0.5,2.262422934495769
2025-11-14 00:00:00,13,1.3521083333333332,-1.695,2.531711743544858
2025-11-14 01:00:00,13,2.807691666666667,-2.019166666666667,2.5947587366332217
2025-11-14 02:00:00,13,3.1464916666666665,-2.5141666666666667,2.691031008855555
2025-11-14 03:00:00,13,2.8201083333333337,-3.1383333333333336,2.812424833593817
2025-11-14 04:00:00,13,2.300683333333333,-3.699166666666667,2.9215009938726566
2025-11-14 05:00:00,13,2.64095,-4.05,2.9897343719965663
2025-11-14 06:00:00,13,3.3395083333333333,-4.251666666666668,3.041133127344504
2025-11-14 07:00:00,13,2.6407916666666664,-2.6941666666666664,2.812927527300157
2025-11-14 08:00:00,13,2.7280499999999996,-0.3658333333333334,2.29313875913459
2025-11-14 09:00:00,13,2.3409,0.5983333333333334,2.3097241221297375
2025-11-14 10:00:00,13,1.3367083333333334,1.5216666666666665,2.0486750169779775
2025-11-14 11:00:00,13,2.8174749999999995,1.4708333333333334,2.0086983096827553
2025-11-14 12:00:00,13,1.41105,2.68,1.7769669325477886
2025-11-14 13:00:00,13,2.5320666666666667,2.5058333333333334,2.024930674815217
2025-11-14 14:00:00,13,0.5633166666666666,2.0224999999999995,1.9295277842552934
2025-11-14 15:00:00,13,2.9077583333333332,0.7266666666666666,2.171782594472234
2025-11-14 16:00:00,13,2.3657749999999997,-0.7824999999999999,2.3542401306097482
2025-11-14 17:00:00,13,2.141625,-1.416666666666667,2.498382937484171
2025-11-14 18:00:00,13,2.851866666666666,-1.278333333333333,2.4506744773644424
2025-11-14 19:00:00,13,1.251725,-0.7908333333333332,2.364281965560739
2025-11-14 20:00:00,13,2.2112333333333334,-0.5783333333333334,2.3304150951082407
2025-11-14 21:00:00,13,3.4643333333333333,-0.6566666666666666,2.3315730519064988
2025-11-14 22:00:00,13,1.4898500000000001,-0.7266666666666667,2.3518590067594216
2025-11-14 23:00:00,13,2.92805,-1.4066666666666665,2.5312835891326944
2025-11-15 00:00:00,14,2.4482416666666666,-1.7774999999999999,2.6094072067018064
2025-11-15 01:00:00,14,2.9400833333333334,-2.3708333333333336,2.6880668902343796
2025-11-15 02:00:00,14,2.255441666666667,-3.060833333333333,2.819643087749103
2025-11-15 03:00:00,14,2.6656500000000003,-2.7091666666666665,2.8814917073020907
2025-11-15 04:00:00,14,3.457841666666667,-2.9116666666666666,2.87321133555756
2025-11-15 05:00:00,14,2.2415166666666666,-3.5466666666666664,2.8894165061991477
2025-11-15 06:00:00,14,3.4800416666666667,-2.9258333333333333,2.9942428572682203
2025-11-15 07:00:00,14,3.231633333333333,-1.6624999999999999,2.893069478462567
2025-11-15 08:00:00,14,1.6159166666666667,-0.4766666666666666,2.7060439666872544
2025-11-15 09:00:00,14,2.977583333333333,0.35666666666666663,2.660603985064717
2025-11-15 10:00:00,14,0.0,1.3775000000000002,2.5444231494730154
2025-11-15 11:00:00,14,1.5442666666666667,2.1116666666666664,2.3032867832462975
2025-11-15 12:00:00,14,1.4403666666666664,2.598333333333333,2.109959409937051
2025-11-15 13:00:00,14,0.0,1.9599999999999997,2.197027108550812
2025-11-15 14:00:00,14,1.298325,1.1533333333333333,2.23687234777693
2025-11-15 15:00:00,14,3.0101083333333336,-0.03666666666666666,2.398027504427862
2025-11-15 16:00:00,14,1.7866749999999998,-1.4858333333333331,2.5529901709585703
2025-11-15 17:00:00,14,2.545325,-1.8,2.657465160678619
2025-11-15 18:00:00,14,3.8171083333333335,-2.1208333333333336,2.764595897398168
2025-11-15 19:00:00,14,1.7054083333333334,-2.6208333333333336,2.7447372755604333
2025-11-15 20:00:00,14,3.3295,-3.4299999999999997,2.854538079399227
2025-11-15 21:00:00,14,3.104516666666666,-4.134166666666666,2.98312985680705
2025-11-15 22:00:00,14,2.4252583333333333,-5.235833333333333,3.195576763107649
2025-11-15 23:00:00,14,3.0796416666666664,-6.273333333333333,3.3956496816736443
2025-11-16 00:00:00,15,2.5466249999999997,-6.745833333333333,3.430728371827323
2025-11-16 01:00:00,15,2.982758333333333,-5.906666666666666,3.275038401372311
2025-11-16 02:00:00,15,2.994933333333333,-5.37,3.175471031984994
2025-11-16 03:00:00,15,3.05625,-4.5225,3.0182349843655825
2025-11-16 04:00:00,15,2.9479666666666664,-4.179166666666666,2.979299578610668
2025-11-16 05:00:00,15,3.56745,-4.069166666666667,2.934128386622259
2025-11-16 06:00:00,15,2.332058333333333,-3.9625,2.9513493256156527
2025-11-16 07:00:00,15,3.5166833333333334,-3.703333333333333,2.909746532526309
2025-11-16 08:00:00,15,3.1039749999999997,-3.1016666666666666,2.7969789502721674
2025-11-16 09:00:00,15,2.1035,-2.11,2.5741310351924613
2025-11-16 10:00:00,15,2.6603333333333334,-1.3141666666666667,2.422995276071841
2025-11-16 11:00:00,15,2.708225,-0.5641666666666667,2.2914856061836875
2025-11-16 12:00:00,15,2.7173583333333333,-0.010000000000000009,2.1841451562103744
2025-11-16 13:00:00,15,5.2167666666666666,0.5108333333333334,2.084404377068388
2025-11-16 14:00:00,15,1.5456083333333333,0.43583333333333346,2.0983190715479823
2025-11-16 15:00:00,15,2.827716666666666,0.11,2.2489151406082852
2025-11-16 16:00:00,15,2.487258333333333,-0.055,2.2934806571392254
2025-11-16 17:00:00,15,3.8250666666666664,-0.3983333333333334,2.350484678993079
2025-11-16 18:00:00,15,2.40805,-1.2925,2.5915522009821794
2025-11-16 19:00:00,15,2.1589833333333335,-1.8808333333333331,2.715546468206803
2025-11-16 20:00:00,15,3.1467166666666664,-2.2275000000000005,2.8340426939731733
2025-11-16 21:00:00,15,2.0315833333333333,-2.398333333333334,2.985104888186124
2025-11-16 22:00:00,15,3.4978416666666665,-2.5,2.937224524375594
2025-11-16 23:00:00,15,3.4856166666666666,-2.5875,2.9858197193649776
2025-11-17 00:00:00,16,1.7699249999999997,-2.6749999999999994,3.0284135694500125
2025-11-17 01:00:00,16,3.342425,-2.9175,3.1421537442348493
2025-11-17 02:00:00,16,3.0833416666666666,-3.2316666666666674,3.237371006794424
2025-11-17 03:00:00,16,2.38855,-3.2883333333333327,3.2043150021618025
2025-11-17 04:00:00,16,3.7761750000000003,-3.283333333333333,3.1482261602409887
2025-11-17 05:00:00,16,3.473058333333333,-3.1750000000000003,3.1889944980377916
2025-11-17 06:00:00,16,3.144183333333333,-3.0141666666666667,3.160100518945142
2025-11-17 07:00:00,16,3.2487833333333334,-2.5141666666666667,3.029504516704395
2025-11-17 08:00:00,16,3.8836583333333325,-1.9541666666666668,2.9389760255738118
2025-11-17 09:00:00,16,2.821933333333333,-1.0516666666666665,2.764525405956071
2025-11-17 10:00:00,16,2.736983333333333,-0.19000000000000003,2.6823398959021807
2025-11-17 11:00:00,16,2.7252750000000003,0.22666666666666668,2.594143136035702
2025-11-17 12:00:00,16,2.297833333333333,0.44333333333333336,2.537725760246513
2025-11-17 13:00:00,16,2.564975,0.45250000000000007,2.4521567993272795
2025-11-17 14:00:00,16,2.334891666666666,0.3008333333333333,2.6173239097777357
2025-11-17 15:00:00,16,3.752016666666666,-0.25000000000000006,2.717249121355882
2025-11-17 16:00:00,16,2.8754333333333335,-0.2833333333333334,2.72767806605461
2025-11-17 17:00:00,16,2.6767916666666665,-0.41583333333333333,2.6717790615855668
2025-11-17 18:00:00,16,2.6895249999999997,-0.37500000000000006,2.640815691688125
2025-11-17 19:00:00,16,1.8167,-0.3191666666666667,2.626297354510241
2025-11-17 20:00:00,16,2.5665166666666663,-0.43583333333333335,2.6921398998595407
2025-11-17 21:00:00,16,3.440425,-0.6258333333333334,2.703144713993338
2025-11-17 22:00:00,16,2.4160083333333335,-0.7275,2.732078307263698
2025-11-17 23:00:00,16,3.2633583333333327,-0.8566666666666666,2.7915893692287352
2025-11-18 00:00:00,17,3.061616666666666,-0.8816666666666665,2.9099066867736996
2025-11-18 01:00:00,17,2.860958333333333,-1.055,2.9045687744288484
2025-11-18 02:00:00,17,2.8151,-0.9941666666666666,2.8431747984874556
2025-11-18 03:00:00,17,2.6677583333333335,-0.8408333333333333,2.7384063412576456
2025-11-18 04:00:00,17,2.9102249999999996,-0.8291666666666666,2.518115351506777
2025-11-18 05:00:00,17,2.9947,-1.1849999999999998,2.741306347181511
2025-11-18 06:00:00,17,2.8090083333333338,-0.9158333333333332,2.604959424016543
2025-11-18 07:00:00,17,2.340875,-0.7208333333333333,2.7149216410424866
2025-11-18 08:00:00,17,3.6488666666666667,0.4625000000000001,2.5347521232213706
2025-11-18 09:00:00,17,1.80445,0.6616666666666665,2.4713297424043845
2025-11-18 10:00:00,17,1.4774666666666665,2.555833333333333,2.027914940833875
2025-11-18 11:00:00,17,1.4867833333333333,2.7675,1.9990359012684662
2025-11-18 12:00:00,17,1.5645916666666666,2.7591666666666668,1.9814404709985143
2025-11-18 13:00:00,17,0.0,1.67,2.3426368200586345
2025-11-18 14:00:00,17,3.19405,0.9808333333333334,2.520321281672596
2025-11-18 15:00:00,17,1.3175,0.4908333333333334,2.6870975865515168
2025-11-18 16:00:00,17,2.302583333333333,0.29999999999999993,2.6858848666127804
2025-11-18 17:00:00,17,2.514275,0.20833333333333334,2.6224375663681303
2025-11-18 18:00:00,17,3.3028249999999995,0.22583333333333333,2.421319401956392
2025-11-18 19:00:00,17,2.9990500000000004,0.31416666666666676,2.3095826842617324
2025-11-18 20:00:00,17,1.944308333333333,0.41666666666666674,2.4362311870830617
2025-11-18 21:00:00,17,2.6906166666666667,0.061666666666666675,2.5133805338671076
2025-11-18 22:00:00,17,2.766316666666666,-0.05083333333333332,2.4069538824441223
2025-11-21 00:00:00,20,2.5582,-5.023333333333333,3.152082953518658
2025-11-21 01:00:00,20,2.772491666666667,-5.0183333333333335,3.1511528948191008
2025-11-21 02:00:00,20,3.292133333333333,-5.491666666666667,3.2391984517105135
2025-11-21 03:00:00,20,3.2430333333333334,-6.2225,3.37514203162912
2025-11-21 04:00:00,20,3.2245583333333334,-6.887499999999999,3.498839838670224
2025-11-21 05:00:00,20,3.9281749999999995,-7.197500000000001,3.556503478042769
2025-11-21 06:00:00,20,1.6028333333333333,-6.256666666666667,3.3814974327427607
2025-11-21 07:00:00,20,2.885025,-5.411666666666666,3.2243175125175982
2025-11-21 08:00:00,20,2.4128833333333333,-3.0925,2.7929252857063296
2025-11-21 09:00:00,20,3.3483583333333327,-0.5233333333333333,2.3188371458067496
2025-11-21 10:00:00,20,2.564308333333333,1.0283333333333333,2.0956436821651425
2025-11-21 11:00:00,20,2.2005166666666662,1.9574999999999998,1.9441410242020054
2025-11-21 12:00:00,20,1.5462333333333336,2.161666666666667,1.8411537847162376
2025-11-21 13:00:00,20,3.010883333333333,2.3233333333333337,1.8015190646378454
2025-11-21 14:00:00,20,1.4916749999999999,1.7874999999999999,1.8898794273077923
2025-11-21 15:00:00,20,2.6699916666666668,1.1766666666666665,1.9988101660677633
2025-11-21 16:00:00,20,1.0027083333333333,0.4666666666666666,2.1308785014048817
2025-11-21 17:00:00,20,3.0825,0.23500000000000007,2.1739712211510307
2025-11-21 18:00:00,20,1.5287416666666667,0.18583333333333332,2.183116798363343
2025-11-21 19:00:00,20,2.9713083333333334,0.2175,2.179735055381989
2025-11-21 20:00:00,20,1.4998916666666666,0.7391666666666666,2.086231971165242
2025-11-21 21:00:00,20,1.5217,0.9266666666666667,2.046393735147665
2025-11-21 22:00:00,20,3.3526750000000005,0.3058333333333333,2.1607953895739707
2025-11-26 00:00:00,25,2.3153666666666664,-0.2700000000000001,2.26029417521199
2025-11-26 01:00:00,25,2.2167499999999998,-0.035833333333333335,2.218006835113684
2025-11-26 02:00:00,25,2.280333333333333,0.23083333333333336,2.169850433578246
2025-11-26 03:00:00,25,2.0273250000000003,0.3983333333333334,2.1396021938637992
2025-11-26 04:00:00,25,1.9307083333333332,0.7033333333333335,2.0845233096076425
2025-11-26 05:00:00,25,1.8907916666666666,0.7458333333333332,2.076848383112932
2025-11-26 06:00:00,25,2.1607916666666664,0.7925,2.0684210128442304
2025-11-26 07:00:00,25,1.5397083333333332,0.9625,2.037721306865389
2025-11-26 08:00:00,25,2.2135249999999997,1.9166666666666667,1.8654116826214011
2025-11-26 09:00:00,25,2.9524166666666667,2.8108333333333335,1.7039372487228865
2025-11-26 10:00:00,25,1.9922,3.7916666666666665,1.5289161904745499
2025-11-26 11:00:00,25,1.5861416666666668,4.906666666666667,1.3301401725284603
2025-11-26 12:00:00,25,1.5265333333333333,5.345833333333332,1.2461504566266324
2025-11-26 13:00:00,25,1.5499249999999998,5.821666666666666,1.1971975977871439
2025-11-26 14:00:00,25,1.5385499999999999,5.5325,1.2610273370537073
2025-11-26 15:00:00,25,1.5939666666666665,4.754166666666666,1.3549523810819784
2025-11-26 16:00:00,25,1.327925,4.148333333333333,1.4726480473952446
2025-11-26 17:00:00,25,1.315825,3.7600000000000002,1.540571651398869
2025-11-26 18:00:00,25,2.313191666666667,3.579166666666667,1.571606413624757
2025-11-26 19:00:00,25,1.79365,3.4574999999999996,1.5996364631755295
2025-11-26 20:00:00,25,1.693158333333333,3.4616666666666664,1.5970236980351145
2025-11-26 21:00:00,25,1.6982916666666665,3.400833333333333,1.6192539141658306
2025-11-26 22:00:00,25,1.6878833333333334,3.4299999999999997,1.6069997106820488
2025-11-26 23:00:00,25,1.7016916666666668,3.3525000000000005,1.6337066041104382
2025-11-27 00:00:00,26,2.9029000000000003,3.3575000000000004,1.6479620142552738
2025-11-27 01:00:00,26,1.49635,3.106666666666666,1.6766048843284183
2025-11-27 02:00:00,26,1.4102416666666668,2.8883333333333336,1.7143951829974813
2025-11-27 03:00:00,26,1.3145749999999998,2.954166666666667,1.7068594583307724
2025-11-27 04:00:00,26,2.369933333333333,2.8200000000000003,1.8175057213566914
2025-11-27 05:00:00,26,2.1946666666666665,1.985,2.0539014663471855
2025-11-27 06:00:00,26,1.5532416666666666,1.3291666666666668,2.0432367727854297
2025-11-27 07:00:00,26,2.4601666666666664,1.0275,2.058260023080086
2025-11-27 08:00:00,26,1.2150083333333332,1.8475000000000001,1.9206534566444997
2025-11-27 09:00:00,26,2.2858666666666667,2.39,1.9358441034720006
2025-11-27 10:00:00,26,0.0,4.5008333333333335,1.6232070454473864
2025-11-27 11:00:00,26,0.9668916666666667,4.258333333333333,1.7464037201066467
2025-11-27 12:00:00,26,1.8648833333333332,3.9808333333333334,1.7050765471679998
2025-11-27 13:00:00,26,1.7484166666666665,4.3275,1.6228708397324698
2025-11-27 14:00:00,26,1.5784833333333332,4.230833333333333,1.4979347327067702
2025-11-27 15:00:00,26,2.430475,2.893333333333334,1.7162843365333302
2025-11-27 16:00:00,26,1.710475,2.1108333333333333,1.8522273118050778
2025-11-27 17:00:00,26,1.8817583333333332,2.144166666666667,1.8603892968402815
2025-11-27 18:00:00,26,3.4262666666666663,2.069166666666667,1.8647183951070168
2025-11-27 19:00:00,26,1.667025,1.9858333333333338,1.8753658883160251
2025-11-27 20:00:00,26,3.2952999999999997,1.3341666666666665,1.9921992062301401
2025-11-27 21:00:00,26,1.6201083333333333,0.8341666666666668,2.0785497355277336
2025-11-27 22:00:00,26,1.5966749999999998,0.3841666666666667,2.1583239579887223
2025-11-27 23:00:00,26,2.4584999999999995,0.19416666666666668,2.1920064074722507
2025-11-28 00:00:00,27,3.168658333333333,0.04750000000000001,2.2291119904839785
2025-11-28 01:00:00,27,1.4998833333333335,-0.31499999999999995,2.2934156712576814
2025-11-28 02:00:00,27,3.0349749999999998,-0.9533333333333335,2.406649279240799
2025-11-28 03:00:00,27,1.4086666666666665,-1.2499999999999998,2.4592748202877837
2025-11-28 04:00:00,27,2.7888583333333328,-1.4024999999999999,2.4863267135787894
2025-11-28 05:00:00,27,2.5209249999999996,-1.7366666666666666,2.545604359533398
2025-11-28 06:00:00,27,2.4989666666666666,-2.1583333333333328,2.620403583605797
2025-11-28 07:00:00,27,2.1273916666666666,-1.6983333333333333,2.538804430072271
2025-11-28 08:00:00,27,2.9906916666666663,-0.62,2.3475194578396934
2025-11-28 09:00:00,27,1.8751666666666666,0.8241666666666667,2.0923045692146816
2025-11-28 10:00:00,27,2.6162666666666667,1.7225000000000001,1.9712058157253285
2025-11-28 11:00:00,27,2.6235166666666663,2.35,1.8935871998089513
2025-11-28 12:00:00,27,2.25475,2.4858333333333333,1.8498998938850144
2025-11-28 13:00:00,27,3.226775,2.0525,2.039571929287726
2025-11-28 14:00:00,27,2.805308333333333,-0.9808333333333333,2.465350765816207
2025-11-28 15:00:00,27,3.0689749999999996,-1.4483333333333335,2.506496892251605
2025-11-28 16:00:00,27,2.7038249999999997,-1.9816666666666665,2.591605194047576
2025-11-28 17:00:00,27,2.37975,-2.8625000000000003,2.827741583048987
2025-11-28 18:00:00,27,2.325833333333333,-3.4308333333333336,2.9469396911840224
2025-11-28 19:00:00,27,2.7869333333333337,-3.4616666666666664,3.0175120630218424
2025-11-28 20:00:00,27,2.0286416666666667,-3.2541666666666664,2.9828067499657904
2025-11-28 21:00:00,27,3.2090916666666662,-3.328333333333333,2.9229232706993433
2025-11-28 22:00:00,27,2.6447833333333333,-3.454166666666667,2.8768345945524785
2025-11-28 23:00:00,27,2.8629250000000006,-2.9408333333333334,2.843465557299575
2025-11-29 00:00:00,28,3.077691666666667,-2.2224999999999997,2.7819171293534066
2025-11-29 01:00:00,28,3.8518916666666665,-2.0125,2.8520942989057083
2025-11-29 02:00:00,28,2.884158333333333,-1.885,2.761660055158387
2025-11-29 03:00:00,28,3.359183333333333,-1.801666666666667,2.8084905044012713
2025-11-29 04:00:00,28,3.3921666666666668,-1.8691666666666669,2.833563174751089
2025-11-29 05:00:00,28,3.3555083333333333,-1.8566666666666667,2.89819749389108
2025-11-29 06:00:00,28,3.2530416666666664,-2.0091666666666663,2.8457358420384655
2025-11-29 07:00:00,28,2.6476666666666664,-1.8099999999999998,2.8925561118495096
2025-11-29 08:00:00,28,2.888575,-1.505,2.8444239511159797
2025-11-29 09:00:00,28,2.7927750000000002,-0.9866666666666668,2.7353083453531615
2025-11-29 10:00:00,28,2.7047416666666666,-0.20750000000000002,2.6287406351410816
2025-11-29 11:00:00,28,2.7269416666666664,-0.17166666666666663,2.642154663387751
2025-11-29 12:00:00,28,3.381275,0.21250000000000002,2.5239809686224244
2025-11-29 13:00:00,28,3.2413250000000002,-0.25,2.6365001447009857
2025-11-29 14:00:00,28,2.8660249999999996,-0.38833333333333336,2.6255016748625035
2025-11-29 15:00:00,28,2.3270166666666667,-0.7266666666666666,2.55536379858288
2025-11-29 16:00:00,28,3.9633499999999997,-1.343333333333333,2.700868988885494
2025-11-29 17:00:00,28,2.9361583333333328,-1.8225000000000005,2.8776890778993756
2025-11-29 18:00:00,28,2.385483333333333,-2.415833333333333,2.8195914943985496
2025-11-29 19:00:00,28,2.8433500000000005,-3.2083333333333335,2.8428592071331953
2025-11-29 20:00:00,28,2.4468083333333333,-3.138333333333333,2.9720463803040977
2025-11-29 21:00:00,28,4.4301,-3.310833333333333,2.9736035280877133
2025-11-29 22:00:00,28,4.54655,-3.801666666666667,2.9534644805576193
2025-11-29 23:00:00,28,4.800283333333333,-4.8275,3.085049502891603
2025-11-30 00:00:00,29,4.009949999999999,-5.348333333333334,3.2291452594731735
2025-11-30 01:00:00,29,4.74575,-6.273333333333333,3.4056376675331714
2025-11-30 02:00:00,29,3.802183333333333,-7.365833333333334,3.5963712838879225
2025-11-30 03:00:00,29,4.848083333333334,-8.181666666666667,3.744869539939984
2025-11-30 04:00:00,29,4.278975,-8.448333333333332,3.7934082957486246
2025-11-30 05:00:00,29,3.5119083333333325,-7.638333333333333,3.6459718249798776
2025-11-30 06:00:00,29,3.0477999999999996,-7.028333333333333,3.5349394210676115
2025-11-30 07:00:00,29,3.883566666666667,-6.2875000000000005,3.4000926900867308
2025-11-30 08:00:00,29,3.5072083333333333,-4.584166666666667,3.117323939945278
2025-11-30 09:00:00,29,4.237275,-2.9025,2.952584525225327
2025-11-30 10:00:00,29,5.010475,-3.2225,3.113435296618575
2025-11-30 11:00:00,29,1.8551749999999996,-2.9633333333333334,3.0319500925357876
2025-11-30 12:00:00,29,3.1847250000000003,-2.7724999999999995,2.8472120765321804
2025-11-30 13:00:00,29,3.099458333333333,-2.3333333333333335,2.77500626126732
2025-11-30 14:00:00,29,2.13745,-1.8758333333333335,2.7185923203406577
2025-11-30 15:00:00,29,2.989866666666667,-1.615,2.6898254827216768
2025-11-30 16:00:00,29,4.0327666666666655,-1.1391666666666667,2.6701881491854267
2025-11-30 17:00:00,29,2.7189749999999995,-0.2575,2.513860063952304
2025-11-30 18:00:00,29,2.6515666666666666,0.2558333333333334,2.288248260569251
2025-11-30 19:00:00,29,1.960508333333333,0.28250000000000014,2.2220081831638505
2025-11-30 20:00:00,29,3.1332249999999995,0.01916666666666667,2.252151115212371
2025-11-30 21:00:00,29,2.436808333333333,0.06083333333333333,2.244566934617271
2025-11-30 22:00:00,29,3.3733083333333336,-0.009166666666666662,2.257308358017039
2025-11-30 23:00:00,29,5.290466666666666,-0.5225,2.3507454629486735
2025-12-01 00:00:00,30,4.7886999999999995,-0.7916666666666666,2.447998376788765
2025-12-01 01:00:00,30,4.3153,-0.67,2.4248027510171415
2025-12-01 02:00:00,30,4.076099999999999,-0.6208333333333335,2.4154291762190194
2025-12-01 03:00:00,30,4.64165,-0.3291666666666667,2.35982322402677
2025-12-01 04:00:00,30,2.837008333333333,-0.6583333333333333,2.4225785129294515
2025-12-01 05:00:00,30,2.6863833333333336,-0.48166666666666674,2.3888971933158603
2025-12-01 06:00:00,30,3.801008333333333,-0.42583333333333334,2.3808781995872095
2025-12-01 07:00:00,30,2.3594583333333334,-0.12499999999999999,2.3742553988265325
2025-12-01 08:00:00,30,2.225241666666667,0.15250000000000002,2.2679939658349983
2025-12-01 09:00:00,30,2.4372000000000003,0.2358333333333333,2.5641769360470543
2025-12-01 10:00:00,30,2.336308333333333,0.01666666666666666,2.7000697359266868
2025-12-01 11:00:00,30,2.2561166666666668,-0.8733333333333332,2.913281114683021
2025-12-01 12:00:00,30,3.2467583333333336,-1.5041666666666664,3.0235810875979827
2025-12-01 13:00:00,30,3.0438999999999994,-2.5041666666666664,3.1233028773641522
2025-12-01 14:00:00,30,3.076733333333333,-3.4583333333333335,3.246400954924784
2025-12-01 15:00:00,30,3.4376,-4.7683333333333335,3.487529334041065
2025-12-01 16:00:00,30,1.3084083333333334,-5.930000000000001,3.4668256510255326
2025-12-01 17:00:00,30,1.2761666666666667,-6.589166666666667,3.7167271028413227
2025-12-01 18:00:00,30,5.681783333333333,-7.43,3.8079640209739822
2025-12-01 19:00:00,30,2.8459083333333335,-7.8,4.199516967057877
2025-12-01 20:00:00,30,4.709608333333334,-8.19,4.128006821659495
2025-12-01 21:00:00,30,4.946841666666667,-8.6525,4.144524888237099
2025-12-01 22:00:00,30,4.862008333333333,-9.346666666666666,4.169846447355924
2025-12-01 23:00:00,30,5.126741666666668,-10.63,4.335005272282485
2025-12-02 00:00:00,31,5.983583333333333,-11.29,4.503257785822861
2025-12-02 01:00:00,31,4.330691666666667,-11.6725,4.57657681743846
2025-12-02 02:00:00,31,4.2458833333333335,-11.37,4.5185924852457315
2025-12-02 03:00:00,31,5.218491666666667,-10.959166666666668,4.439842414251197
2025-12-02 04:00:00,31,5.069783333333333,-10.44,4.345991533687813
2025-12-02 05:00:00,31,4.918616666666667,-10.139166666666666,4.282661745166774
2025-12-02 06:00:00,31,4.031133333333333,-9.5925,4.190452771940193
2025-12-02 07:00:00,31,5.096133333333333,-8.884166666666667,4.081582007229233
2025-12-02 08:00:00,31,5.555441666666667,-8.375833333333334,3.96653412711424
2025-12-02 09:00:00,31,4.468908333333332,-8.147499999999999,3.9131743679802935
2025-12-02 10:00:00,31,4.665525,-7.75,3.867439310469907
2025-12-02 11:00:00,31,5.06245,-7.180833333333333,3.744532831898188
2025-12-02 12:00:00,31,4.936175,-7.115833333333334,3.7989841923524326
2025-12-02 13:00:00,31,3.7529999999999997,-6.935,3.6764248959538346
2025-12-02 14:00:00,31,4.6226,-6.543333333333334,3.5933989533992055
2025-12-02 15:00:00,31,2.769458333333333,-6.512499999999999,3.587488704663307
2025-12-02 16:00:00,31,2.3454083333333333,-6.3758333333333335,3.56129192648257
2025-12-02 17:00:00,31,2.380125,-6.2925,3.545318281250413
2025-12-02 18:00:00,31,3.2790833333333333,-6.2175,3.530942000541472
2025-12-02 19:00:00,31,4.254375,-6.069166666666667,3.54729147673992
2025-12-02 20:00:00,31,4.533125,-5.954166666666667,3.542862956139263
2025-12-02 21:00:00,31,5.853908333333333,-5.89,3.537343265847925
2025-12-02 22:00:00,31,4.7728166666666665,-5.7316666666666665,3.4641042438854606
2025-12-05 00:00:00,34,8.262208333333334,-16.939999999999998,6.085753216559861
2025-12-05 01:00:00,34,5.9571000000000005,-17.096666666666668,6.199566147117357
2025-12-05 02:00:00,34,6.874225000000001,-17.800833333333333,6.207238515721184
2025-12-05 03:00:00,34,7.201149999999998,-17.281666666666666,6.448052810495097
2025-12-05 04:00:00,34,5.529491666666666,-17.388333333333332,6.303361455051558
2025-12-05 05:00:00,34,7.142116666666666,-17.259166666666673,6.317393138270033
2025-12-05 06:00:00,34,6.516883333333333,-17.175833333333333,6.213582846716287
2025-12-05 07:00:00,34,7.708383333333332,-16.7875,6.165043116430086
2025-12-05 08:00:00,34,6.849,-15.334166666666667,5.850107733532614
2025-12-05 09:00:00,34,5.3881499999999996,-13.1625,5.453347877215084
2025-12-05 10:00:00,34,5.490766666666667,-10.799999999999999,4.82669531433297
2025-12-05 11:00:00,34,3.746941666666667,-9.375,4.532335740090423
2025-12-05 12:00:00,34,5.2761249999999995,-8.014166666666666,4.130996926316616
2025-12-05 13:00:00,34,5.0496583333333325,-8.6625,4.206068320632528
2025-12-05 14:00:00,34,5.555774999999999,-8.9725,4.230079902449801
2025-12-05 15:00:00,34,5.187091666666666,-9.8425,4.4033208624639215
2025-12-05 16:00:00,34,6.062833333333333,-11.750833333333333,4.780716665033842
2025-12-05 17:00:00,34,6.117366666666667,-12.862499999999999,5.034900860948356
2025-12-05 18:00:00,34,6.948041666666667,-14.605833333333335,5.358130466700649
2025-12-05 19:00:00,34,3.7458416666666663,-15.009166666666667,5.440747927393696
2025-12-05 20:00:00,34,4.7989999999999995,-14.435,5.32313753396909
2025-12-05 21:00:00,34,5.999733333333333,-13.870833333333332,5.207575507338525
2025-12-05 22:00:00,34,7.700241666666666,-14.17,5.2688558139269634
2025-12-05 23:00:00,34,6.480533333333333,-13.980833333333335,5.230107542072993
2025-12-06 00:00:00,35,4.647358333333333,-13.464166666666669,5.367954319909959
2025-12-06 01:00:00,35,5.137983333333333,-13.049166666666666,5.275741587581611
2025-12-06 02:00:00,35,5.667574999999999,-13.018333333333336,5.268890440802196
2025-12-06 03:00:00,35,5.194333333333333,-13.361666666666665,5.345178886021631
2025-12-06 04:00:00,35,4.990566666666666,-13.4125,5.356474019901208
2025-12-06 05:00:00,35,6.587775,-13.106666666666667,5.2885180504945755
2025-12-06 06:00:00,35,4.894041666666666,-13.399999999999999,5.353696527963606
2025-12-06 07:00:00,35,6.109558333333333,-13.857500000000002,5.464297914938335
2025-12-06 08:00:00,35,4.9687,-12.519166666666665,5.212868657174021
2025-12-06 09:00:00,35,5.174783333333333,-10.431666666666667,4.760650494159069
2025-12-06 10:00:00,35,5.426366666666667,-8.518333333333333,4.347463964333469
2025-12-06 11:00:00,35,2.9702916666666668,-7.434166666666666,4.140199108374603
2025-12-06 12:00:00,35,1.1098333333333332,-6.235833333333335,3.830289119136802
2025-12-06 13:00:00,35,2.771433333333333,-6.255,3.8863059738991685
2025-12-06 14:00:00,35,3.439308333333333,-6.208333333333333,3.8402752879464215
2025-12-06 15:00:00,35,4.174424999999999,-6.435833333333334,3.927265261767223
2025-12-06 16:00:00,35,4.715658333333334,-6.61,3.9006379329086633
2025-12-06 17:00:00,35,5.09645,-6.565,3.883960804730965
2025-12-06 18:00:00,35,3.29745,-6.505,3.866381247874244
2025-12-06 19:00:00,35,1.6844249999999998,-6.375,3.7927460590319484
2025-12-06 20:00:00,35,4.32695,-6.273333333333333,3.7701557912727948
2025-12-06 21:00:00,35,4.099008333333334,-6.239999999999999,3.7627491461058593
2025-12-06 22:00:00,35,4.049383333333333,-6.445,3.808300013882513
2025-12-06 23:00:00,35,5.328016666666667,-7.295833333333334,3.997354631768542
2025-12-07 00:00:00,36,4.059325,-7.463333333333334,4.032660150409259
2025-12-07 01:00:00,36,4.816491666666667,-9.4025,4.463319480452508
2025-12-07 02:00:00,36,5.467066666666667,-10.341666666666667,4.682919280743023
2025-12-07 03:00:00,36,4.771750000000001,-9.555833333333334,4.498777687845777
2025-12-07 04:00:00,36,6.852925,-10.986666666666666,4.815138726869446
2025-12-07 05:00:00,36,3.9928166666666667,-11.292499999999999,4.901157995765612
2025-12-07 06:00:00,36,3.69555,-9.522499999999999,4.7367187797059795
2025-12-07 07:00:00,36,5.4962583333333335,-9.824166666666667,4.738901563532671
2025-12-07 08:00:00,36,5.397241666666666,-8.727500000000001,4.6596761605960335
2025-12-07 09:00:00,36,4.071375,-6.857500000000001,4.09701520620675
2025-12-07 10:00:00,36,3.056941666666667,-5.3325,3.766930252730399
2025-12-07 11:00:00,36,2.2176416666666663,-5.151666666666666,3.769568059956251
2025-12-07 12:00:00,36,3.2256083333333336,-4.658333333333334,3.6376349242928163
2025-12-07 13:00:00,36,3.0585083333333336,-4.9525,3.586672220640185
2025-12-07 14:00:00,36,3.903325,-5.305,3.633690409104964
2025-12-07 15:00:00,36,4.806033333333334,-6.121666666666666,3.734696454075082
2025-12-07 16:00:00,36,2.8979583333333334,-6.952500000000001,3.919211861059663
2025-12-07 17:00:00,36,3.131083333333333,-7.434166666666666,4.026182678749821
2025-12-07 18:00:00,36,3.5652916666666665,-7.653333333333333,4.074856251505031
2025-12-07 19:00:00,36,2.5050583333333334,-7.620833333333334,4.067638497370228
2025-12-07 20:00:00,36,4.728741666666667,-7.529166666666666,4.047280729297706
2025-12-07 21:00:00,36,2.883933333333333,-7.735833333333333,4.0931782427703
2025-12-07 22:00:00,36,2.779275,-8.041666666666666,4.163762038499296
2025-12-07 23:00:00,36,5.4457249999999995,-8.23,4.202925119743075
2025-12-08 00:00:00,37,3.9623250000000008,-8.485833333333334,4.252878061359926
2025-12-08 01:00:00,37,5.757991666666666,-8.916666666666666,4.34833271898702
2025-12-08 02:00:00,37,6.308375,-9.189166666666667,4.408707328356575
2025-12-08 03:00:00,37,4.373225000000001,-9.339166666666667,4.441941058284772
2025-12-08 04:00:00,37,5.053458333333333,-10.139166666666666,4.619187617901813
2025-12-08 05:00:00,37,5.712216666666666,-11.460833333333333,4.912013704935804
2025-12-08 06:00:00,37,4.25755,-12.591666666666667,5.16255910222781
2025-12-08 07:00:00,37,5.065741666666667,-12.856666666666667,5.221272025100957
2025-12-08 08:00:00,37,4.338675,-12.570833333333333,5.15794330640445
2025-12-08 09:00:00,37,6.395341666666667,-11.737500000000002,4.973311473470031
2025-12-08 10:00:00,37,3.705258333333333,-10.614166666666666,5.018589613484748
2025-12-08 11:00:00,37,4.2474083333333335,-10.341666666666667,5.1839597437682885
2025-12-08 12:00:00,37,3.267933333333333,-10.227500000000001,5.056643633232986
2025-12-08 13:00:00,37,6.948883333333332,-11.240833333333333,5.142051179361856
2025-12-08 14:00:00,37,6.559241666666667,-11.643333333333333,5.284026008386483
2025-12-08 15:00:00,37,5.372716666666666,-12.602500000000001,5.312862854026942
2025-12-08 16:00:00,37,4.850508333333333,-13.174999999999999,5.7633726942298145
2025-12-08 17:00:00,37,6.891824999999999,-14.166666666666666,5.911392069761969
2025-12-08 18:00:00,37,5.865891666666666,-14.828333333333333,5.947254978826572
2025-12-08 19:00:00,37,6.112933333333334,-14.583333333333336,6.147604539622458
2025-12-08 20:00:00,37,5.760775,-15.105833333333331,6.122485852777741
2025-12-08 21:00:00,37,6.484491666666666,-15.555000000000001,6.016021678719587
2025-12-08 22:00:00,37,4.627908333333333,-16.179999999999996,6.235117854829118
2025-12-08 23:00:00,37,6.8081249999999995,-16.656666666666663,6.387568368634629
2025-12-09 00:00:00,38,6.1919,-16.6575,6.4821208958329954
2025-12-09 01:00:00,38,6.917199999999999,-17.151666666666667,6.534870290516266
2025-12-09 02:00:00,38,5.233791666666667,-17.037499999999998,6.4959029745564
2025-12-09 03:00:00,38,6.729041666666666,-17.393333333333334,6.376146544954105
2025-12-09 04:00:00,38,6.5699499999999995,-16.93166666666667,6.299248183119291
2025-12-09 05:00:00,38,6.304366666666668,-16.968333333333334,6.483485894238687
2025-12-09 06:00:00,38,7.556266666666666,-16.834166666666665,6.559180925191907
2025-12-09 07:00:00,38,5.948524999999999,-16.99083333333333,6.507750067601238
2025-12-09 08:00:00,38,6.245783333333333,-15.161666666666667,6.19958572852446
2025-12-09 09:00:00,38,5.8126999999999995,-13.060833333333335,5.5215565335920305
2025-12-09 10:00:00,38,5.144033333333334,-10.749166666666667,4.967870383061554
2025-12-09 11:00:00,38,4.537508333333333,-9.375833333333334,4.613805880785583
2025-12-09 12:00:00,38,2.6948499999999997,-7.444166666666667,4.134635462337609
2025-12-09 13:00:00,38,4.460183333333333,-8.689166666666667,4.366641942135996
2025-12-09 14:00:00,38,4.7755833333333335,-9.7125,4.555730353801879
2025-12-09 15:00:00,38,4.9431666666666665,-10.885,4.810344886765099
2025-12-09 16:00:00,38,5.854633333333332,-13.149166666666666,5.313810929618285
2025-12-09 17:00:00,38,4.570675,-14.68083333333333,5.654396349848007
2025-12-09 18:00:00,38,0.0,-14.888333333333335,5.700536594481958
2025-12-09 19:00:00,38,1.9772333333333332,-14.648333333333333,5.647169564543894
2025-12-09 20:00:00,38,5.295325,-15.573333333333332,5.852854992430179
2025-12-09 21:00:00,38,4.628341666666667,-16.115833333333335,5.973486716352676
2025-12-09 22:00:00,38,4.307875,-15.154166666666663,5.759647992225853
2025-12-09 23:00:00,38,5.9130416666666665,-14.444166666666666,5.6454403050210455
2025-12-10 00:00:00,39,6.077299999999999,-13.420833333333334,5.237975172959372
2025-12-10 01:00:00,39,4.782916666666667,-12.605833333333335,5.063682301065364
2025-12-10 02:00:00,39,5.8932166666666665,-12.288333333333334,4.995782930726287
2025-12-10 03:00:00,39,5.2821083333333325,-11.954166666666666,4.924319288978335
2025-12-10 04:00:00,39,4.491683333333334,-11.63,4.854994210075708
2025-12-10 05:00:00,39,6.722375000000001,-11.551666666666668,4.838242134453994
2025-12-10 06:00:00,39,3.852175,-12.541666666666666,5.049959856141193
2025-12-10 07:00:00,39,4.694458333333333,-13.277500000000002,5.207322438843043
2025-12-10 08:00:00,39,6.080349999999999,-11.744166666666665,4.879409469226505
2025-12-10 09:00:00,39,3.5289916666666667,-8.985,4.3513842214575496
2025-12-10 10:00:00,39,4.545216666666666,-6.855833333333333,3.9466542265870004
2025-12-10 11:00:00,39,4.3983,-5.788333333333334,3.768960661538716
2025-12-10 12:00:00,39,3.2476166666666666,-4.9575000000000005,3.5558154818381262
2025-12-10 13:00:00,39,4.307466666666667,-4.990833333333334,3.5493187095244756
2025-12-10 14:00:00,39,3.778966666666667,-5.44,3.582479949273649
2025-12-10 15:00:00,39,4.495525000000001,-5.61,3.5675793771899107
2025-12-10 16:00:00,39,2.9088499999999997,-5.564166666666666,3.5643194221793646
2025-12-10 17:00:00,39,1.3865583333333331,-5.25,3.5281253952127063
2025-12-10 18:00:00,39,3.941858333333333,-5.189166666666666,3.491908287478641
2025-12-10 19:00:00,39,4.077866666666667,-5.075,3.4543319571024287
2025-12-10 20:00:00,39,4.350083333333334,-4.902500000000001,3.4162760558831495
2025-12-10 21:00:00,39,4.872583333333333,-4.710000000000001,3.3751087211106388
2025-12-10 22:00:00,39,3.26205,-4.552499999999999,3.3414263562967657
2025-12-10 23:00:00,39,3.245,-4.459166666666667,3.321466436407064
2025-12-11 00:00:00,40,4.180591666666667,-4.550833333333333,3.357441904056174
2025-12-11 01:00:00,40,3.9768666666666674,-4.528333333333333,3.352597149100649
2025-12-11 02:00:00,40,3.8950416666666667,-4.61,3.370181815235518
2025-12-11 03:00:00,40,3.080741666666666,-4.564166666666666,3.3603128699557443
2025-12-11 04:00:00,40,4.270125,-5.0375000000000005,3.462232159390494
2025-12-11 05:00:00,40,4.301233333333333,-6.175833333333333,3.7073408730663178
2025-12-11 06:00:00,40,4.663975,-5.892499999999999,3.6463328477004464
2025-12-11 07:00:00,40,3.3904083333333332,-5.444166666666667,3.5497966193273918
2025-12-11 08:00:00,40,3.1494,-5.0225,3.459002322753477
2025-12-11 09:00:00,40,3.2379166666666666,-4.4816666666666665,3.3425487684521524
2025-12-11 10:00:00,40,4.23375,-3.75,3.1850045147132264
2025-12-11 11:00:00,40,4.378725,-2.875833333333333,2.9967768129226413
2025-12-11 12:00:00,40,2.877125,-3.0041666666666664,3.0244098597060063
2025-12-11 13:00:00,40,2.836091666666667,-3.5174999999999996,3.134942046839467
2025-12-11 14:00:00,40,5.50385,-4.834166666666667,3.4184499294220454
2025-12-11 15:00:00,40,4.190508333333334,-6.0275,3.753179657652736
2025-12-11 16:00:00,40,3.479141666666667,-7.899166666666667,4.388174612166717
2025-12-11 17:00:00,40,3.2371000000000003,-9.055,4.584667433877781
2025-12-11 18:00:00,40,4.389483333333334,-9.916666666666666,4.818070183406619
2025-12-11 19:00:00,40,4.111908333333333,-10.751666666666667,4.899216122618475
2025-12-11 20:00:00,40,4.6944,-10.765,4.867909579810063
2025-12-11 21:00:00,40,4.44485,-10.782499999999999,4.8236065910786134
2025-12-11 22:00:00,40,4.996766666666666,-10.9625,4.879993426573168
2025-12-11 23:00:00,40,4.552858333333333,-11.268333333333333,4.946991762210332
2025-12-12 00:00:00,41,5.305516666666667,-10.7875,4.966622683495618
2025-12-12 01:00:00,41,4.57415,-10.295833333333333,4.864329095738816
2025-12-12 02:00:00,41,3.7423833333333336,-10.079166666666667,4.665273642798109
2025-12-12 03:00:00,41,4.759358333333333,-10.274166666666668,4.628019959844955
2025-12-12 04:00:00,41,5.126683333333333,-9.739166666666666,4.724368534394185
2025-12-12 05:00:00,41,3.806425,-9.227500000000001,4.626898788644307
2025-12-12 06:00:00,41,4.824166666666667,-9.074166666666667,4.709305586097238
2025-12-12 07:00:00,41,4.506966666666667,-9.029166666666667,4.743707234780487
2025-12-12 08:00:00,41,5.399283333333333,-8.319166666666666,4.580872926612444
2025-12-12 09:00:00,41,5.077,-7.3975,4.495429484694704
2025-12-12 10:00:00,41,4.458283333333333,-7.3475,4.392283198606118
2025-12-12 11:00:00,41,5.150833333333333,-6.943333333333334,4.140078564524901
2025-12-12 12:00:00,41,5.0967,-6.9366666666666665,4.258050539703075
2025-12-12 13:00:00,41,5.240375,-6.476666666666667,4.238903502272281
2025-12-12 14:00:00,41,4.581741666666666,-5.81,4.021548586308169
2025-12-12 15:00:00,41,4.032775,-6.361666666666667,4.152183444119759
2025-12-12 16:00:00,41,5.086708333333333,-6.735833333333333,4.22746616175947
2025-12-12 17:00:00,41,3.1726916666666667,-6.403333333333333,4.055884580820927
2025-12-12 18:00:00,41,3.6099750000000004,-6.199166666666667,3.994676277658843
2025-12-12 19:00:00,41,3.3853416666666662,-6.125,4.005500812935926
2025-12-12 20:00:00,41,2.5393,-5.9624999999999995,4.090546921041911
2025-12-12 21:00:00,41,6.103833333333333,-5.969166666666667,4.174453408778588
2025-12-12 22:00:00,41,4.524258333333333,-6.091666666666668,4.0137765117164905
2025-12-12 23:00:00,41,4.890866666666667,-6.204999999999999,3.966707258625965
2025-12-13 00:00:00,42,4.643258333333333,-6.740833333333334,4.033100166688581
2025-12-13 01:00:00,42,5.471425,-6.839166666666667,4.275960415681972
2025-12-13 02:00:00,42,4.58695,-7.63,4.384368309077171
2025-12-13 03:00:00,42,4.271125,-8.37,4.376921303763866
2025-12-13 04:00:00,42,5.416991666666666,-9.064166666666667,4.37005247616395
2025-12-13 05:00:00,42,5.693225,-9.3575,4.512046152979443
2025-12-13 06:00:00,42,3.2854249999999996,-10.148333333333333,4.572104792837869
2025-12-13 07:00:00,42,4.459016666666667,-10.911666666666667,4.731839398729884
2025-12-13 08:00:00,42,3.5322333333333336,-9.272499999999999,4.4223655597311105
2025-12-13 09:00:00,42,4.286833333333332,-6.398333333333333,3.8836732686881232
2025-12-13 10:00:00,42,3.545633333333333,-4.7225,3.5234267543629354
2025-12-13 11:00:00,42,2.3878333333333335,-4.153333333333333,3.3653792673594274
2025-12-13 12:00:00,42,4.403975,-4.026666666666666,3.31968704639588
2025-12-13 13:00:00,42,3.0809333333333337,-3.6441666666666666,3.251054523766385
2025-12-13 14:00:00,42,3.6935,-3.6475000000000004,3.2378982276970643
2025-12-13 15:00:00,42,3.9102083333333333,-4.579166666666667,3.3852855898670797
2025-12-13 16:00:00,42,4.6034999999999995,-7.1066666666666665,3.9136151523150127
2025-12-13 17:00:00,42,3.5174666666666665,-8.116666666666667,4.130804768314755
2025-12-13 18:00:00,42,4.107541666666666,-8.11,4.129371173489674
2025-12-13 19:00:00,42,4.725433333333333,-9.740833333333333,4.480064307575066
2025-12-13 20:00:00,42,4.124083333333332,-11.213333333333333,4.7967095645647895
2025-12-13 21:00:00,42,3.4414166666666666,-12.135833333333336,4.995083248485347
2025-12-13 22:00:00,42,4.54285,-12.64,5.103498857132083
2025-12-13 23:00:00,42,3.869641666666667,-13.463333333333333,5.280547818029562
2025-12-14 00:00:00,43,4.1637749999999984,-13.25,5.207171898103235
2025-12-14 01:00:00,43,5.157183333333333,-13.347499999999998,5.227977782824309
2025-12-14 02:00:00,43,4.445624999999999,-12.921666666666667,5.137107636734833
2025-12-14 03:00:00,43,3.08995,-12.976666666666667,5.148844289654413
2025-12-14 04:00:00,43,4.301875,-14.286666666666667,5.4283900228298645
2025-12-14 05:00:00,43,5.420725,-15.509166666666665,5.689263808178712
2025-12-14 06:00:00,43,4.562783333333334,-15.449166666666665,5.676460186811897
2025-12-14 07:00:00,43,5.349550000000001,-15.1075,5.60355067625087
2025-12-14 08:00:00,43,6.372783333333333,-14.375,5.447239798731008
2025-12-14 09:00:00,43,4.64815,-11.834166666666667,4.908582472340373
2025-12-14 10:00:00,43,4.532941666666666,-7.276666666666666,3.9398338244425073
2025-12-14 11:00:00,43,4.371458333333333,-3.540833333333333,3.2549596313476634
2025-12-14 12:00:00,43,3.63805,-2.955,3.1096129950014104
2025-12-14 13:00:00,43,3.4857416666666667,-3.2583333333333333,3.203805690209324
2025-12-14 14:00:00,43,2.58035,-3.5641666666666665,3.2662545483103775
2025-12-14 15:00:00,43,4.0399416666666665,-4.76,3.4869979651562493
2025-12-14 16:00:00,43,4.6302666666666665,-6.8425,3.9247904259871422
2025-12-14 17:00:00,43,5.568641666666666,-8.6075,4.263468642588362
2025-12-14 18:00:00,43,4.986141666666666,-9.795,4.59136479941218
2025-12-14 19:00:00,43,4.590775,-10.314166666666667,4.808623576823279
2025-12-14 20:00:00,43,6.3382000000000005,-9.99,4.904052829686248
2025-12-14 21:00:00,43,5.500291666666667,-10.098333333333334,4.936199289953892
2025-12-14 22:00:00,43,5.6925,-10.656666666666666,5.012372111889581
2025-12-14 23:00:00,43,5.547741666666666,-10.689166666666665,4.93603738876339
2025-12-15 00:00:00,44,4.854958333333332,-10.699166666666668,5.0393158034215055
2025-12-15 01:00:00,44,6.073708333333333,-10.990833333333333,4.962596109170835
2025-12-15 02:00:00,44,4.5168333333333335,-11.963333333333333,5.276932213439268
2025-12-15 03:00:00,44,5.904491666666666,-12.333333333333334,5.2854459145554245
2025-12-15 04:00:00,44,6.196066666666667,-11.795833333333334,5.24283015330918
2025-12-15 05:00:00,44,4.290191666666667,-12.119166666666667,5.328551394263602
2025-12-15 06:00:00,44,5.515625,-12.708333333333334,5.456492747060413
2025-12-15 07:00:00,44,5.866616666666666,-13.213333333333333,5.616476612229802
2025-12-15 08:00:00,44,6.436966666666666,-11.846666666666666,5.359847000489769
2025-12-15 09:00:00,44,6.5259833333333335,-10.018333333333333,5.021174937525903
2025-12-15 10:00:00,44,5.638066666666667,-7.644166666666667,4.497643699741447
2025-12-15 11:00:00,44,3.9095416666666667,-6.754166666666666,4.395739968213319
2025-12-15 12:00:00,44,5.024208333333333,-6.359166666666667,4.188248015200726
2025-12-15 13:00:00,44,5.452949999999999,-7.435833333333334,4.519449088412142
2025-12-15 14:00:00,44,5.081908333333333,-7.8808333333333325,4.600687545532082
2025-12-15 15:00:00,44,6.570558333333334,-9.014166666666666,4.967907871263257
2025-12-15 16:00:00,44,5.497283333333334,-9.57,5.14663771709072
2025-12-15 17:00:00,44,7.1440166666666665,-9.906666666666666,4.867348357203387
2025-12-15 18:00:00,44,6.583666666666667,-10.661666666666667,4.762916959207606
2025-12-15 19:00:00,44,4.070508333333334,-10.545833333333333,4.811105210700772
2025-12-15 20:00:00,44,4.055166666666667,-10.499166666666666,5.148668240529093
2025-12-15 21:00:00,44,4.568108333333333,-10.439166666666667,5.092507741656628
2025-12-15 22:00:00,44,5.313899999999999,-10.5125,4.879079196123044
2025-12-15 23:00:00,44,5.9345583333333325,-11.079166666666667,5.025649234249796
2025-12-16 00:00:00,45,4.652733333333334,-12.199166666666668,5.138673192419953
2025-12-16 01:00:00,45,4.445491666666666,-11.971666666666666,5.249403135853999
2025-12-16 02:00:00,45,6.320058333333333,-13.737499999999999,5.3235934245877425
2025-12-16 03:00:00,45,6.681291666666667,-15.115833333333333,5.599585337729779
2025-12-16 04:00:00,45,4.8497916666666665,-16.183333333333334,5.825640716079018
2025-12-16 05:00:00,45,5.607924999999999,-16.62916666666667,6.091977494633236
2025-12-16 06:00:00,45,6.90275,-12.865833333333335,5.577754079389736
2025-12-16 07:00:00,45,4.775883333333333,-12.699166666666665,5.101036737596516
2025-12-16 08:00:00,45,4.963533333333334,-11.235833333333334,4.7721843647481474
2025-12-16 09:00:00,45,5.371758333333332,-9.786666666666667,4.457975562701888
2025-12-16 10:00:00,45,3.4931666666666668,-4.956666666666666,3.544878528821456
2025-12-16 11:00:00,45,3.2124166666666665,-2.750833333333333,3.1604384245896933
2025-12-16 12:00:00,45,3.3206833333333337,-1.665,2.916392562522423
2025-12-16 13:00:00,45,3.8495749999999993,-2.1158333333333332,2.938767605526851
2025-12-16 14:00:00,45,3.398325,-2.3049999999999997,2.918333741722138
2025-12-16 15:00:00,45,4.930991666666667,-2.440833333333333,2.925895659443225
2025-12-16 16:00:00,45,4.867908333333333,-2.9075,3.058212110920601
2025-12-16 17:00:00,45,3.6040083333333333,-4.9125000000000005,3.444838829943066
2025-12-16 18:00:00,45,3.5484750000000003,-7.225833333333334,3.910446248433008
2025-12-16 19:00:00,45,4.736383333333333,-8.505,4.183943644268585
2025-12-16 20:00:00,45,4.529258333333333,-8.259166666666667,4.131382255492367
2025-12-16 21:00:00,45,3.5178499999999997,-7.875,4.049243949642072
2025-12-16 22:00:00,45,3.3512249999999995,-7.205000000000001,4.00687416723033
2025-12-16 23:00:00,45,6.362733333333332,-4.46,3.483931710841553
2025-12-17 00:00:00,46,4.578316666666666,-4.351666666666667,3.4119381816855654
2025-12-17 01:00:00,46,4.5157,-4.411666666666666,3.447869374176274
2025-12-17 02:00:00,46,4.975733333333333,-4.656666666666666,3.5257849809280266
2025-12-17 03:00:00,46,3.9064749999999995,-4.848333333333334,3.4981672410062385
2025-12-17 04:00:00,46,5.218841666666666,-4.931666666666666,3.493592953250564
2025-12-17 05:00:00,46,4.864258333333334,-3.8699999999999997,3.3614893841048303
2025-12-17 06:00:00,46,3.0019333333333336,-3.6058333333333334,3.383817164956219
2025-12-17 07:00:00,46,4.131308333333333,-3.3524999999999996,3.3122044047874395
2025-12-17 08:00:00,46,4.0527750000000005,-2.635,3.1795522069060755
2025-12-18 13:55:00,47,2.352125,2.533333333333333,2.039237654295536
2025-12-18 14:55:00,47,2.532475,0.44083333333333324,2.3446036051785146
2025-12-18 15:55:00,47,2.6248666666666667,-2.7875,2.9901095337433126
2025-12-18 16:55:00,47,3.224191666666666,-2.5933333333333333,2.9863117950888562
2025-12-18 17:55:00,47,2.331975,0.9083333333333332,2.3618269308153317
2025-12-18 18:55:00,47,1.4520666666666668,1.7958333333333334,2.2039728032959953
2025-12-18 19:55:00,47,2.908091666666667,2.5649999999999995,2.1516341457037145
2025-12-18 20:55:00,47,2.454683333333333,2.8049999999999997,2.154445001119296
2025-12-18 21:55:00,47,4.097166666666666,3.060833333333333,2.086948964081369
2025-12-18 22:55:00,47,2.963933333333333,3.0558333333333336,1.9388156209813754
2025-12-18 23:55:00,47,2.651683333333333,2.81,1.903758495720375
2025-12-19 00:55:00,48,4.518891666666667,2.5566666666666666,1.9303070025364555
2025-12-19 01:55:00,48,3.397641666666667,3.0275,1.8383677942176215
2025-12-19 02:55:00,48,3.083566666666667,2.9491666666666667,1.7800497597052836
2025-12-19 03:55:00,48,3.029108333333333,2.0691666666666664,1.953933983711627
2025-12-19 04:55:00,48,3.2196249999999997,2.268333333333333,1.917431482988268
2025-12-19 05:55:00,48,2.0116833333333335,4.0675,1.5302733534722217
2025-12-19 06:55:00,48,3.0648583333333335,4.653333333333333,1.40327738774952
2025-12-19 07:55:00,48,2.1734416666666667,5.574166666666667,1.238754268469161
2025-12-19 08:55:00,48,2.1248416666666663,7.5183333333333335,0.8689484862668373
2025-12-19 09:55:00,48,3.0218333333333334,8.8925,0.6935093986822618
2025-12-19 10:55:00,48,2.159625,9.736666666666666,0.5403933077412381
2025-12-19 11:55:00,48,1.936,9.929166666666665,0.49702846079327284
2025-12-19 12:55:00,48,2.171358333333333,10.560833333333333,0.34973108300788547
2025-12-19 13:55:00,48,1.652825,11.296666666666667,0.2374693078940951
2025-12-20 18:05:00,49,2.6451499999999997,-4.149166666666667,3.3102559325664536
2025-12-20 19:05:00,49,1.795425,-4.055,3.363245243757588
2025-12-20 20:05:00,49,2.6847,-3.8983333333333334,3.3519877507708364
2025-12-20 21:05:00,49,6.560466666666667,-3.2866666666666666,3.307565988067849
2025-12-20 22:05:00,49,4.416458333333333,-2.4175000000000004,3.274717114433373
2025-12-20 23:05:00,49,3.862325,-2.2500000000000004,3.199994836799079
2025-12-21 00:05:00,50,4.520766666666666,-2.1999999999999997,3.111247908828383
2025-12-21 01:05:00,50,4.469691666666667,-2.225833333333333,3.001008554353475
2025-12-21 02:05:00,50,3.2110749999999992,-2.185833333333333,3.026453487468498
2025-12-21 03:05:00,50,4.24745,-2.6833333333333336,3.091562705413572
2025-12-21 04:05:00,50,4.134058333333333,-2.588333333333333,3.00203457689587
2025-12-21 05:05:00,50,2.725825,-2.203333333333333,2.9401783783262245
2025-12-21 06:05:00,50,3.645266666666667,-1.685833333333333,2.844531519777187
2025-12-21 07:05:00,50,3.5681249999999998,-2.0599999999999996,2.8677694920125805
2025-12-21 08:05:00,50,2.7329166666666667,-1.4641666666666666,2.825651466069864
2025-12-21 09:05:00,50,2.534116666666667,0.24,2.5519801587006925
2025-12-21 10:05:00,50,2.357725,1.2783333333333333,2.37202771591378
2025-12-21 11:05:00,50,2.2941166666666666,1.7550000000000006,2.340940591439109
2025-12-21 12:05:00,50,1.5015499999999997,0.7225,2.6241941732872256
2025-12-21 13:05:00,50,0.0,0.21833333333333338,2.938991541184644
2025-12-21 14:05:00,50,0.0,-0.36166666666666675,3.057579917036701
2025-12-21 15:05:00,50,0.0,-1.1941666666666666,3.0822842997484785
2025-12-21 16:05:00,50,0.0,-2.1525000000000003,3.3065189872073772
2025-12-21 17:05:00,50,0.0,-2.750833333333334,3.541153906794438
2025-12-21 18:05:00,50,0.0,-3.356666666666667,3.761689585551127
2025-12-21 19:05:00,50,0.0,-3.8516666666666666,3.787984520815656
2025-12-21 20:05:00,50,0.0,-4.365000000000001,3.733839036046269
2025-12-21 21:05:00,50,0.0,-5.110833333333333,4.109543298618953
2025-12-21 22:05:00,50,0.0,-6.1933333333333325,4.109891258969502
2025-12-21 23:05:00,50,0.0,-7.490833333333334,4.699196638003731
2025-12-22 00:05:00,51,0.0,-8.495833333333334,4.557790856370651
2025-12-22 01:05:00,51,0.0,-9.064166666666667,4.626314770471198
2025-12-22 02:05:00,51,0.0,-9.215833333333334,4.675640197456418
2025-12-22 03:05:00,51,0.0,-9.278333333333334,4.697570181170328
2025-12-22 04:05:00,51,0.0,-9.522499999999999,4.72239043873621
2025-12-22 05:05:00,51,0.0,-10.0375,4.860874445372602
2025-12-22 06:05:00,51,0.0,-10.634166666666667,5.004758457448769
2025-12-22 07:05:00,51,0.0,-11.351666666666667,5.1086827699081425
2025-12-22 08:05:00,51,0.0,-10.5825,4.936978990365043
2025-12-22 09:05:00,51,0.0,-9.977500000000001,4.8300604625166805
2025-12-22 10:05:00,51,0.0,-8.4625,4.511550520676503
2025-12-22 11:05:00,51,0.0,-8.106666666666667,4.434630776378759
2025-12-22 12:05:00,51,3.0351583333333334,-7.940833333333334,4.447821058446259
2025-12-22 13:05:00,51,6.049266666666665,-8.403333333333334,4.5273661157349
2025-12-22 14:05:00,51,6.2186916666666665,-8.619166666666667,4.4842627770367045
2025-12-22 15:05:00,51,6.175891666666668,-9.5325,4.545668714117293
2025-12-22 16:05:00,51,5.413275,-10.518333333333333,4.84178720166237
2025-12-22 17:05:00,51,4.247058333333333,-10.785833333333334,4.860714562980646
2025-12-22 18:05:00,51,4.1983999999999995,-10.758333333333333,4.788005250729873
2025-12-22 19:05:00,51,6.3072833333333325,-10.645000000000001,4.716902628482065
2025-12-22 20:05:00,51,6.038683333333333,-10.852500000000001,4.761726486500661
2025-12-22 21:05:00,51,8.887575,-10.319166666666666,4.681403639850622
2025-12-22 22:05:00,51,6.1751,-9.990833333333333,4.565457547774557
2025-12-22 23:05:00,51,7.189866666666666,-10.055,4.56637594283302
2025-12-23 00:05:00,52,7.497191666666667,-10.755,4.741725563651622
2025-12-23 01:05:00,52,6.394291666666665,-12.729166666666666,5.145553210934363
2025-12-23 02:05:00,52,6.915333333333333,-13.545833333333329,5.313017697349794
2025-12-23 03:05:00,52,5.616591666666667,-14.690000000000003,5.545839510809968
2025-12-23 04:05:00,52,5.3237,-15.560000000000002,5.723909742086926
2025-12-23 05:05:00,52,5.557908333333333,-15.921666666666669,5.796478395909982
2025-12-23 06:05:00,52,4.112075,-16.3,5.876077944028676
2025-12-23 07:05:00,52,3.405783333333333,-15.600833333333334,5.733682493318651
2025-12-23 08:05:00,52,5.532825000000001,-13.259166666666667,5.247688667891467
2025-12-23 09:05:00,52,5.675883333333332,-10.772499999999999,4.719724297469789
2025-12-23 10:05:00,52,4.140541666666667,-9.041666666666666,4.344014219095956
2025-12-23 11:05:00,52,4.674099999999999,-8.115,4.150990425794405
2025-12-23 12:05:00,52,3.8981749999999997,-7.615833333333334,4.067211119000583
2025-12-23 13:05:00,52,3.8697749999999993,-7.555833333333333,4.049896785632237
2025-12-23 14:05:00,52,3.5295416666666664,-7.028333333333333,3.9651677748600753
2025-12-23 15:05:00,52,5.322175,-7.291666666666667,4.012213655565116
2025-12-23 16:05:00,52,4.170108333333333,-7.480833333333333,4.054163174778899
2025-12-23 17:05:00,52,3.057008333333333,-7.485833333333333,4.060977856857861
2025-12-23 18:05:00,52,2.217925,-7.648333333333333,4.092379859064582
2025-12-23 19:05:00,52,5.218358333333334,-8.036666666666667,4.152098306895865
2025-12-23 20:05:00,52,3.3437833333333336,-8.213333333333333,4.185477350493093
2025-12-23 21:05:00,52,4.626608333333333,-8.338333333333333,4.226400531324765
2025-12-23 22:05:00,52,4.918824999999999,-8.991666666666667,4.339571206090958
2025-12-23 23:05:00,52,4.364533333333333,-9.653333333333334,4.472834439253127
2025-12-24 00:05:00,53,6.7738749999999985,-9.926666666666668,4.528233492300076
2025-12-24 01:05:00,53,4.484341666666666,-10.36,4.587607842120206
2025-12-24 02:05:00,53,4.189391666666667,-10.775,4.679749093531289
2025-12-24 03:05:00,53,5.436633333333334,-10.921666666666667,4.726540822523414
2025-12-24 04:05:00,53,5.116241666666666,-11.184166666666668,4.769863484963891
2025-12-24 05:05:00,53,5.023941666666666,-11.265,4.802991499714033
2025-12-24 06:05:00,53,5.008541666666667,-11.28,4.791186655262228
2025-12-24 07:05:00,53,4.303308333333333,-11.292499999999999,4.811049699443958
2025-12-24 08:05:00,53,6.199525,-11.056666666666667,4.765488778762061
2025-12-24 09:05:00,53,4.7036999999999995,-10.486666666666666,4.664744766455225
2025-12-24 10:05:00,53,3.7113666666666667,-9.9725,4.551839229728519
2025-12-24 11:05:00,53,4.447608333333333,-9.051666666666668,4.345306462190483
2025-12-24 12:05:00,53,3.6822916666666665,-8.138333333333334,4.170004227088115
2025-12-24 13:05:00,53,4.402941666666667,-7.5874999999999995,4.084828275240149
2025-12-24 14:05:00,53,5.685708333333333,-7.705000000000001,4.111288182391481
2025-12-24 15:05:00,53,3.5891166666666665,-8.476666666666667,4.275231521336177
2025-12-24 16:05:00,53,5.2856749999999995,-10.111666666666666,4.609956761554913
2025-12-24 17:05:00,53,4.945366666666666,-11.703333333333333,4.935569439092948
2025-12-24 18:05:00,53,4.735483333333333,-13.023333333333332,5.205042586346304
2025-12-24 19:05:00,53,3.3337916666666665,-14.592500000000001,5.526616116069057
2025-12-24 20:05:00,53,2.7336083333333336,-15.897499999999999,5.793584416081917
2025-12-24 21:05:00,53,3.680233333333333,-15.850833333333332,5.78373106687555
2025-12-24 22:05:00,53,5.541108333333334,-14.84666666666667,5.57698287865019
2025-12-24 23:05:00,53,5.7283583333333326,-14.041666666666666,5.413930262743067
2025-12-25 00:05:00,54,6.1478,-13.286666666666667,5.227366986329321
2025-12-25 01:05:00,54,6.318125,-12.541666666666666,5.076830937765087
2025-12-25 02:05:00,54,3.6821166666666674,-10.976666666666667,4.758412897816822
2025-12-25 03:05:00,54,6.4045749999999995,-9.5375,4.460924830217265
2025-12-25 04:05:00,54,5.418691666666667,-9.289166666666667,4.409391432684372
2025-12-25 05:05:00,54,4.685275,-9.275,4.410917238453632
2025-12-25 06:05:00,54,3.755183333333333,-9.225,4.403378366527285
2025-12-25 07:05:00,54,6.2103166666666665,-9.324166666666667,4.425620565443099
2025-12-25 08:05:00,54,4.552791666666667,-9.290833333333333,4.41886877828278
2025-12-25 09:05:00,54,3.859683333333333,-8.805,4.320461480421125
2025-12-25 10:05:00,54,4.826025,-7.9816666666666665,4.153692337561237
2025-12-25 11:05:00,54,3.0931083333333333,-6.403333333333333,3.8339952155201145
2025-12-25 12:05:00,54,3.5921833333333337,-6.283333333333334,3.809688781742965
2025-12-25 13:05:00,54,5.205266666666667,-5.574166666666667,3.66604450990717
2025-12-25 14:05:00,54,3.916366666666667,-5.3625,3.6229009048237133
2025-12-25 15:05:00,54,3.9982749999999987,-6.389166666666667,3.821366602281951
2025-12-25 16:05:00,54,4.813783333333333,-7.730833333333333,4.082329843383652
2025-12-25 17:05:00,54,5.472475000000001,-8.634166666666667,4.277087380153419
2025-12-25 18:05:00,54,4.7722500000000005,-9.319166666666666,4.4086891711877305
2025-12-25 19:05:00,54,4.773883333333334,-10.4625,4.638124488850388
2025-12-25 20:05:00,54,4.672733333333333,-11.9125,4.926465868926752
2025-12-25 21:05:00,54,6.154766666666666,-12.884166666666665,5.125379817058438
2025-12-25 22:05:00,54,6.258266666666667,-14.065000000000003,5.377242181697208
2025-12-25 23:05:00,54,4.326841666666666,-14.794166666666667,5.5269719105841295
2025-12-26 00:05:00,55,5.96805,-14.698333333333332,5.521169277665607
2025-12-26 01:05:00,55,6.3675999999999995,-14.768333333333336,5.528089598352613
2025-12-26 02:05:00,55,4.116633333333334,-15.24083333333333,5.632716757307437
2025-12-26 03:05:00,55,6.306125,-15.940000000000003,5.786054934730179
2025-12-26 04:05:00,55,5.981283333333334,-16.473333333333333,5.895270110177966
2025-12-26 05:05:00,55,5.494941666666667,-16.5975,5.9047685344292224
2025-12-26 06:05:00,55,4.211075,-17.689166666666665,6.151816434275443
2025-12-26 07:05:00,55,6.053333333333333,-18.39833333333333,6.289708912110393
2025-12-26 08:05:00,55,5.088374999999999,-16.435,5.894960531456402
2025-12-26 09:05:00,55,5.860066666666666,-14.254166666666663,5.432270388250962
2025-12-26 10:05:00,55,3.769883333333333,-13.175833333333335,5.183743320101593
2025-12-26 11:05:00,55,4.055133333333333,-12.667499999999999,5.083198317259704
2025-12-26 12:05:00,55,3.9632166666666664,-10.94,4.751420485516848
2025-12-26 13:05:00,55,3.8458750000000004,-11.780833333333334,4.929037973322423
2025-12-26 14:05:00,55,6.112933333333334,-12.35666666666667,5.066140684815704
2025-12-26 15:05:00,55,5.146366666666666,-13.29166666666667,5.251278620878993
2025-12-26 16:05:00,55,5.084208333333334,-15.403333333333336,5.689195274488712
2025-12-26 17:05:00,55,4.550191666666666,-17.609166666666663,6.139492809661313
2025-12-26 18:05:00,55,6.1157916666666665,-19.09916666666667,6.443660544035552
2025-12-26 19:05:00,55,5.4631,-20.505,6.729284509023893
2025-12-26 20:05:00,55,4.729141666666667,-20.88083333333333,6.799253211449888
2025-12-26 21:05:00,55,5.687408333333334,-18.726666666666667,6.360033837710537
2025-12-26 22:05:00,55,7.832741666666668,-18.81333333333333,6.385310693425728
2025-12-26 23:05:00,55,8.041075000000001,-19.489166666666666,6.523274917462366
2025-12-27 00:05:00,56,5.733275,-19.685833333333335,6.506650515634636
2025-12-27 01:05:00,56,4.994716666666666,-19.860833333333332,6.5424094577111065
2025-12-27 02:05:00,56,7.196516666666666,-19.86916666666667,6.544085679495823
2025-12-27 03:05:00,56,7.982091666666668,-20.406666666666666,6.652201984610018
2025-12-27 04:05:00,56,6.102508333333334,-20.6575,6.7026562603299755
2025-12-27 05:05:00,56,5.3488083333333325,-20.453333333333333,6.6615888266044285
2025-12-27 06:05:00,56,7.466358333333333,-19.375,6.444685727662152
2025-12-27 07:05:00,56,7.311083333333333,-18.296666666666663,6.227782628719874
2025-12-27 08:05:00,56,4.586708333333332,-16.281666666666663,5.822472201175495
2025-12-27 09:05:00,56,7.015675,-14.049999999999999,5.361271873472226
2025-12-27 10:05:00,56,7.3442583333333324,-12.060833333333335,4.956381233256654
2025-12-27 11:05:00,56,5.471016666666666,-11.126666666666667,4.7740401747155214
2025-12-27 12:05:00,56,4.575541666666666,-9.721666666666666,4.489192367138974
2025-12-27 13:05:00,56,5.810308333333334,-9.88,4.5307036593598715
2025-12-27 14:05:00,56,4.251766666666667,-10.134166666666667,4.577258512604182
2025-12-27 15:05:00,56,4.672116666666666,-10.685,4.686117014417671
2025-12-27 16:05:00,56,4.128933333333333,-12.999166666666667,5.1622084401757835
2025-12-27 17:05:00,56,4.264941666666666,-14.619999999999997,5.488233577303085
2025-12-27 18:05:00,56,3.5187416666666667,-15.161666666666667,5.597187993309639
2025-12-27 19:05:00,56,4.231158333333333,-16.776666666666667,5.922039775187639
2025-12-27 20:05:00,56,2.9401,-17.695000000000004,6.103885700372538
2025-12-27 21:05:00,56,2.8666000000000005,-18.389999999999997,6.246556312708696
2025-12-27 22:05:00,56,5.278233333333333,-17.388333333333335,6.045074454185809
2025-12-27 23:05:00,56,5.856741666666667,-15.410833333333334,5.644904196066564
2025-12-28 00:05:00,57,4.658641666666665,-14.5875,5.427145393388936
2025-12-28 01:05:00,57,5.776050000000001,-14.082499999999998,5.327309170018677
2025-12-28 02:05:00,57,6.760075,-14.537500000000001,5.417620921425243
2025-12-28 03:05:00,57,4.5675,-14.139166666666666,5.337237694959139
2025-12-28 04:05:00,57,5.461716666666667,-13.723333333333334,5.254283615571219
2025-12-28 05:05:00,57,6.268166666666667,-13.360833333333334,5.180739286112113
2025-12-28 06:05:00,57,4.3636333333333335,-13.7825,5.267275686207546
2025-12-28 07:05:00,57,4.491175,-13.717499999999996,5.254128465820314
2025-12-28 08:05:00,57,5.838233333333333,-11.46,4.805773303598728
2025-12-28 09:05:00,57,4.991708333333333,-9.227500000000001,4.36181638102482
2025-12-28 10:05:00,57,2.93595,-6.7366666666666655,3.868685600417667
2025-12-28 11:05:00,57,1.5305166666666667,-5.25,3.576212782626817
2025-12-28 12:05:00,57,2.407725,-4.0125,3.329430482970788
2025-12-28 13:05:00,57,2.1751750000000003,-4.406666666666667,3.4088387327020446
2025-12-28 14:05:00,57,4.341141666666666,-4.703333333333333,3.4688652439201793
2025-12-28 15:05:00,57,4.282791666666667,-5.5200000000000005,3.634704435566827
2025-12-28 16:05:00,57,4.624633333333333,-6.625,3.852727568820705
2025-12-28 17:05:00,57,4.429233333333334,-7.523333333333333,4.030755225154749
2025-12-28 18:05:00,57,3.995508333333333,-7.755,4.0766027827687745
2025-12-28 19:05:00,57,4.496941666666666,-9.0275,4.328198150471001
2025-12-28 20:05:00,57,4.826675,-8.800833333333333,4.283382210710029
2025-12-28 21:05:00,57,4.978791666666666,-9.339166666666667,4.38982006764234
2025-12-28 22:05:00,57,4.359066666666667,-10.707500000000001,4.6603633510523315
2025-12-28 23:05:00,57,5.989833333333333,-11.120833333333332,4.742086535322341
2025-12-29 00:05:00,58,4.546025,-11.185833333333335,4.764094857315192
2025-12-29 01:05:00,58,3.352208333333334,-11.027500000000002,4.73269856122904
2025-12-29 02:05:00,58,4.968675,-10.471666666666666,4.622481037600286
2025-12-29 03:05:00,58,5.594683333333334,-9.768333333333333,4.483015385512328
2025-12-29 04:05:00,58,4.275341666666666,-9.0375,4.338096692525196
2025-12-29 05:05:00,58,3.6051416666666665,-8.39,4.209702365899196
2025-12-29 06:05:00,58,5.074875,-8.005833333333333,4.133432630442044
2025-12-29 07:05:00,58,5.129016666666666,-7.2924999999999995,3.9920764609230805
2025-12-29 08:05:00,58,3.4258416666666665,-6.545833333333333,3.8438420614826496
2025-12-29 09:05:00,58,5.550541666666667,-5.754166666666666,3.6869520092196657
2025-12-29 10:05:00,58,4.348275,-4.6066666666666665,3.456092080528046
2025-12-29 11:05:00,58,4.083383333333332,-2.6850000000000005,3.075484945257397
2025-12-29 12:05:00,58,4.261991666666667,-1.0225,2.746642513828769
2025-12-29 13:05:00,58,3.029575,0.48166666666666674,2.440901166403294
2025-12-29 14:05:00,58,4.1347,0.6666666666666666,2.4042648892104914
2025-12-29 15:05:00,58,4.365691666666667,0.7083333333333334,2.3977587984696926
2025-12-29 16:05:00,58,3.6402166666666664,0.8191666666666665,2.3779334774226513
2025-12-29 17:05:00,58,2.488108333333333,0.5558333333333333,2.434700711271939
2025-12-29 18:05:00,58,3.062441666666666,0.12083333333333333,2.522068829436732
2025-12-29 19:05:00,58,1.874658333333333,0.009166666666666667,2.5442114803606497
2025-12-29 20:05:00,58,1.9069500000000001,0.027499999999999997,2.5405761197612007
2025-12-29 21:05:00,58,1.8820500000000002,-0.004999999999999998,2.547020622642042
2025-12-29 22:05:00,58,3.1876999999999995,-0.0375,2.5518462422376493
2025-12-29 23:05:00,58,4.070825,0.056666666666666664,2.5247853019068947
2025-12-30 00:05:00,59,3.7044916666666667,-0.5516666666666666,2.6431363713357916
2025-12-30 01:05:00,59,2.7707083333333333,-1.7400000000000002,2.873778652803276
2025-12-30 02:05:00,59,3.3757249999999996,-2.3183333333333334,2.9946487699520787
2025-12-30 03:05:00,59,4.385533333333333,-2.5133333333333336,3.0349409447992133
2025-12-30 04:05:00,59,3.257441666666667,-2.9858333333333333,3.1282550864462277
2025-12-30 05:05:00,59,3.778958333333333,-4.4816666666666665,3.4069214747242023
2025-12-30 06:05:00,59,3.830025000000001,-6.216666666666666,3.7542859045294095
2025-12-30 07:05:00,59,3.917883333333333,-7.814166666666666,4.065909253056694
2025-12-30 08:05:00,59,4.518283333333333,-8.485833333333334,4.196446026593994
2025-12-30 09:05:00,59,4.781783333333333,-8.163333333333334,4.127608468145945
2025-12-30 10:05:00,59,4.129791666666667,-8.397499999999999,4.1754466178513505
2025-12-30 11:05:00,59,3.719533333333333,-9.2375,4.3424578677989105
2025-12-30 12:05:00,59,5.064075,-9.714166666666667,4.443108427936751
2025-12-30 13:05:00,59,5.230408333333333,-10.449166666666667,4.574901005475281
2025-12-30 14:05:00,59,5.257524999999999,-11.166666666666666,4.712713228816228
2025-12-30 15:05:00,59,4.5604499999999994,-12.027499999999998,4.885842749332105
2025-12-30 16:05:00,59,4.620575,-12.689999999999998,5.026903116051815
2025-12-30 17:05:00,59,3.673341666666667,-13.060833333333335,5.104357747451435
2025-12-30 18:05:00,59,4.001933333333334,-13.292500000000004,5.143297863781539
2025-12-30 19:05:00,59,3.2157250000000004,-13.535833333333334,5.1919290579490225
2025-12-30 20:05:00,59,4.859075,-13.791666666666666,5.251140612387641
2025-12-30 21:05:00,59,5.612308333333333,-14.166666666666666,5.317530118515828
2025-12-30 22:05:00,59,6.310691666666667,-14.880833333333333,5.47090264023305
2025-12-30 23:05:00,59,5.881808333333333,-15.148333333333333,5.532514769606136
2025-12-31 00:05:00,60,7.817500000000001,-15.235,5.542033150193326
2025-12-31 01:05:00,60,6.383366666666666,-15.718333333333334,5.647884594408062
2025-12-31 02:05:00,60,5.259875,-16.263333333333335,5.7582523341488185
2025-12-31 03:05:00,60,6.205558333333334,-16.38,5.784545410490696
2025-12-31 04:05:00,60,6.754416666666665,-16.156666666666666,5.7287575132616055
2025-12-31 05:05:00,60,5.658675000000001,-16.703333333333333,5.851590499893751
2025-12-31 06:05:00,60,5.447033333333333,-18.310000000000002,6.169968108780527
2025-12-31 07:05:00,60,6.344674999999999,-17.889166666666668,6.087229470017461
2025-12-31 08:05:00,60,6.302091666666666,-15.384166666666665,5.58665142662412
2025-12-31 09:05:00,60,5.318725,-13.149166666666664,5.140728290494444
2025-12-31 10:05:00,60,6.407983333333333,-11.295833333333334,4.764843517531416
2025-12-31 11:05:00,60,3.2850750000000004,-10.139166666666666,4.534440384280363
2025-12-31 12:05:00,60,6.795066666666665,-8.0175,4.1188695412075695
2025-12-31 13:05:00,60,7.399874999999999,-7.759166666666666,4.073844839206414
2025-12-31 14:05:00,60,6.599724999999999,-7.5225,4.02881011903096
2025-12-31 15:05:00,60,6.12915,-8.174999999999999,4.169693104721183
2025-12-31 16:05:00,60,5.9303333333333335,-10.713333333333333,4.676308332385209
2025-12-31 17:05:00,60,4.482516666666665,-12.385833333333332,5.005358781647248
2025-12-31 18:05:00,60,6.010508333333332,-13.741666666666667,5.272107700904517
2025-12-31 19:05:00,60,5.791574999999999,-14.851666666666668,5.490490958710713
2025-12-31 20:05:00,60,5.188591666666667,-15.329166666666667,5.584435107902117
2025-12-31 21:05:00,60,7.232449999999999,-15.978333333333333,5.712153244411898
2025-12-31 22:05:00,60,3.570658333333333,-16.33666666666667,5.782490565427393
2025-12-31 23:05:00,60,6.434891666666666,-16.486666666666668,5.812163595209029
2026-01-01 00:05:00,61,4.145766666666667,-16.63,5.868242125289995
2026-01-01 01:05:00,61,7.002624999999998,-15.81583333333333,5.7067261393761335
2026-01-01 02:05:00,61,6.4745,-14.72166666666667,5.489663202318919
2026-01-01 03:05:00,61,3.9173999999999993,-13.731666666666667,5.293265053633487
2026-01-01 04:05:00,61,5.653141666666667,-12.796666666666667,5.107777913208357
2026-01-01 05:05:00,61,4.648783333333333,-12.129166666666668,4.9753579493219675
2026-01-01 06:05:00,61,6.537433333333334,-11.536666666666667,4.857816633063262
2026-01-01 07:05:00,61,3.3347416666666665,-11.181666666666667,4.787391034292224
2026-01-01 08:05:00,61,4.193991666666666,-9.623333333333333,4.47824580025034
2026-01-01 09:05:00,61,4.6862416666666675,-7.2975,4.016842405485154
2026-01-01 10:05:00,61,4.585958333333333,-6.395833333333333,3.8377740965596927
2026-01-01 11:05:00,61,3.513116666666667,-5.584166666666667,3.6769479663460567
2026-01-01 12:05:00,61,4.738841666666667,-4.642499999999999,3.4901382794651328
2026-01-01 13:05:00,61,2.998625,-4.3774999999999995,3.437567057847315
2026-01-01 14:05:00,61,3.1436750000000004,-4.6575,3.4931140089906694
2026-01-01 15:05:00,61,3.906283333333333,-5.541666666666667,3.66722159031475
2026-01-01 16:05:00,61,1.878058333333333,-7.860833333333333,4.121030588687997
2026-01-01 17:05:00,61,4.375416666666666,-9.62,4.467557078014195
2026-01-01 18:05:00,61,6.3309999999999995,-10.62,4.6653290250721655
2026-01-01 19:05:00,61,4.601566666666667,-11.19,4.778435961983326
2026-01-01 20:05:00,61,4.8678,-11.815,4.8972029501091
2026-01-01 21:05:00,61,4.6543,-12.44,5.0201593131986995
2026-01-01 22:05:00,61,5.548725000000001,-13.078333333333333,5.146535782624191
2026-01-01 23:05:00,61,7.599716666666667,-14.134999999999998,5.3527816653808715
2026-01-02 00:05:00,62,7.725775,-15.33916666666667,5.61207053049905
2026-01-02 01:05:00,62,6.9605999999999995,-15.829166666666666,5.709642128669778
2026-01-02 02:05:00,62,6.3357,-16.5275,5.848579399223351
2026-01-02 03:05:00,62,7.397275,-17.0425,5.950539726849096
2026-01-02 04:05:00,62,7.227591666666665,-17.57,6.055618690582762
2026-01-02 05:05:00,62,6.727891666666667,-17.995833333333334,6.14042212427741
2026-01-02 06:05:00,62,6.744833333333333,-18.87,6.314632955570686
2026-01-02 07:05:00,62,7.364424999999999,-18.935833333333335,6.327458430879695
2026-01-02 08:05:00,62,7.422625,-17.45916666666667,6.033789403828609
2026-01-02 09:05:00,62,6.0749,-15.9125,5.726316764191933
2026-01-02 10:05:00,62,5.651816666666667,-14.050833333333332,5.356477163146392
2026-01-02 11:05:00,62,4.570841666666667,-13.019166666666665,5.151418533957802
2026-01-02 12:05:00,62,6.231633333333332,-12.119166666666665,4.972587051466827
2026-01-02 13:05:00,62,7.067925000000001,-12.659999999999998,5.080041812528008
2026-01-02 14:05:00,62,7.244558333333333,-12.9775,5.143224212666774
2026-01-02 15:05:00,62,5.521,-13.81083333333333,5.309046914618434
2026-01-02 16:05:00,62,6.4334083333333325,-14.741666666666667,5.494393948039328
2026-01-02 17:05:00,62,5.174975,-14.991666666666669,5.5437971610301
2026-01-02 18:05:00,62,4.860216666666667,-15.323333333333332,5.609766855070985
2026-01-02 19:05:00,62,4.726675,-15.680000000000001,5.680680417614599
2026-01-02 20:05:00,62,6.477391666666666,-16.44,5.831944116240392
2026-01-02 21:05:00,62,5.9715750000000005,-16.352500000000003,5.814380900610065
2026-01-02 22:05:00,62,6.827708333333333,-16.051666666666666,5.754646916673503
2026-01-02 23:05:00,62,6.5736083333333335,-14.828333333333335,5.511163078034258
2026-01-03 00:05:00,63,6.405908333333335,-15.143333333333333,5.647984521544409
2026-01-03 01:05:00,63,6.149033333333334,-15.315000000000003,5.671866367804875
2026-01-03 02:05:00,63,7.2538,-15.40333333333333,5.691992773412057
2026-01-03 03:05:00,63,5.486466666666667,-15.810833333333333,5.787037737879598
2026-01-03 04:05:00,63,6.902966666666666,-16.545833333333334,5.93806912773688
2026-01-03 05:05:00,63,7.304633333333332,-17.110833333333332,6.053465390977577
2026-01-03 06:05:00,63,5.1824916666666665,-17.485833333333336,6.120368150521714
2026-01-03 07:05:00,63,7.3292,-17.395,6.113976403247399
2026-01-03 08:05:00,63,7.2870583333333325,-15.792499999999999,5.82078960938404
2026-01-03 09:05:00,63,6.003316666666667,-14.537500000000001,5.597770989033515
2026-01-03 10:05:00,63,6.748208333333333,-13.329999999999998,5.340056864516209
2026-01-03 11:05:00,63,5.549808333333333,-12.671666666666667,5.19977272297212
2026-01-03 12:05:00,63,4.604841666666666,-12.079166666666667,5.080984344252406
2026-01-03 13:05:00,63,5.318233333333334,-12.494166666666667,5.14512838386156
2026-01-03 14:05:00,63,7.282699999999999,-12.847499999999998,5.193348528613583
2026-01-03 15:05:00,63,7.490091666666667,-13.782499999999999,5.367165804027663
2026-01-03 16:05:00,63,6.146166666666667,-15.092500000000001,5.6435977738688425
2026-01-03 17:05:00,63,7.301774999999998,-15.341666666666667,5.705646706206269
2026-01-03 18:05:00,63,6.624675000000002,-15.883333333333335,5.782296326794444
2026-01-03 19:05:00,63,5.826508333333332,-16.31833333333333,5.867821220944428
2026-01-03 20:05:00,63,5.9998499999999995,-16.991666666666667,6.048723181137177
2026-01-03 21:05:00,63,5.512824999999999,-17.518333333333334,6.124644030184371
2026-01-03 22:05:00,63,5.316333333333334,-17.75833333333333,6.142890541261308
2026-01-03 23:05:00,63,7.335850000000001,-18.06,6.209855124222589
2026-01-04 00:05:00,64,6.917083333333333,-18.675,6.3532392871819505
2026-01-04 01:05:00,64,5.674641666666666,-19.49333333333333,6.513072257111652
2026-01-04 02:05:00,64,7.428191666666667,-19.74,6.626556153450207
2026-01-04 03:05:00,64,7.406766666666666,-18.99083333333333,6.427556704255836
2026-01-04 04:05:00,64,5.329983333333334,-19.713333333333335,6.5465191119571084
2026-01-04 05:05:00,64,7.414725,-20.764166666666664,6.755167931119009
2026-01-04 06:05:00,64,7.052816666666666,-21.49416666666667,6.903765624139946
2026-01-04 07:05:00,64,6.181383333333334,-22.269166666666667,7.061523448922448
2026-01-04 08:05:00,64,7.181658333333333,-19.276666666666667,6.48251826789008
2026-01-04 09:05:00,64,7.023916666666667,-15.505,5.799310197318917
2026-01-04 10:05:00,64,4.904458333333333,-13.684166666666668,5.429846503969418
2026-01-04 11:05:00,64,4.400983333333333,-12.46,5.158254823123481
2026-01-04 12:05:00,64,4.311841666666666,-11.878333333333332,5.0484008565648395
2026-01-04 13:05:00,64,5.418758333333332,-12.828333333333333,5.208997457588119
2026-01-04 14:05:00,64,7.902758333333332,-13.28416666666667,5.3059557782641775
2026-01-04 15:05:00,64,7.7110166666666675,-14.379999999999997,5.464811987363156
2026-01-04 16:05:00,64,5.323641666666667,-15.97166666666667,5.779613898512378
2026-01-04 17:05:00,64,6.151216666666666,-17.175,6.101569938401296
2026-01-04 18:05:00,64,6.664591666666666,-17.713333333333335,6.135424705994144
2026-01-04 19:05:00,64,5.032041666666667,-16.392500000000002,5.876523555222539
2026-01-04 20:05:00,64,4.905849999999999,-15.560000000000002,5.764361558623031
2026-01-04 21:05:00,64,4.012658333333333,-16.420833333333334,5.975624652632832
2026-01-04 22:05:00,64,5.6383833333333335,-16.874166666666667,6.068378342819963
2026-01-04 23:05:00,64,7.759533333333331,-17.4175,6.153980299605454
2026-01-05 00:05:00,65,6.864133333333332,-18.147499999999997,6.275748880889801
2026-01-05 01:05:00,65,7.220958333333332,-18.475833333333334,6.378047047631031
2026-01-05 02:05:00,65,6.249424999999999,-19.119166666666665,6.4351364890902225
2026-01-05 03:05:00,65,7.056016666666666,-18.3475,6.321333567552593
2026-01-05 04:05:00,65,7.092641666666665,-19.06083333333333,6.4583391094766505
2026-01-05 05:05:00,65,5.022525,-19.918333333333337,6.612995508070797
2026-01-05 06:05:00,65,6.759458333333333,-19.523333333333333,6.513465413231565
2026-01-05 07:05:00,65,7.208124999999998,-19.2125,6.449460845168833
2026-01-05 08:05:00,65,6.839758333333333,-17.574166666666667,6.153147471640794
2026-01-05 09:05:00,65,5.104041666666666,-15.5,5.740346458466346
2026-01-05 10:05:00,65,5.468758333333334,-13.605833333333335,5.396907423331211
2026-01-05 11:05:00,65,5.0515,-11.986666666666666,5.053238890303112
2026-01-05 12:05:00,65,5.372525,-10.609166666666665,4.777512989267986
2026-01-05 13:05:00,65,8.090450000000002,-10.63,4.7403862958578715
2026-01-05 14:05:00,65,7.197758333333334,-10.717500000000001,4.731410994889189
2026-01-05 15:05:00,65,7.453508333333333,-11.713333333333333,4.921725700093304
2026-01-05 16:05:00,65,5.821008333333333,-13.468333333333334,5.27728825129487
2026-01-05 17:05:00,65,5.1353583333333335,-14.313333333333333,5.449721590942076
2026-01-05 18:05:00,65,4.5050333333333334,-14.646666666666668,5.517742632223026
2026-01-05 19:05:00,65,5.121825,-14.079166666666667,5.40193680944221
2026-01-05 20:05:00,65,5.245491666666666,-13.741666666666669,5.333065505145248
2026-01-05 21:05:00,65,7.300983333333333,-13.338333333333333,5.250760045195299
2026-01-05 22:05:00,65,8.456408333333332,-13.106666666666664,5.203485421505038
2026-01-05 23:05:00,65,4.939691666666667,-12.777500000000002,5.136314643240102
2026-01-06 00:05:00,66,6.10065,-12.7125,5.153288339731867
2026-01-06 01:05:00,66,5.789891666666667,-13.94,5.406032123736546
2026-01-06 02:05:00,66,5.398408333333333,-15.388333333333334,5.704245767049603
2026-01-06 03:05:00,66,5.047291666666666,-16.855833333333333,6.006405850981876
2026-01-06 04:05:00,66,5.743283333333332,-17.824166666666667,6.2057868944397425
2026-01-06 05:05:00,66,6.7089,-16.93916666666667,6.023564288456736
2026-01-06 06:05:00,66,5.087291666666666,-17.52416666666667,6.144016519530249
2026-01-06 07:05:00,66,6.682200000000001,-18.124166666666664,6.267557269349236
2026-01-08 11:10:00,68,3.644633333333333,0.7541666666666665,2.394617641258447
2026-01-08 12:10:00,68,1.3664249999999998,1.015,2.38659235374532
2026-01-08 13:10:00,68,2.641758333333333,0.8333333333333334,2.427559215274427
2026-01-08 14:10:00,68,3.2698583333333326,0.6716666666666667,2.444226945485914
2026-01-08 15:10:00,68,2.3707916666666664,0.20416666666666664,2.5430706080357206
2026-01-08 16:10:00,68,4.414791666666667,-0.10166666666666667,2.6051706811152058
2026-01-08 17:10:00,68,2.6529166666666666,-0.3466666666666667,2.645356029736661
2026-01-08 18:10:00,68,3.8215,-1.1116666666666668,2.787398822291448
2026-01-08 19:10:00,68,1.3577166666666667,-1.4816666666666667,2.886499037632377
2026-01-08 20:10:00,68,2.467833333333333,-1.2033333333333334,2.8177589332181445
2026-01-08 21:10:00,68,1.3902666666666668,-1.2449999999999999,2.8210829444625807
2026-01-08 22:10:00,68,2.5542,-1.2216666666666667,2.798706774507529
2026-01-08 23:10:00,68,2.5278166666666664,-1.3808333333333334,2.8232434276334755
2026-01-09 00:10:00,69,3.711708333333333,-1.3341666666666665,2.8183352781589677
2026-01-09 01:10:00,69,3.621641666666667,-1.3166666666666669,2.809114342126556
2026-01-09 02:10:00,69,2.8087333333333335,-1.39,2.8227482125176726
2026-01-09 03:10:00,69,3.6750583333333338,-1.3941666666666668,2.823605139127317
2026-01-09 04:10:00,69,2.255075,-1.4299999999999997,2.8309747079702587
2026-01-09 05:10:00,69,3.5802416666666668,-1.5100000000000005,2.8476924212449766
2026-01-09 06:10:00,69,3.9197416666666665,-1.6341666666666665,2.874699632503808
2026-01-09 07:10:00,69,2.687091666666667,-1.125,2.7777244099914538
2026-01-09 08:10:00,69,3.373725,-0.42249999999999993,2.6463926048202833
2026-01-09 09:10:00,69,2.7030666666666665,0.6625,2.4396458058718586
2026-01-09 10:10:00,69,4.313233333333334,0.5425,2.478907029709953
2026-01-09 11:10:00,69,3.0980250000000003,0.6808333333333333,2.43838640940041
2026-01-09 12:10:00,69,1.4499833333333332,1.1991666666666667,2.3249531378471064
2026-01-09 13:10:00,69,3.392533333333333,1.7924999999999998,2.2055290565216383
2026-01-09 14:10:00,69,3.453691666666667,1.964166666666667,2.160631323945852
2026-01-09 15:10:00,69,2.010625,2.0500000000000003,2.160008097776411
2026-01-09 16:10:00,69,2.3571833333333334,2.795833333333334,2.020585657425091
2026-01-09 17:10:00,69,3.099183333333333,2.9666666666666663,1.9915385809308066
2026-01-09 18:10:00,69,2.034275,2.864166666666667,1.998706334604288
2026-01-09 19:10:00,69,1.0417083333333332,3.018333333333333,1.9540045648830768
2026-01-09 20:10:00,69,3.2849749999999998,3.2308333333333334,1.907092917545925
2026-01-09 21:10:00,69,0.0,3.5083333333333333,1.8560829270453316
2026-01-09 22:10:00,69,3.9873999999999996,3.6199999999999997,1.8139293882572942
2026-01-09 23:10:00,69,2.716608333333333,3.9591666666666665,1.7461382673888828
2026-01-10 00:10:00,70,3.988883333333333,3.6341666666666668,1.8315781901294406
2026-01-10 01:10:00,70,2.942658333333333,3.420833333333333,1.8713008408285015
2026-01-10 02:10:00,70,4.024074999999999,3.4766666666666666,1.9075363073709641
2026-01-10 03:10:00,70,1.4650583333333334,2.8475,2.076756906659791
2026-01-10 04:10:00,70,3.692424999999999,2.3333333333333335,2.187210071434376
2026-01-10 05:10:00,70,2.4387416666666666,2.4391666666666665,2.170289557851575
2026-01-10 06:10:00,70,3.2229,2.1716666666666664,2.2265638018448297
2026-01-10 07:10:00,70,4.200366666666666,1.7225000000000001,2.319415945252541
2026-01-10 08:10:00,70,2.8284083333333334,1.9949999999999999,2.21168443351754
2026-01-10 09:10:00,70,2.2570083333333333,1.4866666666666666,2.3400726096295466
2026-01-10 10:10:00,70,0.0,3.185,1.9519671646449244
2026-01-10 11:10:00,70,4.0207749999999995,3.7808333333333337,1.8398725796962023
2026-01-10 12:10:00,70,1.3334666666666666,3.8649999999999998,1.8090480486173663
2026-01-10 13:10:00,70,2.468383333333333,3.6533333333333338,1.8245152201102572
2026-01-10 14:10:00,70,3.047683333333333,2.6616666666666666,2.0126863864116937
2026-01-10 15:10:00,70,1.7964166666666663,1.2074999999999998,2.3211775708827065
2026-01-10 16:10:00,70,4.5134333333333325,0.022500000000000003,2.559526684459459
2026-01-10 17:10:00,70,1.5879083333333335,-0.5541666666666668,2.6734021246910666
2026-01-10 18:10:00,70,1.2836083333333332,-1.3941666666666668,2.8389729972297957
2026-01-10 19:10:00,70,1.6983583333333332,-2.198333333333333,3.003318644130605
2026-01-10 20:10:00,70,1.5225416666666667,-2.4450000000000003,3.0537293296048436
2026-01-10 21:10:00,70,4.1062916666666665,-3.0233333333333334,3.17192195027755
2026-01-10 22:10:00,70,2.6780583333333334,-2.5608333333333335,3.077401915013354
2026-01-10 23:10:00,70,2.479808333333333,-1.9708333333333332,2.9580372248868123
2026-01-11 00:10:00,71,3.536133333333333,-1.4816666666666667,2.9217149839630188
2026-01-11 01:10:00,71,3.3484833333333333,-1.5750000000000002,2.9767685067249317
2026-01-11 02:10:00,71,3.92965,-2.1766666666666663,3.083532282194486
2026-01-11 03:10:00,71,1.7877750000000001,-3.084166666666667,3.2321229116045767
2026-01-11 04:10:00,71,4.298025,-3.578333333333333,3.2943938068043224
2026-01-11 05:10:00,71,1.7157916666666666,-3.6566666666666663,3.3052992902088576
2026-01-11 06:10:00,71,4.23445,-3.75,3.3308956540561145
2026-01-11 07:10:00,71,2.2951,-3.6200000000000006,3.2956979144639162
2026-01-11 08:10:00,71,3.3944166666666664,-3.0275,3.173034527530843
2026-01-11 09:10:00,71,1.5127833333333334,-2.334166666666667,3.0324408973447143
2026-01-11 10:10:00,71,3.4890833333333338,-1.6450000000000002,2.892692180801531
2026-01-11 11:10:00,71,1.2061666666666666,-0.9716666666666667,2.7561541361015403
2026-01-11 12:10:00,71,2.8554083333333335,-1.1075000000000002,2.7921097510288764
2026-01-11 13:10:00,71,1.4335666666666667,-1.344166666666667,2.865487759324508
2026-01-11 14:10:00,71,3.5287166666666665,-1.5241666666666667,2.872490540288932
2026-01-11 15:10:00,71,2.969491666666667,-1.6441666666666668,2.892523198072942
2026-01-11 16:10:00,71,2.501791666666667,-2.1666666666666665,2.9988355802873117
2026-01-11 17:10:00,71,3.378725,-2.3250000000000006,3.030582087330234
2026-01-11 18:10:00,71,0.0,-2.7583333333333333,3.1184531061965646
2026-01-11 19:10:00,71,0.4343333333333333,-3.6525,3.2997715739726656
2026-01-11 20:10:00,71,2.0362166666666663,-4.0825,3.3869666619246397
2026-01-11 21:10:00,71,2.3731,-4.398333333333333,3.4510111160599077
2026-01-11 22:10:00,71,3.842583333333333,-5.555833333333333,3.6857281260701638
2026-01-11 23:10:00,71,2.114158333333333,-6.1525,3.8067197597399574
2026-01-12 00:10:00,72,4.2021749999999995,-6.3325,3.8256743322363445
2026-01-12 01:10:00,72,2.4504666666666663,-6.509166666666666,3.8615414139636455
2026-01-12 02:10:00,72,3.226475,-4.781666666666666,3.557355784733953
2026-01-12 03:10:00,72,2.953191666666666,-4.9208333333333325,3.743358132973396
2026-01-12 04:10:00,72,3.415633333333333,-6.194166666666667,3.9872322845519803
2026-01-12 05:10:00,72,3.532341666666667,-6.9525,4.047497376211516
2026-01-12 06:10:00,72,3.7863916666666664,-8.281666666666666,4.430971844684708
2026-01-12 07:10:00,72,5.139525,-8.384166666666667,4.3711254009007785
2026-01-12 08:10:00,72,3.147933333333333,-8.102500000000001,4.415211522520286
2026-01-12 09:10:00,72,4.162916666666667,-7.403333333333333,4.2147355219971985
2026-01-12 10:10:00,72,5.0658,-6.075,3.928027606006089
2026-01-12 11:10:00,72,1.4972416666666668,-5.740833333333334,3.8861038414571665
2026-01-12 12:10:00,72,3.9966666666666666,-4.888333333333333,3.663303535237547
2026-01-12 13:10:00,72,2.4555666666666665,-5.3133333333333335,3.733429723388912
2026-01-12 14:10:00,72,4.03215,-5.644166666666667,3.7602935311967447
2026-01-12 15:10:00,72,4.092583333333333,-5.3741666666666665,3.69070401083906
2026-01-12 16:10:00,72,3.2914083333333335,-5.5075,3.667955669987544
2026-01-12 17:10:00,72,4.462458333333333,-5.716666666666666,3.700647099234102
2026-01-12 18:10:00,72,1.621375,-5.536666666666666,3.66410328011572
2026-01-12 19:10:00,72,2.878258333333333,-5.769166666666667,3.7113057131436302
2026-01-12 20:10:00,72,1.6966416666666666,-5.6383333333333345,3.6847437705436956
2026-01-12 21:10:00,72,3.874525,-5.4725,3.651076085337408
2026-01-12 22:10:00,72,3.508808333333332,-5.293333333333334,3.6147014505667965
2026-01-12 23:10:00,72,2.8351083333333333,-5.13,3.58154131840382
2026-01-13 00:10:00,73,4.377700000000001,-4.2975,3.4145674188076107
2026-01-13 01:10:00,73,2.5380249999999998,-3.5641666666666665,3.262843107467462
2026-01-13 02:10:00,73,3.5032333333333328,-3.185,3.1927082779895497
2026-01-13 03:10:00,73,1.9476166666666668,-2.69,3.094332836233388
2026-01-13 04:10:00,73,3.5708,-2.5416666666666665,3.0662195252786972
2026-01-13 05:10:00,73,4.159999999999999,-2.690833333333334,3.088605696416412
2026-01-13 06:10:00,73,1.9497249999999997,-2.6475000000000004,3.0925315085562883
2026-01-13 07:10:00,73,3.6491083333333334,-3.3841666666666668,3.2305993605212384
2026-01-13 08:10:00,73,3.9472333333333336,-1.6791666666666663,2.8802276105370637
2026-01-13 09:10:00,73,3.6388833333333337,-0.2725,2.604299447492108
2026-01-13 10:10:00,73,1.6654416666666665,0.9166666666666666,2.368130872771392
2026-01-13 11:10:00,73,3.8388249999999995,1.1716666666666666,2.344448090545283
2026-01-13 12:10:00,73,2.4395916666666664,1.6358333333333335,2.2507833895696634
2026-01-13 13:10:00,73,2.2239166666666668,2.606666666666667,2.0456029229487394
2026-01-13 14:10:00,73,2.453433333333334,2.203333333333333,2.1279972983033377
2026-01-13 15:10:00,73,3.2960499999999997,0.8441666666666666,2.36443498242797
2026-01-13 16:10:00,73,3.5437749999999997,-0.07333333333333333,2.5519012698306764
2026-01-13 17:10:00,73,2.5898666666666665,-1.0658333333333332,2.758059633153966
2026-01-13 18:10:00,73,1.4689999999999999,-1.805,2.909333174958625
2026-01-13 19:10:00,73,1.351675,-0.31416666666666665,2.639546497669361
2026-01-13 20:10:00,73,2.3140166666666664,-0.5091666666666667,2.686811072165224
2026-01-13 21:10:00,73,2.44735,-0.9208333333333334,2.7445653891056234
2026-01-13 22:10:00,73,3.4953499999999997,-0.49499999999999994,2.6778786771093963
2026-01-13 23:10:00,73,3.0731916666666668,-0.19083333333333338,2.6017159258149696
2026-01-14 00:10:00,74,2.977066666666667,0.1616666666666667,2.5540409234966965
2026-01-14 01:10:00,74,3.1019416666666664,0.6725,2.461090140316001
2026-01-14 02:10:00,74,3.037158333333333,0.7325,2.425791710674588
2026-01-14 03:10:00,74,2.8658583333333336,0.49166666666666664,2.4585786938486276
2026-01-14 04:10:00,74,3.7739083333333334,0.49500000000000005,2.4762695590017105
2026-01-14 05:10:00,74,2.21875,0.305,2.490903933941964
2026-01-14 06:10:00,74,3.515616666666666,0.39833333333333326,2.4664786906002445
2026-01-14 07:10:00,74,2.446358333333333,0.425,2.4659466874853337
2026-01-14 08:10:00,74,1.1279416666666666,0.8991666666666666,2.377138311855754
2026-01-14 09:10:00,74,3.240758333333333,1.7825,2.212597164999155
2026-01-14 10:10:00,74,2.2800499999999997,2.3325,2.114859235411969
2026-01-14 11:10:00,74,3.279558333333333,3.1108333333333333,1.9508791984363536
2026-01-14 12:10:00,74,2.0160333333333336,4.421666666666667,1.6685587448065435
2026-01-14 13:10:00,74,3.233875,4.7683333333333335,1.5875637804562137
2026-01-14 14:10:00,74,2.1524916666666667,4.1975,1.6919756973430906
2026-01-14 15:10:00,74,2.2462333333333335,2.466666666666667,2.0409601275868194
2026-01-14 16:10:00,74,3.4183583333333334,1.1333333333333335,2.3113396623793507
2026-01-14 17:10:00,74,2.2689166666666667,0.6208333333333335,2.41526679606523
2026-01-14 18:10:00,74,2.400966666666667,0.40416666666666673,2.459203470469016
2026-01-14 19:10:00,74,2.157633333333333,0.2800000000000001,2.484382564646571
2026-01-14 20:10:00,74,2.2366083333333333,0.32416666666666677,2.4754262425565683
2026-01-14 21:10:00,74,2.232433333333333,0.22083333333333335,2.496380656502989
2026-01-14 22:10:00,74,2.1220749999999997,0.14666666666666667,2.511420518125824
2026-01-14 23:10:00,74,2.448633333333333,0.1516666666666667,2.510406594870352
2026-01-15 00:10:00,75,3.3120249999999993,0.18833333333333335,2.514192506276022
2026-01-15 01:10:00,75,2.165691666666667,0.25500000000000006,2.500737082654865
2026-01-15 02:10:00,75,3.3888416666666665,0.29250000000000015,2.493168406867964
2026-01-15 03:10:00,75,3.388133333333333,0.36250000000000004,2.4793675973997105
2026-01-15 04:10:00,75,2.3562999999999996,0.3841666666666667,2.4746671993888736
2026-01-15 05:10:00,75,3.4327666666666663,0.32083333333333336,2.4874498518289725
2026-01-15 06:10:00,75,2.1475666666666666,0.37500000000000006,2.4765173201367827
2026-01-15 07:10:00,75,3.46965,0.4166666666666667,2.4681076803735595
2026-01-15 08:10:00,75,2.25345,0.82,2.3867023674655607
2026-01-15 09:10:00,75,2.8480000000000003,1.425,2.2645943981035623
2026-01-15 10:10:00,75,2.0465166666666668,2.486666666666667,2.050316776936639
2026-01-15 11:10:00,75,3.1916249999999997,2.5091666666666668,2.0457755714644987
2026-01-15 12:10:00,75,2.697075,2.578333333333333,2.0318155694575486
2026-01-15 13:10:00,75,3.2249666666666665,2.848333333333333,1.9773211037918634
2026-01-15 14:10:00,75,2.795,2.82,1.983039658830855
2026-01-15 15:10:00,75,2.4138333333333333,2.3841666666666668,2.071004490754168
2026-01-15 16:10:00,75,3.314491666666666,2.214166666666667,2.105315820988118
2026-01-15 17:10:00,75,2.3556833333333334,2.14,2.1258523409679566
2026-01-15 18:10:00,75,1.2108,2.329166666666667,2.0893531118900257
2026-01-15 19:10:00,75,2.362258333333333,1.9908333333333337,2.1546334093239574
2026-01-15 20:10:00,75,2.3783,1.0333333333333334,2.3436450118778587
2026-01-15 21:10:00,75,4.4701,0.38833333333333325,2.473826235412551
2026-01-15 22:10:00,75,2.005358333333333,0.6849999999999999,2.414274216595707
2026-01-15 23:10:00,75,3.650958333333333,0.30583333333333335,2.512555699869574
2026-01-16 00:10:00,76,2.3859666666666666,-1.9125000000000003,3.045173537648342
2026-01-16 01:10:00,76,4.493975,-3.9641666666666673,3.4748220587644716
2026-01-16 02:10:00,76,2.6393,-4.991666666666667,3.685735452909985
2026-01-16 03:10:00,76,4.749458333333333,-5.8566666666666665,3.8676802821331635
2026-01-16 04:10:00,76,2.9527249999999996,-6.3566666666666665,3.9763173508400973
2026-01-16 05:10:00,76,4.913349999999999,-7.008333333333333,4.119532431714236
2026-01-16 06:10:00,76,5.028466666666666,-7.814166666666666,4.301456349494849
2026-01-16 07:10:00,76,4.0291,-8.753333333333332,4.477287819364415
2026-01-16 08:10:00,76,4.936508333333333,-10.384166666666667,4.8329889053569755
2026-01-16 09:10:00,76,3.854799999999999,-10.924166666666666,4.987566698863609
2026-01-16 10:10:00,76,5.419041666666667,-11.145000000000001,4.9902912730207065
2026-01-16 11:10:00,76,6.727608333333333,-10.99,4.957441687545794
2026-01-16 12:10:00,76,4.226008333333334,-10.4125,4.831872222623549
2026-01-16 13:10:00,76,3.89425,-10.319166666666666,4.8270060097395335
2026-01-16 14:10:00,76,5.2859333333333325,-10.601666666666667,4.8800565030933685
2026-01-16 15:10:00,76,5.046908333333333,-11.43,5.003342165849991
2026-01-16 16:10:00,76,6.666258333333333,-12.232500000000002,5.103628412388765
2026-01-16 17:10:00,76,7.214316666666665,-12.786666666666667,5.270246612176857
2026-01-16 18:10:00,76,5.451741666666667,-13.2875,5.310308669315817
2026-01-16 19:10:00,76,5.107458333333333,-13.475833333333332,5.409803450307047
2026-01-16 20:10:00,76,7.041916666666666,-13.921666666666667,5.478982275544329
2026-01-16 21:10:00,76,6.2414250000000004,-14.288333333333334,5.526997028009422
2026-01-16 22:10:00,76,5.743341666666666,-14.410833333333334,5.502528225848816
2026-01-16 23:10:00,76,7.784333333333333,-13.486666666666666,5.311142383282768
2026-01-17 00:10:00,77,6.968658333333333,-13.273333333333335,5.247320796610647
2026-01-17 01:10:00,77,7.409916666666665,-12.758333333333333,5.1423435510908035
2026-01-17 02:10:00,77,6.471516666666666,-12.217500000000001,5.034332007418123
2026-01-17 03:10:00,77,6.611608333333334,-11.855833333333335,4.959773560141672
2026-01-17 04:10:00,77,5.283200000000001,-11.624166666666667,4.923483015422067
2026-01-17 05:10:00,77,6.095274999999999,-11.467500000000001,4.903962420302397
2026-01-17 06:10:00,77,5.665341666666666,-11.693333333333333,4.94316522904745
2026-01-17 07:10:00,77,6.266425,-11.435833333333333,4.884249116334832
2026-01-17 08:10:00,77,5.481116666666666,-10.87,4.792239175146515
2026-01-17 09:10:00,77,3.994591666666667,-9.924999999999999,4.61703192282111
2026-01-17 10:10:00,77,4.994733333333333,-9.531666666666668,4.5248838870915105
2026-01-17 11:10:00,77,4.417274999999999,-9.193333333333333,4.453780972678739
2026-01-17 12:10:00,77,5.462858333333332,-8.7675,4.354536791670721
2026-01-17 13:10:00,77,4.524408333333334,-8.4625,4.299858789197136
2026-01-17 14:10:00,77,2.9767083333333333,-8.281666666666666,4.254044707169066
2026-01-17 15:10:00,77,3.0094749999999997,-8.265,4.235541070696117
2026-01-17 16:10:00,77,4.675983333333334,-8.28,4.238566409477741
2026-01-17 17:10:00,77,3.920316666666666,-8.230833333333333,4.2286500212490825
2026-01-17 18:10:00,77,4.1522499999999996,-8.101666666666667,4.202598492851761
2026-01-17 19:10:00,77,4.896208333333334,-8.005,4.183101865147959
2026-01-17 20:10:00,77,3.0291,-7.848333333333334,4.151503882317658
2026-01-17 21:10:00,77,3.9354,-8.463333333333333,4.275542772364263
2026-01-17 22:10:00,77,4.923791666666666,-10.685,4.723629060798204
2026-01-17 23:10:00,77,5.4138416666666656,-12.199166666666668,5.029020203365523
2026-01-18 00:10:00,78,5.435366666666666,-13.435000000000002,5.300531114511129
2026-01-18 01:10:00,78,6.485083333333333,-13.888333333333335,5.392543746369386
2026-01-18 02:10:00,78,5.970358333333333,-13.823333333333336,5.3793507587132385
2026-01-18 03:10:00,78,4.7556416666666665,-13.527499999999998,5.319305750791029
2026-01-18 04:10:00,78,6.001441666666667,-13.1625,5.245222050875742
2026-01-18 05:10:00,78,5.3961500000000004,-12.801666666666668,5.171984055297386
2026-01-18 06:10:00,78,5.0894,-12.318333333333333,5.073882352213216
2026-01-18 07:10:00,78,5.522174999999999,-11.478333333333333,4.903388357887621
2026-01-18 08:10:00,78,5.621841666666667,-9.995833333333334,4.602486754807035
2026-01-18 09:10:00,78,3.951075,-8.268333333333333,4.2518577367148165
2026-01-18 10:10:00,78,4.566533333333333,-6.194166666666667,3.8308661177898133
2026-01-18 11:10:00,78,3.4105,-4.118333333333333,3.414752961434123
2026-01-18 12:10:00,78,1.0778999999999999,-2.1941666666666664,3.0265103567425844
2026-01-18 13:10:00,78,1.869875,-2.4299999999999997,3.069343402196999
2026-01-18 14:10:00,78,2.800875,-2.3508333333333336,3.0549284034563913
2026-01-18 15:10:00,78,2.7132666666666667,-3.2641666666666667,3.236166828058873
2026-01-18 16:10:00,78,0.0,-4.3025,3.446916348822454
2026-01-18 17:10:00,78,3.025975,-5.028333333333333,3.5942380443160973
2026-01-18 18:10:00,78,1.5024666666666664,-5.519166666666667,3.6938620152067467
2026-01-18 19:10:00,78,3.0004083333333327,-5.894166666666667,3.7699754055306727
2026-01-18 20:10:00,78,4.353616666666667,-6.1475,3.8213942292161693
2026-01-18 21:10:00,78,3.617008333333333,-6.045833333333333,3.800759043395016
2026-01-18 22:10:00,78,3.5353750000000006,-6.091666666666666,3.8100617911012735
2026-01-18 23:10:00,78,2.605433333333333,-6.174166666666667,3.8268067369725376
2026-01-19 00:10:00,79,4.1254,-6.239999999999999,3.832569724876661
2026-01-19 01:10:00,79,3.5858750000000006,-6.255,3.8356222166940572
2026-01-19 02:10:00,79,3.870566666666667,-6.2700000000000005,3.838674708511453
2026-01-19 03:10:00,79,3.8956833333333334,-6.289166666666667,3.84257511472257
2026-01-19 04:10:00,79,3.2252833333333335,-6.473333333333334,3.8800529309250447
2026-01-19 05:10:00,79,2.3502083333333332,-6.7175,3.929740714397104
2026-01-19 06:10:00,79,5.483616666666666,-7.269166666666667,4.0420045801257825
2026-01-19 07:10:00,79,3.670075,-7.079166666666667,4.004292150559012
2026-01-19 08:10:00,79,4.274091666666667,-6.005,3.8040658525255173
2026-01-19 09:10:00,79,3.997425,-4.7775,3.5654196420498003
2026-01-19 10:10:00,79,2.9921499999999996,-3.795833333333333,3.3794971692711813
2026-01-19 11:10:00,79,2.58,-2.5050000000000003,3.1025573686884274
2026-01-19 12:10:00,79,2.5084333333333335,-2.023333333333334,2.9916600512531506
2026-01-19 13:10:00,79,4.764583333333333,-1.9816666666666665,2.9849580091269114
2026-01-19 14:10:00,79,2.667758333333333,-2.458333333333333,3.065291857534477
2026-01-19 15:10:00,79,4.51615,-2.9574999999999996,3.1645827655031455
2026-01-19 16:10:00,79,1.6174333333333333,-3.8524999999999996,3.3504702138411258
2026-01-19 17:10:00,79,2.8818333333333332,-4.204166666666667,3.41949655983318
2026-01-19 18:10:00,79,1.5529166666666667,-4.120833333333334,3.4127336935169597
2026-01-19 19:10:00,79,4.551716666666667,-3.9666666666666663,3.3719816734281207
2026-01-19 20:10:00,79,3.1024749999999996,-3.9450000000000003,3.367995003566424
2026-01-19 21:10:00,79,4.192216666666667,-4.416666666666667,3.4619011209135437
2026-01-19 22:10:00,79,4.039991666666666,-5.0825,3.628116190060295
2026-01-19 23:10:00,79,3.81,-6.430833333333333,3.8813955207572297
2026-01-20 00:10:00,80,3.6982249999999994,-8.56,4.304005543772798
2026-01-20 01:10:00,80,5.273816666666666,-10.555833333333334,4.709644611301837
2026-01-20 02:10:00,80,2.9230916666666666,-9.980833333333333,4.597434528136383
2026-01-20 03:10:00,80,5.189033333333334,-10.448333333333332,4.688723606467528
2026-01-20 04:10:00,80,3.1065166666666664,-11.199166666666665,4.840540423941527
2026-01-20 05:10:00,80,4.8920416666666675,-12.551666666666668,5.117374032801092
2026-01-20 06:10:00,80,3.651816666666667,-13.375833333333333,5.283415893649912
2026-01-20 07:10:00,80,5.490291666666667,-13.190833333333332,5.245774869807928
2026-01-20 08:10:00,80,3.307291666666667,-9.93,4.608767418400994
2026-01-20 09:10:00,80,4.328616666666667,-8.329166666666667,4.37529763078616
2026-01-20 10:10:00,80,2.979183333333333,-7.533333333333334,4.271268326217105
2026-01-20 11:10:00,80,3.221033333333333,-7.541666666666667,4.311643169350381
2026-01-20 12:10:00,80,3.503508333333333,-8.245,4.457522572726472
2026-01-20 13:10:00,80,5.472208333333332,-9.2875,4.693812954415833
2026-01-20 14:10:00,80,4.5863,-9.638333333333334,4.740722750956949
2026-01-20 15:10:00,80,5.045733333333333,-10.661666666666667,4.878484314249375
2026-01-20 16:10:00,80,4.852741666666667,-12.102500000000001,5.147895069621193
2026-01-20 17:10:00,80,5.931299999999999,-12.656666666666666,5.246576804880145
2026-01-20 18:10:00,80,4.476324999999999,-13.403333333333334,5.360674785717521
2026-01-20 19:10:00,80,3.3237583333333327,-13.7875,5.417459186951959
2026-01-20 20:10:00,80,4.379991666666666,-13.908333333333333,5.435380773622016
2026-01-20 21:10:00,80,5.748766666666667,-13.59666666666667,5.366810870254407
2026-01-20 22:10:00,80,5.476108333333333,-13.2675,5.335693334626622
2026-01-20 23:10:00,80,6.523799999999999,-13.336666666666668,5.321693632690716
2026-01-21 00:10:00,81,6.050800000000001,-13.685833333333333,5.345027440058274
2026-01-21 01:10:00,81,5.27095,-14.972499999999998,5.596367946174809
2026-01-21 02:10:00,81,5.155166666666667,-17.296666666666667,6.084440502483797
2026-01-21 03:10:00,81,6.455424999999999,-18.924999999999997,6.401700299338633
2026-01-21 04:10:00,81,5.687791666666667,-17.74166666666667,6.171120225574139
2026-01-21 05:10:00,81,5.379816666666667,-18.209166666666665,6.259143791841445
2026-01-21 06:10:00,81,5.9787083333333335,-20.064166666666665,6.628718877904128
2026-01-21 07:10:00,81,6.135208333333333,-20.194166666666664,6.662320884024454
2026-01-21 08:10:00,81,4.520316666666666,-13.466666666666669,5.34286585669302
2026-01-21 09:10:00,81,5.632225000000001,-10.091666666666667,4.689833256441159
2026-01-21 10:10:00,81,4.4313666666666665,-9.519166666666665,4.575319634638918
2026-01-21 11:10:00,81,3.5454666666666665,-7.478333333333334,4.164920833128005
2026-01-21 12:10:00,81,4.980358333333333,-5.721666666666667,3.8121496193966355
2026-01-21 13:10:00,81,2.632141666666666,-6.314166666666666,3.9289562255207118
2026-01-21 14:10:00,81,4.038975,-6.4775,3.935723087946293
2026-01-21 15:10:00,81,4.298633333333334,-7.209166666666667,4.055645806512347
2026-01-21 16:10:00,81,4.987083333333333,-8.7675,4.350990995994496
2026-01-21 17:10:00,81,4.774858333333333,-10.046666666666667,4.609906177567015
2026-01-21 18:10:00,81,4.065050000000001,-10.048333333333334,4.598434818107624
2026-01-21 19:10:00,81,4.476866666666666,-9.953333333333333,4.582660664168877
2026-01-21 20:10:00,81,5.838983333333332,-8.4625,4.307213668364388
2026-01-21 21:10:00,81,3.21375,-8.105,4.260157355409534
2026-01-21 22:10:00,81,5.639024999999998,-8.596666666666666,4.333352673042465
2026-01-21 23:10:00,81,5.483841666666667,-8.480833333333333,4.292100267595888
2026-01-22 00:10:00,82,4.0436749999999995,-8.343333333333334,4.271779587819097
2026-01-22 01:10:00,82,4.911549999999999,-8.165833333333333,4.220289496957828
2026-01-22 02:10:00,82,4.150183333333333,-8.189166666666667,4.227661615449013
2026-01-22 03:10:00,82,4.638283333333333,-8.115,4.204332330681735
2026-01-22 04:10:00,82,4.292791666666666,-8.18,4.2170059820292645
2026-01-22 05:10:00,82,5.768191666666667,-8.648333333333333,4.311024941233759
2026-01-22 06:10:00,82,3.8779499999999993,-8.661666666666667,4.313714249007967
2026-01-22 07:10:00,82,3.9474333333333336,-8.1675,4.214041779626369
2026-01-22 08:10:00,82,4.437883333333334,-7.0025,3.9812974349242243
2026-01-22 09:10:00,82,3.6345249999999996,-5.420833333333333,3.6640999148105267
2026-01-22 10:10:00,82,5.113125,-3.7175,3.321368718003417
2026-01-22 11:10:00,82,2.129016666666667,-1.3483333333333334,2.870858357072195
2026-01-22 12:10:00,82,3.463458333333333,0.48500000000000004,2.502182149488363
2026-01-22 13:10:00,82,2.4534499999999997,-0.08666666666666667,2.602423395705518
2026-01-22 14:10:00,82,3.6839749999999998,-0.5983333333333334,2.6873553725554262
2026-01-22 15:10:00,82,3.037616666666666,-1.5141666666666669,2.89235135370021
2026-01-22 16:10:00,82,3.1468416666666665,-2.5700000000000003,3.090516872792086
2026-01-22 17:10:00,82,3.709566666666666,-3.5133333333333336,3.2915455044679125
2026-01-22 18:10:00,82,3.249716666666667,-3.861666666666667,3.4106655014112413
2026-01-22 19:10:00,82,1.8156666666666665,-3.8983333333333334,3.4120984754471
2026-01-22 20:10:00,82,2.958433333333333,-5.411666666666666,3.666346482522279
2026-01-22 21:10:00,82,4.021583333333333,-6.0325,3.795942851744548
2026-01-22 22:10:00,82,4.252858333333333,-7.524166666666666,4.087252635580509
2026-01-22 23:10:00,82,3.915141666666667,-8.547500000000001,4.290687051191308
2026-01-23 00:10:00,83,3.7020916666666666,-9.985833333333334,4.588567890324871
2026-01-23 01:10:00,83,4.411566666666666,-11.099166666666667,4.811904171516533
2026-01-23 02:10:00,83,5.1570583333333335,-12.165833333333333,5.025879051700162
2026-01-23 03:10:00,83,4.136658333333333,-13.94,5.381779457880588
2026-01-23 04:10:00,83,4.224083333333334,-9.054166666666665,4.45028942360016
2026-01-23 05:10:00,83,5.204716666666667,-10.199166666666667,4.631362866361596
2026-01-23 06:10:00,83,4.116883333333333,-12.959166666666668,5.185022868836736
2026-01-23 07:10:00,83,5.451866666666667,-13.450000000000001,5.283484747296233
2026-01-23 08:10:00,83,3.4063166666666667,-9.773333333333332,4.562163401698943
2026-01-23 09:10:00,83,3.5891666666666664,-7.328333333333333,4.109719202252848
2026-01-23 10:10:00,83,3.4894583333333333,-4.903333333333333,3.673396150645735
2026-01-23 11:10:00,83,4.062291666666666,-5.513333333333333,3.8090051668454943
2026-01-23 12:10:00,83,3.898541666666666,-6.0925,3.9355504562230528
2026-01-23 13:10:00,83,3.5067999999999997,-6.573333333333333,4.044945664135183
2026-01-23 14:10:00,83,6.148583333333335,-7.5,4.216292308840557
2026-01-23 15:10:00,83,3.6305083333333332,-9.1575,4.553197656987224
2026-01-23 16:10:00,83,6.235458333333333,-10.76,4.835968307465169
2026-01-23 17:10:00,83,5.371183333333333,-11.514166666666666,4.956300245285392
2026-01-23 18:10:00,83,4.789875,-12.514166666666666,5.140186359899883
2026-01-23 19:10:00,83,5.005875,-12.509166666666667,5.114237851930747
2026-01-23 20:10:00,83,4.976241666666666,-13.244166666666667,5.290185503043372
2026-01-23 21:10:00,83,4.402525,-14.292499999999999,5.581298336896505
2026-01-23 22:10:00,83,6.610974999999998,-15.34666666666667,5.796037398411034
2026-01-23 23:10:00,83,6.846033333333331,-16.425833333333333,5.992878397316358
2026-01-24 00:10:00,84,6.8727583333333335,-17.19083333333333,6.128590342373037
2026-01-24 01:10:00,84,6.548233333333333,-17.584166666666672,6.276599742983125
2026-01-24 02:10:00,84,6.564533333333332,-18.7275,6.548046669594831
2026-01-24 03:10:00,84,7.949883333333333,-19.695000000000004,6.732017474540559
2026-01-24 04:10:00,84,6.1219666666666654,-20.509166666666665,6.991836853842484
2026-01-24 05:10:00,84,7.08325,-21.699166666666667,7.1073956090363835
2026-01-24 06:10:00,84,7.758125,-22.602500000000003,7.259468047085248
2026-01-24 07:10:00,84,6.210375,-22.754166666666666,7.289316602578034
2026-01-24 08:10:00,84,7.385833333333333,-21.86,7.108511253673359
2026-01-24 09:10:00,84,7.351983333333333,-21.15416666666667,6.957888295681014
2026-01-24 10:10:00,84,11.026133333333334,-19.27416666666667,6.670357656249923
2026-01-24 11:10:00,84,7.419100000000001,-17.78583333333333,6.329964626710478
2026-01-24 12:10:00,84,4.49725,-16.68083333333333,6.158514440328224
2026-01-24 13:10:00,84,4.774016666666666,-16.860833333333332,6.162613469788996
2026-01-24 14:10:00,84,6.328991666666666,-17.175000000000004,6.229344920145193
2026-01-24 15:10:00,84,5.374683333333333,-17.791666666666668,6.268239436075585
2026-01-24 16:10:00,84,5.7344,-18.916666666666668,6.47200289768194
2026-01-24 17:10:00,84,5.665475,-19.874166666666664,6.651117452756051
2026-01-24 18:10:00,84,5.902375,-20.6675,6.87775536525595
2026-01-24 19:10:00,84,5.296824999999999,-21.30916666666667,7.079697504789511
2026-01-24 20:10:00,84,6.969691666666665,-21.930000000000003,7.18448810821615
2026-01-24 21:10:00,84,7.971216666666667,-22.414999999999996,7.22517270491992
2026-01-24 22:10:00,84,6.265350000000001,-22.555000000000003,7.2557482011265195
2026-01-24 23:10:00,84,7.491833333333333,-22.745,7.261914280088671
2026-01-25 00:10:00,85,7.4089,-22.9375,7.2921331015011095
2026-01-25 01:10:00,85,6.989741666666667,-22.870833333333337,7.3528992586522115
2026-01-25 02:10:00,85,7.547350000000001,-22.830000000000002,7.3416780946954905
2026-01-25 03:10:00,85,7.341775,-22.869999999999994,7.308934093437857
2026-01-25 04:10:00,85,9.186441666666667,-22.860833333333332,7.2607557806590455
2026-01-25 05:10:00,85,8.303749999999999,-22.679999999999996,7.250226894296803
2026-01-25 06:10:00,85,9.933583333333335,-22.412499999999998,7.277367403157916
2026-01-25 07:10:00,85,5.736275,-22.19416666666667,7.170455150622495
2026-01-25 08:10:00,85,7.1085499999999975,-20.70333333333333,6.840357144568266
2026-01-25 09:10:00,85,6.354391666666666,-19.088333333333335,6.507788676216912
2026-01-25 10:10:00,85,4.622708333333333,-17.322499999999998,6.156676864793174
2026-01-25 11:10:00,85,5.9882333333333335,-15.8375,5.826791390268055
2026-01-25 12:10:00,85,7.202233333333333,-15.235833333333334,5.6829910087074476
2026-01-25 13:10:00,85,8.894033333333335,-15.269166666666665,5.673224390346025
2026-01-25 14:10:00,85,5.224383333333333,-15.208333333333334,5.650729981006837
2026-01-25 15:10:00,85,16.321700000000003,-15.249999999999995,5.639285946101527
2026-01-25 16:10:00,85,11.335991666666667,-15.524166666666668,5.687544564352361
2026-01-25 17:10:00,85,6.267449999999999,-15.646666666666667,5.710398361376797
2026-01-25 18:10:00,85,6.430158333333334,-15.729999999999999,5.728095674664624
2026-01-25 19:10:00,85,7.915441666666666,-15.729999999999999,5.737460811061631
2026-01-25 20:10:00,85,7.459191666666668,-15.9075,5.820423051781212
2026-01-25 21:10:00,85,6.048449999999999,-16.46333333333334,5.940142568736501
2026-01-25 22:10:00,85,6.062316666666667,-16.5825,5.990773323915598
2026-01-25 23:10:00,85,8.355824999999998,-16.463333333333335,5.963999412247982
2026-01-26 00:10:00,86,5.945183333333334,-16.72333333333333,6.072127674380743
2026-01-26 01:10:00,86,4.659833333333334,-17.042500000000004,6.152657376737112
2026-01-26 02:10:00,86,7.352466666666666,-17.231666666666666,6.161312086323831
2026-01-26 03:10:00,86,8.555958333333333,-17.185000000000002,6.159769861420441
2026-01-26 04:10:00,86,4.725933333333333,-17.013333333333332,6.1174387900258305
2026-01-26 05:10:00,86,4.7586,-16.830000000000002,6.097478755540099
2026-01-26 06:10:00,86,6.525516666666666,-16.68916666666667,6.032576346771065
2026-01-26 07:10:00,86,6.658341666666666,-16.46833333333333,5.982334654455786
2026-01-26 08:10:00,86,7.733599999999998,-16.065,5.90569201339677
2026-01-26 09:10:00,86,6.5402000000000005,-15.407499999999999,5.773577241540535
2026-01-26 10:10:00,86,6.007991666666667,-14.523333333333335,5.626059824852772
2026-01-26 11:10:00,86,3.5824666666666665,-13.646666666666667,5.425443786141579
2026-01-26 12:10:00,86,5.828591666666667,-13.000833333333333,5.275248378962328
2026-01-26 13:10:00,86,7.037141666666666,-12.616666666666667,5.197720448496036
2026-01-26 14:10:00,86,5.709375,-12.36,5.1272758896598205
2026-01-26 15:10:00,86,4.8201583333333335,-12.430833333333334,5.134109938790436
2026-01-26 16:10:00,86,4.708441666666666,-12.695,5.1973032882743935
2026-01-26 17:10:00,86,6.196633333333334,-12.765,5.210920531312412
2026-01-26 18:10:00,86,5.258416666666666,-12.550833333333335,5.165757616170019
2026-01-26 19:10:00,86,5.8265916666666655,-12.279166666666667,5.11613876387126
2026-01-26 20:10:00,86,5.582216666666667,-12.393333333333333,5.1180066590111135
2026-01-26 21:10:00,86,7.735966666666667,-12.565000000000003,5.149953930647214
2026-01-26 22:10:00,86,6.635983333333334,-12.518333333333333,5.140430832441817
2026-01-26 23:10:00,86,5.938816666666665,-12.370833333333332,5.110734484847573
2026-01-27 00:10:00,87,4.881083333333333,-12.39,5.133458298791779
2026-01-27 01:10:00,87,4.951508333333333,-12.555833333333334,5.167489687651491
2026-01-27 02:10:00,87,5.852308333333333,-12.505833333333333,5.1694924512271765
2026-01-27 03:10:00,87,3.946075,-12.718333333333334,5.2116934057561
2026-01-27 04:10:00,87,5.580358333333332,-13.217500000000001,5.303273219081701
2026-01-27 05:10:00,87,6.273441666666668,-13.583333333333334,5.378347488978251
2026-01-27 06:10:00,87,5.728233333333334,-14.157499999999999,5.510013385700904
2026-01-27 07:10:00,87,5.599783333333333,-14.505000000000003,5.587530319916684
2026-01-27 08:10:00,87,5.368458333333333,-13.125833333333333,5.332103595319955
2026-01-27 09:10:00,87,6.446874999999999,-12.264166666666668,5.191189065789867
2026-01-27 10:10:00,87,2.8953,-10.454166666666667,4.811311032847874
2026-01-27 11:10:00,87,3.6378500000000003,-9.268333333333333,4.563634496139305
2026-01-27 12:10:00,87,3.65225,-8.836666666666666,4.466891832489769
2026-01-27 13:10:00,87,3.6517999999999993,-8.9125,4.4783023170162135
2026-01-27 14:10:00,87,4.671241666666667,-9.726666666666667,4.634119699919113
2026-01-27 15:10:00,87,5.7292499999999995,-10.674999999999999,4.817730121295006
2026-01-27 16:10:00,87,4.920858333333333,-12.264166666666668,5.112171391534534
2026-01-27 17:10:00,87,5.227666666666667,-14.958333333333334,5.66051729610652
2026-01-27 18:10:00,87,5.742208333333334,-14.996666666666664,5.668383848305247
2026-01-27 19:10:00,87,4.349683333333333,-14.703333333333331,5.616069440885153
2026-01-27 20:10:00,87,4.017075,-14.509166666666667,5.575579240572697
2026-01-27 21:10:00,87,4.967625000000001,-14.5875,5.5969755310886775
2026-01-27 22:10:00,87,6.7773916666666665,-14.721666666666666,5.629363885480938
2026-01-27 23:10:00,87,6.890383333333332,-15.023333333333332,5.706161895468784
2026-01-28 00:10:00,88,5.23205,-15.522499999999999,5.789160683210585
2026-01-28 01:10:00,88,5.572125,-15.964166666666669,5.866766914477535
2026-01-28 02:10:00,88,6.583841666666667,-17.519166666666667,6.181686550134835
2026-01-28 03:10:00,88,4.6369,-18.501666666666665,6.382845063361482
2026-01-28 04:10:00,88,7.021541666666667,-18.398333333333333,6.365805364034932
2026-01-28 05:10:00,88,6.059558333333334,-17.5975,6.208610676373498
2026-01-28 06:10:00,88,6.736775,-18.245,6.3346519916556145
2026-01-28 07:10:00,88,6.2225166666666665,-18.666666666666668,6.417422232185877
2026-01-28 08:10:00,88,6.353058333333334,-15.4775,5.8317232137967485
2026-01-28 09:10:00,88,7.002066666666665,-13.874166666666666,5.4941008046845505
2026-01-28 10:10:00,88,3.2393083333333337,-11.504166666666668,5.010889552099148
2026-01-28 11:10:00,88,4.193458333333332,-10.420833333333333,4.826306538596766
2026-01-28 12:10:00,88,4.573333333333333,-8.926666666666668,4.49638840486046
2026-01-28 13:10:00,88,4.540841666666666,-8.731666666666667,4.456085626683969
2026-01-28 14:10:00,88,4.258824999999999,-9.856666666666667,4.694618672779756
2026-01-28 15:10:00,88,5.245575,-10.800833333333332,4.889052527312664
2026-01-28 16:10:00,88,4.772449999999999,-12.156666666666666,5.127038311133741
2026-01-28 17:10:00,88,5.927983333333332,-13.506666666666666,5.3726776359763475
2026-01-28 18:10:00,88,4.510941666666666,-15.342500000000001,5.743302511375591
2026-01-28 19:10:00,88,5.516008333333333,-16.523333333333333,5.988194366308656
2026-01-28 20:10:00,88,6.2265999999999995,-17.455833333333334,6.173903737859044
2026-01-28 21:10:00,88,7.008758333333333,-17.893333333333334,6.263117138343747
2026-01-28 22:10:00,88,5.498916666666666,-17.8575,6.271195323386619
2026-01-28 23:10:00,88,6.770108333333335,-16.944166666666664,6.096039799441884
2026-01-29 00:10:00,89,5.648416666666667,-15.842500000000001,5.897290326442868
2026-01-29 01:10:00,89,5.779791666666665,-16.004166666666666,5.912470520172567
2026-01-29 02:10:00,89,5.796174999999999,-16.620833333333337,6.014496120332145
2026-01-29 03:10:00,89,6.509108333333332,-16.81,6.091600962179064
2026-01-29 04:10:00,89,6.9758249999999995,-17.5425,6.191276566657237
2026-01-29 05:10:00,89,4.624291666666666,-17.888333333333332,6.268122798681264
2026-01-29 06:10:00,89,6.189441666666665,-16.796666666666667,6.048846187972579
2026-01-29 07:10:00,89,7.048400000000001,-15.814166666666667,5.847094256380847
2026-01-29 08:10:00,89,6.601025,-13.564166666666665,5.446764342849861
2026-01-29 09:10:00,89,5.410641666666668,-11.638333333333334,5.06919150453173
2026-01-29 10:10:00,89,4.814191666666667,-9.846666666666666,4.703922806444418
2026-01-29 11:10:00,89,3.663066666666667,-8.374166666666666,4.392254914558681
2026-01-29 12:10:00,89,4.009283333333333,-7.594166666666666,4.246457564561991
2026-01-29 13:10:00,89,3.5916333333333332,-8.111666666666666,4.366614795539009
2026-01-29 14:10:00,89,3.5734083333333335,-9.240833333333333,4.59015330289527
2026-01-29 15:10:00,89,5.205133333333333,-10.420833333333333,4.813855570027294
2026-01-29 16:10:00,89,5.773008333333333,-11.685,5.044016932185327
2026-01-29 17:10:00,89,6.600216666666667,-12.115833333333335,5.1491369876348445
2026-01-29 18:10:00,89,7.0844499999999995,-12.819999999999999,5.3305616433811975
2026-01-29 19:10:00,89,4.329274999999999,-13.394166666666665,5.406754218234597
2026-01-29 20:10:00,89,6.874008333333333,-13.698333333333332,5.457278721264325
2026-01-29 21:10:00,89,6.786483333333333,-14.092500000000001,5.532390255428622
2026-01-29 22:10:00,89,7.046408333333334,-14.593333333333334,5.611817190701375
2026-01-29 23:10:00,89,6.756308333333333,-14.685,5.671979203805578
2026-01-30 00:10:00,90,5.6754999999999995,-14.80083333333333,5.751381859483441
2026-01-30 01:10:00,90,7.108158333333331,-15.156666666666666,5.812981014032574
2026-01-30 02:10:00,90,5.507124999999999,-15.490000000000004,5.882694031442548
2026-01-30 03:10:00,90,7.368825,-15.777499999999998,5.949378067729459
2026-01-30 04:10:00,90,6.237275,-16.078333333333333,6.021371271207156
2026-01-30 05:10:00,90,6.734716666666667,-16.6525,6.139092319380294
2026-01-30 06:10:00,90,8.200716666666667,-16.7225,6.143393652294614
2026-01-30 07:10:00,90,6.672725,-16.477499999999996,6.112572148237616
2026-01-30 08:10:00,90,6.689441666666666,-16.040833333333335,6.027526453761045
2026-01-30 09:10:00,90,7.432816666666666,-14.837500000000004,5.788213384610127
2026-01-30 10:10:00,90,6.718416666666666,-14.222500000000002,5.636179763885049
2026-01-30 11:10:00,90,4.307108333333334,-12.935833333333335,5.37637117965121
2026-01-30 12:10:00,90,4.964691666666667,-11.670833333333334,5.109428802349538
2026-01-30 13:10:00,90,5.732666666666667,-11.894166666666669,5.151598945934063
2026-01-30 14:10:00,90,5.956583333333334,-12.130833333333333,5.2165458635944395
2026-01-30 15:10:00,90,6.2280500000000005,-13.208333333333334,5.423073018697754
2026-01-30 16:10:00,90,6.104741666666666,-14.245,5.642066942875699
2026-01-30 17:10:00,90,5.022491666666666,-15.018333333333336,5.812751878767367
2026-01-30 18:10:00,90,5.263083333333333,-15.930833333333338,5.986565006086259
2026-01-30 19:10:00,90,5.91865,-16.278333333333332,6.080450195074674
2026-01-30 20:10:00,90,5.7415666666666665,-16.28,6.076164890982038
2026-01-30 21:10:00,90,7.606858333333334,-16.38416666666667,6.076061956843409
2026-01-30 22:10:00,90,8.700633333333334,-16.7175,6.1560016097105414
2026-01-30 23:10:00,90,5.808991666666666,-16.884166666666662,6.193083016788426
2026-01-31 00:10:00,91,7.855883333333335,-16.944166666666668,6.2312442843278
2026-01-31 01:10:00,91,6.9482333333333335,-16.805,6.222216276115475
2026-01-31 02:10:00,91,8.469566666666667,-16.74,6.222284779358061
2026-01-31 03:10:00,91,6.570891666666665,-16.820000000000004,6.222274764049162
2026-01-31 04:10:00,91,7.623958333333333,-16.73666666666667,6.205229266822695
2026-01-31 05:10:00,91,7.291549999999999,-16.675833333333333,6.178826105479123
2026-01-31 06:10:00,91,7.437508333333333,-16.706666666666663,6.169334820837095
2026-01-31 07:10:00,91,6.641575,-15.920833333333333,6.018067400779165
2026-01-31 08:10:00,91,7.043383333333332,-13.973333333333334,5.620064850538262
2026-01-31 09:10:00,91,6.359866666666667,-12.87,5.414781974596875
2026-01-31 10:10:00,91,6.9366166666666675,-10.920833333333334,4.9820068945923985
2026-01-31 11:10:00,91,4.251025,-9.574166666666667,4.690354795684543
2026-01-31 12:10:00,91,3.3228166666666663,-8.611666666666666,4.4828809183056055
2026-01-31 13:10:00,91,2.9221083333333335,-8.490833333333333,4.448660485975831
2026-01-31 14:10:00,91,4.878191666666666,-9.675833333333333,4.6891081674948225
2026-01-31 15:10:00,91,4.560708333333333,-10.87,4.872623665459092
2026-01-31 16:10:00,91,6.818583333333333,-12.194999999999999,5.171936580828476
2026-01-31 17:10:00,91,6.692041666666667,-13.338333333333333,5.416428880954184
2026-01-31 18:10:00,91,5.888374999999999,-14.041666666666666,5.5282669563051074
2026-01-31 19:10:00,91,4.348858333333333,-14.90333333333333,5.665528758183111
2026-01-31 20:10:00,91,4.648041666666666,-15.157499999999999,5.734950357308252
2026-01-31 21:10:00,91,5.242166666666667,-15.625833333333334,5.83815571483299
2026-01-31 22:10:00,91,6.666541666666666,-16.903333333333336,6.061567289749206
2026-01-31 23:10:00,91,7.297483333333333,-17.036666666666665,6.090107204582927
2026-02-01 00:10:00,92,5.497199999999999,-18.135,6.31929499992796
2026-02-01 01:10:00,92,6.743591666666667,-19.37833333333333,6.574609578947735
2026-02-01 02:10:00,92,7.0410666666666675,-19.379166666666666,6.575490401674881
2026-02-01 03:10:00,92,6.346350000000001,-19.883333333333333,6.678309736378019
2026-02-01 04:10:00,92,6.664691666666667,-19.10166666666667,6.528075259627716
2026-02-01 05:10:00,92,7.416158333333331,-19.75916666666667,6.660707943677124
2026-02-01 06:10:00,92,6.190383333333334,-19.897499999999997,6.6812188167019695
2026-02-01 07:10:00,92,6.0324583333333335,-19.24083333333333,6.546374387568202
2026-02-01 08:10:00,92,6.475391666666668,-15.13,5.702227726506171
2026-02-01 09:10:00,92,4.937708333333333,-11.473333333333334,5.011401526075942
2026-02-01 10:10:00,92,5.644791666666666,-8.647499999999999,4.436158904789655
2026-02-01 11:10:00,92,3.6482916666666667,-7.685833333333334,4.22396894913855
2026-02-01 12:10:00,92,4.121733333333333,-6.764166666666667,4.050057999978591
2026-02-01 13:10:00,92,3.647491666666666,-5.995833333333334,3.9082164927325316
2026-02-01 14:10:00,92,4.526541666666667,-6.394166666666667,3.9653452523171873
2026-02-01 15:10:00,92,5.644983333333332,-7.175,4.124582880942549
2026-02-01 16:10:00,92,6.312841666666666,-8.676666666666668,4.403100483830103
2026-02-01 17:10:00,92,4.068633333333333,-9.625,4.594437292945213
2026-02-01 18:10:00,92,5.234958333333332,-9.952499999999999,4.6973226047477645
2026-02-01 19:10:00,92,4.412958333333333,-10.375,4.765928738148341
2026-02-01 20:10:00,92,5.195991666666667,-10.555833333333334,4.825431844300007
2026-02-01 21:10:00,92,5.317024999999999,-11.505,4.982141818544594
2026-02-01 22:10:00,92,5.269816666666666,-12.448333333333332,5.2029105006594705
2026-02-01 23:10:00,92,6.53195,-13.963333333333333,5.480972940230286
2026-02-02 00:10:00,93,5.774566666666665,-15.005833333333337,5.685948652941215
2026-02-02 01:10:00,93,5.595916666666667,-16.171666666666667,5.922189899449896
2026-02-02 02:10:00,93,5.527716666666666,-16.393333333333334,5.967595115743386
2026-02-02 03:10:00,93,6.276133333333334,-16.920833333333334,6.075645874817741
2026-02-02 04:10:00,93,4.811733333333333,-17.06416666666667,6.10500563873684
2026-02-02 05:10:00,93,7.379883333333332,-17.099999999999998,6.112345579716613
2026-02-02 06:10:00,93,5.422466666666666,-17.958333333333332,6.29029862429426
2026-02-02 07:10:00,93,7.052033333333334,-15.93083333333334,5.8728586682137385
2026-02-02 08:10:00,93,5.122216666666667,-10.320833333333335,4.77453367305126
2026-02-02 09:10:00,93,4.4770416666666675,-7.939166666666666,4.317230583464255
2026-02-02 10:10:00,93,3.2193666666666667,-5.245,3.7585282344262865
2026-02-02 11:10:00,93,2.4699,-3.1475000000000004,3.3333529342007737
2026-02-02 12:10:00,93,2.419283333333333,-1.9208333333333334,3.091521669352116
2026-02-02 13:10:00,93,2.069875,-1.0591666666666668,2.894611460377721
2026-02-02 14:10:00,93,3.0371666666666663,-1.8150000000000004,3.0448579206814568
2026-02-02 15:10:00,93,4.350266666666666,-3.000833333333334,3.25802831618047
2026-02-02 16:10:00,93,4.554825000000001,-4.350833333333333,3.5008628576335745
2026-02-02 17:10:00,93,3.544883333333333,-5.75,3.7907971739335595
2026-02-02 18:10:00,93,4.830575,-6.116666666666666,3.9025839388944
2026-02-02 19:10:00,93,3.032466666666667,-6.36,3.9673634029305522
2026-02-02 20:10:00,93,4.850675000000001,-8.375,4.326764204714665
2026-02-02 21:10:00,93,4.647516666666666,-9.574166666666667,4.570787277662105
2026-02-02 22:10:00,93,4.368183333333333,-10.2875,4.737383287008664
2026-02-02 23:10:00,93,4.49095,-10.749166666666667,4.8262002088466
2026-02-03 00:10:00,94,5.320308333333332,-11.500833333333333,4.974054614512766
2026-02-03 01:10:00,94,5.137416666666667,-12.435000000000002,5.163629367512051
2026-02-03 02:10:00,94,4.165633333333333,-13.036666666666667,5.286372065826317
2026-02-03 03:10:00,94,6.308391666666666,-14.082500000000001,5.499726756109426
2026-02-03 04:10:00,94,5.014999999999999,-14.472499999999998,5.579288505155237
2026-02-03 05:10:00,94,4.211491666666666,-15.252500000000003,5.738412003246863
2026-02-03 06:10:00,94,6.3051,-15.864166666666668,5.863194746408457
2026-02-03 07:10:00,94,4.943466666666667,-14.529166666666669,5.5908487592900995
2026-02-03 08:10:00,94,5.403733333333334,-8.074166666666667,4.296294182857
2026-02-03 09:10:00,94,4.836333333333333,-7.0225,4.095968761220341
2026-02-03 10:10:00,94,2.485875,-3.9716666666666662,3.484303506017807
2026-02-03 11:10:00,94,2.7512999999999996,-2.7258333333333336,3.260279424014001
2026-02-03 12:10:00,94,3.2677333333333336,-1.3841666666666665,2.972550929398752
2026-02-03 13:10:00,94,1.9024999999999999,-0.365,2.757371041543906
2026-02-03 14:10:00,94,2.649716666666667,-0.38000000000000006,2.7356568073646415
2026-02-03 15:10:00,94,4.186116666666666,-1.9716666666666665,3.0294156269744485
2026-02-03 16:10:00,94,3.787075,-4.444166666666666,3.5334635307592848
2026-02-03 17:10:00,94,2.9297416666666667,-6.4624999999999995,3.9452125824450914
2026-02-03 18:10:00,94,3.3553333333333333,-8.528333333333334,4.366651847155709
2026-02-03 19:10:00,94,3.848583333333333,-10.769166666666665,4.8237918966945745
2026-02-03 20:10:00,94,2.4886000000000004,-12.1625,5.1080381454223485
2026-02-03 21:10:00,94,5.031766666666666,-13.176666666666668,5.314932693688917
2026-02-03 22:10:00,94,4.732633333333333,-13.838333333333336,5.449915661087155
2026-02-03 23:10:00,94,4.899958333333333,-14.745,5.63487972724494
2026-02-04 00:10:00,95,4.777316666666667,-15.819999999999999,5.836681038313914
2026-02-04 01:10:00,95,5.92,-16.3,5.933512030272869
2026-02-04 02:10:00,95,4.273816666666667,-15.904166666666667,5.85366008377894
2026-02-04 03:10:00,95,5.566966666666666,-15.167499999999999,5.7050514086197115
2026-02-04 04:10:00,95,5.152466666666665,-14.509166666666667,5.572245013398231
2026-02-04 05:10:00,95,5.53825,-13.500833333333333,5.368832686540012
2026-02-04 06:10:00,95,4.524566666666666,-13.079166666666666,5.2837693498538485
2026-02-04 07:10:00,95,6.743549999999999,-12.134166666666667,5.0931333344346585
2026-02-04 08:10:00,95,3.1017166666666665,-8.397499999999999,4.339822047638713
2026-02-04 09:10:00,95,4.1872,-5.423333333333333,3.7487935846118865
2026-02-04 10:10:00,95,4.9078,-3.2933333333333334,3.3179596863412315
2026-02-04 11:10:00,95,10.017033333333334,-1.9783333333333335,3.0811972610206437
2026-02-04 12:10:00,95,2.5349999999999997,-1.2116666666666667,2.955017091880807
2026-02-04 13:10:00,95,3.9345749999999993,-0.48500000000000004,2.795360162455667
2026-02-04 14:10:00,95,2.8322583333333333,-1.3708333333333336,2.9762614274606594
2026-02-04 15:10:00,95,4.032299999999999,-2.328333333333333,3.1666299143689036
2026-02-04 16:10:00,95,3.8780416666666664,-3.5316666666666667,3.413239874656633
2026-02-04 17:10:00,95,4.4027916666666655,-4.6675,3.65772469655755
2026-02-04 18:10:00,95,4.653783333333333,-5.81,3.8863613175734715
2026-02-04 19:10:00,95,2.7803666666666667,-6.219166666666666,3.969092069429263
2026-02-04 20:10:00,95,6.280816666666666,-7.426666666666667,4.147505638398511
2026-02-04 21:10:00,95,5.677383333333332,-7.715833333333332,4.2693544721708445
2026-02-04 22:10:00,95,4.38175,-8.375,4.357836178198605
2026-02-04 23:10:00,95,5.0763083333333325,-8.8375,4.452097313032369
2026-02-05 00:10:00,96,4.089875,-8.56,4.462141502007612
2026-02-05 01:10:00,96,4.514125,-8.795833333333334,4.469391499706679
2026-02-05 02:10:00,96,5.015325,-9.450000000000001,4.573393680703516
2026-02-05 03:10:00,96,4.341975,-10.44,4.7613426279282995
2026-02-05 04:10:00,96,4.8755,-11.045833333333333,4.881534918302415
2026-02-05 05:10:00,96,4.527116666666666,-10.319166666666666,4.735997753014072
2026-02-05 06:10:00,96,5.209433333333333,-8.134166666666667,4.313461632201975
2026-02-05 07:10:00,96,6.0376416666666675,-7.504166666666666,4.1762708084778435
2026-02-05 08:10:00,96,8.053908333333332,-6.8475,4.078500505675034
2026-02-05 09:10:00,96,4.2131,-5.995,3.9435435741905702
2026-02-05 10:10:00,96,2.3606833333333337,-4.0225,3.5775708030593334
2026-02-05 11:10:00,96,3.533275,-3.7550000000000003,3.5499015442602233
2026-02-05 12:10:00,96,3.8230500000000003,-3.2275000000000005,3.391881734825664
2026-02-05 13:10:00,96,3.808958333333333,-4.0233333333333325,3.603824206383315
2026-02-05 14:10:00,96,2.9879083333333334,-4.240833333333334,3.6334957607867016
2026-02-05 15:10:00,96,3.1927250000000003,-5.773333333333333,3.9226675774826725
2026-02-05 16:10:00,96,5.292741666666666,-7.495833333333334,4.199238580093902
2026-02-05 17:10:00,96,5.429491666666666,-9.648333333333333,4.642224621343048
2026-02-05 18:10:00,96,4.475791666666666,-10.5425,4.8271225951781656
2026-02-05 19:10:00,96,4.010758333333333,-11.478333333333333,5.003656286204239
2026-02-05 20:10:00,96,5.235766666666667,-12.63,5.2071838833512825
2026-02-05 21:10:00,96,5.972641666666666,-13.209166666666668,5.359139403512081
2026-02-05 22:10:00,96,3.8394333333333335,-15.597499999999997,5.794498812256692
2026-02-05 23:10:00,96,6.4378166666666665,-16.505,5.974899562572983
2026-02-06 00:10:00,97,6.14325,-17.14916666666667,6.104746384826348
2026-02-06 01:10:00,97,4.712083333333333,-18.400000000000002,6.354658114889652
2026-02-06 02:10:00,97,6.532916666666666,-20.14833333333333,6.703968447782929
2026-02-06 03:10:00,97,4.88765,-21.38083333333334,6.950217247758697
2026-02-06 04:10:00,97,6.132366666666666,-22.37,7.147848975663521
2026-02-06 05:10:00,97,7.1023249999999996,-23.725833333333327,7.418739305319079
2026-02-06 06:10:00,97,7.189925000000001,-24.277500000000003,7.528960201589506
2026-02-06 07:10:00,97,6.827608333333333,-22.596666666666668,7.193136111291249
2026-02-06 08:10:00,97,6.005391666666666,-18.254166666666666,6.325521171011518
2026-02-06 09:10:00,97,6.780891666666666,-14.37,5.588788977515709
2026-02-06 10:10:00,97,4.5957333333333334,-10.44,4.803767774801219
2026-02-06 11:10:00,97,4.972391666666666,-8.958333333333334,4.535211701324811
2026-02-06 12:10:00,97,3.8430333333333326,-7.55,4.250482775280456
2026-02-06 13:10:00,97,4.237716666666667,-6.724166666666666,4.085100745485546
2026-02-06 14:10:00,97,4.038291666666667,-6.795833333333333,4.079729342339132
2026-02-06 15:10:00,97,5.697716666666666,-7.096666666666667,4.106104870274217
2026-02-06 16:10:00,97,4.749258333333333,-8.8925,4.455095870857518
2026-02-06 17:10:00,97,6.39655,-11.1725,4.910631176289362
2026-02-06 18:10:00,97,5.280924999999999,-13.230000000000002,5.3217118302042845
2026-02-06 19:10:00,97,3.8703333333333334,-15.467500000000001,5.76875579770593
2026-02-06 20:10:00,97,5.47705,-17.673333333333332,6.209472885965466
2026-02-06 21:10:00,97,6.931591666666667,-18.361666666666668,6.346999261070256
2026-02-06 22:10:00,97,6.221141666666666,-19.254166666666666,6.5253173576044325
2026-02-06 23:10:00,97,6.942733333333332,-19.898333333333333,6.654019401134701
2026-02-07 00:10:00,98,6.316633333333332,-20.463333333333335,6.732324239328343
2026-02-07 01:10:00,98,7.340699999999999,-19.570833333333333,6.55547264365296
2026-02-07 02:10:00,98,4.893466666666667,-18.5925,6.362454301086858
2026-02-07 03:10:00,98,5.976566666666667,-17.583333333333332,6.163352756923698
2026-02-07 04:10:00,98,7.15055,-17.221666666666668,6.091998446298751
2026-02-07 05:10:00,98,5.514608333333333,-17.124166666666667,6.07276237638373
2026-02-07 06:10:00,98,6.712816666666667,-16.429999999999996,5.935808135022942
2026-02-07 07:10:00,98,5.588741666666667,-15.8375,5.818912017847049
2026-02-07 08:10:00,98,5.295841666666666,-11.934166666666664,5.0488115778303335
2026-02-07 09:10:00,98,4.553575,-7.801666666666667,4.309999988547209
2026-02-07 10:10:00,98,5.4959999999999996,-5.377499999999999,3.8576616262084378
2026-02-07 11:10:00,98,3.9089916666666666,-3.8183333333333334,3.57132342086372
2026-02-07 12:10:00,98,2.4209916666666667,-2.886666666666667,3.3358664226585915
2026-02-07 13:10:00,98,2.8527750000000003,-3.4433333333333334,3.477641818224545
2026-02-07 14:10:00,98,4.776591666666667,-3.6675,3.448969822989536
2026-02-07 15:10:00,98,3.274558333333333,-4.659166666666667,3.6376554703852335
2026-02-07 16:10:00,98,5.5191333333333334,-5.575,3.8003954792545724
2026-02-07 17:10:00,98,4.7134,-6.1575,3.9105915396509103
2026-02-07 18:10:00,98,5.041333333333333,-6.343333333333334,3.950781378523402
2026-02-07 19:10:00,98,4.605933333333333,-6.551666666666667,3.9883755728142996
2026-02-07 20:10:00,98,4.732525,-6.612500000000001,4.019086752151724
2026-02-07 21:10:00,98,4.672008333333333,-6.704166666666667,4.031036001126483
2026-02-07 22:10:00,98,5.370024999999999,-7.300833333333333,4.198955905377373
2026-02-07 23:10:00,98,5.0168333333333335,-9.034166666666668,4.560956023287176
2026-02-08 00:10:00,99,4.410266666666666,-10.250833333333334,4.827615045218746
2026-02-08 01:10:00,99,6.562366666666668,-11.467500000000001,5.07235913683515
2026-02-08 02:10:00,99,3.9907166666666662,-12.292499999999999,5.221023773783919
2026-02-08 03:10:00,99,6.29325,-12.735833333333332,5.321484446738018
2026-02-08 04:10:00,99,5.695808333333334,-13.379999999999997,5.416778956693643
2026-02-08 05:10:00,99,6.428033333333333,-13.94,5.592254828130891
2026-02-08 06:10:00,99,6.281024999999999,-14.235,5.662615208530589
2026-02-08 07:10:00,99,6.152174999999999,-13.225833333333334,5.471829020206902
2026-02-08 08:10:00,99,6.8280666666666665,-11.125,5.063514867499094
2026-02-08 09:10:00,99,4.829816666666667,-10.916666666666666,5.047848671659155
2026-02-08 10:10:00,99,5.577858333333333,-8.744166666666667,4.566375126783232
2026-02-08 11:10:00,99,3.2813749999999997,-7.146666666666667,4.249572330266022
2026-02-08 12:10:00,99,3.284275,-5.7225,3.9590475141182377
2026-02-08 13:10:00,99,1.9743166666666663,-5.5058333333333325,3.943254694184804
2026-02-08 14:10:00,99,3.5473166666666662,-6.815,4.16455416037752
2026-02-08 15:10:00,99,3.934241666666667,-7.616666666666667,4.301784376319242
2026-02-08 16:10:00,99,5.028675,-9.135,4.644458118099203
2026-02-08 17:10:00,99,7.0060916666666655,-10.648333333333333,4.975484517786727
2026-02-08 18:10:00,99,3.8911083333333334,-12.217500000000001,5.313185836917565
2026-02-08 19:10:00,99,5.592416666666667,-13.648333333333333,5.577132691442747
2026-02-08 20:10:00,99,5.554199999999999,-14.574166666666665,5.757115925801018
2026-02-08 21:10:00,99,6.441683333333333,-14.862499999999999,5.844512933646474
2026-02-08 22:10:00,99,4.488758333333333,-15.023333333333332,5.8133545546535865
2026-02-08 23:10:00,99,7.3570166666666665,-15.263333333333335,5.856896144638324
2026-02-09 00:10:00,100,5.740375,-15.574166666666665,5.9639264186483745
2026-02-09 01:10:00,100,7.830858333333332,-15.834166666666667,6.0218559510830385
2026-02-09 02:10:00,100,7.062083333333333,-16.0,6.026606150924598
2026-02-09 03:10:00,100,8.5881,-15.752500000000003,5.967786234464714
2026-02-09 04:10:00,100,7.335516666666665,-15.644166666666669,5.9137057176018075
2026-02-09 05:10:00,100,8.451291666666666,-15.652499999999998,5.8864054772045105
2026-02-09 06:10:00,100,7.430658333333334,-15.75,5.943722892128527
2026-02-09 07:10:00,100,7.982616666666666,-14.414999999999997,5.739885311850122
2026-02-09 08:10:00,100,7.4561416666666664,-12.412500000000001,5.383426563608335
2026-02-09 09:10:00,100,6.686191666666667,-11.074166666666665,5.11510809176815
2026-02-09 10:10:00,100,3.8258916666666667,-8.030833333333332,4.479203310118379
2026-02-09 11:10:00,100,3.974491666666666,-5.573333333333334,3.968684459207913
2026-02-09 12:10:00,100,4.757225,-3.9291666666666667,3.647224513758128
2026-02-09 13:10:00,100,3.0265583333333335,-3.01,3.4436530749002006
2026-02-09 14:10:00,100,3.1963666666666666,-3.9341666666666666,3.6281561545043903
2026-02-09 15:10:00,100,4.726391666666666,-4.420833333333333,3.6958597131471516
2026-02-09 16:10:00,100,5.788649999999999,-5.2875000000000005,3.857665880576628
2026-02-09 17:10:00,100,5.906391666666666,-6.805,4.158875489147061
2026-02-09 18:10:00,100,4.083816666666666,-7.8374999999999995,4.347092709626379
2026-02-09 19:10:00,100,6.150416666666667,-8.62,4.532676815186378
2026-02-09 20:10:00,100,6.521133333333333,-9.209166666666667,4.634950301172779
2026-02-09 21:10:00,100,4.021575,-10.147499999999999,4.80898934682616
2026-02-09 22:10:00,100,6.234383333333333,-11.009166666666665,5.003772996749972
2026-02-09 23:10:00,100,5.374608333333334,-11.586666666666666,5.075721949043692
2026-02-10 00:10:00,101,5.263475000000001,-12.0,5.160060001920292
2026-02-10 01:10:00,101,5.963508333333333,-12.153333333333336,5.219713979846062
2026-02-10 02:10:00,101,5.19395,-12.44,5.267548406245579
2026-02-10 03:10:00,101,6.107549999999999,-13.148333333333332,5.35281724367614
2026-02-10 04:10:00,101,5.153999999999999,-13.5875,5.404084125165561
2026-02-10 05:10:00,101,6.985283333333332,-13.759166666666665,5.459747769881808
2026-02-10 06:10:00,101,7.384391666666668,-14.509166666666667,5.575078353949188
2026-02-10 07:10:00,101,5.470291666666666,-11.975833333333334,5.158582375534337
2026-02-10 08:10:00,101,5.067025,-9.156666666666666,4.623976420327647
2026-02-10 09:10:00,101,4.6526,-7.25,4.229475591125076
2026-02-10 10:10:00,101,1.556158333333333,-3.9858333333333333,3.594528938272896
2026-02-10 11:10:00,101,2.760491666666666,-1.5241666666666667,3.068855796697215
2026-02-10 12:10:00,101,2.053983333333333,0.19833333333333333,2.71887544317872
2026-02-10 13:10:00,101,1.6712833333333335,1.7924999999999998,2.397141119239406
2026-02-10 14:10:00,101,2.656133333333333,0.6016666666666666,2.6127945899545124
2026-02-10 15:10:00,101,3.558116666666667,-1.5741666666666667,3.0238796298040826
2026-02-10 16:10:00,101,3.8117583333333336,-3.940833333333334,3.4893918859624895
2026-02-10 17:10:00,101,4.735925,-5.413333333333334,3.7799933675058184
2026-02-10 18:10:00,101,2.918625,-6.125,3.9204425272330408
2026-02-10 19:10:00,101,4.471191666666667,-7.333333333333333,4.158910070095422
2026-02-10 20:10:00,101,4.649849999999999,-7.915833333333333,4.273867871792528
2026-02-10 21:10:00,101,4.491783333333333,-7.473333333333333,4.18653941299258
2026-02-10 22:10:00,101,4.819341666666666,-6.916666666666667,4.076679882901497
2026-02-10 23:10:00,101,4.0992,-6.0008333333333335,3.9186525098483385
2026-02-11 00:10:00,102,4.002841666666667,-5.711666666666666,3.8442795070735505
2026-02-11 01:10:00,102,5.088966666666666,-5.715833333333332,3.846867358142003
2026-02-11 02:10:00,102,3.886183333333333,-5.559166666666666,3.8189126702751395
2026-02-11 03:10:00,102,4.305225,-5.360833333333333,3.776921170323357
2026-02-11 04:10:00,102,2.8387249999999997,-5.1475,3.731292192421562
2026-02-11 05:10:00,102,5.4397166666666665,-5.206666666666666,3.7424653045695297
2026-02-11 06:10:00,102,3.393499999999999,-5.148333333333333,3.7309131749433675
2026-02-11 07:10:00,102,4.39445,-4.709166666666667,3.643942141900683
2026-02-11 08:10:00,102,3.464166666666666,-3.6341666666666668,3.4310528959328224
2026-02-11 09:10:00,102,3.790083333333333,-2.796666666666667,3.2651973205857683
2026-02-11 10:10:00,102,4.120566666666667,-2.328333333333333,3.172450222730003
2026-02-11 11:10:00,102,2.7932666666666663,-1.6875,3.045541827265441
2026-02-11 12:10:00,102,3.419583333333333,-1.5691666666666668,3.022107507166653
2026-02-11 13:10:00,102,2.6949666666666663,-0.685,2.8508868063709856
2026-02-11 14:10:00,102,4.0402249999999995,-0.24083333333333332,2.7594777695835857
2026-02-11 15:10:00,102,2.838883333333333,-1.2258333333333333,2.9541149727955225
2026-02-11 16:10:00,102,2.4920833333333334,-2.3741666666666665,3.181526896007702
2026-02-11 17:10:00,102,2.6146416666666665,-2.8200000000000003,3.2698181724362336
2026-02-11 18:10:00,102,2.6131916666666664,-3.0833333333333335,3.321967786177198
2026-02-11 19:10:00,102,4.02085,-3.6758333333333333,3.4393044170943674
2026-02-11 20:10:00,102,3.559808333333333,-3.615,3.4272571961985117
2026-02-11 21:10:00,102,4.379191666666666,-3.519166666666667,3.408278697526958
2026-02-11 22:10:00,102,4.300241666666666,-4.254166666666667,3.553835530816612
2026-02-11 23:10:00,102,5.213866666666666,-4.088333333333334,3.520994476593663
2026-02-12 00:10:00,103,3.4760833333333334,-3.75,3.463426891103264
2026-02-12 01:10:00,103,3.852383333333333,-3.7449999999999997,3.4624388040214
2026-02-12 02:10:00,103,3.958766666666666,-3.735,3.460462629857671
2026-02-12 03:10:00,103,3.842624999999999,-3.7750000000000004,3.4683673265125865
2026-02-12 04:10:00,103,4.085991666666666,-3.856666666666666,3.484506082183039
2026-02-12 05:10:00,103,3.7427083333333333,-3.89,3.491093329395469
2026-02-12 06:10:00,103,5.392691666666667,-3.894166666666667,3.4919167352970226
2026-02-12 07:10:00,103,3.388433333333333,-3.560833333333333,3.426044263172726
2026-02-12 08:10:00,103,3.4083916666666663,-1.9900000000000002,3.1514589152042096
2026-02-12 09:10:00,103,3.419625,-1.1849999999999998,2.985853671096946
2026-02-12 10:10:00,103,1.4337333333333333,-0.4025,2.843470474116983
2026-02-12 11:10:00,103,3.152833333333333,-0.2908333333333334,2.814866022070361
2026-02-12 12:10:00,103,2.9487083333333333,0.39916666666666667,2.7039516814311373
2026-02-12 13:10:00,103,2.233033333333333,-0.6391666666666667,2.9413778271200575
2026-02-12 14:10:00,103,2.2988833333333334,-1.1341666666666668,3.026529416286301
2026-02-12 15:10:00,103,4.103141666666667,-1.8291666666666664,3.1899554349530863
2026-02-12 16:10:00,103,3.393816666666666,-3.0833333333333335,3.427157053464672
2026-02-12 17:10:00,103,4.805408333333333,-3.9125,3.6090144381777978
2026-02-12 18:10:00,103,2.289191666666667,-4.508333333333333,3.722686469283028
2026-02-12 19:10:00,103,3.6601166666666667,-5.245,3.8886599131506623
2026-02-12 20:10:00,103,3.8564249999999998,-6.1625000000000005,4.082803927666646
2026-02-12 21:10:00,103,4.087733333333333,-7.1308333333333325,4.28530783309977
2026-02-12 22:10:00,103,3.9080333333333335,-7.875,4.399847659383242
2026-02-12 23:10:00,103,3.4459083333333327,-8.588333333333333,4.51959184975988
2026-02-13 00:10:00,104,4.807041666666667,-9.2925,4.676794956008578
2026-02-13 01:10:00,104,5.531616666666667,-9.943333333333333,4.735256985579135
2026-02-13 02:10:00,104,4.836916666666666,-9.351666666666667,4.690955675712555
2026-02-13 03:10:00,104,5.4183916666666665,-10.352500000000001,4.801546397076159
2026-02-13 04:10:00,104,5.3233500000000005,-10.906666666666666,4.897683750807342
2026-02-13 05:10:00,104,4.803108333333332,-11.838333333333333,5.075386488751749
2026-02-13 06:10:00,104,4.9913333333333325,-12.885,5.271249393564104
2026-02-13 07:10:00,104,5.628025,-10.674999999999999,4.899599675632468
2026-02-13 08:10:00,104,5.348916666666666,-7.546666666666667,4.37473256736345
2026-02-13 09:10:00,104,5.548291666666665,-5.995,4.075922542837915
2026-02-13 10:10:00,104,2.155866666666667,-4.021666666666667,3.686142600397036
2026-02-13 11:10:00,104,0.8782333333333332,-2.19,3.3064826266970293
2026-02-13 12:10:00,104,2.490241666666667,-1.4016666666666666,3.127089548388109
2026-02-13 13:10:00,104,0.8633083333333333,-0.2166666666666667,2.8914130210673377
2026-02-13 14:10:00,104,1.7560833333333332,-0.9108333333333333,3.0177353983175195
2026-02-13 15:10:00,104,2.283541666666667,-2.286666666666666,3.276405882369995
2026-02-13 16:10:00,104,3.2109916666666667,-3.333333333333334,3.493304386233188
2026-02-13 17:10:00,104,3.9592249999999996,-4.573333333333333,3.723271377990001
2026-02-13 18:10:00,104,3.5432,-5.7825,3.963571432038157
2026-02-13 19:10:00,104,3.5524916666666666,-6.918333333333334,4.145144996697283
2026-02-13 20:10:00,104,3.1354249999999992,-7.908333333333334,4.3303470053037065
2026-02-13 21:10:00,104,5.654425000000001,-8.189166666666667,4.436450499453108
2026-02-13 22:10:00,104,7.068083333333333,-8.036666666666667,4.42110966952767
2026-02-13 23:10:00,104,4.612166666666666,-8.574166666666667,4.4944935307528695
2026-02-14 00:10:00,105,6.328891666666666,-7.903333333333333,4.410249697556123
2026-02-14 01:10:00,105,4.150016666666667,-7.781666666666667,4.381360988048337
2026-02-14 02:10:00,105,5.836574999999999,-8.624166666666666,4.4813935927214645
2026-02-14 03:10:00,105,5.798858333333334,-9.8425,4.720445267213898
2026-02-14 04:10:00,105,5.0464,-10.513333333333334,4.805623835436378
2026-02-14 05:10:00,105,4.672883333333334,-12.676666666666668,5.237721021872404
2026-02-14 06:10:00,105,6.269675,-14.564166666666665,5.6110931900960095
2026-02-14 07:10:00,105,4.5353916666666665,-10.929166666666667,4.890112847008984
2026-02-14 08:10:00,105,5.6489,-5.240833333333334,3.8063199290692555
2026-02-14 09:10:00,105,3.408208333333333,-3.8466666666666662,3.5633655049964554
2026-02-14 10:10:00,105,3.290058333333333,-1.241666666666667,3.019613503175918
2026-02-14 11:10:00,105,1.9425833333333333,-0.2866666666666667,2.8302598407739183
2026-02-14 12:10:00,105,3.1104083333333334,-0.023333333333333307,2.7641281233945363
2026-02-14 13:10:00,105,2.9581166666666667,-0.08416666666666668,2.805604168236388
2026-02-14 14:10:00,105,2.940941666666667,-0.7083333333333334,2.90501617641737
2026-02-14 15:10:00,105,3.2429499999999996,-1.5550000000000004,3.0630269901402634
2026-02-14 16:10:00,105,3.54685,-2.8624999999999994,3.2868184857456573
2026-02-14 17:10:00,105,3.1203833333333333,-3.2225,3.379501440840276
2026-02-14 18:10:00,105,3.7694666666666663,-3.0283333333333338,3.356526448685549
2026-02-14 19:10:00,105,4.77515,-3.5283333333333338,3.4360697959691806
2026-02-14 20:10:00,105,2.3582083333333332,-4.101666666666667,3.569324414638039
2026-02-14 21:10:00,105,3.59705,-5.338333333333334,3.860495048551765
2026-02-14 22:10:00,105,4.429058333333334,-5.829166666666667,3.9310034538224716
2026-02-14 23:10:00,105,4.738133333333334,-6.550833333333333,4.059965942221723
2026-02-15 00:10:00,106,4.7189,-7.1725,4.1992597393760756
2026-02-15 01:10:00,106,4.985925,-8.2325,4.463322911144184
2026-02-15 02:10:00,106,5.294216666666666,-9.773333333333333,4.734285926286678
2026-02-15 03:10:00,106,4.354283333333333,-11.134166666666667,4.97989053932447
2026-02-15 04:10:00,106,4.454908333333333,-12.291666666666666,5.164436367235328
2026-02-15 05:10:00,106,4.80315,-12.834166666666668,5.271486570225821
2026-02-15 06:10:00,106,5.96435,-13.245833333333335,5.352719750375289
2026-02-15 07:10:00,106,4.855591666666665,-11.481666666666667,5.085443573385203
2026-02-15 08:10:00,106,3.8735166666666667,-8.574166666666667,4.52785330744284
2026-02-15 09:10:00,106,5.555183333333333,-7.023333333333333,4.234981400265354
2026-02-15 10:10:00,106,2.621766666666667,-4.676666666666667,3.779488125749895
2026-02-15 11:10:00,106,2.4191916666666664,-2.9858333333333325,3.4237284105947454
2026-02-15 12:10:00,106,0.9313333333333333,-0.45,2.9245298044975905
2026-02-15 13:10:00,106,1.6431749999999998,0.4208333333333334,2.7203702891255883
2026-02-15 14:10:00,106,0.8707250000000001,0.4083333333333332,2.675867590748656
2026-02-15 15:10:00,106,3.7911916666666667,-1.7966666666666669,3.104952822000863
2026-02-15 16:10:00,106,3.6035166666666663,-3.5283333333333338,3.436495518091701
2026-02-15 17:10:00,106,4.561374999999999,-5.235833333333333,3.7761789547096978
2026-02-15 18:10:00,106,4.726599999999999,-6.6575,4.052659988711946
2026-02-15 19:10:00,106,3.528083333333333,-8.370833333333334,4.390747880184224
2026-02-15 20:10:00,106,3.814216666666666,-9.852500000000001,4.683121552867936
2026-02-15 21:10:00,106,4.490591666666666,-10.9675,4.903141785742404
2026-02-15 22:10:00,106,4.837375,-12.09666666666667,5.125957492427686
2026-02-15 23:10:00,106,5.064691666666666,-13.615000000000002,5.425566509092321
2026-02-16 00:10:00,107,6.229541666666666,-14.795833333333334,5.654604002720948
2026-02-16 01:10:00,107,4.132216666666666,-15.348333333333334,5.763054259950154
2026-02-16 02:10:00,107,4.8140583333333336,-16.45,5.979300474214119
2026-02-16 03:10:00,107,6.177225,-17.115,6.109833363005832
2026-02-16 04:10:00,107,4.771858333333332,-17.629166666666666,6.210759167998924
2026-02-16 05:10:00,107,5.532750000000001,-17.263333333333335,6.138949721658621
2026-02-16 06:10:00,107,4.955708333333334,-16.7225,6.032789515109972
2026-02-16 07:10:00,107,6.412066666666668,-14.06916666666667,5.511966560332009
2026-02-16 08:10:00,107,4.485216666666666,-8.456666666666665,4.410288607935784
2026-02-16 09:10:00,107,4.061441666666667,-4.9675,3.751733800138101
2026-02-16 10:10:00,107,1.3382916666666667,-1.2691666666666668,3.0427643997854164
2026-02-16 11:10:00,107,2.3721916666666667,1.1666666666666665,2.576235419526125
2026-02-16 12:10:00,107,1.1329416666666665,3.0041666666666664,2.221166111431434
2026-02-16 13:10:00,107,1.8876333333333335,3.7716666666666665,2.0644984450325787
2026-02-16 14:10:00,107,2.125658333333333,3.2083333333333335,2.1691471285146933
2026-02-16 15:10:00,107,3.0984000000000003,2.0508333333333333,2.3742088390210285
2026-02-16 16:10:00,107,3.736508333333333,-0.48583333333333334,2.848098372925061
2026-02-16 17:10:00,107,3.3362916666666673,-3.2925,3.3966140316923683
2026-02-16 18:10:00,107,3.3715999999999995,-4.889166666666667,3.7100238248313686
2026-02-16 19:10:00,107,3.708833333333333,-6.560833333333334,4.038155372345374
2026-02-16 20:10:00,107,4.528908333333333,-7.570833333333333,4.236408331262111
2026-02-16 21:10:00,107,2.9629833333333333,-8.829166666666667,4.483406654664977
2026-02-16 22:10:00,107,4.922999999999999,-9.850833333333332,4.68394966426227
2026-02-16 23:10:00,107,4.769433333333334,-10.601666666666667,4.831330783060933
2026-02-17 00:10:00,108,3.6829416666666663,-10.4675,4.804637409340101
2026-02-17 01:10:00,108,4.254583333333334,-10.602500000000001,4.830962638420429
2026-02-17 02:10:00,108,4.546166666666666,-10.063333333333333,4.725824223513194
2026-02-17 03:10:00,108,5.907524999999999,-9.721666666666666,4.659198643741994
2026-02-17 04:10:00,108,4.682358333333333,-9.64,4.6432735051625365
2026-02-17 05:10:00,108,3.628058333333333,-10.926666666666668,4.894175688496031
2026-02-17 06:10:00,108,5.156624999999999,-11.991666666666667,5.104477083907675
2026-02-17 07:10:00,108,4.865041666666666,-9.246666666666668,4.56777279806706
2026-02-17 08:10:00,108,3.8354833333333334,-4.084166666666667,3.5752441367433354
2026-02-17 09:10:00,108,3.775058333333333,-0.7866666666666666,2.973367989076614
2026-02-17 10:10:00,108,1.3350416666666667,1.25,2.591744275133829
2026-02-17 11:10:00,108,2.208241666666667,2.9675,2.248753692713889
2026-02-17 12:10:00,108,1.5570583333333334,2.5641666666666665,2.3298115633063374
2026-02-17 13:10:00,108,3.3152333333333335,1.8200000000000003,2.4548799478135663
2026-02-17 14:10:00,108,3.3912166666666663,1.7358333333333331,2.446293859726635
2026-02-17 15:10:00,108,3.5274333333333328,1.6066666666666671,2.47255462830076
2026-02-17 16:10:00,108,3.5682333333333336,1.1300000000000001,2.544550452040181
2026-02-17 17:10:00,108,3.8901416666666675,0.42999999999999994,2.680773186193339
2026-02-17 18:10:00,108,2.90945,0.1575,2.73752999463174
2026-02-17 19:10:00,108,2.692508333333333,0.21666666666666667,2.7402144225933656
2026-02-17 20:10:00,108,2.5758083333333333,0.6858333333333332,2.6846867719496172
2026-02-17 21:10:00,108,3.3541166666666666,0.07833333333333332,2.791371988364195
2026-02-17 22:10:00,108,4.232725,0.12083333333333336,2.773267974754089
2026-02-17 23:10:00,108,4.218641666666667,-0.036666666666666674,2.7990488005844023
2026-02-18 00:10:00,109,2.8635333333333333,-0.9900000000000001,2.9719735070288666
2026-02-18 01:10:00,109,4.284833333333333,-3.0875,3.3752660539251544
2026-02-18 02:10:00,109,3.4199166666666665,-2.9525,3.349091921903989
2026-02-18 03:10:00,109,4.08295,-2.5041666666666664,3.2882637286849845
2026-02-18 04:10:00,109,3.5602166666666664,-1.4016666666666666,3.186965889371767
2026-02-18 05:10:00,109,4.340224999999999,-2.1658333333333335,3.3142444042495356
2026-02-18 06:10:00,109,3.7146083333333326,-2.4766666666666666,3.3853654351412388
2026-02-18 07:10:00,109,4.235025000000001,-1.8991666666666667,3.258699866738278
2026-02-18 08:10:00,109,2.453958333333333,-0.07833333333333344,2.909366859261577
2026-02-18 09:10:00,109,4.392233333333333,0.7308333333333333,2.74186189440569
2026-02-18 10:10:00,109,1.0196,1.9308333333333332,2.5110580530716757
2026-02-18 11:10:00,109,0.0,2.1675,2.4603636744916786
2026-02-18 12:10:00,109,1.328825,3.388333333333333,2.2069085263175663
2026-02-18 13:10:00,109,1.1105333333333334,3.5033333333333334,2.1726583366296017
2026-02-18 14:10:00,109,2.2629916666666667,1.8808333333333334,2.479272897487316
2026-02-18 15:10:00,109,2.9158416666666667,0.7391666666666666,2.699619645797997
2026-02-18 16:10:00,109,3.3009583333333334,-0.9899999999999999,3.0034768993786582
2026-02-18 17:10:00,109,3.6543916666666663,-2.4208333333333334,3.294585280464955
2026-02-18 18:10:00,109,3.485908333333333,-2.894166666666667,3.3925018600846473
2026-02-18 19:10:00,109,3.558225,-3.3850000000000002,3.493460031605952
2026-02-18 20:10:00,109,5.818633333333333,-3.9683333333333333,3.618526320310628
2026-02-18 21:10:00,109,3.3752749999999994,-4.639166666666667,3.7378315258481
2026-02-18 22:10:00,109,5.187591666666666,-5.453333333333333,3.8542935309317468
2026-02-18 23:10:00,109,3.7020833333333334,-5.949166666666667,3.935992752009517
2026-02-19 00:10:00,110,3.8143083333333334,-6.565,4.068426138914512
2026-02-19 01:10:00,110,4.988949999999999,-5.788333333333334,3.918532575394792
2026-02-19 02:10:00,110,3.586333333333333,-7.199999999999999,4.180305656077771
2026-02-19 03:10:00,110,4.2778833333333335,-8.083333333333334,4.364995790457065
2026-02-19 04:10:00,110,5.8576999999999995,-8.934166666666666,4.526825071233936
2026-02-19 05:10:00,110,4.109291666666667,-11.209166666666667,4.953201481872968
2026-02-19 06:10:00,110,5.8652,-12.815,5.265197821995596
2026-02-19 07:10:00,110,4.160191666666667,-8.495833333333334,4.428877693163196
2026-02-19 08:10:00,110,4.568575,-4.2825,3.661527653915203
2026-02-19 09:10:00,110,3.9715,-2.9266666666666663,3.412101465648115
2026-02-19 10:10:00,110,1.1893833333333332,-0.5408333333333334,2.9498048027083645
2026-02-19 11:10:00,110,1.1324333333333332,0.75,2.7225346393632717
2026-02-19 12:10:00,110,1.853375,2.0083333333333333,2.4622189924051305
2026-02-19 13:10:00,110,2.35565,2.8008333333333333,2.293834755593711
2026-02-19 14:10:00,110,2.221375,2.3558333333333334,2.384888038464892
2026-02-19 15:10:00,110,2.9995333333333334,1.1583333333333332,2.6161852101681498
2026-02-19 16:10:00,110,2.1479166666666667,-0.6241666666666666,2.9301760297652097
2026-02-19 17:10:00,110,1.054425,-2.991666666666667,3.356628617343012
2026-02-19 18:10:00,110,3.4331750000000003,-4.163333333333333,3.5842709910910213
2026-02-19 19:10:00,110,2.3044833333333337,-5.758333333333333,3.8941625297494062
2026-02-19 20:10:00,110,4.399,-7.490833333333334,4.23076885622317
2026-02-19 21:10:00,110,3.7301750000000005,-8.943333333333333,4.512974160236526
2026-02-19 22:10:00,110,3.6958333333333333,-10.44,4.803760577911793
2026-02-19 23:10:00,110,3.7984999999999998,-11.759166666666667,5.06006063313448
2026-02-20 00:10:00,111,4.618658333333333,-12.655833333333334,5.227142781537518
2026-02-20 01:10:00,111,4.008783333333334,-13.455,5.382988739102639
2026-02-20 02:10:00,111,3.3808166666666666,-14.420833333333334,5.571336460497816
2026-02-20 03:10:00,111,4.480975,-15.180833333333332,5.719544503562874
2026-02-20 04:10:00,111,5.500808333333333,-16.055833333333336,5.890178763670671
2026-02-20 05:10:00,111,4.1214916666666666,-16.838333333333335,6.0427745448527865
2026-02-20 06:10:00,111,4.365975000000001,-16.731666666666666,6.02197341600155
2026-02-20 07:10:00,111,4.901008333333333,-12.486666666666666,5.19415349125001
2026-02-20 08:10:00,111,5.86025,-6.088333333333334,3.9936840276952927
2026-02-20 09:10:00,111,2.899316666666667,-3.5825,3.6194096352289096
2026-02-20 10:10:00,111,2.441125,-1.43,3.1767561558768236
2026-02-20 11:10:00,111,1.4330833333333333,-0.18999999999999997,2.9293590540403933
2026-02-20 12:10:00,111,1.4623583333333332,0.8458333333333332,2.7054207069963394
2026-02-20 13:10:00,111,3.8984749999999995,1.2916666666666667,2.577469258795859
2026-02-20 14:10:00,111,1.9332166666666666,1.0358333333333332,2.648982916791436
2026-02-20 15:10:00,111,2.209533333333334,0.02416666666666668,2.837864043726456
2026-02-20 16:10:00,111,3.7489833333333333,-1.4908333333333335,3.1228783277529826
2026-02-20 17:10:00,111,4.07095,-2.670833333333334,3.409568116412422
2026-02-20 18:10:00,111,3.1342749999999997,-3.5833333333333326,3.6128620341095035
2026-02-20 19:10:00,111,3.7984166666666663,-4.480833333333333,3.770604824908922
2026-02-20 20:10:00,111,2.248091666666667,-5.357500000000001,3.948611416642062
2026-02-20 21:10:00,111,5.224983333333332,-6.041666666666667,4.047195047537949
2026-02-20 22:10:00,111,5.673283333333333,-7.0375000000000005,4.235135712642928
2026-02-20 23:10:00,111,4.1269,-8.021666666666667,4.437552760984479
2026-02-21 00:10:00,112,4.469391666666667,-9.056666666666667,4.62128868756438
2026-02-21 01:10:00,112,5.81315,-9.865833333333333,4.800069654991726
2026-02-21 02:10:00,112,3.5155416666666666,-10.604999999999999,4.9100269385454265
2026-02-21 03:10:00,112,5.508308333333333,-11.19,4.98712307549381
2026-02-21 04:10:00,112,5.618566666666667,-11.578333333333333,5.051380400138199
2026-02-21 05:10:00,112,3.6036666666666672,-12.971666666666666,5.319492244102533
2026-02-21 06:10:00,112,5.9035666666666655,-13.7725,5.445346653485638
2026-02-21 07:10:00,112,4.7532749999999995,-10.625,4.878502798315072
2026-02-21 08:10:00,112,5.77805,-8.370833333333334,4.497497776718697
2026-02-21 09:10:00,112,3.453708333333333,-7.075,4.220346121016371
2026-02-21 10:10:00,112,2.83605,-4.1258333333333335,3.6209153024815053
2026-02-21 11:10:00,112,0.0,-3.689166666666667,3.59732902948704
2026-02-21 12:10:00,112,1.9207416666666668,-2.608333333333334,3.3825852732490795
2026-02-21 13:10:00,112,2.404816666666667,-0.9058333333333333,2.994563148849263
2026-02-21 14:10:00,112,1.076125,-0.49499999999999994,2.8934871000726887
2026-02-21 15:10:00,112,2.240158333333333,-1.63,3.0874867458003794
2026-02-21 16:10:00,112,2.8714999999999997,-2.9250000000000003,3.3235615854830955
2026-02-21 17:10:00,112,2.891641666666666,-4.546666666666667,3.638865627815095
2026-02-21 18:10:00,112,3.1608499999999995,-6.009999999999999,3.923384588932768
2026-02-21 19:10:00,112,4.316841666666666,-7.584166666666667,4.22945310690047
2026-02-21 20:10:00,112,3.470366666666666,-8.6075,4.428421947590961
2026-02-21 21:10:00,112,2.999533333333333,-9.615,4.648891687931986
2026-02-21 22:10:00,112,4.633158333333332,-10.365,4.774278888844569
2026-02-21 23:10:00,112,3.3532583333333337,-11.399166666666668,4.971211537422514
2026-02-22 00:10:00,113,5.909275,-11.935,5.068412558274623
2026-02-22 01:10:00,113,5.918991666666666,-12.547500000000001,5.194624068006219
2026-02-22 02:10:00,113,4.96185,-13.221666666666666,5.3196568740789605
2026-02-22 03:10:00,113,4.640583333333333,-14.5375,5.576596494969534
2026-02-22 04:10:00,113,5.4911166666666675,-15.39,5.7430621264901545
2026-02-22 05:10:00,113,5.623383333333332,-15.94,5.85045930811636
2026-02-22 06:10:00,113,5.138233333333333,-15.443333333333333,5.753476398647846
2026-02-22 07:10:00,113,6.0282083333333345,-11.550833333333332,4.993397254138743
2026-02-22 08:10:00,113,3.7298500000000003,-5.1775,3.760869917620652
2026-02-22 09:10:00,113,5.5483,-2.254166666666667,3.2651809702371355
2026-02-22 10:10:00,113,0.9204083333333334,0.365,2.728257619941865
2026-02-22 11:10:00,113,1.8377833333333333,1.4658333333333335,2.5200088651119934
2026-02-22 12:10:00,113,0.9407166666666666,2.9825,2.22278040810537
2026-02-22 13:10:00,113,0.9513333333333333,3.3674999999999997,2.1602618144462182
2026-02-22 14:10:00,113,0.9226249999999999,2.815,2.2685426070845756
2026-02-22 15:10:00,113,1.8183833333333328,1.7258333333333333,2.464286754162988
2026-02-22 16:10:00,113,2.9546250000000005,0.03750000000000007,2.7517810326508343
2026-02-22 17:10:00,113,4.878333333333333,-3.045833333333333,3.3326462909916836
2026-02-22 18:10:00,113,3.1245583333333338,-4.389166666666667,3.594955770963569
2026-02-22 19:10:00,113,4.198625,-5.694166666666667,3.8497799928221124
2026-02-22 20:10:00,113,4.663041666666667,-6.773333333333333,4.060506281012926
2026-02-22 21:10:00,113,3.2762416666666665,-7.555833333333333,4.213303180326573
2026-02-22 22:10:00,113,4.4319083333333325,-8.463333333333333,4.3905085300098134
2026-02-22 23:10:00,113,4.582725,-9.5325,4.5992821421710595
2026-02-23 00:10:00,114,2.9816749999999996,-9.93,4.6769045139167
2026-02-23 01:10:00,114,4.803850000000001,-10.133333333333333,4.720055261772256
2026-02-23 02:10:00,114,4.0005749999999995,-10.1525,4.721874089988519
2026-02-23 03:10:00,114,4.278091666666667,-9.11,4.544483614058731
2026-02-23 04:10:00,114,5.099975,-8.435,4.542597659273002
2026-02-23 05:10:00,114,3.9041416666666664,-8.694166666666666,4.546424779475283
2026-02-23 06:10:00,114,4.361549999999999,-8.291666666666666,4.460595518391477
2026-02-23 07:10:00,114,4.233258333333333,-7.458333333333333,4.301466755474711
2026-02-23 08:10:00,114,4.561033333333333,-6.7075,4.207905699186722
2026-02-23 09:10:00,114,3.9620249999999997,-6.084166666666667,4.059006795774086
2026-02-23 10:10:00,114,5.2141,-5.514166666666667,3.9361859329952305
2026-02-23 11:10:00,114,2.528766666666667,-5.538333333333333,3.9287121246607217
2026-02-23 12:10:00,114,4.327641666666667,-5.2491666666666665,3.8526710263761017
2026-02-23 13:10:00,114,4.127199999999999,-5.015,3.7943425078110513
2026-02-23 14:10:00,114,4.8709,-4.744166666666666,3.757771603723075
2026-02-23 15:10:00,114,4.74405,-4.5975,3.728718471573144
2026-02-23 16:10:00,114,5.646191666666667,-4.9941666666666675,3.8120323987409876
2026-02-23 17:10:00,114,4.207883333333332,-5.38,3.850889466182571
2026-02-23 18:10:00,114,3.563875,-5.605833333333333,3.8935710826803085
2026-02-23 19:10:00,114,1.9623000000000002,-5.730833333333333,3.9118366862346754
2026-02-23 20:10:00,114,4.6324250000000005,-5.639166666666667,3.9018561309132207
2026-02-23 21:10:00,114,2.768825,-5.555833333333333,3.893318953731881
2026-02-23 22:10:00,114,4.255566666666666,-5.698333333333333,3.9315544382537544
2026-02-23 23:10:00,114,4.769491666666666,-5.7316666666666665,3.9244032147766306
2026-02-24 00:10:00,115,5.274575,-5.801666666666667,3.9432798386083525
2026-02-24 01:10:00,115,5.0115083333333335,-5.6258333333333335,3.9011618015725213
2026-02-24 02:10:00,115,3.2485166666666663,-5.5325,3.87330291046485
2026-02-24 03:10:00,115,5.192383333333333,-5.685,3.8973408212838883
2026-02-24 04:10:00,115,4.5633333333333335,-5.926666666666667,3.9906826060190106
2026-02-24 05:10:00,115,4.762416666666667,-6.32,4.061262177088638
2026-02-24 06:10:00,115,4.077716666666666,-6.394166666666667,4.081086360853467
2026-02-24 07:10:00,115,4.965366666666666,-5.865000000000001,3.9910364422224034
2026-02-24 08:10:00,115,4.175291666666667,-3.4683333333333333,3.5279493531812434
2026-02-24 09:10:00,115,2.6397749999999998,-2.579166666666667,3.375976960458141
2026-02-24 10:10:00,115,3.6017666666666663,-2.3000000000000003,3.333707288761769
2026-02-24 11:10:00,115,2.186625,-2.5216666666666665,3.3742197510627125
2026-02-24 12:10:00,115,4.1453500000000005,-1.1725,3.1052237728997554
2026-02-24 13:10:00,115,2.444933333333333,-1.4991666666666668,3.1852915493946004
2026-02-24 14:10:00,115,2.5811333333333333,-2.033333333333333,3.274740053153915
2026-02-24 15:10:00,115,4.4162583333333325,-3.1075,3.4666036870722277
2026-02-24 16:10:00,115,3.419083333333333,-4.260833333333334,3.660447442770651
2026-02-24 17:10:00,115,4.210333333333333,-5.6575,3.943914907863296
2026-02-24 18:10:00,115,4.070566666666667,-7.148333333333333,4.2753347139715405
2026-02-24 19:10:00,115,2.3103499999999997,-8.393333333333333,4.528516015186672
2026-02-24 20:10:00,115,5.878549999999999,-9.490833333333333,4.75896418623029
2026-02-24 21:10:00,115,5.970433333333333,-10.430833333333334,4.918146657221564
2026-02-24 22:10:00,115,6.056508333333333,-11.375,5.0445253397212655
2026-02-24 23:10:00,115,5.103291666666666,-11.725833333333332,5.1331683851444785
2026-02-25 00:10:00,116,5.8069749999999996,-12.849166666666667,5.242567221614871
2026-02-25 01:10:00,116,6.675566666666666,-14.16666666666667,5.496530117878099
2026-02-25 02:10:00,116,4.010716666666667,-14.906666666666666,5.643539915093075
2026-02-25 03:10:00,116,4.681274999999999,-15.055000000000001,5.703675689974598
2026-02-25 04:10:00,116,6.4791,-16.213333333333335,5.891947455801259
2026-02-25 05:10:00,116,4.789516666666667,-16.828333333333333,6.014769862694968
2026-02-25 06:10:00,116,6.508716666666667,-15.675833333333332,5.787486107285025
2026-02-25 07:10:00,116,5.201491666666667,-13.389166666666668,5.34307999824852
2026-02-25 08:10:00,116,7.16495,-11.38,4.966273583005639
2026-02-25 09:10:00,116,6.1786166666666675,-10.231666666666667,4.800502137924978
2026-02-25 10:10:00,116,3.817866666666666,-9.5925,4.746313834801758
2026-02-25 11:10:00,116,4.573716666666666,-8.7075,4.551149729743839
2026-02-25 12:10:00,116,4.801525,-6.8425,4.181176116916913
2026-02-25 13:10:00,116,3.8683916666666662,-5.269166666666667,3.8750502984144326
2026-02-25 14:10:00,116,3.6267333333333327,-4.865833333333334,3.7446179530958474
2026-02-25 15:10:00,116,4.211158333333333,-4.88,3.6956880160701573
2026-02-25 16:10:00,116,3.504341666666667,-5.1625000000000005,3.744254521423305
2026-02-25 17:10:00,116,5.568091666666667,-5.411666666666666,3.792679239572691
2026-02-25 18:10:00,116,3.085008333333333,-5.420833333333333,3.7944607509427355
2026-02-25 19:10:00,116,2.9318666666666666,-5.39,3.7884683945162227
2026-02-25 20:10:00,116,3.8138916666666662,-5.39,3.7884683945162227
2026-02-25 21:10:00,116,2.4603916666666668,-5.524166666666666,3.8145432427505073
2026-02-25 22:10:00,116,4.019916666666667,-6.885833333333334,4.079178658991634
2026-02-25 23:10:00,116,3.7977999999999996,-7.801666666666667,4.2603584967409125
2026-02-26 00:10:00,117,5.52055,-8.088333333333333,4.317831531908077
2026-02-26 01:10:00,117,4.586516666666666,-7.736666666666667,4.249588386071497
2026-02-26 02:10:00,117,4.532775,-8.020000000000001,4.304571015418505
2026-02-26 03:10:00,117,5.492333333333333,-6.881666666666667,4.08422203500781
2026-02-26 04:10:00,117,3.9075999999999995,-6.921666666666667,4.091432469890986
2026-02-26 05:10:00,117,4.2753,-6.550833333333333,4.022477715811131
2026-02-26 06:10:00,117,5.115075,-6.134166666666666,3.93861310302945
2026-02-26 07:10:00,117,4.154083333333333,-5.041666666666667,3.7294397345545307
2026-02-26 08:10:00,117,2.7996666666666665,-1.0183333333333333,2.9704995907192115
2026-02-26 09:10:00,117,3.6030583333333337,0.5966666666666667,2.709768350181513
2026-02-26 10:10:00,117,1.5553,2.355,2.4112215716823537
2026-02-26 11:10:00,117,1.1765416666666666,2.879166666666667,2.3312230579084083
2026-02-26 12:10:00,117,1.8692999999999997,2.2775,2.4530191460509223
2026-02-26 13:10:00,117,0.9868999999999999,1.9991666666666663,2.475893351575137
2026-02-26 14:10:00,117,0.977125,1.4083333333333332,2.59587863235707
2026-02-26 15:10:00,117,2.348225,-0.09333333333333334,2.8816863772202312
2026-02-26 16:10:00,117,1.928783333333333,-1.055,3.0456866544359866
2026-02-26 17:10:00,117,4.5134,-2.7224999999999997,3.3224313315384126
2026-02-26 18:10:00,117,2.5157333333333334,-3.8425,3.5059428310814384
2026-02-26 19:10:00,117,3.8204166666666666,-5.013333333333333,3.761479976445552
2026-02-26 20:10:00,117,3.8714666666666666,-6.528333333333333,4.025485278081696
2026-02-26 21:10:00,117,4.945341666666667,-8.487499999999999,4.395292353841067
2026-02-26 22:10:00,117,4.5028749999999995,-8.778333333333334,4.50518430113075
2026-02-26 23:10:00,117,3.337008333333333,-8.08,4.369484590401616
2026-02-27 00:10:00,118,4.586941666666666,-9.230833333333333,4.641124714722244
2026-02-27 01:10:00,118,5.473491666666667,-10.194166666666666,4.801373330767831
2026-02-27 02:10:00,118,3.2791250000000005,-10.828333333333333,4.867787651677848
2026-02-27 03:10:00,118,5.023499999999999,-11.068333333333333,5.0098770179311
2026-02-27 04:10:00,118,5.5509,-11.397499999999999,5.047652447949926
2026-02-27 05:10:00,118,4.298916666666667,-12.134166666666667,5.149038437027047
2026-02-27 06:10:00,118,5.606625,-12.411666666666667,5.192236083961963
2026-02-27 07:10:00,118,5.514658333333334,-8.254166666666666,4.385591204239932
2026-02-27 08:10:00,118,3.870933333333333,-6.634166666666666,4.1226052225184455
2026-02-27 09:10:00,118,4.919949999999999,-5.5275,3.948640081284868
2026-02-27 10:10:00,118,2.3813833333333334,-3.7691666666666666,3.5915879017303194
2026-02-27 11:10:00,118,2.131866666666667,-1.8049999999999997,3.1882166033097925
2026-02-27 12:10:00,118,1.4566916666666665,-0.4716666666666667,2.902915482223638
2026-02-27 13:10:00,118,1.6997083333333334,0.14916666666666667,2.770596198232293
2026-02-27 14:10:00,118,2.818183333333333,0.009166666666666675,2.79210950819064
2026-02-27 15:10:00,118,2.048775,-1.1258333333333332,2.997847892044966
2026-02-27 16:10:00,118,3.801166666666666,-1.7916666666666667,3.0960380082897183
2026-02-27 17:10:00,118,4.009483333333334,-3.500833333333333,3.4255671785593016
2026-02-27 18:10:00,118,2.6868916666666665,-4.685,3.654215558150338
2026-02-27 19:10:00,118,3.5891249999999997,-5.199166666666667,3.7543966908791253
2026-02-27 20:10:00,118,2.521258333333333,-6.513333333333333,4.010451222991437
2026-02-27 21:10:00,118,2.5609749999999996,-6.415833333333334,3.99145415244157
2026-02-27 22:10:00,118,4.618266666666667,-7.5275,4.208053230334928
2026-02-27 23:10:00,118,5.220066666666667,-9.6575,4.6230661561935635
2026-02-28 00:10:00,119,4.29945,-10.968333333333334,4.892246603994659
2026-02-28 01:10:00,119,5.306091666666667,-12.278333333333334,5.149604814448039
2026-02-28 02:10:00,119,5.438749999999999,-12.805,5.25307198302726
2026-02-28 03:10:00,119,4.544016666666666,-12.0875,5.1121143372255045
2026-02-28 04:10:00,119,5.867683333333334,-9.7575,4.658941928781219
2026-02-28 05:10:00,119,3.616575,-7.403333333333333,4.1923660603133595
2026-02-28 06:10:00,119,4.790366666666666,-4.449166666666667,3.62602664106944
2026-02-28 07:10:00,119,3.3334833333333327,-3.0124999999999997,3.3769726955133166
2026-02-28 08:10:00,119,3.7525333333333335,-1.5133333333333336,3.112323321569932
2026-02-28 09:10:00,119,3.9234916666666666,1.3949999999999998,2.5527454294353955
2026-02-28 10:10:00,119,2.391883333333333,3.7875,2.0638422751417766
2026-02-28 11:10:00,119,3.0108083333333338,6.203333333333333,1.619053631073331
2026-02-28 12:10:00,119,1.6967249999999996,7.178333333333334,1.4330079945212364
2026-02-28 13:10:00,119,1.0232666666666668,7.801666666666667,1.3046331510646885
2026-02-28 14:10:00,119,3.0233999999999996,4.749166666666667,1.9140419620902562
2026-02-28 15:10:00,119,2.337125,4.291666666666667,1.9721632805323412
2026-02-28 16:10:00,119,1.5218999999999998,4.800833333333333,1.861833271573967
2026-02-28 17:10:00,119,2.745833333333333,3.57,2.0786078712413905
2026-02-28 18:10:00,119,2.447183333333333,1.7625,2.4408995795685944
2026-02-28 19:10:00,119,1.2620583333333333,1.2541666666666667,2.542830878306796
2026-02-28 20:10:00,119,2.1349249999999995,1.0933333333333335,2.560555909658601
2026-02-28 21:10:00,119,2.507525,0.3241666666666667,2.6916209476112214
2026-02-28 22:10:00,119,4.188375,-0.385,2.813433061687073
