t,day,actual,T_o,pred
2025-11-07 00:00:00,6,2.906125,1.2950000000000002,2.974855468899388
2025-11-07 01:00:00,6,1.960775,1.255,2.553678731938053
2025-11-07 02:00:00,6,3.7670083333333326,0.7824999999999999,2.7734659839411684
2025-11-07 03:00:00,6,1.795,0.7116666666666666,1.6769804822892005
2025-11-07 04:00:00,6,2.2236749999999996,0.3741666666666667,2.8902889667300933
2025-11-07 05:00:00,6,3.8073499999999996,-0.4716666666666667,2.518726286470871
2025-11-07 06:00:00,6,1.9930750000000002,-0.9491666666666667,2.092396851672583
2025-11-07 07:00:00,6,2.9094083333333334,-0.7466666666666666,2.350834611769583
2025-11-07 08:00:00,6,1.7210833333333333,0.17166666666666672,2.004459019457542
2025-11-07 09:00:00,6,2.0959166666666667,1.2316666666666667,2.557521704097355
2025-11-07 10:00:00,6,4.137775,1.7858333333333334,2.7084020134491076
2025-11-07 11:00:00,6,1.7563333333333333,2.2358333333333333,1.2285449096815881
2025-11-07 12:00:00,6,1.6692666666666667,2.5316666666666667,1.8655527227658937
2025-11-07 13:00:00,6,1.0320416666666665,3.5508333333333333,1.9836458007564002
2025-11-07 14:00:00,6,2.80025,3.2583333333333333,2.3833875728826333
2025-11-07 15:00:00,6,1.8244583333333333,2.6808333333333327,2.1097189619147327
2025-11-07 16:00:00,6,2.9484916666666665,1.5233333333333334,2.7294739865040913
2025-11-07 17:00:00,6,1.7645749999999998,1.175,2.28639037665219
2025-11-07 18:00:00,6,1.6675416666666667,0.7216666666666667,2.054076457302286
2025-11-07 19:00:00,6,3.3366416666666665,0.36166666666666675,2.9091866252218
2025-11-07 20:00:00,6,1.3192416666666666,-0.755,2.074454487775276
2025-11-07 21:00:00,6,2.121825,-1.2633333333333334,3.0907197906043513
2025-11-07 22:00:00,6,2.0421083333333336,-0.7683333333333334,3.1627985190123
2025-11-07 23:00:00,6,3.2063416666666664,-0.18999999999999997,3.054082024976978
2025-11-08 00:00:00,7,2.819375,0.0,2.3428766280956355
2025-11-08 01:00:00,7,1.7947749999999998,0.0,2.262236774939051
2025-11-08 02:00:00,7,1.7756083333333332,0.0,3.062486275943387
2025-11-08 03:00:00,7,2.548058333333333,0.009166666666666667,2.946120979070471
2025-11-08 04:00:00,7,1.6842666666666666,0.005,2.7942295829238812
2025-11-08 05:00:00,7,2.5974166666666667,0.07916666666666665,3.2272518748667136
2025-11-08 06:00:00,7,2.986683333333333,0.14833333333333334,2.8518535126927453
2025-11-08 07:00:00,7,0.254475,0.48583333333333334,2.3716335270057423
2025-11-08 08:00:00,7,1.31145,4.471666666666667,2.845036498571256
2025-11-08 09:00:00,7,2.497533333333333,7.88,1.8558101100537985
2025-11-08 10:00:00,7,0.110125,9.601666666666667,1.3168450039134556
2025-11-08 11:00:00,7,1.8747083333333332,7.800833333333333,2.0329496963410505
2025-11-08 12:00:00,7,0.6566666666666666,9.166666666666666,1.0306485644687806
2025-11-08 13:00:00,7,0.0,9.675833333333333,0.7533355651319582
2025-11-08 14:00:00,7,0.26795,8.443333333333333,0.711358646076671
2025-11-08 15:00:00,7,1.3845750000000001,5.921666666666667,1.4915970243047112
2025-11-08 16:00:00,7,1.1183416666666666,3.9166666666666665,1.448105749399272
2025-11-08 17:00:00,7,1.1280583333333334,2.6391666666666667,1.8617565297299268
2025-11-08 18:00:00,7,1.0920916666666667,1.4574999999999998,1.8994050649299647
2025-11-08 19:00:00,7,2.0578916666666665,0.1791666666666666,2.877855578921979
2025-11-08 20:00:00,7,1.1522999999999999,-0.505,2.9464151833118457
2025-11-08 21:00:00,7,1.054275,-1.8324999999999996,3.2023104209274647
2025-11-08 22:00:00,7,2.320766666666666,-2.3383333333333334,3.094461542492161
2025-11-08 23:00:00,7,2.8879083333333333,-2.366666666666667,3.29123110577787
2025-11-09 00:00:00,8,1.4963250000000001,-2.245833333333333,1.8302047257056702
2025-11-09 01:00:00,8,1.4729999999999999,-2.559166666666667,2.56477802128067
2025-11-09 02:00:00,8,3.942825,-1.7266666666666666,3.289797647762022
2025-11-09 03:00:00,8,1.3976416666666667,-2.1533333333333338,2.3281804271062
2025-11-09 04:00:00,8,3.563391666666667,-1.8283333333333331,3.119972917545774
2025-11-09 05:00:00,8,2.6378,-2.0558333333333336,2.8534580788425377
2025-11-09 06:00:00,8,2.1279166666666667,-2.0749999999999997,2.729022251870947
2025-11-09 07:00:00,8,2.742233333333333,-0.9958333333333335,2.604143556558445
2025-11-09 08:00:00,8,1.5805749999999998,0.9950000000000001,2.1939121961958215
2025-11-09 09:00:00,8,1.8436749999999997,1.9308333333333334,1.944173156562515
2025-11-09 10:00:00,8,2.6741416666666664,2.4199999999999995,2.5783867925761426
2025-11-09 11:00:00,8,1.8453583333333332,2.5508333333333333,1.9493107777284129
2025-11-09 12:00:00,8,1.797,2.3558333333333334,2.0123458479476706
2025-11-09 13:00:00,8,1.6867916666666667,2.2025,2.128395161044698
2025-11-09 14:00:00,8,5.57335,2.0241666666666664,2.1202339459683355
2025-11-09 15:00:00,8,4.310616666666666,1.5650000000000002,3.166604499730928
2025-11-09 16:00:00,8,3.582808333333333,0.4591666666666667,2.6828462935697375
2025-11-09 17:00:00,8,2.9641083333333333,0.027499999999999997,2.4080753798532077
2025-11-09 18:00:00,8,0.0,0.005,0.47646300620264115
2025-11-09 19:00:00,8,1.5781916666666669,0.08333333333333333,1.6470970449961904
2025-11-09 20:00:00,8,1.4786500000000002,0.2125,2.2069046156663275
2025-11-09 21:00:00,8,1.3901083333333333,0.445,2.0772396388702474
2025-11-09 22:00:00,8,1.35905,0.4766666666666666,2.576709296976487
2025-11-12 00:00:00,11,3.2982916666666666,-2.4708333333333337,3.1184622352421103
2025-11-12 01:00:00,11,3.3517833333333327,-2.3558333333333334,3.2346232172580915
2025-11-12 02:00:00,11,3.859058333333333,-1.6491666666666667,3.2241194902044117
2025-11-12 03:00:00,11,2.73145,-1.3283333333333334,3.10946780322155
2025-11-12 04:00:00,11,4.554366666666667,-0.9774999999999999,3.04117425681568
2025-11-12 05:00:00,11,2.138316666666667,-0.5925,2.346497193005138
2025-11-12 06:00:00,11,2.684583333333333,-0.25833333333333336,2.707389022772129
2025-11-12 07:00:00,11,4.5991,0.00416666666666667,2.8452154484633865
2025-11-12 08:00:00,11,1.7989416666666669,0.5825,1.9873582332523305
2025-11-12 09:00:00,11,3.3118416666666666,1.5575000000000003,2.3859480799397383
2025-11-12 10:00:00,11,0.21005833333333332,2.6199999999999997,1.2921345904845658
2025-11-12 11:00:00,11,2.84455,4.3125,1.8895399314629635
2025-11-12 12:00:00,11,1.7042833333333334,5.283333333333333,0.7287364518123682
2025-11-12 13:00:00,11,0.0,5.273333333333333,0.8692977221564095
2025-11-12 14:00:00,11,1.611225,3.8433333333333337,1.9595756845566554
2025-11-12 15:00:00,11,2.1713916666666666,2.8891666666666667,2.1452281741173054
2025-11-12 16:00:00,11,1.9070916666666664,1.75,2.000227654591736
2025-11-12 17:00:00,11,1.0436166666666666,0.4808333333333333,2.3233688347648394
2025-11-12 18:00:00,11,2.8365249999999995,-0.1575,2.7022445598878138
2025-11-12 19:00:00,11,1.9808,-0.8983333333333333,2.8516247746073082
2025-11-12 20:00:00,11,2.4418666666666664,-0.9900000000000001,2.6292098832681923
2025-11-12 21:00:00,11,3.0444999999999998,-0.8291666666666667,2.7439172132189444
2025-11-12 22:00:00,11,1.4244833333333333,-0.935,2.172660902491229
2025-11-12 23:00:00,11,2.41415,-0.9266666666666669,2.8266733992708946
2025-11-13 00:00:00,12,3.3249999999999997,-0.8208333333333333,3.1510539687221404
2025-11-13 01:00:00,12,1.2522749999999998,-0.8616666666666668,2.441957146114867
2025-11-13 02:00:00,12,2.415008333333333,-0.8441666666666666,3.2874995295271865
2025-11-13 03:00:00,12,2.1302666666666665,-0.73,2.5947151595703617
2025-11-13 04:00:00,12,3.761758333333333,-0.6791666666666666,2.9587538640134547
2025-11-13 05:00:00,12,1.4239333333333333,-0.725,2.3393726509026056
2025-11-13 06:00:00,12,2.6620833333333334,-0.6608333333333335,2.7032789870149707
2025-11-13 07:00:00,12,3.2836166666666666,-0.3891666666666666,2.260456532220163
2025-11-13 08:00:00,12,1.4564416666666666,0.3558333333333333,2.006286975189033
2025-11-13 09:00:00,12,2.183125,0.8666666666666667,2.7988082717083813
2025-11-13 10:00:00,12,2.4779666666666667,1.2183333333333333,2.4487258607131652
2025-11-13 11:00:00,12,1.3543916666666664,1.5708333333333335,2.2396270940567407
2025-11-13 12:00:00,12,2.2706083333333336,1.9525,2.7988666199305037
2025-11-13 13:00:00,12,2.304091666666667,2.750833333333334,2.595013870908215
2025-11-13 14:00:00,12,2.080475,2.7866666666666666,2.030218562790202
2025-11-13 15:00:00,12,1.2498666666666667,2.24,2.642164697872265
2025-11-13 16:00:00,12,2.351958333333333,1.3383333333333336,3.019001855089001
2025-11-13 17:00:00,12,2.043083333333333,0.5833333333333334,2.2627740388210817
2025-11-13 18:00:00,12,2.9643583333333337,0.6425000000000001,2.741052505504777
2025-11-13 19:00:00,12,1.373475,0.4949999999999999,1.6776153541853052
2025-11-13 20:00:00,12,1.6938833333333332,0.16666666666666666,2.237913376583338
2025-11-13 21:00:00,12,2.1780333333333335,-0.04083333333333333,3.039926213652682
2025-11-13 22:00:00,12,3.056025,0.01,3.1292846462127892
2025-11-13 23:00:00,12,2.447375,-0.5,2.5804085662700214
2025-11-14 00:00:00,13,1.3521083333333332,-1.695,2.399298893688712
2025-11-14 01:00:00,13,2.807691666666667,-2.019166666666667,2.905321404606716
2025-11-14 02:00:00,13,3.1464916666666665,-2.5141666666666667,3.150031189087959
2025-11-14 03:00:00,13,2.8201083333333337,-3.1383333333333336,3.0125284846055003
2025-11-14 04:00:00,13,2.300683333333333,-3.699166666666667,2.921894295926964
2025-11-14 05:00:00,13,2.64095,-4.05,2.839145670167416
2025-11-14 06:00:00,13,3.3395083333333333,-4.251666666666668,2.8084857774320606
2025-11-14 07:00:00,13,2.6407916666666664,-2.6941666666666664,3.0570601067190566
2025-11-14 08:00:00,13,2.7280499999999996,-0.3658333333333334,3.1190368858692272
2025-11-14 09:00:00,13,2.3409,0.5983333333333334,2.745521106589304
2025-11-14 10:00:00,13,1.3367083333333334,1.5216666666666665,2.546008821414885
2025-11-14 11:00:00,13,2.8174749999999995,1.4708333333333334,2.2710246689446945
2025-11-14 12:00:00,13,1.41105,2.68,1.9833293019891318
2025-11-14 13:00:00,13,2.5320666666666667,2.5058333333333334,2.461190171734291
2025-11-14 14:00:00,13,0.5633166666666666,2.0224999999999995,2.287331423615467
2025-11-14 15:00:00,13,2.9077583333333332,0.7266666666666666,2.769196071063834
2025-11-14 16:00:00,13,2.3657749999999997,-0.7824999999999999,2.7260049487678417
2025-11-14 17:00:00,13,2.141625,-1.416666666666667,2.2496438832587238
2025-11-14 18:00:00,13,2.851866666666666,-1.278333333333333,2.6424246023807316
2025-11-14 19:00:00,13,1.251725,-0.7908333333333332,1.9264399838033133
2025-11-14 20:00:00,13,2.2112333333333334,-0.5783333333333334,2.8642293424532013
2025-11-14 21:00:00,13,3.4643333333333333,-0.6566666666666666,2.981696169591095
2025-11-14 22:00:00,13,1.4898500000000001,-0.7266666666666667,2.269521984693903
2025-11-14 23:00:00,13,2.92805,-1.4066666666666665,2.7624909005086775
2025-11-15 00:00:00,14,2.4482416666666666,-1.7774999999999999,1.8277640475228258
2025-11-15 01:00:00,14,2.9400833333333334,-2.3708333333333336,2.8187740461966966
2025-11-15 02:00:00,14,2.255441666666667,-3.060833333333333,2.4132208238411477
2025-11-15 03:00:00,14,2.6656500000000003,-2.7091666666666665,2.619215637401652
2025-11-15 04:00:00,14,3.457841666666667,-2.9116666666666666,2.7575722168104964
2025-11-15 05:00:00,14,2.2415166666666666,-3.5466666666666664,2.5450725563768106
2025-11-15 06:00:00,14,3.4800416666666667,-2.9258333333333333,3.00015244071055
2025-11-15 07:00:00,14,3.231633333333333,-1.6624999999999999,2.427937724621332
2025-11-15 08:00:00,14,1.6159166666666667,-0.4766666666666666,1.9928438387419323
2025-11-15 09:00:00,14,2.977583333333333,0.35666666666666663,2.652097959658857
2025-11-15 10:00:00,14,0.0,1.3775000000000002,2.2192013684433576
2025-11-15 11:00:00,14,1.5442666666666667,2.1116666666666664,2.021413638171805
2025-11-15 12:00:00,14,1.4403666666666664,2.598333333333333,1.4873947601575368
2025-11-15 13:00:00,14,0.0,1.9599999999999997,1.5005022849917085
2025-11-15 14:00:00,14,1.298325,1.1533333333333333,2.5828039729266212
2025-11-15 15:00:00,14,3.0101083333333336,-0.03666666666666666,3.012921348085972
2025-11-15 16:00:00,14,1.7866749999999998,-1.4858333333333331,2.437694103454201
2025-11-15 17:00:00,14,2.545325,-1.8,2.573328323485953
2025-11-15 18:00:00,14,3.8171083333333335,-2.1208333333333336,2.7961670140187365
2025-11-15 19:00:00,14,1.7054083333333334,-2.6208333333333336,2.1659207918908416
2025-11-15 20:00:00,14,3.3295,-3.4299999999999997,2.760191803718347
2025-11-15 21:00:00,14,3.104516666666666,-4.134166666666666,2.7145292005319046
2025-11-15 22:00:00,14,2.4252583333333333,-5.235833333333333,2.6679546133481065
2025-11-15 23:00:00,14,3.0796416666666664,-6.273333333333333,2.8680731991959183
2025-11-16 00:00:00,15,2.5466249999999997,-6.745833333333333,3.0200331253770276
2025-11-16 01:00:00,15,2.982758333333333,-5.906666666666666,3.1808494472278213
2025-11-16 02:00:00,15,2.994933333333333,-5.37,3.654265585564949
2025-11-16 03:00:00,15,3.05625,-4.5225,3.266595743637517
2025-11-16 04:00:00,15,2.9479666666666664,-4.179166666666666,3.430750676749367
2025-11-16 05:00:00,15,3.56745,-4.069166666666667,3.242685291243113
2025-11-16 06:00:00,15,2.332058333333333,-3.9625,3.0942166247398166
2025-11-16 07:00:00,15,3.5166833333333334,-3.703333333333333,3.498050684729904
2025-11-16 08:00:00,15,3.1039749999999997,-3.1016666666666666,2.786671541652598
2025-11-16 09:00:00,15,2.1035,-2.11,2.667771037120401
2025-11-16 10:00:00,15,2.6603333333333334,-1.3141666666666667,3.1020205433414256
2025-11-16 11:00:00,15,2.708225,-0.5641666666666667,2.7468653589005347
2025-11-16 12:00:00,15,2.7173583333333333,-0.010000000000000009,2.6213200895667725
2025-11-16 13:00:00,15,5.2167666666666666,0.5108333333333334,5.142376093426809
2025-11-16 14:00:00,15,1.5456083333333333,0.43583333333333346,2.1996672681844096
2025-11-16 15:00:00,15,2.827716666666666,0.11,2.2474996757200736
2025-11-16 16:00:00,15,2.487258333333333,-0.055,2.5373427890634264
2025-11-16 17:00:00,15,3.8250666666666664,-0.3983333333333334,3.2374703685626693
2025-11-16 18:00:00,15,2.40805,-1.2925,2.614126598125404
2025-11-16 19:00:00,15,2.1589833333333335,-1.8808333333333331,2.8337683411984314
2025-11-16 20:00:00,15,3.1467166666666664,-2.2275000000000005,3.065792605361562
2025-11-16 21:00:00,15,2.0315833333333333,-2.398333333333334,3.079121764413659
2025-11-16 22:00:00,15,3.4978416666666665,-2.5,3.179779370221217
2025-11-16 23:00:00,15,3.4856166666666666,-2.5875,2.9306100940925237
2025-11-17 00:00:00,16,1.7699249999999997,-2.6749999999999994,2.052926152312642
2025-11-17 01:00:00,16,3.342425,-2.9175,3.342877615448904
2025-11-17 02:00:00,16,3.0833416666666666,-3.2316666666666674,2.762490184265521
2025-11-17 03:00:00,16,2.38855,-3.2883333333333327,2.4796961874103145
2025-11-17 04:00:00,16,3.7761750000000003,-3.283333333333333,3.2254339358172848
2025-11-17 05:00:00,16,3.473058333333333,-3.1750000000000003,3.143462855780064
2025-11-17 06:00:00,16,3.144183333333333,-3.0141666666666667,3.5691694825653952
2025-11-17 07:00:00,16,3.2487833333333334,-2.5141666666666667,3.376903810243196
2025-11-17 08:00:00,16,3.8836583333333325,-1.9541666666666668,3.197930568138895
2025-11-17 09:00:00,16,2.821933333333333,-1.0516666666666665,2.7673674201083713
2025-11-17 10:00:00,16,2.736983333333333,-0.19000000000000003,2.8789626634477186
2025-11-17 11:00:00,16,2.7252750000000003,0.22666666666666668,2.658510277601849
2025-11-17 12:00:00,16,2.297833333333333,0.44333333333333336,2.9186746973099136
2025-11-17 13:00:00,16,2.564975,0.45250000000000007,2.613123662390163
2025-11-17 14:00:00,16,2.334891666666666,0.3008333333333333,3.1005235518580694
2025-11-17 15:00:00,16,3.752016666666666,-0.25000000000000006,3.0745037928626338
2025-11-17 16:00:00,16,2.8754333333333335,-0.2833333333333334,2.314766785670665
2025-11-17 17:00:00,16,2.6767916666666665,-0.41583333333333333,2.2677606651704427
2025-11-17 18:00:00,16,2.6895249999999997,-0.37500000000000006,2.6562920323000876
2025-11-17 19:00:00,16,1.8167,-0.3191666666666667,2.9162695809692356
2025-11-17 20:00:00,16,2.5665166666666663,-0.43583333333333335,2.842226156249658
2025-11-17 21:00:00,16,3.440425,-0.6258333333333334,2.966570417046524
2025-11-17 22:00:00,16,2.4160083333333335,-0.7275,2.7182424882911813
2025-11-17 23:00:00,16,3.2633583333333327,-0.8566666666666666,2.8784321406730484
2025-11-18 00:00:00,17,3.061616666666666,-0.8816666666666665,2.5536935836057912
2025-11-18 01:00:00,17,2.860958333333333,-1.055,2.888715464944319
2025-11-18 02:00:00,17,2.8151,-0.9941666666666666,3.064560794552092
2025-11-18 03:00:00,17,2.6677583333333335,-0.8408333333333333,2.812037129400488
2025-11-18 04:00:00,17,2.9102249999999996,-0.8291666666666666,3.459019310359876
2025-11-18 05:00:00,17,2.9947,-1.1849999999999998,3.1103242705189054
2025-11-18 06:00:00,17,2.8090083333333338,-0.9158333333333332,2.6581895352834866
2025-11-18 07:00:00,17,2.340875,-0.7208333333333333,2.4526020868346023
2025-11-18 08:00:00,17,3.6488666666666667,0.4625000000000001,2.7135617879893195
2025-11-18 09:00:00,17,1.80445,0.6616666666666665,2.1528481044595433
2025-11-18 10:00:00,17,1.4774666666666665,2.555833333333333,2.2040767536677546
2025-11-18 11:00:00,17,1.4867833333333333,2.7675,1.4976007737054495
2025-11-18 12:00:00,17,1.5645916666666666,2.7591666666666668,1.4447273565985435
2025-11-18 13:00:00,17,0.0,1.67,1.6133221006228329
2025-11-18 14:00:00,17,3.19405,0.9808333333333334,2.41882681348518
2025-11-18 15:00:00,17,1.3175,0.4908333333333334,2.1682733966461183
2025-11-18 16:00:00,17,2.302583333333333,0.29999999999999993,2.4343425778630583
2025-11-18 17:00:00,17,2.514275,0.20833333333333334,2.216160547210687
2025-11-18 18:00:00,17,3.3028249999999995,0.22583333333333333,2.6200644833586884
2025-11-18 19:00:00,17,2.9990500000000004,0.31416666666666676,2.638103359339918
2025-11-18 20:00:00,17,1.944308333333333,0.41666666666666674,2.30259216368492
2025-11-18 21:00:00,17,2.6906166666666667,0.061666666666666675,3.0140083518758622
2025-11-18 22:00:00,17,2.766316666666666,-0.05083333333333332,2.9686944158970494
2025-11-21 00:00:00,20,2.5582,-5.023333333333333,3.1366159861968566
2025-11-21 01:00:00,20,2.772491666666667,-5.0183333333333335,3.3363771764818875
2025-11-21 02:00:00,20,3.292133333333333,-5.491666666666667,3.1693027379084553
2025-11-21 03:00:00,20,3.2430333333333334,-6.2225,2.999231075934241
2025-11-21 04:00:00,20,3.2245583333333334,-6.887499999999999,3.25641260671585
2025-11-21 05:00:00,20,3.9281749999999995,-7.197500000000001,2.656172252869642
2025-11-21 06:00:00,20,1.6028333333333333,-6.256666666666667,2.5962907052126614
2025-11-21 07:00:00,20,2.885025,-5.411666666666666,3.424973508881369
2025-11-21 08:00:00,20,2.4128833333333333,-3.0925,3.2045818865103457
2025-11-21 09:00:00,20,3.3483583333333327,-0.5233333333333333,3.034061196181284
2025-11-21 10:00:00,20,2.564308333333333,1.0283333333333333,2.6419988462208064
2025-11-21 11:00:00,20,2.2005166666666662,1.9574999999999998,2.066051513294751
2025-11-21 12:00:00,20,1.5462333333333336,2.161666666666667,1.8504373670134067
2025-11-21 13:00:00,20,3.010883333333333,2.3233333333333337,2.587419470872618
2025-11-21 14:00:00,20,1.4916749999999999,1.7874999999999999,1.7161463674076884
2025-11-21 15:00:00,20,2.6699916666666668,1.1766666666666665,2.4921561629285045
2025-11-21 16:00:00,20,1.0027083333333333,0.4666666666666666,2.2039561556036182
2025-11-21 17:00:00,20,3.0825,0.23500000000000007,2.4805250947494364
2025-11-21 18:00:00,20,1.5287416666666667,0.18583333333333332,2.14519480581387
2025-11-21 19:00:00,20,2.9713083333333334,0.2175,2.8277791018744365
2025-11-21 20:00:00,20,1.4998916666666666,0.7391666666666666,1.353283980563707
2025-11-21 21:00:00,20,1.5217,0.9266666666666667,1.9061417653709842
2025-11-21 22:00:00,20,3.3526750000000005,0.3058333333333333,3.13260556777175
2025-11-26 00:00:00,25,2.3153666666666664,-0.2700000000000001,2.6397575705080003
2025-11-26 01:00:00,25,2.2167499999999998,-0.035833333333333335,2.8038097138196436
2025-11-26 02:00:00,25,2.280333333333333,0.23083333333333336,2.1861402458231014
2025-11-26 03:00:00,25,2.0273250000000003,0.3983333333333334,2.673972181447425
2025-11-26 04:00:00,25,1.9307083333333332,0.7033333333333335,2.339748043185091
2025-11-26 05:00:00,25,1.8907916666666666,0.7458333333333332,2.062054446139071
2025-11-26 06:00:00,25,2.1607916666666664,0.7925,2.3521696835603385
2025-11-26 07:00:00,25,1.5397083333333332,0.9625,2.2104959995442477
2025-11-26 08:00:00,25,2.2135249999999997,1.9166666666666667,2.517866042746906
2025-11-26 09:00:00,25,2.9524166666666667,2.8108333333333335,2.262238374253539
2025-11-26 10:00:00,25,1.9922,3.7916666666666665,1.3525142572409479
2025-11-26 11:00:00,25,1.5861416666666668,4.906666666666667,1.8963539502737614
2025-11-26 12:00:00,25,1.5265333333333333,5.345833333333332,1.633868897699041
2025-11-26 13:00:00,25,1.5499249999999998,5.821666666666666,0.970377382269008
2025-11-26 14:00:00,25,1.5385499999999999,5.5325,1.1991354874139535
2025-11-26 15:00:00,25,1.5939666666666665,4.754166666666666,1.7781259860341552
2025-11-26 16:00:00,25,1.327925,4.148333333333333,1.8327790943620563
2025-11-26 17:00:00,25,1.315825,3.7600000000000002,1.372552000240837
2025-11-26 18:00:00,25,2.313191666666667,3.579166666666667,1.707444593661641
2025-11-26 19:00:00,25,1.79365,3.4574999999999996,1.71628932917266
2025-11-26 20:00:00,25,1.693158333333333,3.4616666666666664,1.4971596919542716
2025-11-26 21:00:00,25,1.6982916666666665,3.400833333333333,1.9425800932720247
2025-11-26 22:00:00,25,1.6878833333333334,3.4299999999999997,1.9371674220254804
2025-11-26 23:00:00,25,1.7016916666666668,3.3525000000000005,2.2062075576765974
2025-11-27 00:00:00,26,2.9029000000000003,3.3575000000000004,2.347003885251385
2025-11-27 01:00:00,26,1.49635,3.106666666666666,1.8696193193723614
2025-11-27 02:00:00,26,1.4102416666666668,2.8883333333333336,1.6824740896287422
2025-11-27 03:00:00,26,1.3145749999999998,2.954166666666667,2.1126639783799335
2025-11-27 04:00:00,26,2.369933333333333,2.8200000000000003,2.300733799427311
2025-11-27 05:00:00,26,2.1946666666666665,1.985,2.0483274074954663
2025-11-27 06:00:00,26,1.5532416666666666,1.3291666666666668,2.127973861940659
2025-11-27 07:00:00,26,2.4601666666666664,1.0275,2.0820209493636326
2025-11-27 08:00:00,26,1.2150083333333332,1.8475000000000001,1.6008260686932034
2025-11-27 09:00:00,26,2.2858666666666667,2.39,2.309050273171739
2025-11-27 10:00:00,26,0.0,4.5008333333333335,1.2437438877417961
2025-11-27 11:00:00,26,0.9668916666666667,4.258333333333333,1.5222218612879148
2025-11-27 12:00:00,26,1.8648833333333332,3.9808333333333334,2.0048439060702083
2025-11-27 13:00:00,26,1.7484166666666665,4.3275,1.2757536629864934
2025-11-27 14:00:00,26,1.5784833333333332,4.230833333333333,1.9412021735580849
2025-11-27 15:00:00,26,2.430475,2.893333333333334,2.087667406297868
2025-11-27 16:00:00,26,1.710475,2.1108333333333333,2.0885035368897458
2025-11-27 17:00:00,26,1.8817583333333332,2.144166666666667,2.1828199200001523
2025-11-27 18:00:00,26,3.4262666666666663,2.069166666666667,2.4022339215295037
2025-11-27 19:00:00,26,1.667025,1.9858333333333338,2.082270637682932
2025-11-27 20:00:00,26,3.2952999999999997,1.3341666666666665,2.1450216908822584
2025-11-27 21:00:00,26,1.6201083333333333,0.8341666666666668,1.956636610258995
2025-11-27 22:00:00,26,1.5966749999999998,0.3841666666666667,2.21898342081123
2025-11-27 23:00:00,26,2.4584999999999995,0.19416666666666668,2.451800669174787
2025-11-28 00:00:00,27,3.168658333333333,0.04750000000000001,2.424851472111553
2025-11-28 01:00:00,27,1.4998833333333335,-0.31499999999999995,1.7183032270262337
2025-11-28 02:00:00,27,3.0349749999999998,-0.9533333333333335,2.4588500392926838
2025-11-28 03:00:00,27,1.4086666666666665,-1.2499999999999998,2.1906095861276453
2025-11-28 04:00:00,27,2.7888583333333328,-1.4024999999999999,2.733679087686346
2025-11-28 05:00:00,27,2.5209249999999996,-1.7366666666666666,2.843037168260895
2025-11-28 06:00:00,27,2.4989666666666666,-2.1583333333333328,2.704971409030208
2025-11-28 07:00:00,27,2.1273916666666666,-1.6983333333333333,2.3113421316214238
2025-11-28 08:00:00,27,2.9906916666666663,-0.62,2.683029072265204
2025-11-28 09:00:00,27,1.8751666666666666,0.8241666666666667,1.9653317349973465
2025-11-28 10:00:00,27,2.6162666666666667,1.7225000000000001,2.4033208261947125
2025-11-28 11:00:00,27,2.6235166666666663,2.35,2.205434993130047
2025-11-28 12:00:00,27,2.25475,2.4858333333333333,1.8868872186489338
2025-11-28 13:00:00,27,3.226775,2.0525,2.434538894236398
2025-11-28 14:00:00,27,2.805308333333333,-0.9808333333333333,2.3502050872977005
2025-11-28 15:00:00,27,3.0689749999999996,-1.4483333333333335,2.287960433580289
2025-11-28 16:00:00,27,2.7038249999999997,-1.9816666666666665,2.1146854444288805
2025-11-28 17:00:00,27,2.37975,-2.8625000000000003,2.257829662622338
2025-11-28 18:00:00,27,2.325833333333333,-3.4308333333333336,2.400997199748136
2025-11-28 19:00:00,27,2.7869333333333337,-3.4616666666666664,2.4880496320332193
2025-11-28 20:00:00,27,2.0286416666666667,-3.2541666666666664,2.1836290023048623
2025-11-28 21:00:00,27,3.2090916666666662,-3.328333333333333,3.093535183990664
2025-11-28 22:00:00,27,2.6447833333333333,-3.454166666666667,2.9560528742412657
2025-11-28 23:00:00,27,2.8629250000000006,-2.9408333333333334,2.987945317083283
2025-11-29 00:00:00,28,3.077691666666667,-2.2224999999999997,3.395535049906509
2025-11-29 01:00:00,28,3.8518916666666665,-2.0125,3.555922296443696
2025-11-29 02:00:00,28,2.884158333333333,-1.885,2.673759253964617
2025-11-29 03:00:00,28,3.359183333333333,-1.801666666666667,3.1945604288309535
2025-11-29 04:00:00,28,3.3921666666666668,-1.8691666666666669,2.9748813927874247
2025-11-29 05:00:00,28,3.3555083333333333,-1.8566666666666667,2.9041914238563513
2025-11-29 06:00:00,28,3.2530416666666664,-2.0091666666666663,2.8218838172856806
2025-11-29 07:00:00,28,2.6476666666666664,-1.8099999999999998,2.4264794929156404
2025-11-29 08:00:00,28,2.888575,-1.505,2.6773257738910985
2025-11-29 09:00:00,28,2.7927750000000002,-0.9866666666666668,2.561658061037461
2025-11-29 10:00:00,28,2.7047416666666666,-0.20750000000000002,2.6292533270482057
2025-11-29 11:00:00,28,2.7269416666666664,-0.17166666666666663,2.711142521740495
2025-11-29 12:00:00,28,3.381275,0.21250000000000002,2.7979074914067006
2025-11-29 13:00:00,28,3.2413250000000002,-0.25,2.592266822234003
2025-11-29 14:00:00,28,2.8660249999999996,-0.38833333333333336,2.4187245000622015
2025-11-29 15:00:00,28,2.3270166666666667,-0.7266666666666666,2.498242579114751
2025-11-29 16:00:00,28,3.9633499999999997,-1.343333333333333,2.8921421910981504
2025-11-29 17:00:00,28,2.9361583333333328,-1.8225000000000005,2.5728869021459526
2025-11-29 18:00:00,28,2.385483333333333,-2.415833333333333,2.9382474505647527
2025-11-29 19:00:00,28,2.8433500000000005,-3.2083333333333335,2.8812520260512993
2025-11-29 20:00:00,28,2.4468083333333333,-3.138333333333333,2.974414559114139
2025-11-29 21:00:00,28,4.4301,-3.310833333333333,2.982654262316868
2025-11-29 22:00:00,28,4.54655,-3.801666666666667,3.5197858456556013
2025-11-29 23:00:00,28,4.800283333333333,-4.8275,3.2071007469972757
2025-11-30 00:00:00,29,4.009949999999999,-5.348333333333334,3.0251901757092177
2025-11-30 01:00:00,29,4.74575,-6.273333333333333,3.3608024069568847
2025-11-30 02:00:00,29,3.802183333333333,-7.365833333333334,2.8245651576424744
2025-11-30 03:00:00,29,4.848083333333334,-8.181666666666667,3.4328721998517047
2025-11-30 04:00:00,29,4.278975,-8.448333333333332,3.4121028668176816
2025-11-30 05:00:00,29,3.5119083333333325,-7.638333333333333,3.064861618670883
2025-11-30 06:00:00,29,3.0477999999999996,-7.028333333333333,3.5482486830916224
2025-11-30 07:00:00,29,3.883566666666667,-6.2875000000000005,4.102791095912413
2025-11-30 08:00:00,29,3.5072083333333333,-4.584166666666667,3.0727939083751936
2025-11-30 09:00:00,29,4.237275,-2.9025,3.124671484257858
2025-11-30 10:00:00,29,5.010475,-3.2225,3.4407534816697707
2025-11-30 11:00:00,29,1.8551749999999996,-2.9633333333333334,2.583272944484718
2025-11-30 12:00:00,29,3.1847250000000003,-2.7724999999999995,3.320020534877978
2025-11-30 13:00:00,29,3.099458333333333,-2.3333333333333335,2.9473308072216184
2025-11-30 14:00:00,29,2.13745,-1.8758333333333335,2.824676080224055
2025-11-30 15:00:00,29,2.989866666666667,-1.615,3.3730143942917215
2025-11-30 16:00:00,29,4.0327666666666655,-1.1391666666666667,3.3870365439469934
2025-11-30 17:00:00,29,2.7189749999999995,-0.2575,2.6490620082423892
2025-11-30 18:00:00,29,2.6515666666666666,0.2558333333333334,2.344939735548185
2025-11-30 19:00:00,29,1.960508333333333,0.28250000000000014,2.1742275383379965
2025-11-30 20:00:00,29,3.1332249999999995,0.01916666666666667,2.8319846946796963
2025-11-30 21:00:00,29,2.436808333333333,0.06083333333333333,2.6122270977561217
2025-11-30 22:00:00,29,3.3733083333333336,-0.009166666666666662,3.035293047084273
2025-11-30 23:00:00,29,5.290466666666666,-0.5225,4.082765942974248
2025-12-01 00:00:00,30,4.7886999999999995,-0.7916666666666666,2.993217054760378
2025-12-01 01:00:00,30,4.3153,-0.67,2.817722637696198
2025-12-01 02:00:00,30,4.076099999999999,-0.6208333333333335,2.660954745300665
2025-12-01 03:00:00,30,4.64165,-0.3291666666666667,2.4088255132956493
2025-12-01 04:00:00,30,2.837008333333333,-0.6583333333333333,1.9756720150330835
2025-12-01 05:00:00,30,2.6863833333333336,-0.48166666666666674,2.5772857474884754
2025-12-01 06:00:00,30,3.801008333333333,-0.42583333333333334,2.6485100845926706
2025-12-01 07:00:00,30,2.3594583333333334,-0.12499999999999999,1.9984328387650476
2025-12-01 08:00:00,30,2.225241666666667,0.15250000000000002,1.763519292047235
2025-12-01 09:00:00,30,2.4372000000000003,0.2358333333333333,1.7159255179895074
2025-12-01 10:00:00,30,2.336308333333333,0.01666666666666666,1.754498133548441
2025-12-01 11:00:00,30,2.2561166666666668,-0.8733333333333332,1.8649530828894538
2025-12-01 12:00:00,30,3.2467583333333336,-1.5041666666666664,2.683875619360876
2025-12-01 13:00:00,30,3.0438999999999994,-2.5041666666666664,2.8805673326642567
2025-12-01 14:00:00,30,3.076733333333333,-3.4583333333333335,2.7299083352615705
2025-12-01 15:00:00,30,3.4376,-4.7683333333333335,2.879978667932746
2025-12-01 16:00:00,30,1.3084083333333334,-5.930000000000001,1.9438748199222535
2025-12-01 17:00:00,30,1.2761666666666667,-6.589166666666667,2.522277408852442
2025-12-01 18:00:00,30,5.681783333333333,-7.43,3.783993941703325
2025-12-01 19:00:00,30,2.8459083333333335,-7.8,2.7859418841290395
2025-12-01 20:00:00,30,4.709608333333334,-8.19,3.6760906702740446
2025-12-01 21:00:00,30,4.946841666666667,-8.6525,3.553976176261368
2025-12-01 22:00:00,30,4.862008333333333,-9.346666666666666,4.218792631809112
2025-12-01 23:00:00,30,5.126741666666668,-10.63,3.9521978891337866
2025-12-02 00:00:00,31,5.983583333333333,-11.29,4.121379692934139
2025-12-02 01:00:00,31,4.330691666666667,-11.6725,3.246541198539522
2025-12-02 02:00:00,31,4.2458833333333335,-11.37,4.151994761245483
2025-12-02 03:00:00,31,5.218491666666667,-10.959166666666668,4.437759225494085
2025-12-02 04:00:00,31,5.069783333333333,-10.44,3.8364206048659204
2025-12-02 05:00:00,31,4.918616666666667,-10.139166666666666,4.11648667161796
2025-12-02 06:00:00,31,4.031133333333333,-9.5925,4.173375116927652
2025-12-02 07:00:00,31,5.096133333333333,-8.884166666666667,4.620798865838752
2025-12-02 08:00:00,31,5.555441666666667,-8.375833333333334,4.199290300828246
2025-12-02 09:00:00,31,4.468908333333332,-8.147499999999999,3.79918668173391
2025-12-02 10:00:00,31,4.665525,-7.75,4.078549828254333
2025-12-02 11:00:00,31,5.06245,-7.180833333333333,3.8774670933810214
2025-12-02 12:00:00,31,4.936175,-7.115833333333334,3.600534582224145
2025-12-02 13:00:00,31,3.7529999999999997,-6.935,2.946892419896856
2025-12-02 14:00:00,31,4.6226,-6.543333333333334,3.5940045630980815
2025-12-02 15:00:00,31,2.769458333333333,-6.512499999999999,4.3875142609781745
2025-12-02 16:00:00,31,2.3454083333333333,-6.3758333333333335,2.976244751694392
2025-12-02 17:00:00,31,2.380125,-6.2925,3.8327632997983447
2025-12-02 18:00:00,31,3.2790833333333333,-6.2175,3.460460810815678
2025-12-02 19:00:00,31,4.254375,-6.069166666666667,3.941290856258623
2025-12-02 20:00:00,31,4.533125,-5.954166666666667,5.034060133506562
2025-12-02 21:00:00,31,5.853908333333333,-5.89,4.406088996297603
2025-12-02 22:00:00,31,4.7728166666666665,-5.7316666666666665,3.0300056897339633
2025-12-05 00:00:00,34,8.262208333333334,-16.939999999999998,6.374023519656034
2025-12-05 01:00:00,34,5.9571000000000005,-17.096666666666668,5.85155327262691
2025-12-05 02:00:00,34,6.874225000000001,-17.800833333333333,5.522272907560405
2025-12-05 03:00:00,34,7.201149999999998,-17.281666666666666,5.518681805113162
2025-12-05 04:00:00,34,5.529491666666666,-17.388333333333332,5.5678546313890545
2025-12-05 05:00:00,34,7.142116666666666,-17.259166666666673,5.932031389552591
2025-12-05 06:00:00,34,6.516883333333333,-17.175833333333333,5.5032840761304485
2025-12-05 07:00:00,34,7.708383333333332,-16.7875,6.197480664957832
2025-12-05 08:00:00,34,6.849,-15.334166666666667,5.710813474276258
2025-12-05 09:00:00,34,5.3881499999999996,-13.1625,4.456150481351004
2025-12-05 10:00:00,34,5.490766666666667,-10.799999999999999,4.65666957404825
2025-12-05 11:00:00,34,3.746941666666667,-9.375,3.508115424209181
2025-12-05 12:00:00,34,5.2761249999999995,-8.014166666666666,4.423146614867102
2025-12-05 13:00:00,34,5.0496583333333325,-8.6625,5.321455247393919
2025-12-05 14:00:00,34,5.555774999999999,-8.9725,4.707879518708744
2025-12-05 15:00:00,34,5.187091666666666,-9.8425,4.662533873309687
2025-12-05 16:00:00,34,6.062833333333333,-11.750833333333333,5.058332941654217
2025-12-05 17:00:00,34,6.117366666666667,-12.862499999999999,4.693224577750518
2025-12-05 18:00:00,34,6.948041666666667,-14.605833333333335,5.43031105036924
2025-12-05 19:00:00,34,3.7458416666666663,-15.009166666666667,5.3784485201463
2025-12-05 20:00:00,34,4.7989999999999995,-14.435,5.868561012493203
2025-12-05 21:00:00,34,5.999733333333333,-13.870833333333332,6.715183829379413
2025-12-05 22:00:00,34,7.700241666666666,-14.17,6.29357260668163
2025-12-05 23:00:00,34,6.480533333333333,-13.980833333333335,4.846287317094079
2025-12-06 00:00:00,35,4.647358333333333,-13.464166666666669,4.975582530616456
2025-12-06 01:00:00,35,5.137983333333333,-13.049166666666666,5.526385597451541
2025-12-06 02:00:00,35,5.667574999999999,-13.018333333333336,5.530311577227494
2025-12-06 03:00:00,35,5.194333333333333,-13.361666666666665,5.295957849050094
2025-12-06 04:00:00,35,4.990566666666666,-13.4125,5.325844191196534
2025-12-06 05:00:00,35,6.587775,-13.106666666666667,5.366506510920711
2025-12-06 06:00:00,35,4.894041666666666,-13.399999999999999,5.754784545772197
2025-12-06 07:00:00,35,6.109558333333333,-13.857500000000002,5.7549105570956876
2025-12-06 08:00:00,35,4.9687,-12.519166666666665,5.485080933839448
2025-12-06 09:00:00,35,5.174783333333333,-10.431666666666667,5.138493467567657
2025-12-06 10:00:00,35,5.426366666666667,-8.518333333333333,4.649402061491491
2025-12-06 11:00:00,35,2.9702916666666668,-7.434166666666666,3.574508379548711
2025-12-06 12:00:00,35,1.1098333333333332,-6.235833333333335,4.272102566177117
2025-12-06 13:00:00,35,2.771433333333333,-6.255,2.8897771424997436
2025-12-06 14:00:00,35,3.439308333333333,-6.208333333333333,3.5851229814227787
2025-12-06 15:00:00,35,4.174424999999999,-6.435833333333334,4.787606437196048
2025-12-06 16:00:00,35,4.715658333333334,-6.61,4.719723382752111
2025-12-06 17:00:00,35,5.09645,-6.565,4.577556939210001
2025-12-06 18:00:00,35,3.29745,-6.505,3.895233153549383
2025-12-06 19:00:00,35,1.6844249999999998,-6.375,3.1472860372531852
2025-12-06 20:00:00,35,4.32695,-6.273333333333333,4.218000294955239
2025-12-06 21:00:00,35,4.099008333333334,-6.239999999999999,4.968434685087187
2025-12-06 22:00:00,35,4.049383333333333,-6.445,4.415130722397966
2025-12-06 23:00:00,35,5.328016666666667,-7.295833333333334,4.530597117133109
2025-12-07 00:00:00,36,4.059325,-7.463333333333334,4.460048127884092
2025-12-07 01:00:00,36,4.816491666666667,-9.4025,5.131522196491482
2025-12-07 02:00:00,36,5.467066666666667,-10.341666666666667,4.993987449012896
2025-12-07 03:00:00,36,4.771750000000001,-9.555833333333334,5.057814784076523
2025-12-07 04:00:00,36,6.852925,-10.986666666666666,5.216656707299406
2025-12-07 05:00:00,36,3.9928166666666667,-11.292499999999999,4.403144817724569
2025-12-07 06:00:00,36,3.69555,-9.522499999999999,4.500386367102953
2025-12-07 07:00:00,36,5.4962583333333335,-9.824166666666667,5.239428921699359
2025-12-07 08:00:00,36,5.397241666666666,-8.727500000000001,4.669055592124792
2025-12-07 09:00:00,36,4.071375,-6.857500000000001,3.670650390187207
2025-12-07 10:00:00,36,3.056941666666667,-5.3325,3.4949971931260553
2025-12-07 11:00:00,36,2.2176416666666663,-5.151666666666666,3.6751154544545046
2025-12-07 12:00:00,36,3.2256083333333336,-4.658333333333334,3.8141856432532797
2025-12-07 13:00:00,36,3.0585083333333336,-4.9525,4.116732958271516
2025-12-07 14:00:00,36,3.903325,-5.305,4.1957869866398125
2025-12-07 15:00:00,36,4.806033333333334,-6.121666666666666,4.213066700938489
2025-12-07 16:00:00,36,2.8979583333333334,-6.952500000000001,4.368296037773864
2025-12-07 17:00:00,36,3.131083333333333,-7.434166666666666,3.841508303666387
2025-12-07 18:00:00,36,3.5652916666666665,-7.653333333333333,3.5244095357200655
2025-12-07 19:00:00,36,2.5050583333333334,-7.620833333333334,4.110280904719237
2025-12-07 20:00:00,36,4.728741666666667,-7.529166666666666,4.320203071124745
2025-12-07 21:00:00,36,2.883933333333333,-7.735833333333333,3.3846151028143265
2025-12-07 22:00:00,36,2.779275,-8.041666666666666,3.9711447005773963
2025-12-07 23:00:00,36,5.4457249999999995,-8.23,4.35695897424451
2025-12-08 00:00:00,37,3.9623250000000008,-8.485833333333334,3.716578274279291
2025-12-08 01:00:00,37,5.757991666666666,-8.916666666666666,5.016467745053006
2025-12-08 02:00:00,37,6.308375,-9.189166666666667,4.9620693454376115
2025-12-08 03:00:00,37,4.373225000000001,-9.339166666666667,4.4400353095438945
2025-12-08 04:00:00,37,5.053458333333333,-10.139166666666666,4.427593204207943
2025-12-08 05:00:00,37,5.712216666666666,-11.460833333333333,4.949115801907504
2025-12-08 06:00:00,37,4.25755,-12.591666666666667,4.54760517213429
2025-12-08 07:00:00,37,5.065741666666667,-12.856666666666667,5.188953493445422
2025-12-08 08:00:00,37,4.338675,-12.570833333333333,5.136137641422982
2025-12-08 09:00:00,37,6.395341666666667,-11.737500000000002,5.2174923176762436
2025-12-08 10:00:00,37,3.705258333333333,-10.614166666666666,4.635755457700099
2025-12-08 11:00:00,37,4.2474083333333335,-10.341666666666667,4.361617971674961
2025-12-08 12:00:00,37,3.267933333333333,-10.227500000000001,4.601626483245977
2025-12-08 13:00:00,37,6.948883333333332,-11.240833333333333,5.442817297097292
2025-12-08 14:00:00,37,6.559241666666667,-11.643333333333333,5.850097907781031
2025-12-08 15:00:00,37,5.372716666666666,-12.602500000000001,5.208279165172636
2025-12-08 16:00:00,37,4.850508333333333,-13.174999999999999,5.214728934336029
2025-12-08 17:00:00,37,6.891824999999999,-14.166666666666666,5.830142050156463
2025-12-08 18:00:00,37,5.865891666666666,-14.828333333333333,5.515901020527849
2025-12-08 19:00:00,37,6.112933333333334,-14.583333333333336,5.377755269280341
2025-12-08 20:00:00,37,5.760775,-15.105833333333331,5.915079295928438
2025-12-08 21:00:00,37,6.484491666666666,-15.555000000000001,6.057481325899644
2025-12-08 22:00:00,37,4.627908333333333,-16.179999999999996,5.206856401745907
2025-12-08 23:00:00,37,6.8081249999999995,-16.656666666666663,6.325274573114018
2025-12-09 00:00:00,38,6.1919,-16.6575,5.921900498583301
2025-12-09 01:00:00,38,6.917199999999999,-17.151666666666667,6.4183139129433115
2025-12-09 02:00:00,38,5.233791666666667,-17.037499999999998,5.99729455564518
2025-12-09 03:00:00,38,6.729041666666666,-17.393333333333334,6.444919090811848
2025-12-09 04:00:00,38,6.5699499999999995,-16.93166666666667,5.917323008455534
2025-12-09 05:00:00,38,6.304366666666668,-16.968333333333334,6.330268370333648
2025-12-09 06:00:00,38,7.556266666666666,-16.834166666666665,6.542484826745106
2025-12-09 07:00:00,38,5.948524999999999,-16.99083333333333,6.17324481610225
2025-12-09 08:00:00,38,6.245783333333333,-15.161666666666667,5.6128100318712555
2025-12-09 09:00:00,38,5.8126999999999995,-13.060833333333335,5.6758046022525495
2025-12-09 10:00:00,38,5.144033333333334,-10.749166666666667,5.27475848236959
2025-12-09 11:00:00,38,4.537508333333333,-9.375833333333334,3.621025082368071
2025-12-09 12:00:00,38,2.6948499999999997,-7.444166666666667,3.639940403834273
2025-12-09 13:00:00,38,4.460183333333333,-8.689166666666667,5.101949197124416
2025-12-09 14:00:00,38,4.7755833333333335,-9.7125,4.948209544517884
2025-12-09 15:00:00,38,4.9431666666666665,-10.885,5.306379575709276
2025-12-09 16:00:00,38,5.854633333333332,-13.149166666666666,5.683828759759659
2025-12-09 17:00:00,38,4.570675,-14.68083333333333,5.468451504640171
2025-12-09 18:00:00,38,0.0,-14.888333333333335,4.985955727555432
2025-12-09 19:00:00,38,1.9772333333333332,-14.648333333333333,4.4589012665163565
2025-12-09 20:00:00,38,5.295325,-15.573333333333332,5.4886037132259755
2025-12-09 21:00:00,38,4.628341666666667,-16.115833333333335,5.90233915728697
2025-12-09 22:00:00,38,4.307875,-15.154166666666663,4.533474858168819
2025-12-09 23:00:00,38,5.9130416666666665,-14.444166666666666,6.073603910403414
2025-12-10 00:00:00,39,6.077299999999999,-13.420833333333334,5.433234513021363
2025-12-10 01:00:00,39,4.782916666666667,-12.605833333333335,4.57291516673927
2025-12-10 02:00:00,39,5.8932166666666665,-12.288333333333334,5.743123496562376
2025-12-10 03:00:00,39,5.2821083333333325,-11.954166666666666,5.430179059451183
2025-12-10 04:00:00,39,4.491683333333334,-11.63,5.470679869568036
2025-12-10 05:00:00,39,6.722375000000001,-11.551666666666668,5.0927024197079485
2025-12-10 06:00:00,39,3.852175,-12.541666666666666,4.5173487030008825
2025-12-10 07:00:00,39,4.694458333333333,-13.277500000000002,5.232525822890174
2025-12-10 08:00:00,39,6.080349999999999,-11.744166666666665,5.37977880939313
2025-12-10 09:00:00,39,3.5289916666666667,-8.985,4.4821702730101185
2025-12-10 10:00:00,39,4.545216666666666,-6.855833333333333,4.409290993961965
2025-12-10 11:00:00,39,4.3983,-5.788333333333334,4.413333859669003
2025-12-10 12:00:00,39,3.2476166666666666,-4.9575000000000005,4.165532463806243
2025-12-10 13:00:00,39,4.307466666666667,-4.990833333333334,4.294446849712995
2025-12-10 14:00:00,39,3.778966666666667,-5.44,4.066380760171503
2025-12-10 15:00:00,39,4.495525000000001,-5.61,4.253962516910422
2025-12-10 16:00:00,39,2.9088499999999997,-5.564166666666666,3.9400641755161097
2025-12-10 17:00:00,39,1.3865583333333331,-5.25,2.8061817883896127
2025-12-10 18:00:00,39,3.941858333333333,-5.189166666666666,3.143403338033036
2025-12-10 19:00:00,39,4.077866666666667,-5.075,4.6287018865949205
2025-12-10 20:00:00,39,4.350083333333334,-4.902500000000001,4.646100564033938
2025-12-10 21:00:00,39,4.872583333333333,-4.710000000000001,4.576090219862107
2025-12-10 22:00:00,39,3.26205,-4.552499999999999,3.549930773852839
2025-12-10 23:00:00,39,3.245,-4.459166666666667,3.5021560295947394
2025-12-11 00:00:00,40,4.180591666666667,-4.550833333333333,3.7330115386694143
2025-12-11 01:00:00,40,3.9768666666666674,-4.528333333333333,3.9229993751161634
2025-12-11 02:00:00,40,3.8950416666666667,-4.61,3.6093886666964616
2025-12-11 03:00:00,40,3.080741666666666,-4.564166666666666,3.9780721224232507
2025-12-11 04:00:00,40,4.270125,-5.0375000000000005,3.7812544029574773
2025-12-11 05:00:00,40,4.301233333333333,-6.175833333333333,3.934440449136855
2025-12-11 06:00:00,40,4.663975,-5.892499999999999,3.6045361532617073
2025-12-11 07:00:00,40,3.3904083333333332,-5.444166666666667,3.8702678230979894
2025-12-11 08:00:00,40,3.1494,-5.0225,3.4711672389972152
2025-12-11 09:00:00,40,3.2379166666666666,-4.4816666666666665,3.7722773176492552
2025-12-11 10:00:00,40,4.23375,-3.75,3.9456201705571754
2025-12-11 11:00:00,40,4.378725,-2.875833333333333,4.212658425239091
2025-12-11 12:00:00,40,2.877125,-3.0041666666666664,3.549684440067745
2025-12-11 13:00:00,40,2.836091666666667,-3.5174999999999996,3.6842866071984566
2025-12-11 14:00:00,40,5.50385,-4.834166666666667,4.029884548383462
2025-12-11 15:00:00,40,4.190508333333334,-6.0275,4.220680847995913
2025-12-11 16:00:00,40,3.479141666666667,-7.899166666666667,3.4023121982249704
2025-12-11 17:00:00,40,3.2371000000000003,-9.055,3.8219526699977773
2025-12-11 18:00:00,40,4.389483333333334,-9.916666666666666,4.7560147655750775
2025-12-11 19:00:00,40,4.111908333333333,-10.751666666666667,4.95940952443369
2025-12-11 20:00:00,40,4.6944,-10.765,5.0060945003453305
2025-12-11 21:00:00,40,4.44485,-10.782499999999999,5.239985791695218
2025-12-11 22:00:00,40,4.996766666666666,-10.9625,5.083501943576872
2025-12-11 23:00:00,40,4.552858333333333,-11.268333333333333,4.767802243103165
2025-12-12 00:00:00,41,5.305516666666667,-10.7875,5.043045862580431
2025-12-12 01:00:00,41,4.57415,-10.295833333333333,4.47743889764034
2025-12-12 02:00:00,41,3.7423833333333336,-10.079166666666667,4.566537188374849
2025-12-12 03:00:00,41,4.759358333333333,-10.274166666666668,4.99494747776032
2025-12-12 04:00:00,41,5.126683333333333,-9.739166666666666,4.796028954983466
2025-12-12 05:00:00,41,3.806425,-9.227500000000001,4.138662007226029
2025-12-12 06:00:00,41,4.824166666666667,-9.074166666666667,5.028091557327704
2025-12-12 07:00:00,41,4.506966666666667,-9.029166666666667,4.429625291834728
2025-12-12 08:00:00,41,5.399283333333333,-8.319166666666666,4.51581198617972
2025-12-12 09:00:00,41,5.077,-7.3975,4.586758674404485
2025-12-12 10:00:00,41,4.458283333333333,-7.3475,4.437585241138115
2025-12-12 11:00:00,41,5.150833333333333,-6.943333333333334,4.779855384501116
2025-12-12 12:00:00,41,5.0967,-6.9366666666666665,4.592350800088356
2025-12-12 13:00:00,41,5.240375,-6.476666666666667,4.514770821110016
2025-12-12 14:00:00,41,4.581741666666666,-5.81,3.922332170315532
2025-12-12 15:00:00,41,4.032775,-6.361666666666667,4.5059486767788295
2025-12-12 16:00:00,41,5.086708333333333,-6.735833333333333,4.597199431612901
2025-12-12 17:00:00,41,3.1726916666666667,-6.403333333333333,4.233502405303971
2025-12-12 18:00:00,41,3.6099750000000004,-6.199166666666667,2.8464077409065567
2025-12-12 19:00:00,41,3.3853416666666662,-6.125,3.2233657265776183
2025-12-12 20:00:00,41,2.5393,-5.9624999999999995,3.3714693374027087
2025-12-12 21:00:00,41,6.103833333333333,-5.969166666666667,4.491585829221884
2025-12-12 22:00:00,41,4.524258333333333,-6.091666666666668,4.366705939552427
2025-12-12 23:00:00,41,4.890866666666667,-6.204999999999999,4.771669101046744
2025-12-13 00:00:00,42,4.643258333333333,-6.740833333333334,4.3408577952866265
2025-12-13 01:00:00,42,5.471425,-6.839166666666667,4.205236775591107
2025-12-13 02:00:00,42,4.58695,-7.63,4.246763461060786
2025-12-13 03:00:00,42,4.271125,-8.37,4.277836689181865
2025-12-13 04:00:00,42,5.416991666666666,-9.064166666666667,4.5759477760738
2025-12-13 05:00:00,42,5.693225,-9.3575,4.789842000811227
2025-12-13 06:00:00,42,3.2854249999999996,-10.148333333333333,4.163074589214255
2025-12-13 07:00:00,42,4.459016666666667,-10.911666666666667,4.792886775079458
2025-12-13 08:00:00,42,3.5322333333333336,-9.272499999999999,4.504006790236865
2025-12-13 09:00:00,42,4.286833333333332,-6.398333333333333,4.160876485070622
2025-12-13 10:00:00,42,3.545633333333333,-4.7225,3.8412018857399985
2025-12-13 11:00:00,42,2.3878333333333335,-4.153333333333333,3.723920159291609
2025-12-13 12:00:00,42,4.403975,-4.026666666666666,3.8846365659035955
2025-12-13 13:00:00,42,3.0809333333333337,-3.6441666666666666,3.701018193793122
2025-12-13 14:00:00,42,3.6935,-3.6475000000000004,3.9346573545755126
2025-12-13 15:00:00,42,3.9102083333333333,-4.579166666666667,4.132125404351678
2025-12-13 16:00:00,42,4.6034999999999995,-7.1066666666666665,4.270561738869529
2025-12-13 17:00:00,42,3.5174666666666665,-8.116666666666667,4.120257577519352
2025-12-13 18:00:00,42,4.107541666666666,-8.11,4.5827410103836455
2025-12-13 19:00:00,42,4.725433333333333,-9.740833333333333,5.148265845203473
2025-12-13 20:00:00,42,4.124083333333332,-11.213333333333333,4.529776721692453
2025-12-13 21:00:00,42,3.4414166666666666,-12.135833333333336,4.55145199853435
2025-12-13 22:00:00,42,4.54285,-12.64,5.0960657306734225
2025-12-13 23:00:00,42,3.869641666666667,-13.463333333333333,5.122492595038553
2025-12-14 00:00:00,43,4.1637749999999984,-13.25,5.46391030718523
2025-12-14 01:00:00,43,5.157183333333333,-13.347499999999998,5.421731947234905
2025-12-14 02:00:00,43,4.445624999999999,-12.921666666666667,4.941139327060363
2025-12-14 03:00:00,43,3.08995,-12.976666666666667,4.550345728101088
2025-12-14 04:00:00,43,4.301875,-14.286666666666667,5.195748105880896
2025-12-14 05:00:00,43,5.420725,-15.509166666666665,5.836212502711774
2025-12-14 06:00:00,43,4.562783333333334,-15.449166666666665,5.46289298735707
2025-12-14 07:00:00,43,5.349550000000001,-15.1075,5.537899174366629
2025-12-14 08:00:00,43,6.372783333333333,-14.375,5.996340439424115
2025-12-14 09:00:00,43,4.64815,-11.834166666666667,5.349162092382474
2025-12-14 10:00:00,43,4.532941666666666,-7.276666666666666,4.813793539657426
2025-12-14 11:00:00,43,4.371458333333333,-3.540833333333333,3.8004716425833074
2025-12-14 12:00:00,43,3.63805,-2.955,3.6113929037899983
2025-12-14 13:00:00,43,3.4857416666666667,-3.2583333333333333,4.3640022980283995
2025-12-14 14:00:00,43,2.58035,-3.5641666666666665,3.651756196949518
2025-12-14 15:00:00,43,4.0399416666666665,-4.76,4.24026156890339
2025-12-14 16:00:00,43,4.6302666666666665,-6.8425,3.787346444389303
2025-12-14 17:00:00,43,5.568641666666666,-8.6075,5.401173947820012
2025-12-14 18:00:00,43,4.986141666666666,-9.795,4.855705379538131
2025-12-14 19:00:00,43,4.590775,-10.314166666666667,4.788399604909477
2025-12-14 20:00:00,43,6.3382000000000005,-9.99,5.416836628426738
2025-12-14 21:00:00,43,5.500291666666667,-10.098333333333334,4.871786272450479
2025-12-14 22:00:00,43,5.6925,-10.656666666666666,5.343420431712245
2025-12-14 23:00:00,43,5.547741666666666,-10.689166666666665,5.017873356614897
2025-12-15 00:00:00,44,4.854958333333332,-10.699166666666668,5.260710507767924
2025-12-15 01:00:00,44,6.073708333333333,-10.990833333333333,5.173481063679884
2025-12-15 02:00:00,44,4.5168333333333335,-11.963333333333333,5.0168923154913525
2025-12-15 03:00:00,44,5.904491666666666,-12.333333333333334,5.3361408994242145
2025-12-15 04:00:00,44,6.196066666666667,-11.795833333333334,5.230374084684849
2025-12-15 05:00:00,44,4.290191666666667,-12.119166666666667,4.896482941239637
2025-12-15 06:00:00,44,5.515625,-12.708333333333334,5.295266240017574
2025-12-15 07:00:00,44,5.866616666666666,-13.213333333333333,5.395977842021595
2025-12-15 08:00:00,44,6.436966666666666,-11.846666666666666,5.402372488234082
2025-12-15 09:00:00,44,6.5259833333333335,-10.018333333333333,5.339144914738684
2025-12-15 10:00:00,44,5.638066666666667,-7.644166666666667,4.470954828058806
2025-12-15 11:00:00,44,3.9095416666666667,-6.754166666666666,3.9272741547653593
2025-12-15 12:00:00,44,5.024208333333333,-6.359166666666667,3.9367909200711004
2025-12-15 13:00:00,44,5.452949999999999,-7.435833333333334,4.692937037752172
2025-12-15 14:00:00,44,5.081908333333333,-7.8808333333333325,4.808169829496647
2025-12-15 15:00:00,44,6.570558333333334,-9.014166666666666,5.221308282855617
2025-12-15 16:00:00,44,5.497283333333334,-9.57,5.237302844336314
2025-12-15 17:00:00,44,7.1440166666666665,-9.906666666666666,5.774903615900369
2025-12-15 18:00:00,44,6.583666666666667,-10.661666666666667,5.401399709774144
2025-12-15 19:00:00,44,4.070508333333334,-10.545833333333333,4.717938848505497
2025-12-15 20:00:00,44,4.055166666666667,-10.499166666666666,3.290246925928345
2025-12-15 21:00:00,44,4.568108333333333,-10.439166666666667,4.465443091193272
2025-12-15 22:00:00,44,5.313899999999999,-10.5125,5.313832704693627
2025-12-15 23:00:00,44,5.9345583333333325,-11.079166666666667,5.423430555119215
2025-12-16 00:00:00,45,4.652733333333334,-12.199166666666668,5.24625755437175
2025-12-16 01:00:00,45,4.445491666666666,-11.971666666666666,5.673261403276257
2025-12-16 02:00:00,45,6.320058333333333,-13.737499999999999,5.884830273328724
2025-12-16 03:00:00,45,6.681291666666667,-15.115833333333333,5.624028909642752
2025-12-16 04:00:00,45,4.8497916666666665,-16.183333333333334,5.164936203786793
2025-12-16 05:00:00,45,5.607924999999999,-16.62916666666667,5.972753282635233
2025-12-16 06:00:00,45,6.90275,-12.865833333333335,6.033198358312482
2025-12-16 07:00:00,45,4.775883333333333,-12.699166666666665,5.5144913071532535
2025-12-16 08:00:00,45,4.963533333333334,-11.235833333333334,4.93279690817351
2025-12-16 09:00:00,45,5.371758333333332,-9.786666666666667,4.730658142827443
2025-12-16 10:00:00,45,3.4931666666666668,-4.956666666666666,4.164398349676323
2025-12-16 11:00:00,45,3.2124166666666665,-2.750833333333333,3.5386908645056345
2025-12-16 12:00:00,45,3.3206833333333337,-1.665,3.38599318074945
2025-12-16 13:00:00,45,3.8495749999999993,-2.1158333333333332,3.9404646236661933
2025-12-16 14:00:00,45,3.398325,-2.3049999999999997,3.946429631852232
2025-12-16 15:00:00,45,4.930991666666667,-2.440833333333333,4.084869960152092
2025-12-16 16:00:00,45,4.867908333333333,-2.9075,3.650004992416902
2025-12-16 17:00:00,45,3.6040083333333333,-4.9125000000000005,3.7450923447146054
2025-12-16 18:00:00,45,3.5484750000000003,-7.225833333333334,3.4092798250335896
2025-12-16 19:00:00,45,4.736383333333333,-8.505,4.878867472450458
2025-12-16 20:00:00,45,4.529258333333333,-8.259166666666667,4.404004834165813
2025-12-16 21:00:00,45,3.5178499999999997,-7.875,3.986513783955356
2025-12-16 22:00:00,45,3.3512249999999995,-7.205000000000001,3.9011994542466275
2025-12-16 23:00:00,45,6.362733333333332,-4.46,4.885321676939925
2025-12-17 00:00:00,46,4.578316666666666,-4.351666666666667,4.50912822404395
2025-12-17 01:00:00,46,4.5157,-4.411666666666666,4.396389805294675
2025-12-17 02:00:00,46,4.975733333333333,-4.656666666666666,4.317669649404069
2025-12-17 03:00:00,46,3.9064749999999995,-4.848333333333334,3.82137600698295
2025-12-17 04:00:00,46,5.218841666666666,-4.931666666666666,4.0899305879819075
2025-12-17 05:00:00,46,4.864258333333334,-3.8699999999999997,3.406464315305823
2025-12-17 06:00:00,46,3.0019333333333336,-3.6058333333333334,3.310048508987838
2025-12-17 07:00:00,46,4.131308333333333,-3.3524999999999996,3.663263050424913
2025-12-17 08:00:00,46,4.0527750000000005,-2.635,3.297550698052294
2025-12-18 13:55:00,47,2.352125,2.533333333333333,2.253487002589733
2025-12-18 14:55:00,47,2.532475,0.44083333333333324,2.5601534966207518
2025-12-18 15:55:00,47,2.6248666666666667,-2.7875,2.9347966439068593
2025-12-18 16:55:00,47,3.224191666666666,-2.5933333333333333,3.3599700254874882
2025-12-18 17:55:00,47,2.331975,0.9083333333333332,2.7314337788170615
2025-12-18 18:55:00,47,1.4520666666666668,1.7958333333333334,2.571499865718355
2025-12-18 19:55:00,47,2.908091666666667,2.5649999999999995,2.4122992684684714
2025-12-18 20:55:00,47,2.454683333333333,2.8049999999999997,2.079733418490738
2025-12-18 21:55:00,47,4.097166666666666,3.060833333333333,2.6194780900169223
2025-12-18 22:55:00,47,2.963933333333333,3.0558333333333336,3.070929069244478
2025-12-18 23:55:00,47,2.651683333333333,2.81,3.052242293100722
2025-12-19 00:55:00,48,4.518891666666667,2.5566666666666666,3.1403193896606605
2025-12-19 01:55:00,48,3.397641666666667,3.0275,2.439105555537222
2025-12-19 02:55:00,48,3.083566666666667,2.9491666666666667,2.7043299107396965
2025-12-19 03:55:00,48,3.029108333333333,2.0691666666666664,2.6274888964343384
2025-12-19 04:55:00,48,3.2196249999999997,2.268333333333333,2.30956240311596
2025-12-19 05:55:00,48,2.0116833333333335,4.0675,2.32264443063479
2025-12-19 06:55:00,48,3.0648583333333335,4.653333333333333,2.6683409185838878
2025-12-19 07:55:00,48,2.1734416666666667,5.574166666666667,1.7444221470568713
2025-12-19 08:55:00,48,2.1248416666666663,7.5183333333333335,1.8910850663581855
2025-12-19 09:55:00,48,3.0218333333333334,8.8925,2.0335043945780065
2025-12-19 10:55:00,48,2.159625,9.736666666666666,1.9001087540311103
2025-12-19 11:55:00,48,1.936,9.929166666666665,1.508466767795956
2025-12-19 12:55:00,48,2.171358333333333,10.560833333333333,1.274331571655692
2025-12-19 13:55:00,48,1.652825,11.296666666666667,1.6111450824983669
2025-12-20 18:05:00,49,2.6451499999999997,-4.149166666666667,2.468024202981277
2025-12-20 19:05:00,49,1.795425,-4.055,2.716743237137519
2025-12-20 20:05:00,49,2.6847,-3.8983333333333334,2.9379799107053204
2025-12-20 21:05:00,49,6.560466666666667,-3.2866666666666666,3.7478721856011545
2025-12-20 22:05:00,49,4.416458333333333,-2.4175000000000004,4.826683000720903
2025-12-20 23:05:00,49,3.862325,-2.2500000000000004,3.6586516657038644
2025-12-21 00:05:00,50,4.520766666666666,-2.1999999999999997,4.371653990282947
2025-12-21 01:05:00,50,4.469691666666667,-2.225833333333333,3.968367524586309
2025-12-21 02:05:00,50,3.2110749999999992,-2.185833333333333,3.6238984873628572
2025-12-21 03:05:00,50,4.24745,-2.6833333333333336,3.820094273516578
2025-12-21 04:05:00,50,4.134058333333333,-2.588333333333333,3.3064908971136187
2025-12-21 05:05:00,50,2.725825,-2.203333333333333,3.387310242860168
2025-12-21 06:05:00,50,3.645266666666667,-1.685833333333333,3.582031262225427
2025-12-21 07:05:00,50,3.5681249999999998,-2.0599999999999996,3.1880927155521825
2025-12-21 08:05:00,50,2.7329166666666667,-1.4641666666666666,3.3807674421594585
2025-12-21 09:05:00,50,2.534116666666667,0.24,2.8471859874998153
2025-12-21 10:05:00,50,2.357725,1.2783333333333333,2.9302432247590353
2025-12-21 11:05:00,50,2.2941166666666666,1.7550000000000006,2.154086000888892
2025-12-21 12:05:00,50,1.5015499999999997,0.7225,2.8308947722222566
2025-12-21 13:05:00,50,0.0,0.21833333333333338,2.6184453129336402
2025-12-21 14:05:00,50,0.0,-0.36166666666666675,2.2792712767490033
2025-12-21 15:05:00,50,0.0,-1.1941666666666666,2.3953694328982
2025-12-21 16:05:00,50,0.0,-2.1525000000000003,2.5019856794580373
2025-12-21 17:05:00,50,0.0,-2.750833333333334,2.58453540213289
2025-12-21 18:05:00,50,0.0,-3.356666666666667,2.6808079792670294
2025-12-21 19:05:00,50,0.0,-3.8516666666666666,2.764357066042707
2025-12-21 20:05:00,50,0.0,-4.365000000000001,2.849030369785211
2025-12-21 21:05:00,50,0.0,-5.110833333333333,2.948570402739901
2025-12-21 22:05:00,50,0.0,-6.1933333333333325,3.069759217454012
2025-12-21 23:05:00,50,0.0,-7.490833333333334,3.20698031187667
2025-12-22 00:05:00,51,0.0,-8.495833333333334,2.6457024563293685
2025-12-22 01:05:00,51,0.0,-9.064166666666667,2.7417811288190097
2025-12-22 02:05:00,51,0.0,-9.215833333333334,2.8285679555923653
2025-12-22 03:05:00,51,0.0,-9.278333333333334,2.9073589984023176
2025-12-22 04:05:00,51,0.0,-9.522499999999999,2.979832052839604
2025-12-22 05:05:00,51,0.0,-10.0375,3.0457579011723572
2025-12-22 06:05:00,51,0.0,-10.634166666666667,3.1010894398929176
2025-12-22 07:05:00,51,0.0,-11.351666666666667,3.114322791463468
2025-12-22 08:05:00,51,0.0,-10.5825,3.025221384854647
2025-12-22 09:05:00,51,0.0,-9.977500000000001,2.955424537451007
2025-12-22 10:05:00,51,0.0,-8.4625,2.629660758855062
2025-12-22 11:05:00,51,0.0,-8.106666666666667,2.528986999479496
2025-12-22 12:05:00,51,3.0351583333333334,-7.940833333333334,2.555417153450495
2025-12-22 13:05:00,51,6.049266666666665,-8.403333333333334,9.109002814345885
2025-12-22 14:05:00,51,6.2186916666666665,-8.619166666666667,9.00984258916207
2025-12-22 15:05:00,51,6.175891666666668,-9.5325,8.38224156897575
2025-12-22 16:05:00,51,5.413275,-10.518333333333333,6.448688136858776
2025-12-22 17:05:00,51,4.247058333333333,-10.785833333333334,6.05270043162975
2025-12-22 18:05:00,51,4.1983999999999995,-10.758333333333333,6.3205025512256245
2025-12-22 19:05:00,51,6.3072833333333325,-10.645000000000001,7.4655022862304605
2025-12-22 20:05:00,51,6.038683333333333,-10.852500000000001,10.807776604208016
2025-12-22 21:05:00,51,8.887575,-10.319166666666666,9.22076081265752
2025-12-22 22:05:00,51,6.1751,-9.990833333333333,8.213535722317424
2025-12-22 23:05:00,51,7.189866666666666,-10.055,6.713389187838375
2025-12-23 00:05:00,52,7.497191666666667,-10.755,6.3156788081684
2025-12-23 01:05:00,52,6.394291666666665,-12.729166666666666,5.932527877603878
2025-12-23 02:05:00,52,6.915333333333333,-13.545833333333329,5.208153696789404
2025-12-23 03:05:00,52,5.616591666666667,-14.690000000000003,5.161304449524889
2025-12-23 04:05:00,52,5.3237,-15.560000000000002,5.322218946367369
2025-12-23 05:05:00,52,5.557908333333333,-15.921666666666669,5.373660328570698
2025-12-23 06:05:00,52,4.112075,-16.3,4.747482343742194
2025-12-23 07:05:00,52,3.405783333333333,-15.600833333333334,3.656172597733587
2025-12-23 08:05:00,52,5.532825000000001,-13.259166666666667,3.6211862781148225
2025-12-23 09:05:00,52,5.675883333333332,-10.772499999999999,4.924330867374509
2025-12-23 10:05:00,52,4.140541666666667,-9.041666666666666,4.7028983679787615
2025-12-23 11:05:00,52,4.674099999999999,-8.115,4.095029628880964
2025-12-23 12:05:00,52,3.8981749999999997,-7.615833333333334,4.289499190281444
2025-12-23 13:05:00,52,3.8697749999999993,-7.555833333333333,3.9842502446727908
2025-12-23 14:05:00,52,3.5295416666666664,-7.028333333333333,4.429005916163991
2025-12-23 15:05:00,52,5.322175,-7.291666666666667,4.276976136115518
2025-12-23 16:05:00,52,4.170108333333333,-7.480833333333333,5.128397361794832
2025-12-23 17:05:00,52,3.057008333333333,-7.485833333333333,3.1816249801604526
2025-12-23 18:05:00,52,2.217925,-7.648333333333333,2.6018834181145634
2025-12-23 19:05:00,52,5.218358333333334,-8.036666666666667,3.5161033763244696
2025-12-23 20:05:00,52,3.3437833333333336,-8.213333333333333,4.27489547315021
2025-12-23 21:05:00,52,4.626608333333333,-8.338333333333333,4.347199978399533
2025-12-23 22:05:00,52,4.918824999999999,-8.991666666666667,5.1383839686243284
2025-12-23 23:05:00,52,4.364533333333333,-9.653333333333334,4.822158857502686
2025-12-24 00:05:00,53,6.7738749999999985,-9.926666666666668,5.079536579189657
2025-12-24 01:05:00,53,4.484341666666666,-10.36,5.218581673326163
2025-12-24 02:05:00,53,4.189391666666667,-10.775,4.650072037514231
2025-12-24 03:05:00,53,5.436633333333334,-10.921666666666667,4.977505070987231
2025-12-24 04:05:00,53,5.116241666666666,-11.184166666666668,5.089086960445844
2025-12-24 05:05:00,53,5.023941666666666,-11.265,4.904538391959157
2025-12-24 06:05:00,53,5.008541666666667,-11.28,5.033278666263975
2025-12-24 07:05:00,53,4.303308333333333,-11.292499999999999,4.971603278562201
2025-12-24 08:05:00,53,6.199525,-11.056666666666667,4.95186995743917
2025-12-24 09:05:00,53,4.7036999999999995,-10.486666666666666,5.176134318031984
2025-12-24 10:05:00,53,3.7113666666666667,-9.9725,4.54912409480209
2025-12-24 11:05:00,53,4.447608333333333,-9.051666666666668,4.345090256452222
2025-12-24 12:05:00,53,3.6822916666666665,-8.138333333333334,4.018499707633666
2025-12-24 13:05:00,53,4.402941666666667,-7.5874999999999995,4.485024440362912
2025-12-24 14:05:00,53,5.685708333333333,-7.705000000000001,4.551520277976232
2025-12-24 15:05:00,53,3.5891166666666665,-8.476666666666667,4.639530868334454
2025-12-24 16:05:00,53,5.2856749999999995,-10.111666666666666,4.215475035181344
2025-12-24 17:05:00,53,4.945366666666666,-11.703333333333333,4.653384547735548
2025-12-24 18:05:00,53,4.735483333333333,-13.023333333333332,4.554789159005843
2025-12-24 19:05:00,53,3.3337916666666665,-14.592500000000001,4.516543430309818
2025-12-24 20:05:00,53,2.7336083333333336,-15.897499999999999,4.257073758401827
2025-12-24 21:05:00,53,3.680233333333333,-15.850833333333332,4.572307535620594
2025-12-24 22:05:00,53,5.541108333333334,-14.84666666666667,5.009466520755767
2025-12-24 23:05:00,53,5.7283583333333326,-14.041666666666666,5.764133908443789
2025-12-25 00:05:00,54,6.1478,-13.286666666666667,6.14195786204063
2025-12-25 01:05:00,54,6.318125,-12.541666666666666,5.944937648139475
2025-12-25 02:05:00,54,3.6821166666666674,-10.976666666666667,5.573159407140739
2025-12-25 03:05:00,54,6.4045749999999995,-9.5375,4.878972992841586
2025-12-25 04:05:00,54,5.418691666666667,-9.289166666666667,5.572733906854041
2025-12-25 05:05:00,54,4.685275,-9.275,5.028293302745983
2025-12-25 06:05:00,54,3.755183333333333,-9.225,4.672926825495157
2025-12-25 07:05:00,54,6.2103166666666665,-9.324166666666667,4.625743722566753
2025-12-25 08:05:00,54,4.552791666666667,-9.290833333333333,5.094176527420995
2025-12-25 09:05:00,54,3.859683333333333,-8.805,3.9456575747895473
2025-12-25 10:05:00,54,4.826025,-7.9816666666666665,4.223340181986362
2025-12-25 11:05:00,54,3.0931083333333333,-6.403333333333333,4.117454208963598
2025-12-25 12:05:00,54,3.5921833333333337,-6.283333333333334,4.226466761675762
2025-12-25 13:05:00,54,5.205266666666667,-5.574166666666667,4.4215582458998215
2025-12-25 14:05:00,54,3.916366666666667,-5.3625,4.6830285306478
2025-12-25 15:05:00,54,3.9982749999999987,-6.389166666666667,4.194536782073373
2025-12-25 16:05:00,54,4.813783333333333,-7.730833333333333,4.460645146293279
2025-12-25 17:05:00,54,5.472475000000001,-8.634166666666667,4.762584206779378
2025-12-25 18:05:00,54,4.7722500000000005,-9.319166666666666,4.4878448981902
2025-12-25 19:05:00,54,4.773883333333334,-10.4625,4.232844654463282
2025-12-25 20:05:00,54,4.672733333333333,-11.9125,4.978937934178324
2025-12-25 21:05:00,54,6.154766666666666,-12.884166666666665,5.2755532445674715
2025-12-25 22:05:00,54,6.258266666666667,-14.065000000000003,5.6111850051934775
2025-12-25 23:05:00,54,4.326841666666666,-14.794166666666667,5.623446282356558
2025-12-26 00:05:00,55,5.96805,-14.698333333333332,5.3515437425365855
2025-12-26 01:05:00,55,6.3675999999999995,-14.768333333333336,6.321988632098156
2025-12-26 02:05:00,55,4.116633333333334,-15.24083333333333,5.702585805079393
2025-12-26 03:05:00,55,6.306125,-15.940000000000003,5.389739842052144
2025-12-26 04:05:00,55,5.981283333333334,-16.473333333333333,6.106327089572562
2025-12-26 05:05:00,55,5.494941666666667,-16.5975,4.4104426412693325
2025-12-26 06:05:00,55,4.211075,-17.689166666666665,5.2011885187033196
2025-12-26 07:05:00,55,6.053333333333333,-18.39833333333333,5.278228602713109
2025-12-26 08:05:00,55,5.088374999999999,-16.435,6.121010098290276
2025-12-26 09:05:00,55,5.860066666666666,-14.254166666666663,5.029796452335907
2025-12-26 10:05:00,55,3.769883333333333,-13.175833333333335,4.754277629157041
2025-12-26 11:05:00,55,4.055133333333333,-12.667499999999999,4.131187524254143
2025-12-26 12:05:00,55,3.9632166666666664,-10.94,4.28422247398775
2025-12-26 13:05:00,55,3.8458750000000004,-11.780833333333334,4.979829412757605
2025-12-26 14:05:00,55,6.112933333333334,-12.35666666666667,5.317426850361393
2025-12-26 15:05:00,55,5.146366666666666,-13.29166666666667,5.439041865651582
2025-12-26 16:05:00,55,5.084208333333334,-15.403333333333336,4.6805155902796205
2025-12-26 17:05:00,55,4.550191666666666,-17.609166666666663,5.304667043883833
2025-12-26 18:05:00,55,6.1157916666666665,-19.09916666666667,5.3369065733741134
2025-12-26 19:05:00,55,5.4631,-20.505,5.890896314470347
2025-12-26 20:05:00,55,4.729141666666667,-20.88083333333333,5.946418150353642
2025-12-26 21:05:00,55,5.687408333333334,-18.726666666666667,5.504034513957555
2025-12-26 22:05:00,55,7.832741666666668,-18.81333333333333,6.8139998955454635
2025-12-26 23:05:00,55,8.041075000000001,-19.489166666666666,7.551433461095094
2025-12-27 00:05:00,56,5.733275,-19.685833333333335,6.648944374611112
2025-12-27 01:05:00,56,4.994716666666666,-19.860833333333332,6.756578884503646
2025-12-27 02:05:00,56,7.196516666666666,-19.86916666666667,7.081879639047787
2025-12-27 03:05:00,56,7.982091666666668,-20.406666666666666,7.55836551820651
2025-12-27 04:05:00,56,6.102508333333334,-20.6575,7.033688914967369
2025-12-27 05:05:00,56,5.3488083333333325,-20.453333333333333,6.844924936755753
2025-12-27 06:05:00,56,7.466358333333333,-19.375,7.47981508212011
2025-12-27 07:05:00,56,7.311083333333333,-18.296666666666663,7.685063683984398
2025-12-27 08:05:00,56,4.586708333333332,-16.281666666666663,7.059939423688288
2025-12-27 09:05:00,56,7.015675,-14.049999999999999,6.211767109632491
2025-12-27 10:05:00,56,7.3442583333333324,-12.060833333333335,6.422212229857373
2025-12-27 11:05:00,56,5.471016666666666,-11.126666666666667,5.5074133816555015
2025-12-27 12:05:00,56,4.575541666666666,-9.721666666666666,4.9338863616980655
2025-12-27 13:05:00,56,5.810308333333334,-9.88,4.980474103675144
2025-12-27 14:05:00,56,4.251766666666667,-10.134166666666667,5.072073892317231
2025-12-27 15:05:00,56,4.672116666666666,-10.685,4.183027671476188
2025-12-27 16:05:00,56,4.128933333333333,-12.999166666666667,5.3655352202599715
2025-12-27 17:05:00,56,4.264941666666666,-14.619999999999997,4.827081369109728
2025-12-27 18:05:00,56,3.5187416666666667,-15.161666666666667,3.1368515307339937
2025-12-27 19:05:00,56,4.231158333333333,-16.776666666666667,4.3477109232066375
2025-12-27 20:05:00,56,2.9401,-17.695000000000004,4.187289803785118
2025-12-27 21:05:00,56,2.8666000000000005,-18.389999999999997,4.127362748196557
2025-12-27 22:05:00,56,5.278233333333333,-17.388333333333335,4.995729971092443
2025-12-27 23:05:00,56,5.856741666666667,-15.410833333333334,6.108414316613452
2025-12-28 00:05:00,57,4.658641666666665,-14.5875,5.443396200503377
2025-12-28 01:05:00,57,5.776050000000001,-14.082499999999998,5.675127840944672
2025-12-28 02:05:00,57,6.760075,-14.537500000000001,5.912944080978001
2025-12-28 03:05:00,57,4.5675,-14.139166666666666,6.157248435876538
2025-12-28 04:05:00,57,5.461716666666667,-13.723333333333334,5.360634454194331
2025-12-28 05:05:00,57,6.268166666666667,-13.360833333333334,5.920960103874307
2025-12-28 06:05:00,57,4.3636333333333335,-13.7825,5.5201350376666785
2025-12-28 07:05:00,57,4.491175,-13.717499999999996,5.013528828119013
2025-12-28 08:05:00,57,5.838233333333333,-11.46,5.68940929747796
2025-12-28 09:05:00,57,4.991708333333333,-9.227500000000001,4.770384958339287
2025-12-28 10:05:00,57,2.93595,-6.7366666666666655,4.461348023776633
2025-12-28 11:05:00,57,1.5305166666666667,-5.25,2.074804991758339
2025-12-28 12:05:00,57,2.407725,-4.0125,2.0441602005795625
2025-12-28 13:05:00,57,2.1751750000000003,-4.406666666666667,3.1054127322773475
2025-12-28 14:05:00,57,4.341141666666666,-4.703333333333333,3.7900189778897024
2025-12-28 15:05:00,57,4.282791666666667,-5.5200000000000005,3.985710541295112
2025-12-28 16:05:00,57,4.624633333333333,-6.625,4.436296455992668
2025-12-28 17:05:00,57,4.429233333333334,-7.523333333333333,5.336669209390801
2025-12-28 18:05:00,57,3.995508333333333,-7.755,3.6752094680474503
2025-12-28 19:05:00,57,4.496941666666666,-9.0275,3.7053267878549634
2025-12-28 20:05:00,57,4.826675,-8.800833333333333,5.0494481908043625
2025-12-28 21:05:00,57,4.978791666666666,-9.339166666666667,4.753840256589787
2025-12-28 22:05:00,57,4.359066666666667,-10.707500000000001,5.124982475215096
2025-12-28 23:05:00,57,5.989833333333333,-11.120833333333332,4.68488046697142
2025-12-29 00:05:00,58,4.546025,-11.185833333333335,5.071400809950338
2025-12-29 01:05:00,58,3.352208333333334,-11.027500000000002,4.605422269376781
2025-12-29 02:05:00,58,4.968675,-10.471666666666666,4.6906888165510585
2025-12-29 03:05:00,58,5.594683333333334,-9.768333333333333,5.301460518589961
2025-12-29 04:05:00,58,4.275341666666666,-9.0375,4.897823531446951
2025-12-29 05:05:00,58,3.6051416666666665,-8.39,4.270232590044209
2025-12-29 06:05:00,58,5.074875,-8.005833333333333,4.679327745833218
2025-12-29 07:05:00,58,5.129016666666666,-7.2924999999999995,5.013423633965342
2025-12-29 08:05:00,58,3.4258416666666665,-6.545833333333333,4.740284024108907
2025-12-29 09:05:00,58,5.550541666666667,-5.754166666666666,4.3985845168658155
2025-12-29 10:05:00,58,4.348275,-4.6066666666666665,5.054996023973434
2025-12-29 11:05:00,58,4.083383333333332,-2.6850000000000005,4.505151637653781
2025-12-29 12:05:00,58,4.261991666666667,-1.0225,4.465733261244982
2025-12-29 13:05:00,58,3.029575,0.48166666666666674,4.375262321988827
2025-12-29 14:05:00,58,4.1347,0.6666666666666666,3.8369649351059314
2025-12-29 15:05:00,58,4.365691666666667,0.7083333333333334,4.227190362808086
2025-12-29 16:05:00,58,3.6402166666666664,0.8191666666666665,3.6366174054342393
2025-12-29 17:05:00,58,2.488108333333333,0.5558333333333333,3.2911362628489425
2025-12-29 18:05:00,58,3.062441666666666,0.12083333333333333,2.8503789217709805
2025-12-29 19:05:00,58,1.874658333333333,0.009166666666666667,2.4993754990973587
2025-12-29 20:05:00,58,1.9069500000000001,0.027499999999999997,2.061480152042221
2025-12-29 21:05:00,58,1.8820500000000002,-0.004999999999999998,2.153330858416749
2025-12-29 22:05:00,58,3.1876999999999995,-0.0375,2.672335460880472
2025-12-29 23:05:00,58,4.070825,0.056666666666666664,3.6032212576241864
2025-12-30 00:05:00,59,3.7044916666666667,-0.5516666666666666,3.6980874811955076
2025-12-30 01:05:00,59,2.7707083333333333,-1.7400000000000002,3.329700528112481
2025-12-30 02:05:00,59,3.3757249999999996,-2.3183333333333334,3.0885234399923687
2025-12-30 03:05:00,59,4.385533333333333,-2.5133333333333336,3.6030355710910764
2025-12-30 04:05:00,59,3.257441666666667,-2.9858333333333333,3.8378746113540014
2025-12-30 05:05:00,59,3.778958333333333,-4.4816666666666665,3.489194606692699
2025-12-30 06:05:00,59,3.830025000000001,-6.216666666666666,3.363979964652809
2025-12-30 07:05:00,59,3.917883333333333,-7.814166666666666,3.9719084650391343
2025-12-30 08:05:00,59,4.518283333333333,-8.485833333333334,4.106717194423948
2025-12-30 09:05:00,59,4.781783333333333,-8.163333333333334,4.090707797225652
2025-12-30 10:05:00,59,4.129791666666667,-8.397499999999999,3.85253731015336
2025-12-30 11:05:00,59,3.719533333333333,-9.2375,4.385578478991921
2025-12-30 12:05:00,59,5.064075,-9.714166666666667,4.791238642073942
2025-12-30 13:05:00,59,5.230408333333333,-10.449166666666667,5.199188205649663
2025-12-30 14:05:00,59,5.257524999999999,-11.166666666666666,5.07745674418231
2025-12-30 15:05:00,59,4.5604499999999994,-12.027499999999998,4.70624054388942
2025-12-30 16:05:00,59,4.620575,-12.689999999999998,5.404439610550748
2025-12-30 17:05:00,59,3.673341666666667,-13.060833333333335,5.191024600958009
2025-12-30 18:05:00,59,4.001933333333334,-13.292500000000004,4.291995273118749
2025-12-30 19:05:00,59,3.2157250000000004,-13.535833333333334,4.192597289713039
2025-12-30 20:05:00,59,4.859075,-13.791666666666666,4.64580739367706
2025-12-30 21:05:00,59,5.612308333333333,-14.166666666666666,5.801015495869393
2025-12-30 22:05:00,59,6.310691666666667,-14.880833333333333,6.39130555673458
2025-12-30 23:05:00,59,5.881808333333333,-15.148333333333333,7.167702796285788
2025-12-31 00:05:00,60,7.817500000000001,-15.235,7.145079202181618
2025-12-31 01:05:00,60,6.383366666666666,-15.718333333333334,7.015259497981818
2025-12-31 02:05:00,60,5.259875,-16.263333333333335,6.6485808313207135
2025-12-31 03:05:00,60,6.205558333333334,-16.38,6.001663797263977
2025-12-31 04:05:00,60,6.754416666666665,-16.156666666666666,7.030980026223936
2025-12-31 05:05:00,60,5.658675000000001,-16.703333333333333,6.699770990513038
2025-12-31 06:05:00,60,5.447033333333333,-18.310000000000002,6.410014543620851
2025-12-31 07:05:00,60,6.344674999999999,-17.889166666666668,6.906286440893138
2025-12-31 08:05:00,60,6.302091666666666,-15.384166666666665,7.537215908997343
2025-12-31 09:05:00,60,5.318725,-13.149166666666664,7.192253692198717
2025-12-31 10:05:00,60,6.407983333333333,-11.295833333333334,4.17758020189121
2025-12-31 11:05:00,60,3.2850750000000004,-10.139166666666666,2.0560854758751197
2025-12-31 12:05:00,60,6.795066666666665,-8.0175,4.724812316151066
2025-12-31 13:05:00,60,7.399874999999999,-7.759166666666666,6.077800244420439
2025-12-31 14:05:00,60,6.599724999999999,-7.5225,6.110069047922053
2025-12-31 15:05:00,60,6.12915,-8.174999999999999,5.295057104019172
2025-12-31 16:05:00,60,5.9303333333333335,-10.713333333333333,4.90795623117033
2025-12-31 17:05:00,60,4.482516666666665,-12.385833333333332,5.214497363432784
2025-12-31 18:05:00,60,6.010508333333332,-13.741666666666667,4.847519163445767
2025-12-31 19:05:00,60,5.791574999999999,-14.851666666666668,5.7261173944210215
2025-12-31 20:05:00,60,5.188591666666667,-15.329166666666667,5.5780583460987545
2025-12-31 21:05:00,60,7.232449999999999,-15.978333333333333,5.715744964381405
2025-12-31 22:05:00,60,3.570658333333333,-16.33666666666667,4.777393190558758
2025-12-31 23:05:00,60,6.434891666666666,-16.486666666666668,4.631731758164317
2026-01-01 00:05:00,61,4.145766666666667,-16.63,5.856315932026381
2026-01-01 01:05:00,61,7.002624999999998,-15.81583333333333,5.508226051866438
2026-01-01 02:05:00,61,6.4745,-14.72166666666667,6.019998367746927
2026-01-01 03:05:00,61,3.9173999999999993,-13.731666666666667,5.550588156734115
2026-01-01 04:05:00,61,5.653141666666667,-12.796666666666667,5.050933652042055
2026-01-01 05:05:00,61,4.648783333333333,-12.129166666666668,5.675970240766224
2026-01-01 06:05:00,61,6.537433333333334,-11.536666666666667,5.085916981107366
2026-01-01 07:05:00,61,3.3347416666666665,-11.181666666666667,5.640177264908655
2026-01-01 08:05:00,61,4.193991666666666,-9.623333333333333,4.165571078254927
2026-01-01 09:05:00,61,4.6862416666666675,-7.2975,3.88109708651092
2026-01-01 10:05:00,61,4.585958333333333,-6.395833333333333,4.581652047461492
2026-01-01 11:05:00,61,3.513116666666667,-5.584166666666667,4.405884975028682
2026-01-01 12:05:00,61,4.738841666666667,-4.642499999999999,4.854188107316139
2026-01-01 13:05:00,61,2.998625,-4.3774999999999995,3.0898301879091585
2026-01-01 14:05:00,61,3.1436750000000004,-4.6575,3.318587595219501
2026-01-01 15:05:00,61,3.906283333333333,-5.541666666666667,3.1146763346599586
2026-01-01 16:05:00,61,1.878058333333333,-7.860833333333333,3.2976213328107864
2026-01-01 17:05:00,61,4.375416666666666,-9.62,3.9950615548935664
2026-01-01 18:05:00,61,6.3309999999999995,-10.62,5.116416324109738
2026-01-01 19:05:00,61,4.601566666666667,-11.19,4.507209102588359
2026-01-01 20:05:00,61,4.8678,-11.815,4.03297678206512
2026-01-01 21:05:00,61,4.6543,-12.44,4.577253196906657
2026-01-01 22:05:00,61,5.548725000000001,-13.078333333333333,5.514058450429882
2026-01-01 23:05:00,61,7.599716666666667,-14.134999999999998,5.9079304595286715
2026-01-02 00:05:00,62,7.725775,-15.33916666666667,6.52677221441251
2026-01-02 01:05:00,62,6.9605999999999995,-15.829166666666666,6.460162701316225
2026-01-02 02:05:00,62,6.3357,-16.5275,6.456122356356086
2026-01-02 03:05:00,62,7.397275,-17.0425,6.170226762425771
2026-01-02 04:05:00,62,7.227591666666665,-17.57,6.288226435500416
2026-01-02 05:05:00,62,6.727891666666667,-17.995833333333334,6.473852683987935
2026-01-02 06:05:00,62,6.744833333333333,-18.87,6.204920707028137
2026-01-02 07:05:00,62,7.364424999999999,-18.935833333333335,6.601160517081196
2026-01-02 08:05:00,62,7.422625,-17.45916666666667,6.206583996758102
2026-01-02 09:05:00,62,6.0749,-15.9125,6.479453759570357
2026-01-02 10:05:00,62,5.651816666666667,-14.050833333333332,6.073665619214932
2026-01-02 11:05:00,62,4.570841666666667,-13.019166666666665,5.3303873069804295
2026-01-02 12:05:00,62,6.231633333333332,-12.119166666666665,5.63446196305272
2026-01-02 13:05:00,62,7.067925000000001,-12.659999999999998,6.121377855578573
2026-01-02 14:05:00,62,7.244558333333333,-12.9775,5.852900314603824
2026-01-02 15:05:00,62,5.521,-13.81083333333333,5.631988499265762
2026-01-02 16:05:00,62,6.4334083333333325,-14.741666666666667,5.783101099243426
2026-01-02 17:05:00,62,5.174975,-14.991666666666669,6.084158591403767
2026-01-02 18:05:00,62,4.860216666666667,-15.323333333333332,5.181741048083904
2026-01-02 19:05:00,62,4.726675,-15.680000000000001,5.744773870636691
2026-01-02 20:05:00,62,6.477391666666666,-16.44,5.420514646977435
2026-01-02 21:05:00,62,5.9715750000000005,-16.352500000000003,5.872092420468587
2026-01-02 22:05:00,62,6.827708333333333,-16.051666666666666,5.3185628464735375
2026-01-02 23:05:00,62,6.5736083333333335,-14.828333333333335,6.3903892983097474
2026-01-03 00:05:00,63,6.405908333333335,-15.143333333333333,6.237994277246965
2026-01-03 01:05:00,63,6.149033333333334,-15.315000000000003,6.125412009306581
2026-01-03 02:05:00,63,7.2538,-15.40333333333333,6.062273411596488
2026-01-03 03:05:00,63,5.486466666666667,-15.810833333333333,6.358094160875938
2026-01-03 04:05:00,63,6.902966666666666,-16.545833333333334,5.693905376038874
2026-01-03 05:05:00,63,7.304633333333332,-17.110833333333332,6.36014535414172
2026-01-03 06:05:00,63,5.1824916666666665,-17.485833333333336,5.97854681022176
2026-01-03 07:05:00,63,7.3292,-17.395,5.70174479050983
2026-01-03 08:05:00,63,7.2870583333333325,-15.792499999999999,6.424442104711636
2026-01-03 09:05:00,63,6.003316666666667,-14.537500000000001,6.018770943464757
2026-01-03 10:05:00,63,6.748208333333333,-13.329999999999998,5.888107125350772
2026-01-03 11:05:00,63,5.549808333333333,-12.671666666666667,5.263843769550833
2026-01-03 12:05:00,63,4.604841666666666,-12.079166666666667,4.668572930413886
2026-01-03 13:05:00,63,5.318233333333334,-12.494166666666667,5.213220687467167
2026-01-03 14:05:00,63,7.282699999999999,-12.847499999999998,6.081128409290237
2026-01-03 15:05:00,63,7.490091666666667,-13.782499999999999,6.426992266178351
2026-01-03 16:05:00,63,6.146166666666667,-15.092500000000001,6.544787610628034
2026-01-03 17:05:00,63,7.301774999999998,-15.341666666666667,5.855575362894145
2026-01-03 18:05:00,63,6.624675000000002,-15.883333333333335,6.096933490966478
2026-01-03 19:05:00,63,5.826508333333332,-16.31833333333333,5.931092488689147
2026-01-03 20:05:00,63,5.9998499999999995,-16.991666666666667,5.8657224859235875
2026-01-03 21:05:00,63,5.512824999999999,-17.518333333333334,5.4692109870501735
2026-01-03 22:05:00,63,5.316333333333334,-17.75833333333333,5.989019696825607
2026-01-03 23:05:00,63,7.335850000000001,-18.06,6.00563347182653
2026-01-04 00:05:00,64,6.917083333333333,-18.675,6.839424269328417
2026-01-04 01:05:00,64,5.674641666666666,-19.49333333333333,6.234628323512663
2026-01-04 02:05:00,64,7.428191666666667,-19.74,5.9310796555542264
2026-01-04 03:05:00,64,7.406766666666666,-18.99083333333333,6.8436939574114835
2026-01-04 04:05:00,64,5.329983333333334,-19.713333333333335,6.527151560974705
2026-01-04 05:05:00,64,7.414725,-20.764166666666664,6.232056484964995
2026-01-04 06:05:00,64,7.052816666666666,-21.49416666666667,7.290480106064556
2026-01-04 07:05:00,64,6.181383333333334,-22.269166666666667,6.861786442437907
2026-01-04 08:05:00,64,7.181658333333333,-19.276666666666667,6.80888554067043
2026-01-04 09:05:00,64,7.023916666666667,-15.505,6.860381338321412
2026-01-04 10:05:00,64,4.904458333333333,-13.684166666666668,6.50041725587909
2026-01-04 11:05:00,64,4.400983333333333,-12.46,4.989988080827713
2026-01-04 12:05:00,64,4.311841666666666,-11.878333333333332,4.975655420057459
2026-01-04 13:05:00,64,5.418758333333332,-12.828333333333333,5.5789305376414955
2026-01-04 14:05:00,64,7.902758333333332,-13.28416666666667,6.299479165296155
2026-01-04 15:05:00,64,7.7110166666666675,-14.379999999999997,6.596047805875143
2026-01-04 16:05:00,64,5.323641666666667,-15.97166666666667,6.693058376048054
2026-01-04 17:05:00,64,6.151216666666666,-17.175,6.75861816792048
2026-01-04 18:05:00,64,6.664591666666666,-17.713333333333335,5.436915941777815
2026-01-04 19:05:00,64,5.032041666666667,-16.392500000000002,5.500615220259245
2026-01-04 20:05:00,64,4.905849999999999,-15.560000000000002,4.722251705494673
2026-01-04 21:05:00,64,4.012658333333333,-16.420833333333334,5.219605436630692
2026-01-04 22:05:00,64,5.6383833333333335,-16.874166666666667,5.446453250940413
2026-01-04 23:05:00,64,7.759533333333331,-17.4175,6.781949071242888
2026-01-05 00:05:00,65,6.864133333333332,-18.147499999999997,6.904500066603251
2026-01-05 01:05:00,65,7.220958333333332,-18.475833333333334,6.791511037382081
2026-01-05 02:05:00,65,6.249424999999999,-19.119166666666665,6.812867051521683
2026-01-05 03:05:00,65,7.056016666666666,-18.3475,6.551530579663649
2026-01-05 04:05:00,65,7.092641666666665,-19.06083333333333,6.817672447259232
2026-01-05 05:05:00,65,5.022525,-19.918333333333337,7.230411378589706
2026-01-05 06:05:00,65,6.759458333333333,-19.523333333333333,6.773421841877788
2026-01-05 07:05:00,65,7.208124999999998,-19.2125,7.329815725215685
2026-01-05 08:05:00,65,6.839758333333333,-17.574166666666667,7.3934032501268145
2026-01-05 09:05:00,65,5.104041666666666,-15.5,7.328434317470382
2026-01-05 10:05:00,65,5.468758333333334,-13.605833333333335,6.889744977732525
2026-01-05 11:05:00,65,5.0515,-11.986666666666666,6.8032036981577875
2026-01-05 12:05:00,65,5.372525,-10.609166666666665,6.073310417965978
2026-01-05 13:05:00,65,8.090450000000002,-10.63,6.646182278186365
2026-01-05 14:05:00,65,7.197758333333334,-10.717500000000001,6.836086078593482
2026-01-05 15:05:00,65,7.453508333333333,-11.713333333333333,5.5754401127625535
2026-01-05 16:05:00,65,5.821008333333333,-13.468333333333334,5.762618665428895
2026-01-05 17:05:00,65,5.1353583333333335,-14.313333333333333,5.287628288111229
2026-01-05 18:05:00,65,4.5050333333333334,-14.646666666666668,5.487224086870736
2026-01-05 19:05:00,65,5.121825,-14.079166666666667,6.177895549840437
2026-01-05 20:05:00,65,5.245491666666666,-13.741666666666669,6.651656362861329
2026-01-05 21:05:00,65,7.300983333333333,-13.338333333333333,6.825952888509835
2026-01-05 22:05:00,65,8.456408333333332,-13.106666666666664,6.828882722470073
2026-01-05 23:05:00,65,4.939691666666667,-12.777500000000002,6.232981707017261
2026-01-06 00:05:00,66,6.10065,-12.7125,4.88518204981046
2026-01-06 01:05:00,66,5.789891666666667,-13.94,5.28915041270818
2026-01-06 02:05:00,66,5.398408333333333,-15.388333333333334,5.326316352886705
2026-01-06 03:05:00,66,5.047291666666666,-16.855833333333333,5.2626273524041585
2026-01-06 04:05:00,66,5.743283333333332,-17.824166666666667,5.587829845532769
2026-01-06 05:05:00,66,6.7089,-16.93916666666667,5.8948192974553475
2026-01-06 06:05:00,66,5.087291666666666,-17.52416666666667,5.970187747036048
2026-01-06 07:05:00,66,6.682200000000001,-18.124166666666664,5.292037380560378
2026-01-08 11:10:00,68,3.644633333333333,0.7541666666666665,2.690191578544187
2026-01-08 12:10:00,68,1.3664249999999998,1.015,2.8173548296500073
2026-01-08 13:10:00,68,2.641758333333333,0.8333333333333334,1.837131946629253
2026-01-08 14:10:00,68,3.2698583333333326,0.6716666666666667,2.4527806212847754
2026-01-08 15:10:00,68,2.3707916666666664,0.20416666666666664,2.837363117731995
2026-01-08 16:10:00,68,4.414791666666667,-0.10166666666666667,2.696374101955093
2026-01-08 17:10:00,68,2.6529166666666666,-0.3466666666666667,3.6360260005120866
2026-01-08 18:10:00,68,3.8215,-1.1116666666666668,2.863313503620044
2026-01-08 19:10:00,68,1.3577166666666667,-1.4816666666666667,2.56044135277594
2026-01-08 20:10:00,68,2.467833333333333,-1.2033333333333334,1.6094317555911872
2026-01-08 21:10:00,68,1.3902666666666668,-1.2449999999999999,2.1068343287025515
2026-01-08 22:10:00,68,2.5542,-1.2216666666666667,1.7595308084307215
2026-01-08 23:10:00,68,2.5278166666666664,-1.3808333333333334,2.38904107745457
2026-01-09 00:10:00,69,3.711708333333333,-1.3341666666666665,3.485455686511016
2026-01-09 01:10:00,69,3.621641666666667,-1.3166666666666669,3.734059349599165
2026-01-09 02:10:00,69,2.8087333333333335,-1.39,3.1962766903791264
2026-01-09 03:10:00,69,3.6750583333333338,-1.3941666666666668,3.0679862468846304
2026-01-09 04:10:00,69,2.255075,-1.4299999999999997,3.432559653056102
2026-01-09 05:10:00,69,3.5802416666666668,-1.5100000000000005,3.2552698003011975
2026-01-09 06:10:00,69,3.9197416666666665,-1.6341666666666665,3.8999914091076433
2026-01-09 07:10:00,69,2.687091666666667,-1.125,3.255456108120131
2026-01-09 08:10:00,69,3.373725,-0.42249999999999993,2.7182345575552294
2026-01-09 09:10:00,69,2.7030666666666665,0.6625,2.816081127912433
2026-01-09 10:10:00,69,4.313233333333334,0.5425,2.581555594893043
2026-01-09 11:10:00,69,3.0980250000000003,0.6808333333333333,3.065820695465363
2026-01-09 12:10:00,69,1.4499833333333332,1.1991666666666667,2.352973379302479
2026-01-09 13:10:00,69,3.392533333333333,1.7924999999999998,2.669085102644864
2026-01-09 14:10:00,69,3.453691666666667,1.964166666666667,3.6026488961339354
2026-01-09 15:10:00,69,2.010625,2.0500000000000003,3.2528775878166156
2026-01-09 16:10:00,69,2.3571833333333334,2.795833333333334,2.332660813490171
2026-01-09 17:10:00,69,3.099183333333333,2.9666666666666663,2.7747885678113327
2026-01-09 18:10:00,69,2.034275,2.864166666666667,3.07744755364363
2026-01-09 19:10:00,69,1.0417083333333332,3.018333333333333,2.173394761179396
2026-01-09 20:10:00,69,3.2849749999999998,3.2308333333333334,1.5316623586145266
2026-01-09 21:10:00,69,0.0,3.5083333333333333,1.7130680279791917
2026-01-09 22:10:00,69,3.9873999999999996,3.6199999999999997,1.0776246281880442
2026-01-09 23:10:00,69,2.716608333333333,3.9591666666666665,3.2551657993362846
2026-01-10 00:10:00,70,3.988883333333333,3.6341666666666668,3.190819035481569
2026-01-10 01:10:00,70,2.942658333333333,3.420833333333333,3.1238829837980933
2026-01-10 02:10:00,70,4.024074999999999,3.4766666666666666,2.564042219846094
2026-01-10 03:10:00,70,1.4650583333333334,2.8475,2.2901376286812227
2026-01-10 04:10:00,70,3.692424999999999,2.3333333333333335,2.291291276443845
2026-01-10 05:10:00,70,2.4387416666666666,2.4391666666666665,2.9104174589977965
2026-01-10 06:10:00,70,3.2229,2.1716666666666664,2.9614330275294845
2026-01-10 07:10:00,70,4.200366666666666,1.7225000000000001,3.069405002943657
2026-01-10 08:10:00,70,2.8284083333333334,1.9949999999999999,3.4050392869070887
2026-01-10 09:10:00,70,2.2570083333333333,1.4866666666666666,2.476547950186899
2026-01-10 10:10:00,70,0.0,3.185,0.5573232516108599
2026-01-10 11:10:00,70,4.0207749999999995,3.7808333333333337,0.4878085741653013
2026-01-10 12:10:00,70,1.3334666666666666,3.8649999999999998,2.1925068365039144
2026-01-10 13:10:00,70,2.468383333333333,3.6533333333333338,1.329678481626321
2026-01-10 14:10:00,70,3.047683333333333,2.6616666666666666,2.219368720090573
2026-01-10 15:10:00,70,1.7964166666666663,1.2074999999999998,2.668553074102728
2026-01-10 16:10:00,70,4.5134333333333325,0.022500000000000003,2.61426404029376
2026-01-10 17:10:00,70,1.5879083333333335,-0.5541666666666668,2.5344711586153825
2026-01-10 18:10:00,70,1.2836083333333332,-1.3941666666666668,1.2402717507532453
2026-01-10 19:10:00,70,1.6983583333333332,-2.198333333333333,1.5209164013091043
2026-01-10 20:10:00,70,1.5225416666666667,-2.4450000000000003,1.6278902514390332
2026-01-10 21:10:00,70,4.1062916666666665,-3.0233333333333334,2.558359070229155
2026-01-10 22:10:00,70,2.6780583333333334,-2.5608333333333335,3.34712635963489
2026-01-10 23:10:00,70,2.479808333333333,-1.9708333333333332,3.3235191560271167
2026-01-11 00:10:00,71,3.536133333333333,-1.4816666666666667,3.059187498391071
2026-01-11 01:10:00,71,3.3484833333333333,-1.5750000000000002,3.846633625945227
2026-01-11 02:10:00,71,3.92965,-2.1766666666666663,2.674551864379668
2026-01-11 03:10:00,71,1.7877750000000001,-3.084166666666667,2.775833526327757
2026-01-11 04:10:00,71,4.298025,-3.578333333333333,2.321949576904073
2026-01-11 05:10:00,71,1.7157916666666666,-3.6566666666666663,2.342184845579667
2026-01-11 06:10:00,71,4.23445,-3.75,2.4100051259810202
2026-01-11 07:10:00,71,2.2951,-3.6200000000000006,2.943310536151964
2026-01-11 08:10:00,71,3.3944166666666664,-3.0275,2.386475538940032
2026-01-11 09:10:00,71,1.5127833333333334,-2.334166666666667,2.4530962954929674
2026-01-11 10:10:00,71,3.4890833333333338,-1.6450000000000002,2.3273210567281373
2026-01-11 11:10:00,71,1.2061666666666666,-0.9716666666666667,2.287760980965995
2026-01-11 12:10:00,71,2.8554083333333335,-1.1075000000000002,2.006680278291883
2026-01-11 13:10:00,71,1.4335666666666667,-1.344166666666667,2.623918317484513
2026-01-11 14:10:00,71,3.5287166666666665,-1.5241666666666667,1.6030758122387394
2026-01-11 15:10:00,71,2.969491666666667,-1.6441666666666668,2.9492997903784195
2026-01-11 16:10:00,71,2.501791666666667,-2.1666666666666665,2.5667993494931265
2026-01-11 17:10:00,71,3.378725,-2.3250000000000006,3.172201861758144
2026-01-11 18:10:00,71,0.0,-2.7583333333333333,2.2224640778280724
2026-01-11 19:10:00,71,0.4343333333333333,-3.6525,0.0
2026-01-11 20:10:00,71,2.0362166666666663,-4.0825,0.30858036692609114
2026-01-11 21:10:00,71,2.3731,-4.398333333333333,1.839768494491493
2026-01-11 22:10:00,71,3.842583333333333,-5.555833333333333,2.804306614018704
2026-01-11 23:10:00,71,2.114158333333333,-6.1525,2.915815625514184
2026-01-12 00:10:00,72,4.2021749999999995,-6.3325,2.421803271133321
2026-01-12 01:10:00,72,2.4504666666666663,-6.509166666666666,2.8589285547691223
2026-01-12 02:10:00,72,3.226475,-4.781666666666666,2.562265736973176
2026-01-12 03:10:00,72,2.953191666666666,-4.9208333333333325,2.9559699893409475
2026-01-12 04:10:00,72,3.415633333333333,-6.194166666666667,2.8088076653277985
2026-01-12 05:10:00,72,3.532341666666667,-6.9525,3.5366607112247026
2026-01-12 06:10:00,72,3.7863916666666664,-8.281666666666666,3.552015018622316
2026-01-12 07:10:00,72,5.139525,-8.384166666666667,3.897945390257639
2026-01-12 08:10:00,72,3.147933333333333,-8.102500000000001,4.161756635302736
2026-01-12 09:10:00,72,4.162916666666667,-7.403333333333333,3.7899488304396707
2026-01-12 10:10:00,72,5.0658,-6.075,3.790901308946825
2026-01-12 11:10:00,72,1.4972416666666668,-5.740833333333334,2.8284263808246415
2026-01-12 12:10:00,72,3.9966666666666666,-4.888333333333333,2.188073161149145
2026-01-12 13:10:00,72,2.4555666666666665,-5.3133333333333335,3.080658354159949
2026-01-12 14:10:00,72,4.03215,-5.644166666666667,2.711303392515849
2026-01-12 15:10:00,72,4.092583333333333,-5.3741666666666665,3.399291081316286
2026-01-12 16:10:00,72,3.2914083333333335,-5.5075,3.548819107056243
2026-01-12 17:10:00,72,4.462458333333333,-5.716666666666666,3.8285967769273457
2026-01-12 18:10:00,72,1.621375,-5.536666666666666,2.9535668730951654
2026-01-12 19:10:00,72,2.878258333333333,-5.769166666666667,2.44517869963991
2026-01-12 20:10:00,72,1.6966416666666666,-5.6383333333333345,1.6738925388148966
2026-01-12 21:10:00,72,3.874525,-5.4725,2.9763544239846595
2026-01-12 22:10:00,72,3.508808333333332,-5.293333333333334,3.487951165797302
2026-01-12 23:10:00,72,2.8351083333333333,-5.13,3.561900676965863
2026-01-13 00:10:00,73,4.377700000000001,-4.2975,3.5953089611660616
2026-01-13 01:10:00,73,2.5380249999999998,-3.5641666666666665,3.0305825211052224
2026-01-13 02:10:00,73,3.5032333333333328,-3.185,2.7330469053221713
2026-01-13 03:10:00,73,1.9476166666666668,-2.69,2.959995792467802
2026-01-13 04:10:00,73,3.5708,-2.5416666666666665,3.0603205583608073
2026-01-13 05:10:00,73,4.159999999999999,-2.690833333333334,3.041086461512009
2026-01-13 06:10:00,73,1.9497249999999997,-2.6475000000000004,2.40649434270328
2026-01-13 07:10:00,73,3.6491083333333334,-3.3841666666666668,2.219903650215289
2026-01-13 08:10:00,73,3.9472333333333336,-1.6791666666666663,2.9595666905730518
2026-01-13 09:10:00,73,3.6388833333333337,-0.2725,3.1617595568421186
2026-01-13 10:10:00,73,1.6654416666666665,0.9166666666666666,2.4572047000648847
2026-01-13 11:10:00,73,3.8388249999999995,1.1716666666666666,2.154886461118092
2026-01-13 12:10:00,73,2.4395916666666664,1.6358333333333335,2.9347912422782247
2026-01-13 13:10:00,73,2.2239166666666668,2.606666666666667,2.347474685174859
2026-01-13 14:10:00,73,2.453433333333334,2.203333333333333,1.9312365737953272
2026-01-13 15:10:00,73,3.2960499999999997,0.8441666666666666,2.622623826039538
2026-01-13 16:10:00,73,3.5437749999999997,-0.07333333333333333,2.889220648838873
2026-01-13 17:10:00,73,2.5898666666666665,-1.0658333333333332,2.8413213102596435
2026-01-13 18:10:00,73,1.4689999999999999,-1.805,1.858325435606422
2026-01-13 19:10:00,73,1.351675,-0.31416666666666665,1.6793400365139246
2026-01-13 20:10:00,73,2.3140166666666664,-0.5091666666666667,2.2673538300148763
2026-01-13 21:10:00,73,2.44735,-0.9208333333333334,1.5970586730108733
2026-01-13 22:10:00,73,3.4953499999999997,-0.49499999999999994,2.8404873211434385
2026-01-13 23:10:00,73,3.0731916666666668,-0.19083333333333338,2.3631832650696873
2026-01-14 00:10:00,74,2.977066666666667,0.1616666666666667,2.959375888348835
2026-01-14 01:10:00,74,3.1019416666666664,0.6725,1.9854186413799868
2026-01-14 02:10:00,74,3.037158333333333,0.7325,3.0180047228347684
2026-01-14 03:10:00,74,2.8658583333333336,0.49166666666666664,2.558326342957424
2026-01-14 04:10:00,74,3.7739083333333334,0.49500000000000005,2.9075408867406836
2026-01-14 05:10:00,74,2.21875,0.305,2.582752525250991
2026-01-14 06:10:00,74,3.515616666666666,0.39833333333333326,2.572544213159956
2026-01-14 07:10:00,74,2.446358333333333,0.425,3.1770607013088386
2026-01-14 08:10:00,74,1.1279416666666666,0.8991666666666666,2.0625839101284944
2026-01-14 09:10:00,74,3.240758333333333,1.7825,2.184516093708809
2026-01-14 10:10:00,74,2.2800499999999997,2.3325,2.841176592141715
2026-01-14 11:10:00,74,3.279558333333333,3.1108333333333333,2.6497879553666728
2026-01-14 12:10:00,74,2.0160333333333336,4.421666666666667,2.7943925557738174
2026-01-14 13:10:00,74,3.233875,4.7683333333333335,2.2908717529734846
2026-01-14 14:10:00,74,2.1524916666666667,4.1975,2.3788745905101396
2026-01-14 15:10:00,74,2.2462333333333335,2.466666666666667,2.2725142474265185
2026-01-14 16:10:00,74,3.4183583333333334,1.1333333333333335,2.8380808029424243
2026-01-14 17:10:00,74,2.2689166666666667,0.6208333333333335,2.905665826594044
2026-01-14 18:10:00,74,2.400966666666667,0.40416666666666673,2.5310830821092654
2026-01-14 19:10:00,74,2.157633333333333,0.2800000000000001,2.5499541325270165
2026-01-14 20:10:00,74,2.2366083333333333,0.32416666666666677,2.623843485510078
2026-01-14 21:10:00,74,2.232433333333333,0.22083333333333335,2.50341970110158
2026-01-14 22:10:00,74,2.1220749999999997,0.14666666666666667,2.529895762604885
2026-01-14 23:10:00,74,2.448633333333333,0.1516666666666667,2.631499863540745
2026-01-15 00:10:00,75,3.3120249999999993,0.18833333333333335,3.2727110357226694
2026-01-15 01:10:00,75,2.165691666666667,0.25500000000000006,3.1085805459623703
2026-01-15 02:10:00,75,3.3888416666666665,0.29250000000000015,3.4184302169944445
2026-01-15 03:10:00,75,3.388133333333333,0.36250000000000004,3.178659743391919
2026-01-15 04:10:00,75,2.3562999999999996,0.3841666666666667,3.7260734391648738
2026-01-15 05:10:00,75,3.4327666666666663,0.32083333333333336,3.3426331484259775
2026-01-15 06:10:00,75,2.1475666666666666,0.37500000000000006,3.0368593759560487
2026-01-15 07:10:00,75,3.46965,0.4166666666666667,2.862417951878987
2026-01-15 08:10:00,75,2.25345,0.82,2.9836421718918094
2026-01-15 09:10:00,75,2.8480000000000003,1.425,2.8988471388806523
2026-01-15 10:10:00,75,2.0465166666666668,2.486666666666667,2.8969635810612084
2026-01-15 11:10:00,75,3.1916249999999997,2.5091666666666668,2.48944712191431
2026-01-15 12:10:00,75,2.697075,2.578333333333333,3.13643052258195
2026-01-15 13:10:00,75,3.2249666666666665,2.848333333333333,2.9001456954109552
2026-01-15 14:10:00,75,2.795,2.82,3.2294477548623464
2026-01-15 15:10:00,75,2.4138333333333333,2.3841666666666668,2.6327505533609754
2026-01-15 16:10:00,75,3.314491666666666,2.214166666666667,2.819952461399624
2026-01-15 17:10:00,75,2.3556833333333334,2.14,2.977291898541374
2026-01-15 18:10:00,75,1.2108,2.329166666666667,2.124774520946828
2026-01-15 19:10:00,75,2.362258333333333,1.9908333333333337,1.9134896749764865
2026-01-15 20:10:00,75,2.3783,1.0333333333333334,2.429274849625977
2026-01-15 21:10:00,75,4.4701,0.38833333333333325,3.274192562785002
2026-01-15 22:10:00,75,2.005358333333333,0.6849999999999999,3.3393600424476735
2026-01-15 23:10:00,75,3.650958333333333,0.30583333333333335,2.7400381982150925
2026-01-16 00:10:00,76,2.3859666666666666,-1.9125000000000003,3.1661509753105563
2026-01-16 01:10:00,76,4.493975,-3.9641666666666673,3.289394147086642
2026-01-16 02:10:00,76,2.6393,-4.991666666666667,3.369821167105137
2026-01-16 03:10:00,76,4.749458333333333,-5.8566666666666665,3.5051505527056372
2026-01-16 04:10:00,76,2.9527249999999996,-6.3566666666666665,3.7675153781871162
2026-01-16 05:10:00,76,4.913349999999999,-7.008333333333333,3.965877517506246
2026-01-16 06:10:00,76,5.028466666666666,-7.814166666666666,4.244441224880927
2026-01-16 07:10:00,76,4.0291,-8.753333333333332,4.06676957329795
2026-01-16 08:10:00,76,4.936508333333333,-10.384166666666667,4.2217760933902175
2026-01-16 09:10:00,76,3.854799999999999,-10.924166666666666,4.281370658818774
2026-01-16 10:10:00,76,5.419041666666667,-11.145000000000001,4.938450398594229
2026-01-16 11:10:00,76,6.727608333333333,-10.99,4.773881874895259
2026-01-16 12:10:00,76,4.226008333333334,-10.4125,4.142732731100314
2026-01-16 13:10:00,76,3.89425,-10.319166666666666,4.313116611053683
2026-01-16 14:10:00,76,5.2859333333333325,-10.601666666666667,4.658867843582212
2026-01-16 15:10:00,76,5.046908333333333,-11.43,4.763910514359628
2026-01-16 16:10:00,76,6.666258333333333,-12.232500000000002,5.596437350131817
2026-01-16 17:10:00,76,7.214316666666665,-12.786666666666667,6.897241749341769
2026-01-16 18:10:00,76,5.451741666666667,-13.2875,5.653817872466116
2026-01-16 19:10:00,76,5.107458333333333,-13.475833333333332,5.07139987934095
2026-01-16 20:10:00,76,7.041916666666666,-13.921666666666667,5.29514243685721
2026-01-16 21:10:00,76,6.2414250000000004,-14.288333333333334,5.588108385257125
2026-01-16 22:10:00,76,5.743341666666666,-14.410833333333334,5.749591225570141
2026-01-16 23:10:00,76,7.784333333333333,-13.486666666666666,6.319636441741154
2026-01-17 00:10:00,77,6.968658333333333,-13.273333333333335,6.156681713910011
2026-01-17 01:10:00,77,7.409916666666665,-12.758333333333333,6.49585092672013
2026-01-17 02:10:00,77,6.471516666666666,-12.217500000000001,6.441698009986176
2026-01-17 03:10:00,77,6.611608333333334,-11.855833333333335,5.533841349127262
2026-01-17 04:10:00,77,5.283200000000001,-11.624166666666667,5.836411591634226
2026-01-17 05:10:00,77,6.095274999999999,-11.467500000000001,5.963815004742261
2026-01-17 06:10:00,77,5.665341666666666,-11.693333333333333,6.154213006434782
2026-01-17 07:10:00,77,6.266425,-11.435833333333333,5.649752726096201
2026-01-17 08:10:00,77,5.481116666666666,-10.87,5.259367219712919
2026-01-17 09:10:00,77,3.994591666666667,-9.924999999999999,5.136245124018365
2026-01-17 10:10:00,77,4.994733333333333,-9.531666666666668,5.117052760623121
2026-01-17 11:10:00,77,4.417274999999999,-9.193333333333333,4.4486232116143665
2026-01-17 12:10:00,77,5.462858333333332,-8.7675,4.562534402160971
2026-01-17 13:10:00,77,4.524408333333334,-8.4625,4.84396533364372
2026-01-17 14:10:00,77,2.9767083333333333,-8.281666666666666,4.317753776489466
2026-01-17 15:10:00,77,3.0094749999999997,-8.265,3.076504776624314
2026-01-17 16:10:00,77,4.675983333333334,-8.28,2.960698894583782
2026-01-17 17:10:00,77,3.920316666666666,-8.230833333333333,4.646914276547635
2026-01-17 18:10:00,77,4.1522499999999996,-8.101666666666667,4.802374982891658
2026-01-17 19:10:00,77,4.896208333333334,-8.005,3.97980723791615
2026-01-17 20:10:00,77,3.0291,-7.848333333333334,4.216384594028452
2026-01-17 21:10:00,77,3.9354,-8.463333333333333,3.9651855929752284
2026-01-17 22:10:00,77,4.923791666666666,-10.685,3.9051170338602255
2026-01-17 23:10:00,77,5.4138416666666656,-12.199166666666668,5.557639919547136
2026-01-18 00:10:00,78,5.435366666666666,-13.435000000000002,5.751884986121237
2026-01-18 01:10:00,78,6.485083333333333,-13.888333333333335,5.853481881898164
2026-01-18 02:10:00,78,5.970358333333333,-13.823333333333336,5.589340271325152
2026-01-18 03:10:00,78,4.7556416666666665,-13.527499999999998,5.427487320384942
2026-01-18 04:10:00,78,6.001441666666667,-13.1625,5.2863246347739405
2026-01-18 05:10:00,78,5.3961500000000004,-12.801666666666668,5.666572312585632
2026-01-18 06:10:00,78,5.0894,-12.318333333333333,5.3534422794149386
2026-01-18 07:10:00,78,5.522174999999999,-11.478333333333333,5.760997579615766
2026-01-18 08:10:00,78,5.621841666666667,-9.995833333333334,5.417104138437786
2026-01-18 09:10:00,78,3.951075,-8.268333333333333,4.404631627135187
2026-01-18 10:10:00,78,4.566533333333333,-6.194166666666667,4.252962504203261
2026-01-18 11:10:00,78,3.4105,-4.118333333333333,2.9557906421603217
2026-01-18 12:10:00,78,1.0778999999999999,-2.1941666666666664,3.3392189537731616
2026-01-18 13:10:00,78,1.869875,-2.4299999999999997,2.001176006607107
2026-01-18 14:10:00,78,2.800875,-2.3508333333333336,2.6012582175269507
2026-01-18 15:10:00,78,2.7132666666666667,-3.2641666666666667,3.62533821685894
2026-01-18 16:10:00,78,0.0,-4.3025,2.1028585967816866
2026-01-18 17:10:00,78,3.025975,-5.028333333333333,1.4863834640173545
2026-01-18 18:10:00,78,1.5024666666666664,-5.519166666666667,2.71116330107321
2026-01-18 19:10:00,78,3.0004083333333327,-5.894166666666667,2.790760404527495
2026-01-18 20:10:00,78,4.353616666666667,-6.1475,2.9822512200507645
2026-01-18 21:10:00,78,3.617008333333333,-6.045833333333333,4.287414508087534
2026-01-18 22:10:00,78,3.5353750000000006,-6.091666666666666,3.1349601829256244
2026-01-18 23:10:00,78,2.605433333333333,-6.174166666666667,3.6185823850921937
2026-01-19 00:10:00,79,4.1254,-6.239999999999999,3.752139979168585
2026-01-19 01:10:00,79,3.5858750000000006,-6.255,3.4939003423539576
2026-01-19 02:10:00,79,3.870566666666667,-6.2700000000000005,3.8362364583868374
2026-01-19 03:10:00,79,3.8956833333333334,-6.289166666666667,3.68773486323897
2026-01-19 04:10:00,79,3.2252833333333335,-6.473333333333334,3.22593165086575
2026-01-19 05:10:00,79,2.3502083333333332,-6.7175,3.73867846416921
2026-01-19 06:10:00,79,5.483616666666666,-7.269166666666667,2.795133648939343
2026-01-19 07:10:00,79,3.670075,-7.079166666666667,4.656945610635279
2026-01-19 08:10:00,79,4.274091666666667,-6.005,3.8425689860191325
2026-01-19 09:10:00,79,3.997425,-4.7775,4.174868091249332
2026-01-19 10:10:00,79,2.9921499999999996,-3.795833333333333,3.4925740754249213
2026-01-19 11:10:00,79,2.58,-2.5050000000000003,3.5717115988830033
2026-01-19 12:10:00,79,2.5084333333333335,-2.023333333333334,2.693598824749588
2026-01-19 13:10:00,79,4.764583333333333,-1.9816666666666665,3.8233712873293033
2026-01-19 14:10:00,79,2.667758333333333,-2.458333333333333,3.613211464792626
2026-01-19 15:10:00,79,4.51615,-2.9574999999999996,3.488698889388111
2026-01-19 16:10:00,79,1.6174333333333333,-3.8524999999999996,3.3368921997523624
2026-01-19 17:10:00,79,2.8818333333333332,-4.204166666666667,2.5490733752882377
2026-01-19 18:10:00,79,1.5529166666666667,-4.120833333333334,2.3361523182906336
2026-01-19 19:10:00,79,4.551716666666667,-3.9666666666666663,2.913300462241705
2026-01-19 20:10:00,79,3.1024749999999996,-3.9450000000000003,3.5500612308849044
2026-01-19 21:10:00,79,4.192216666666667,-4.416666666666667,3.513288118268689
2026-01-19 22:10:00,79,4.039991666666666,-5.0825,4.95461549890468
2026-01-19 23:10:00,79,3.81,-6.430833333333333,3.8898259700492095
2026-01-20 00:10:00,80,3.6982249999999994,-8.56,4.8060190583204125
2026-01-20 01:10:00,80,5.273816666666666,-10.555833333333334,4.486013445237676
2026-01-20 02:10:00,80,2.9230916666666666,-9.980833333333333,3.7861817887053766
2026-01-20 03:10:00,80,5.189033333333334,-10.448333333333332,4.168988372954594
2026-01-20 04:10:00,80,3.1065166666666664,-11.199166666666665,4.330437278039922
2026-01-20 05:10:00,80,4.8920416666666675,-12.551666666666668,4.656715289171925
2026-01-20 06:10:00,80,3.651816666666667,-13.375833333333333,4.453223326616662
2026-01-20 07:10:00,80,5.490291666666667,-13.190833333333332,4.272380976647305
2026-01-20 08:10:00,80,3.307291666666667,-9.93,4.188676707224395
2026-01-20 09:10:00,80,4.328616666666667,-8.329166666666667,3.9468063701775398
2026-01-20 10:10:00,80,2.979183333333333,-7.533333333333334,3.593438876126637
2026-01-20 11:10:00,80,3.221033333333333,-7.541666666666667,3.6515736834904557
2026-01-20 12:10:00,80,3.503508333333333,-8.245,3.4422263608841654
2026-01-20 13:10:00,80,5.472208333333332,-9.2875,4.860055050276595
2026-01-20 14:10:00,80,4.5863,-9.638333333333334,4.805147088455982
2026-01-20 15:10:00,80,5.045733333333333,-10.661666666666667,4.322186254120977
2026-01-20 16:10:00,80,4.852741666666667,-12.102500000000001,4.796589900285385
2026-01-20 17:10:00,80,5.931299999999999,-12.656666666666666,4.781747924802357
2026-01-20 18:10:00,80,4.476324999999999,-13.403333333333334,5.547215030307703
2026-01-20 19:10:00,80,3.3237583333333327,-13.7875,4.552201804922045
2026-01-20 20:10:00,80,4.379991666666666,-13.908333333333333,3.78630632192037
2026-01-20 21:10:00,80,5.748766666666667,-13.59666666666667,4.599084707975807
2026-01-20 22:10:00,80,5.476108333333333,-13.2675,5.475359609730766
2026-01-20 23:10:00,80,6.523799999999999,-13.336666666666668,5.876423443449026
2026-01-21 00:10:00,81,6.050800000000001,-13.685833333333333,5.878280412323855
2026-01-21 01:10:00,81,5.27095,-14.972499999999998,4.390749508254925
2026-01-21 02:10:00,81,5.155166666666667,-17.296666666666667,5.160519476609916
2026-01-21 03:10:00,81,6.455424999999999,-18.924999999999997,5.839334164138054
2026-01-21 04:10:00,81,5.687791666666667,-17.74166666666667,5.567268861405356
2026-01-21 05:10:00,81,5.379816666666667,-18.209166666666665,5.319156269971724
2026-01-21 06:10:00,81,5.9787083333333335,-20.064166666666665,5.875968576874185
2026-01-21 07:10:00,81,6.135208333333333,-20.194166666666664,6.537774978200792
2026-01-21 08:10:00,81,4.520316666666666,-13.466666666666669,5.025193615087072
2026-01-21 09:10:00,81,5.632225000000001,-10.091666666666667,4.365580568065102
2026-01-21 10:10:00,81,4.4313666666666665,-9.519166666666665,5.03109658882914
2026-01-21 11:10:00,81,3.5454666666666665,-7.478333333333334,4.2467291717903715
2026-01-21 12:10:00,81,4.980358333333333,-5.721666666666667,3.880813976864882
2026-01-21 13:10:00,81,2.632141666666666,-6.314166666666666,3.341248501972984
2026-01-21 14:10:00,81,4.038975,-6.4775,3.4519971079935305
2026-01-21 15:10:00,81,4.298633333333334,-7.209166666666667,3.8552406284632093
2026-01-21 16:10:00,81,4.987083333333333,-8.7675,4.752983742685489
2026-01-21 17:10:00,81,4.774858333333333,-10.046666666666667,3.9917979240331083
2026-01-21 18:10:00,81,4.065050000000001,-10.048333333333334,4.3085636761339
2026-01-21 19:10:00,81,4.476866666666666,-9.953333333333333,4.411837474458775
2026-01-21 20:10:00,81,5.838983333333332,-8.4625,4.489549885051789
2026-01-21 21:10:00,81,3.21375,-8.105,4.590846723307852
2026-01-21 22:10:00,81,5.639024999999998,-8.596666666666666,4.315933779333788
2026-01-21 23:10:00,81,5.483841666666667,-8.480833333333333,4.476065706883301
2026-01-22 00:10:00,82,4.0436749999999995,-8.343333333333334,5.214010220070245
2026-01-22 01:10:00,82,4.911549999999999,-8.165833333333333,5.185729646706976
2026-01-22 02:10:00,82,4.150183333333333,-8.189166666666667,5.43441662587852
2026-01-22 03:10:00,82,4.638283333333333,-8.115,4.858219567497548
2026-01-22 04:10:00,82,4.292791666666666,-8.18,4.858953407818436
2026-01-22 05:10:00,82,5.768191666666667,-8.648333333333333,4.494167988344827
2026-01-22 06:10:00,82,3.8779499999999993,-8.661666666666667,4.016719205363428
2026-01-22 07:10:00,82,3.9474333333333336,-8.1675,4.307130753456808
2026-01-22 08:10:00,82,4.437883333333334,-7.0025,4.371514282140624
2026-01-22 09:10:00,82,3.6345249999999996,-5.420833333333333,3.773435062726731
2026-01-22 10:10:00,82,5.113125,-3.7175,3.9150004370930964
2026-01-22 11:10:00,82,2.129016666666667,-1.3483333333333334,3.996693436590731
2026-01-22 12:10:00,82,3.463458333333333,0.48500000000000004,2.7708182183426446
2026-01-22 13:10:00,82,2.4534499999999997,-0.08666666666666667,2.921305352854331
2026-01-22 14:10:00,82,3.6839749999999998,-0.5983333333333334,3.469833858071227
2026-01-22 15:10:00,82,3.037616666666666,-1.5141666666666669,3.215980653343821
2026-01-22 16:10:00,82,3.1468416666666665,-2.5700000000000003,3.328320703752399
2026-01-22 17:10:00,82,3.709566666666666,-3.5133333333333336,3.5448329282952145
2026-01-22 18:10:00,82,3.249716666666667,-3.861666666666667,3.2462479088454765
2026-01-22 19:10:00,82,1.8156666666666665,-3.8983333333333334,3.290120783006641
2026-01-22 20:10:00,82,2.958433333333333,-5.411666666666666,3.52202493665976
2026-01-22 21:10:00,82,4.021583333333333,-6.0325,2.95377624913913
2026-01-22 22:10:00,82,4.252858333333333,-7.524166666666666,3.278951646687259
2026-01-22 23:10:00,82,3.915141666666667,-8.547500000000001,4.543661640446182
2026-01-23 00:10:00,83,3.7020916666666666,-9.985833333333334,3.9776176877188725
2026-01-23 01:10:00,83,4.411566666666666,-11.099166666666667,4.4703984230829
2026-01-23 02:10:00,83,5.1570583333333335,-12.165833333333333,4.460970656974172
2026-01-23 03:10:00,83,4.136658333333333,-13.94,4.751481497323486
2026-01-23 04:10:00,83,4.224083333333334,-9.054166666666665,4.886827641982175
2026-01-23 05:10:00,83,5.204716666666667,-10.199166666666667,5.031897114811578
2026-01-23 06:10:00,83,4.116883333333333,-12.959166666666668,4.891035109095697
2026-01-23 07:10:00,83,5.451866666666667,-13.450000000000001,4.993417875164106
2026-01-23 08:10:00,83,3.4063166666666667,-9.773333333333332,4.336322542533396
2026-01-23 09:10:00,83,3.5891666666666664,-7.328333333333333,3.646015895474682
2026-01-23 10:10:00,83,3.4894583333333333,-4.903333333333333,3.7330105596047796
2026-01-23 11:10:00,83,4.062291666666666,-5.513333333333333,3.566887618765071
2026-01-23 12:10:00,83,3.898541666666666,-6.0925,4.350596827023651
2026-01-23 13:10:00,83,3.5067999999999997,-6.573333333333333,4.241798505360215
2026-01-23 14:10:00,83,6.148583333333335,-7.5,5.111621540224464
2026-01-23 15:10:00,83,3.6305083333333332,-9.1575,5.220403008921814
2026-01-23 16:10:00,83,6.235458333333333,-10.76,5.038710169115211
2026-01-23 17:10:00,83,5.371183333333333,-11.514166666666666,5.636983942970869
2026-01-23 18:10:00,83,4.789875,-12.514166666666666,5.2143767995956445
2026-01-23 19:10:00,83,5.005875,-12.509166666666667,4.883525496583713
2026-01-23 20:10:00,83,4.976241666666666,-13.244166666666667,5.14705075527562
2026-01-23 21:10:00,83,4.402525,-14.292499999999999,5.288350651060547
2026-01-23 22:10:00,83,6.610974999999998,-15.34666666666667,5.5130766949529635
2026-01-23 23:10:00,83,6.846033333333331,-16.425833333333333,6.2438772694793405
2026-01-24 00:10:00,84,6.8727583333333335,-17.19083333333333,6.277919793879068
2026-01-24 01:10:00,84,6.548233333333333,-17.584166666666672,6.237757066243089
2026-01-24 02:10:00,84,6.564533333333332,-18.7275,6.501684553589065
2026-01-24 03:10:00,84,7.949883333333333,-19.695000000000004,7.0171413081315865
2026-01-24 04:10:00,84,6.1219666666666654,-20.509166666666665,7.171874976719723
2026-01-24 05:10:00,84,7.08325,-21.699166666666667,7.507353959886566
2026-01-24 06:10:00,84,7.758125,-22.602500000000003,8.670363383464705
2026-01-24 07:10:00,84,6.210375,-22.754166666666666,8.851485174901335
2026-01-24 08:10:00,84,7.385833333333333,-21.86,9.164109636708904
2026-01-24 09:10:00,84,7.351983333333333,-21.15416666666667,9.611742106219083
2026-01-24 10:10:00,84,11.026133333333334,-19.27416666666667,10.077498244718331
2026-01-24 11:10:00,84,7.419100000000001,-17.78583333333333,9.589226205572958
2026-01-24 12:10:00,84,4.49725,-16.68083333333333,4.966981850542622
2026-01-24 13:10:00,84,4.774016666666666,-16.860833333333332,4.141774944737125
2026-01-24 14:10:00,84,6.328991666666666,-17.175000000000004,5.281830403220947
2026-01-24 15:10:00,84,5.374683333333333,-17.791666666666668,6.837046512028111
2026-01-24 16:10:00,84,5.7344,-18.916666666666668,6.2782069855921945
2026-01-24 17:10:00,84,5.665475,-19.874166666666664,6.829603542681596
2026-01-24 18:10:00,84,5.902375,-20.6675,5.956974658122257
2026-01-24 19:10:00,84,5.296824999999999,-21.30916666666667,7.494596261570715
2026-01-24 20:10:00,84,6.969691666666665,-21.930000000000003,8.00229432303612
2026-01-24 21:10:00,84,7.971216666666667,-22.414999999999996,7.554990813947851
2026-01-24 22:10:00,84,6.265350000000001,-22.555000000000003,8.011042577980975
2026-01-24 23:10:00,84,7.491833333333333,-22.745,7.508355673426307
2026-01-25 00:10:00,85,7.4089,-22.9375,8.153842120560697
2026-01-25 01:10:00,85,6.989741666666667,-22.870833333333337,8.33935028928989
2026-01-25 02:10:00,85,7.547350000000001,-22.830000000000002,8.767248444609798
2026-01-25 03:10:00,85,7.341775,-22.869999999999994,8.507935753691786
2026-01-25 04:10:00,85,9.186441666666667,-22.860833333333332,8.564103383451076
2026-01-25 05:10:00,85,8.303749999999999,-22.679999999999996,8.434624454671308
2026-01-25 06:10:00,85,9.933583333333335,-22.412499999999998,8.212973421856358
2026-01-25 07:10:00,85,5.736275,-22.19416666666667,7.704918653922955
2026-01-25 08:10:00,85,7.1085499999999975,-20.70333333333333,6.887611367571327
2026-01-25 09:10:00,85,6.354391666666666,-19.088333333333335,6.741528320197381
2026-01-25 10:10:00,85,4.622708333333333,-17.322499999999998,5.194052010642033
2026-01-25 11:10:00,85,5.9882333333333335,-15.8375,5.179336029234663
2026-01-25 12:10:00,85,7.202233333333333,-15.235833333333334,7.736609985574162
2026-01-25 13:10:00,85,8.894033333333335,-15.269166666666665,7.938762707342179
2026-01-25 14:10:00,85,5.224383333333333,-15.208333333333334,7.866602185645797
2026-01-25 15:10:00,85,16.321700000000003,-15.249999999999995,8.127244775784865
2026-01-25 16:10:00,85,11.335991666666667,-15.524166666666668,13.432664081745731
2026-01-25 17:10:00,85,6.267449999999999,-15.646666666666667,8.984247594166765
2026-01-25 18:10:00,85,6.430158333333334,-15.729999999999999,6.275708454140942
2026-01-25 19:10:00,85,7.915441666666666,-15.729999999999999,6.854610706182725
2026-01-25 20:10:00,85,7.459191666666668,-15.9075,7.120797934854819
2026-01-25 21:10:00,85,6.048449999999999,-16.46333333333334,5.985713129651167
2026-01-25 22:10:00,85,6.062316666666667,-16.5825,6.466720523766318
2026-01-25 23:10:00,85,8.355824999999998,-16.463333333333335,6.556090052131552
2026-01-26 00:10:00,86,5.945183333333334,-16.72333333333333,6.731982216658341
2026-01-26 01:10:00,86,4.659833333333334,-17.042500000000004,6.5115618653273195
2026-01-26 02:10:00,86,7.352466666666666,-17.231666666666666,5.971507495180215
2026-01-26 03:10:00,86,8.555958333333333,-17.185000000000002,6.699664465068874
2026-01-26 04:10:00,86,4.725933333333333,-17.013333333333332,6.145832323597171
2026-01-26 05:10:00,86,4.7586,-16.830000000000002,5.519833393497292
2026-01-26 06:10:00,86,6.525516666666666,-16.68916666666667,6.312422100302529
2026-01-26 07:10:00,86,6.658341666666666,-16.46833333333333,6.98517171643307
2026-01-26 08:10:00,86,7.733599999999998,-16.065,7.2025777079796605
2026-01-26 09:10:00,86,6.5402000000000005,-15.407499999999999,5.887643114670548
2026-01-26 10:10:00,86,6.007991666666667,-14.523333333333335,5.164466844287759
2026-01-26 11:10:00,86,3.5824666666666665,-13.646666666666667,5.262608242632832
2026-01-26 12:10:00,86,5.828591666666667,-13.000833333333333,5.823620744811183
2026-01-26 13:10:00,86,7.037141666666666,-12.616666666666667,5.888374100016037
2026-01-26 14:10:00,86,5.709375,-12.36,5.951874529058384
2026-01-26 15:10:00,86,4.8201583333333335,-12.430833333333334,4.788524191851907
2026-01-26 16:10:00,86,4.708441666666666,-12.695,4.8602848449614955
2026-01-26 17:10:00,86,6.196633333333334,-12.765,5.765037766093346
2026-01-26 18:10:00,86,5.258416666666666,-12.550833333333335,6.281734045879133
2026-01-26 19:10:00,86,5.8265916666666655,-12.279166666666667,6.079714007664662
2026-01-26 20:10:00,86,5.582216666666667,-12.393333333333333,6.238458832697695
2026-01-26 21:10:00,86,7.735966666666667,-12.565000000000003,6.580710036432276
2026-01-26 22:10:00,86,6.635983333333334,-12.518333333333333,6.161442305109448
2026-01-26 23:10:00,86,5.938816666666665,-12.370833333333332,5.283718797225017
2026-01-27 00:10:00,87,4.881083333333333,-12.39,4.983093742751292
2026-01-27 01:10:00,87,4.951508333333333,-12.555833333333334,5.0928789245099
2026-01-27 02:10:00,87,5.852308333333333,-12.505833333333333,5.044259815213614
2026-01-27 03:10:00,87,3.946075,-12.718333333333334,4.893866502521564
2026-01-27 04:10:00,87,5.580358333333332,-13.217500000000001,5.35685890223105
2026-01-27 05:10:00,87,6.273441666666668,-13.583333333333334,5.854371613998807
2026-01-27 06:10:00,87,5.728233333333334,-14.157499999999999,5.290834078746534
2026-01-27 07:10:00,87,5.599783333333333,-14.505000000000003,5.3496253002213034
2026-01-27 08:10:00,87,5.368458333333333,-13.125833333333333,5.576182840225092
2026-01-27 09:10:00,87,6.446874999999999,-12.264166666666668,4.8578458016872945
2026-01-27 10:10:00,87,2.8953,-10.454166666666667,4.564270623729647
2026-01-27 11:10:00,87,3.6378500000000003,-9.268333333333333,3.994204893748676
2026-01-27 12:10:00,87,3.65225,-8.836666666666666,2.5452819110193725
2026-01-27 13:10:00,87,3.6517999999999993,-8.9125,4.123376957161307
2026-01-27 14:10:00,87,4.671241666666667,-9.726666666666667,4.489514672252896
2026-01-27 15:10:00,87,5.7292499999999995,-10.674999999999999,4.411992483455416
2026-01-27 16:10:00,87,4.920858333333333,-12.264166666666668,5.2873413517035885
2026-01-27 17:10:00,87,5.227666666666667,-14.958333333333334,5.093643825225829
2026-01-27 18:10:00,87,5.742208333333334,-14.996666666666664,5.374975100876459
2026-01-27 19:10:00,87,4.349683333333333,-14.703333333333331,4.8203778033427795
2026-01-27 20:10:00,87,4.017075,-14.509166666666667,4.642311440173965
2026-01-27 21:10:00,87,4.967625000000001,-14.5875,5.444658141260682
2026-01-27 22:10:00,87,6.7773916666666665,-14.721666666666666,6.1511284098736025
2026-01-27 23:10:00,87,6.890383333333332,-15.023333333333332,6.192225950653844
2026-01-28 00:10:00,88,5.23205,-15.522499999999999,5.298731869157578
2026-01-28 01:10:00,88,5.572125,-15.964166666666669,5.532026784929124
2026-01-28 02:10:00,88,6.583841666666667,-17.519166666666667,5.967133708057894
2026-01-28 03:10:00,88,4.6369,-18.501666666666665,5.520759714446317
2026-01-28 04:10:00,88,7.021541666666667,-18.398333333333333,5.9652330700658815
2026-01-28 05:10:00,88,6.059558333333334,-17.5975,6.084607570613587
2026-01-28 06:10:00,88,6.736775,-18.245,5.9383779297266255
2026-01-28 07:10:00,88,6.2225166666666665,-18.666666666666668,5.865280280984376
2026-01-28 08:10:00,88,6.353058333333334,-15.4775,5.935122546026605
2026-01-28 09:10:00,88,7.002066666666665,-13.874166666666666,5.695817093516803
2026-01-28 10:10:00,88,3.2393083333333337,-11.504166666666668,4.5031824624158
2026-01-28 11:10:00,88,4.193458333333332,-10.420833333333333,3.9186743059264733
2026-01-28 12:10:00,88,4.573333333333333,-8.926666666666668,3.687360908063503
2026-01-28 13:10:00,88,4.540841666666666,-8.731666666666667,4.692377443583447
2026-01-28 14:10:00,88,4.258824999999999,-9.856666666666667,4.880512377480241
2026-01-28 15:10:00,88,5.245575,-10.800833333333332,5.192449950390605
2026-01-28 16:10:00,88,4.772449999999999,-12.156666666666666,4.784303151584826
2026-01-28 17:10:00,88,5.927983333333332,-13.506666666666666,4.32257341186762
2026-01-28 18:10:00,88,4.510941666666666,-15.342500000000001,4.631668734198259
2026-01-28 19:10:00,88,5.516008333333333,-16.523333333333333,5.093680173016891
2026-01-28 20:10:00,88,6.2265999999999995,-17.455833333333334,5.6606660731326155
2026-01-28 21:10:00,88,7.008758333333333,-17.893333333333334,6.0983961198716
2026-01-28 22:10:00,88,5.498916666666666,-17.8575,6.002774845718414
2026-01-28 23:10:00,88,6.770108333333335,-16.944166666666664,5.831650480958222
2026-01-29 00:10:00,89,5.648416666666667,-15.842500000000001,5.452783241297371
2026-01-29 01:10:00,89,5.779791666666665,-16.004166666666666,5.669302815558945
2026-01-29 02:10:00,89,5.796174999999999,-16.620833333333337,6.248225372589214
2026-01-29 03:10:00,89,6.509108333333332,-16.81,5.791825262621146
2026-01-29 04:10:00,89,6.9758249999999995,-17.5425,5.888124487302445
2026-01-29 05:10:00,89,4.624291666666666,-17.888333333333332,5.85040279825736
2026-01-29 06:10:00,89,6.189441666666665,-16.796666666666667,5.658882689220361
2026-01-29 07:10:00,89,7.048400000000001,-15.814166666666667,6.080389964986639
2026-01-29 08:10:00,89,6.601025,-13.564166666666665,5.12983935165769
2026-01-29 09:10:00,89,5.410641666666668,-11.638333333333334,5.53990100981449
2026-01-29 10:10:00,89,4.814191666666667,-9.846666666666666,4.6322800754303595
2026-01-29 11:10:00,89,3.663066666666667,-8.374166666666666,3.5719683474709827
2026-01-29 12:10:00,89,4.009283333333333,-7.594166666666666,3.6227319999440564
2026-01-29 13:10:00,89,3.5916333333333332,-8.111666666666666,3.7712208270714074
2026-01-29 14:10:00,89,3.5734083333333335,-9.240833333333333,3.6131972853112613
2026-01-29 15:10:00,89,5.205133333333333,-10.420833333333333,4.397964835829167
2026-01-29 16:10:00,89,5.773008333333333,-11.685,5.407283714515465
2026-01-29 17:10:00,89,6.600216666666667,-12.115833333333335,5.509260372381692
2026-01-29 18:10:00,89,7.0844499999999995,-12.819999999999999,5.343494101659496
2026-01-29 19:10:00,89,4.329274999999999,-13.394166666666665,5.424327716650952
2026-01-29 20:10:00,89,6.874008333333333,-13.698333333333332,5.806641615597893
2026-01-29 21:10:00,89,6.786483333333333,-14.092500000000001,6.4819668708277085
2026-01-29 22:10:00,89,7.046408333333334,-14.593333333333334,6.155745654715502
2026-01-29 23:10:00,89,6.756308333333333,-14.685,5.515269121762123
2026-01-30 00:10:00,90,5.6754999999999995,-14.80083333333333,5.654080208383554
2026-01-30 01:10:00,90,7.108158333333331,-15.156666666666666,6.297530619290509
2026-01-30 02:10:00,90,5.507124999999999,-15.490000000000004,6.217018422772059
2026-01-30 03:10:00,90,7.368825,-15.777499999999998,6.1004675299384425
2026-01-30 04:10:00,90,6.237275,-16.078333333333333,6.340353250311367
2026-01-30 05:10:00,90,6.734716666666667,-16.6525,5.896307370596684
2026-01-30 06:10:00,90,8.200716666666667,-16.7225,6.7914264311186185
2026-01-30 07:10:00,90,6.672725,-16.477499999999996,6.67447027421228
2026-01-30 08:10:00,90,6.689441666666666,-16.040833333333335,6.142153096920506
2026-01-30 09:10:00,90,7.432816666666666,-14.837500000000004,5.768621647290234
2026-01-30 10:10:00,90,6.718416666666666,-14.222500000000002,5.411849316124307
2026-01-30 11:10:00,90,4.307108333333334,-12.935833333333335,5.276870022354493
2026-01-30 12:10:00,90,4.964691666666667,-11.670833333333334,4.570669242405388
2026-01-30 13:10:00,90,5.732666666666667,-11.894166666666669,5.537666277350836
2026-01-30 14:10:00,90,5.956583333333334,-12.130833333333333,5.878426835133762
2026-01-30 15:10:00,90,6.2280500000000005,-13.208333333333334,5.780076566107223
2026-01-30 16:10:00,90,6.104741666666666,-14.245,5.521716725288483
2026-01-30 17:10:00,90,5.022491666666666,-15.018333333333336,5.281059504624753
2026-01-30 18:10:00,90,5.263083333333333,-15.930833333333338,5.7115700041609765
2026-01-30 19:10:00,90,5.91865,-16.278333333333332,5.974257933407999
2026-01-30 20:10:00,90,5.7415666666666665,-16.28,6.296233835443067
2026-01-30 21:10:00,90,7.606858333333334,-16.38416666666667,6.863887452601134
2026-01-30 22:10:00,90,8.700633333333334,-16.7175,7.049320330501631
2026-01-30 23:10:00,90,5.808991666666666,-16.884166666666662,7.050884504263442
2026-01-31 00:10:00,91,7.855883333333335,-16.944166666666668,6.687411724380757
2026-01-31 01:10:00,91,6.9482333333333335,-16.805,7.832238599001024
2026-01-31 02:10:00,91,8.469566666666667,-16.74,7.618642626399327
2026-01-31 03:10:00,91,6.570891666666665,-16.820000000000004,6.989209057716295
2026-01-31 04:10:00,91,7.623958333333333,-16.73666666666667,7.140144044105228
2026-01-31 05:10:00,91,7.291549999999999,-16.675833333333333,7.435584889549217
2026-01-31 06:10:00,91,7.437508333333333,-16.706666666666663,6.959711316406478
2026-01-31 07:10:00,91,6.641575,-15.920833333333333,7.178660525775715
2026-01-31 08:10:00,91,7.043383333333332,-13.973333333333334,6.771341332722614
2026-01-31 09:10:00,91,6.359866666666667,-12.87,6.3265081275185695
2026-01-31 10:10:00,91,6.9366166666666675,-10.920833333333334,5.5411680086055615
2026-01-31 11:10:00,91,4.251025,-9.574166666666667,4.216217285040249
2026-01-31 12:10:00,91,3.3228166666666663,-8.611666666666666,3.152780341085619
2026-01-31 13:10:00,91,2.9221083333333335,-8.490833333333333,3.4195106262300996
2026-01-31 14:10:00,91,4.878191666666666,-9.675833333333333,4.8662820695091344
2026-01-31 15:10:00,91,4.560708333333333,-10.87,5.057689669719979
2026-01-31 16:10:00,91,6.818583333333333,-12.194999999999999,6.199776010861085
2026-01-31 17:10:00,91,6.692041666666667,-13.338333333333333,6.394631301512091
2026-01-31 18:10:00,91,5.888374999999999,-14.041666666666666,5.6977666762112325
2026-01-31 19:10:00,91,4.348858333333333,-14.90333333333333,5.021742200852784
2026-01-31 20:10:00,91,4.648041666666666,-15.157499999999999,4.898650702946532
2026-01-31 21:10:00,91,5.242166666666667,-15.625833333333334,5.275019477487016
2026-01-31 22:10:00,91,6.666541666666666,-16.903333333333336,6.060584019915487
2026-01-31 23:10:00,91,7.297483333333333,-17.036666666666665,6.68217292583477
2026-02-01 00:10:00,92,5.497199999999999,-18.135,6.075787856504639
2026-02-01 01:10:00,92,6.743591666666667,-19.37833333333333,6.554146301785398
2026-02-01 02:10:00,92,7.0410666666666675,-19.379166666666666,7.154317784137021
2026-02-01 03:10:00,92,6.346350000000001,-19.883333333333333,6.807701762899731
2026-02-01 04:10:00,92,6.664691666666667,-19.10166666666667,6.578687098451091
2026-02-01 05:10:00,92,7.416158333333331,-19.75916666666667,7.138792577973194
2026-02-01 06:10:00,92,6.190383333333334,-19.897499999999997,6.288977902717275
2026-02-01 07:10:00,92,6.0324583333333335,-19.24083333333333,6.674504331637497
2026-02-01 08:10:00,92,6.475391666666668,-15.13,6.379881059234238
2026-02-01 09:10:00,92,4.937708333333333,-11.473333333333334,6.031230058698387
2026-02-01 10:10:00,92,5.644791666666666,-8.647499999999999,5.378051389516772
2026-02-01 11:10:00,92,3.6482916666666667,-7.685833333333334,4.046330449524602
2026-02-01 12:10:00,92,4.121733333333333,-6.764166666666667,4.49738920455755
2026-02-01 13:10:00,92,3.647491666666666,-5.995833333333334,4.122813180234659
2026-02-01 14:10:00,92,4.526541666666667,-6.394166666666667,4.438828195529287
2026-02-01 15:10:00,92,5.644983333333332,-7.175,5.040548181345606
2026-02-01 16:10:00,92,6.312841666666666,-8.676666666666668,5.578190777250552
2026-02-01 17:10:00,92,4.068633333333333,-9.625,5.069992033819392
2026-02-01 18:10:00,92,5.234958333333332,-9.952499999999999,4.940816644941294
2026-02-01 19:10:00,92,4.412958333333333,-10.375,4.783434046278236
2026-02-01 20:10:00,92,5.195991666666667,-10.555833333333334,5.330901775643853
2026-02-01 21:10:00,92,5.317024999999999,-11.505,5.4854494231137405
2026-02-01 22:10:00,92,5.269816666666666,-12.448333333333332,5.798288650802845
2026-02-01 23:10:00,92,6.53195,-13.963333333333333,6.355364057985311
2026-02-02 00:10:00,93,5.774566666666665,-15.005833333333337,6.359885507371461
2026-02-02 01:10:00,93,5.595916666666667,-16.171666666666667,6.199609062433365
2026-02-02 02:10:00,93,5.527716666666666,-16.393333333333334,6.537702922778485
2026-02-02 03:10:00,93,6.276133333333334,-16.920833333333334,6.252658715208499
2026-02-02 04:10:00,93,4.811733333333333,-17.06416666666667,6.388836175170049
2026-02-02 05:10:00,93,7.379883333333332,-17.099999999999998,6.739180468443445
2026-02-02 06:10:00,93,5.422466666666666,-17.958333333333332,6.531239223238974
2026-02-02 07:10:00,93,7.052033333333334,-15.93083333333334,6.274911265984461
2026-02-02 08:10:00,93,5.122216666666667,-10.320833333333335,4.871744354299864
2026-02-02 09:10:00,93,4.4770416666666675,-7.939166666666666,5.054175292405041
2026-02-02 10:10:00,93,3.2193666666666667,-5.245,4.611829560029806
2026-02-02 11:10:00,93,2.4699,-3.1475000000000004,3.962522779342385
2026-02-02 12:10:00,93,2.419283333333333,-1.9208333333333334,3.605258472705204
2026-02-02 13:10:00,93,2.069875,-1.0591666666666668,3.6149937148457796
2026-02-02 14:10:00,93,3.0371666666666663,-1.8150000000000004,3.515809515724433
2026-02-02 15:10:00,93,4.350266666666666,-3.000833333333334,3.735965964244329
2026-02-02 16:10:00,93,4.554825000000001,-4.350833333333333,4.4272822502533185
2026-02-02 17:10:00,93,3.544883333333333,-5.75,5.172399184100863
2026-02-02 18:10:00,93,4.830575,-6.116666666666666,4.659159079640222
2026-02-02 19:10:00,93,3.032466666666667,-6.36,4.373039133202514
2026-02-02 20:10:00,93,4.850675000000001,-8.375,3.966195473225147
2026-02-02 21:10:00,93,4.647516666666666,-9.574166666666667,4.376247115718728
2026-02-02 22:10:00,93,4.368183333333333,-10.2875,4.64117698865163
2026-02-02 23:10:00,93,4.49095,-10.749166666666667,5.390701227796908
2026-02-03 00:10:00,94,5.320308333333332,-11.500833333333333,5.273750650554145
2026-02-03 01:10:00,94,5.137416666666667,-12.435000000000002,5.292669347117266
2026-02-03 02:10:00,94,4.165633333333333,-13.036666666666667,5.316990478935918
2026-02-03 03:10:00,94,6.308391666666666,-14.082500000000001,5.666773565321694
2026-02-03 04:10:00,94,5.014999999999999,-14.472499999999998,4.964859387955988
2026-02-03 05:10:00,94,4.211491666666666,-15.252500000000003,5.3010891926306245
2026-02-03 06:10:00,94,6.3051,-15.864166666666668,5.785267784601598
2026-02-03 07:10:00,94,4.943466666666667,-14.529166666666669,5.274174037466245
2026-02-03 08:10:00,94,5.403733333333334,-8.074166666666667,4.74685263278886
2026-02-03 09:10:00,94,4.836333333333333,-7.0225,4.3111377392345895
2026-02-03 10:10:00,94,2.485875,-3.9716666666666662,3.88911661676292
2026-02-03 11:10:00,94,2.7512999999999996,-2.7258333333333336,3.0873415133044158
2026-02-03 12:10:00,94,3.2677333333333336,-1.3841666666666665,2.500510402494419
2026-02-03 13:10:00,94,1.9024999999999999,-0.365,3.077235413097888
2026-02-03 14:10:00,94,2.649716666666667,-0.38000000000000006,3.327662292866102
2026-02-03 15:10:00,94,4.186116666666666,-1.9716666666666665,3.7824088342367523
2026-02-03 16:10:00,94,3.787075,-4.444166666666666,4.490719444361043
2026-02-03 17:10:00,94,2.9297416666666667,-6.4624999999999995,3.388424817727493
2026-02-03 18:10:00,94,3.3553333333333333,-8.528333333333334,3.3456145372357673
2026-02-03 19:10:00,94,3.848583333333333,-10.769166666666665,4.386144075208252
2026-02-03 20:10:00,94,2.4886000000000004,-12.1625,3.8706788729807577
2026-02-03 21:10:00,94,5.031766666666666,-13.176666666666668,4.5560857678006705
2026-02-03 22:10:00,94,4.732633333333333,-13.838333333333336,4.993373976603782
2026-02-03 23:10:00,94,4.899958333333333,-14.745,5.525905894218289
2026-02-04 00:10:00,95,4.777316666666667,-15.819999999999999,5.189719663615194
2026-02-04 01:10:00,95,5.92,-16.3,5.812296488464622
2026-02-04 02:10:00,95,4.273816666666667,-15.904166666666667,5.443586333864467
2026-02-04 03:10:00,95,5.566966666666666,-15.167499999999999,5.640713754789773
2026-02-04 04:10:00,95,5.152466666666665,-14.509166666666667,6.057479381118242
2026-02-04 05:10:00,95,5.53825,-13.500833333333333,5.291257592488197
2026-02-04 06:10:00,95,4.524566666666666,-13.079166666666666,5.527833980397531
2026-02-04 07:10:00,95,6.743549999999999,-12.134166666666667,5.510094596314698
2026-02-04 08:10:00,95,3.1017166666666665,-8.397499999999999,3.877333543985756
2026-02-04 09:10:00,95,4.1872,-5.423333333333333,4.2469639910914
2026-02-04 10:10:00,95,4.9078,-3.2933333333333334,4.2741815803191905
2026-02-04 11:10:00,95,10.017033333333334,-1.9783333333333335,4.362921881473924
2026-02-04 12:10:00,95,2.5349999999999997,-1.2116666666666667,4.064707883600867
2026-02-04 13:10:00,95,3.9345749999999993,-0.48500000000000004,3.072618873884818
2026-02-04 14:10:00,95,2.8322583333333333,-1.3708333333333336,3.2696952984632213
2026-02-04 15:10:00,95,4.032299999999999,-2.328333333333333,3.3526375576805822
2026-02-04 16:10:00,95,3.8780416666666664,-3.5316666666666667,4.064843329166512
2026-02-04 17:10:00,95,4.4027916666666655,-4.6675,4.474383101467987
2026-02-04 18:10:00,95,4.653783333333333,-5.81,4.022879020379332
2026-02-04 19:10:00,95,2.7803666666666667,-6.219166666666666,4.039605338951723
2026-02-04 20:10:00,95,6.280816666666666,-7.426666666666667,4.711444381751784
2026-02-04 21:10:00,95,5.677383333333332,-7.715833333333332,4.554522585558942
2026-02-04 22:10:00,95,4.38175,-8.375,4.346403437724081
2026-02-04 23:10:00,95,5.0763083333333325,-8.8375,4.328058749094293
2026-02-05 00:10:00,96,4.089875,-8.56,4.299029446281646
2026-02-05 01:10:00,96,4.514125,-8.795833333333334,4.661355521153794
2026-02-05 02:10:00,96,5.015325,-9.450000000000001,4.436199226524605
2026-02-05 03:10:00,96,4.341975,-10.44,4.693213158933087
2026-02-05 04:10:00,96,4.8755,-11.045833333333333,4.611359405480726
2026-02-05 05:10:00,96,4.527116666666666,-10.319166666666666,4.692799016403681
2026-02-05 06:10:00,96,5.209433333333333,-8.134166666666667,4.7677425702248755
2026-02-05 07:10:00,96,6.0376416666666675,-7.504166666666666,3.9755901922969334
2026-02-05 08:10:00,96,8.053908333333332,-6.8475,4.73250752826203
2026-02-05 09:10:00,96,4.2131,-5.995,4.567466825803698
2026-02-05 10:10:00,96,2.3606833333333337,-4.0225,3.7240127448703677
2026-02-05 11:10:00,96,3.533275,-3.7550000000000003,2.592541246847995
2026-02-05 12:10:00,96,3.8230500000000003,-3.2275000000000005,3.3621904560119766
2026-02-05 13:10:00,96,3.808958333333333,-4.0233333333333325,3.6424388687911886
2026-02-05 14:10:00,96,2.9879083333333334,-4.240833333333334,3.8459390770866886
2026-02-05 15:10:00,96,3.1927250000000003,-5.773333333333333,4.031289648152196
2026-02-05 16:10:00,96,5.292741666666666,-7.495833333333334,4.267509405684268
2026-02-05 17:10:00,96,5.429491666666666,-9.648333333333333,4.994973255921055
2026-02-05 18:10:00,96,4.475791666666666,-10.5425,4.354295669993878
2026-02-05 19:10:00,96,4.010758333333333,-11.478333333333333,5.34511685547633
2026-02-05 20:10:00,96,5.235766666666667,-12.63,5.534812422956631
2026-02-05 21:10:00,96,5.972641666666666,-13.209166666666668,4.4064829665128915
2026-02-05 22:10:00,96,3.8394333333333335,-15.597499999999997,4.350777139662576
2026-02-05 23:10:00,96,6.4378166666666665,-16.505,5.800579662298006
2026-02-06 00:10:00,97,6.14325,-17.14916666666667,5.478876945459781
2026-02-06 01:10:00,97,4.712083333333333,-18.400000000000002,5.432298382164544
2026-02-06 02:10:00,97,6.532916666666666,-20.14833333333333,5.987944940192512
2026-02-06 03:10:00,97,4.88765,-21.38083333333334,5.8472094306810245
2026-02-06 04:10:00,97,6.132366666666666,-22.37,6.637924173199961
2026-02-06 05:10:00,97,7.1023249999999996,-23.725833333333327,7.176349141331161
2026-02-06 06:10:00,97,7.189925000000001,-24.277500000000003,6.515303320536318
2026-02-06 07:10:00,97,6.827608333333333,-22.596666666666668,6.267226170404845
2026-02-06 08:10:00,97,6.005391666666666,-18.254166666666666,6.597828789277709
2026-02-06 09:10:00,97,6.780891666666666,-14.37,6.114219695674443
2026-02-06 10:10:00,97,4.5957333333333334,-10.44,5.291557825658339
2026-02-06 11:10:00,97,4.972391666666666,-8.958333333333334,4.875330366305196
2026-02-06 12:10:00,97,3.8430333333333326,-7.55,3.214545033766528
2026-02-06 13:10:00,97,4.237716666666667,-6.724166666666666,4.381143378875178
2026-02-06 14:10:00,97,4.038291666666667,-6.795833333333333,4.143089078923823
2026-02-06 15:10:00,97,5.697716666666666,-7.096666666666667,5.612432281916076
2026-02-06 16:10:00,97,4.749258333333333,-8.8925,4.436727925130537
2026-02-06 17:10:00,97,6.39655,-11.1725,5.402308607704507
2026-02-06 18:10:00,97,5.280924999999999,-13.230000000000002,4.892558893874483
2026-02-06 19:10:00,97,3.8703333333333334,-15.467500000000001,5.405591839056444
2026-02-06 20:10:00,97,5.47705,-17.673333333333332,5.843084925190629
2026-02-06 21:10:00,97,6.931591666666667,-18.361666666666668,6.549594232091268
2026-02-06 22:10:00,97,6.221141666666666,-19.254166666666666,6.056674906789563
2026-02-06 23:10:00,97,6.942733333333332,-19.898333333333333,6.045787017434765
2026-02-07 00:10:00,98,6.316633333333332,-20.463333333333335,6.295003105103196
2026-02-07 01:10:00,98,7.340699999999999,-19.570833333333333,6.081535725201743
2026-02-07 02:10:00,98,4.893466666666667,-18.5925,6.21714123900555
2026-02-07 03:10:00,98,5.976566666666667,-17.583333333333332,6.330070047138785
2026-02-07 04:10:00,98,7.15055,-17.221666666666668,6.027353547622088
2026-02-07 05:10:00,98,5.514608333333333,-17.124166666666667,5.907896158227635
2026-02-07 06:10:00,98,6.712816666666667,-16.429999999999996,6.479773014896715
2026-02-07 07:10:00,98,5.588741666666667,-15.8375,5.6953440266838395
2026-02-07 08:10:00,98,5.295841666666666,-11.934166666666664,5.351589113534021
2026-02-07 09:10:00,98,4.553575,-7.801666666666667,5.220401697416763
2026-02-07 10:10:00,98,5.4959999999999996,-5.377499999999999,4.356702866136173
2026-02-07 11:10:00,98,3.9089916666666666,-3.8183333333333334,3.8243590234921325
2026-02-07 12:10:00,98,2.4209916666666667,-2.886666666666667,2.8988661778637317
2026-02-07 13:10:00,98,2.8527750000000003,-3.4433333333333334,3.965667858232388
2026-02-07 14:10:00,98,4.776591666666667,-3.6675,4.056645161979104
2026-02-07 15:10:00,98,3.274558333333333,-4.659166666666667,3.559154204523001
2026-02-07 16:10:00,98,5.5191333333333334,-5.575,4.753925827313395
2026-02-07 17:10:00,98,4.7134,-6.1575,4.793055442921466
2026-02-07 18:10:00,98,5.041333333333333,-6.343333333333334,4.233202611021353
2026-02-07 19:10:00,98,4.605933333333333,-6.551666666666667,4.889794713121152
2026-02-07 20:10:00,98,4.732525,-6.612500000000001,4.129682239683355
2026-02-07 21:10:00,98,4.672008333333333,-6.704166666666667,4.437811542485776
2026-02-07 22:10:00,98,5.370024999999999,-7.300833333333333,5.072838153119419
2026-02-07 23:10:00,98,5.0168333333333335,-9.034166666666668,4.659838038338354
2026-02-08 00:10:00,99,4.410266666666666,-10.250833333333334,4.880556747372587
2026-02-08 01:10:00,99,6.562366666666668,-11.467500000000001,5.2195187497805895
2026-02-08 02:10:00,99,3.9907166666666662,-12.292499999999999,4.773621553712747
2026-02-08 03:10:00,99,6.29325,-12.735833333333332,5.668267796919727
2026-02-08 04:10:00,99,5.695808333333334,-13.379999999999997,5.667122717624849
2026-02-08 05:10:00,99,6.428033333333333,-13.94,5.417868503472145
2026-02-08 06:10:00,99,6.281024999999999,-14.235,5.9003614681535534
2026-02-08 07:10:00,99,6.152174999999999,-13.225833333333334,5.6927099596538895
2026-02-08 08:10:00,99,6.8280666666666665,-11.125,5.235755506257805
2026-02-08 09:10:00,99,4.829816666666667,-10.916666666666666,4.707629544803557
2026-02-08 10:10:00,99,5.577858333333333,-8.744166666666667,4.784989662274837
2026-02-08 11:10:00,99,3.2813749999999997,-7.146666666666667,3.3519672129284612
2026-02-08 12:10:00,99,3.284275,-5.7225,3.5189670603086967
2026-02-08 13:10:00,99,1.9743166666666663,-5.5058333333333325,2.874953498298444
2026-02-08 14:10:00,99,3.5473166666666662,-6.815,4.131132865664345
2026-02-08 15:10:00,99,3.934241666666667,-7.616666666666667,4.255951906914653
2026-02-08 16:10:00,99,5.028675,-9.135,5.421915683509303
2026-02-08 17:10:00,99,7.0060916666666655,-10.648333333333333,5.577217833511147
2026-02-08 18:10:00,99,3.8911083333333334,-12.217500000000001,4.965387172128302
2026-02-08 19:10:00,99,5.592416666666667,-13.648333333333333,5.192416748339833
2026-02-08 20:10:00,99,5.554199999999999,-14.574166666666665,5.065928709155552
2026-02-08 21:10:00,99,6.441683333333333,-14.862499999999999,6.313502313586975
2026-02-08 22:10:00,99,4.488758333333333,-15.023333333333332,6.513979307189816
2026-02-08 23:10:00,99,7.3570166666666665,-15.263333333333335,5.631601794667514
2026-02-09 00:10:00,100,5.740375,-15.574166666666665,6.578237379509989
2026-02-09 01:10:00,100,7.830858333333332,-15.834166666666667,7.75715011707695
2026-02-09 02:10:00,100,7.062083333333333,-16.0,7.928847554772588
2026-02-09 03:10:00,100,8.5881,-15.752500000000003,7.275641824929483
2026-02-09 04:10:00,100,7.335516666666665,-15.644166666666669,6.627364504895524
2026-02-09 05:10:00,100,8.451291666666666,-15.652499999999998,7.316888820915359
2026-02-09 06:10:00,100,7.430658333333334,-15.75,7.669517893284007
2026-02-09 07:10:00,100,7.982616666666666,-14.414999999999997,6.6664529676968165
2026-02-09 08:10:00,100,7.4561416666666664,-12.412500000000001,5.613605198888161
2026-02-09 09:10:00,100,6.686191666666667,-11.074166666666665,5.6057847782141925
2026-02-09 10:10:00,100,3.8258916666666667,-8.030833333333332,3.9518718650916886
2026-02-09 11:10:00,100,3.974491666666666,-5.573333333333334,3.981438920103023
2026-02-09 12:10:00,100,4.757225,-3.9291666666666667,3.446038607884999
2026-02-09 13:10:00,100,3.0265583333333335,-3.01,3.681450116088399
2026-02-09 14:10:00,100,3.1963666666666666,-3.9341666666666666,3.8210422596556093
2026-02-09 15:10:00,100,4.726391666666666,-4.420833333333333,4.498749931952473
2026-02-09 16:10:00,100,5.788649999999999,-5.2875000000000005,4.778102445167528
2026-02-09 17:10:00,100,5.906391666666666,-6.805,4.700764629590882
2026-02-09 18:10:00,100,4.083816666666666,-7.8374999999999995,4.250832945739022
2026-02-09 19:10:00,100,6.150416666666667,-8.62,4.737129168639158
2026-02-09 20:10:00,100,6.521133333333333,-9.209166666666667,4.7426066231834
2026-02-09 21:10:00,100,4.021575,-10.147499999999999,4.62192708205513
2026-02-09 22:10:00,100,6.234383333333333,-11.009166666666665,4.641094558405316
2026-02-09 23:10:00,100,5.374608333333334,-11.586666666666666,4.542119249459107
2026-02-10 00:10:00,101,5.263475000000001,-12.0,5.257682050887536
2026-02-10 01:10:00,101,5.963508333333333,-12.153333333333336,5.141572503760574
2026-02-10 02:10:00,101,5.19395,-12.44,5.126220528620287
2026-02-10 03:10:00,101,6.107549999999999,-13.148333333333332,5.618759239448435
2026-02-10 04:10:00,101,5.153999999999999,-13.5875,5.854390935398097
2026-02-10 05:10:00,101,6.985283333333332,-13.759166666666665,5.795668771537052
2026-02-10 06:10:00,101,7.384391666666668,-14.509166666666667,5.496526086865677
2026-02-10 07:10:00,101,5.470291666666666,-11.975833333333334,5.03133652775741
2026-02-10 08:10:00,101,5.067025,-9.156666666666666,4.341918704712122
2026-02-10 09:10:00,101,4.6526,-7.25,3.9931982299128785
2026-02-10 10:10:00,101,1.556158333333333,-3.9858333333333333,2.554907109679952
2026-02-10 11:10:00,101,2.760491666666666,-1.5241666666666667,2.4319527857442154
2026-02-10 12:10:00,101,2.053983333333333,0.19833333333333333,1.752224380066902
2026-02-10 13:10:00,101,1.6712833333333335,1.7924999999999998,2.694411139944332
2026-02-10 14:10:00,101,2.656133333333333,0.6016666666666666,3.6404217220664563
2026-02-10 15:10:00,101,3.558116666666667,-1.5741666666666667,3.747881960365314
2026-02-10 16:10:00,101,3.8117583333333336,-3.940833333333334,3.7732084255640634
2026-02-10 17:10:00,101,4.735925,-5.413333333333334,4.384320686044757
2026-02-10 18:10:00,101,2.918625,-6.125,3.51669004982362
2026-02-10 19:10:00,101,4.471191666666667,-7.333333333333333,4.003915630535372
2026-02-10 20:10:00,101,4.649849999999999,-7.915833333333333,4.4331987752170425
2026-02-10 21:10:00,101,4.491783333333333,-7.473333333333333,4.607109658100054
2026-02-10 22:10:00,101,4.819341666666666,-6.916666666666667,4.5989093847179365
2026-02-10 23:10:00,101,4.0992,-6.0008333333333335,4.770849153595461
2026-02-11 00:10:00,102,4.002841666666667,-5.711666666666666,4.105525439000478
2026-02-11 01:10:00,102,5.088966666666666,-5.715833333333332,4.67386813074077
2026-02-11 02:10:00,102,3.886183333333333,-5.559166666666666,4.309163128425901
2026-02-11 03:10:00,102,4.305225,-5.360833333333333,4.581356770237074
2026-02-11 04:10:00,102,2.8387249999999997,-5.1475,3.90016773201772
2026-02-11 05:10:00,102,5.4397166666666665,-5.206666666666666,4.550255335300263
2026-02-11 06:10:00,102,3.393499999999999,-5.148333333333333,4.247273923773212
2026-02-11 07:10:00,102,4.39445,-4.709166666666667,4.180102015566634
2026-02-11 08:10:00,102,3.464166666666666,-3.6341666666666668,4.117916553592074
2026-02-11 09:10:00,102,3.790083333333333,-2.796666666666667,3.973420689362037
2026-02-11 10:10:00,102,4.120566666666667,-2.328333333333333,3.759195968943681
2026-02-11 11:10:00,102,2.7932666666666663,-1.6875,3.5266422873675967
2026-02-11 12:10:00,102,3.419583333333333,-1.5691666666666668,3.3087244149567394
2026-02-11 13:10:00,102,2.6949666666666663,-0.685,3.6490687607070247
2026-02-11 14:10:00,102,4.0402249999999995,-0.24083333333333332,3.738828663905469
2026-02-11 15:10:00,102,2.838883333333333,-1.2258333333333333,3.3680561511448435
2026-02-11 16:10:00,102,2.4920833333333334,-2.3741666666666665,3.7945278009869603
2026-02-11 17:10:00,102,2.6146416666666665,-2.8200000000000003,3.5267871850226875
2026-02-11 18:10:00,102,2.6131916666666664,-3.0833333333333335,3.303455070289896
2026-02-11 19:10:00,102,4.02085,-3.6758333333333333,3.4992180648484075
2026-02-11 20:10:00,102,3.559808333333333,-3.615,4.2795545356561675
2026-02-11 21:10:00,102,4.379191666666666,-3.519166666666667,4.605092323679956
2026-02-11 22:10:00,102,4.300241666666666,-4.254166666666667,4.177848236074701
2026-02-11 23:10:00,102,5.213866666666666,-4.088333333333334,4.569160380652551
2026-02-12 00:10:00,103,3.4760833333333334,-3.75,3.445352779941692
2026-02-12 01:10:00,103,3.852383333333333,-3.7449999999999997,3.9865279087109156
2026-02-12 02:10:00,103,3.958766666666666,-3.735,4.479460664850994
2026-02-12 03:10:00,103,3.842624999999999,-3.7750000000000004,3.978842972566081
2026-02-12 04:10:00,103,4.085991666666666,-3.856666666666666,4.30709046569558
2026-02-12 05:10:00,103,3.7427083333333333,-3.89,3.7346227253922466
2026-02-12 06:10:00,103,5.392691666666667,-3.894166666666667,4.372765108567584
2026-02-12 07:10:00,103,3.388433333333333,-3.560833333333333,3.3597266145992775
2026-02-12 08:10:00,103,3.4083916666666663,-1.9900000000000002,3.2598894394324907
2026-02-12 09:10:00,103,3.419625,-1.1849999999999998,3.5626962175777703
2026-02-12 10:10:00,103,1.4337333333333333,-0.4025,2.9300559390248804
2026-02-12 11:10:00,103,3.152833333333333,-0.2908333333333334,3.0246077022049023
2026-02-12 12:10:00,103,2.9487083333333333,0.39916666666666667,2.885524905557063
2026-02-12 13:10:00,103,2.233033333333333,-0.6391666666666667,2.9077056945151503
2026-02-12 14:10:00,103,2.2988833333333334,-1.1341666666666668,3.309062691788572
2026-02-12 15:10:00,103,4.103141666666667,-1.8291666666666664,3.900482239288558
2026-02-12 16:10:00,103,3.393816666666666,-3.0833333333333335,3.8764040042369254
2026-02-12 17:10:00,103,4.805408333333333,-3.9125,4.387778534694539
2026-02-12 18:10:00,103,2.289191666666667,-4.508333333333333,3.879299313111991
2026-02-12 19:10:00,103,3.6601166666666667,-5.245,3.8903151422424616
2026-02-12 20:10:00,103,3.8564249999999998,-6.1625000000000005,3.9715002031163955
2026-02-12 21:10:00,103,4.087733333333333,-7.1308333333333325,4.7458184701557435
2026-02-12 22:10:00,103,3.9080333333333335,-7.875,4.452060057979604
2026-02-12 23:10:00,103,3.4459083333333327,-8.588333333333333,3.939807633414571
2026-02-13 00:10:00,104,4.807041666666667,-9.2925,4.9282353492969655
2026-02-13 01:10:00,104,5.531616666666667,-9.943333333333333,5.5363479364936925
2026-02-13 02:10:00,104,4.836916666666666,-9.351666666666667,4.850326956809327
2026-02-13 03:10:00,104,5.4183916666666665,-10.352500000000001,5.185420872767233
2026-02-13 04:10:00,104,5.3233500000000005,-10.906666666666666,4.874401150780842
2026-02-13 05:10:00,104,4.803108333333332,-11.838333333333333,5.159686280554746
2026-02-13 06:10:00,104,4.9913333333333325,-12.885,5.25611156544886
2026-02-13 07:10:00,104,5.628025,-10.674999999999999,4.729033205272495
2026-02-13 08:10:00,104,5.348916666666666,-7.546666666666667,5.23712013813814
2026-02-13 09:10:00,104,5.548291666666665,-5.995,4.277845002650942
2026-02-13 10:10:00,104,2.155866666666667,-4.021666666666667,3.8046380792613035
2026-02-13 11:10:00,104,0.8782333333333332,-2.19,2.5293097907031292
2026-02-13 12:10:00,104,2.490241666666667,-1.4016666666666666,3.3767562221370384
2026-02-13 13:10:00,104,0.8633083333333333,-0.2166666666666667,2.314801412945206
2026-02-13 14:10:00,104,1.7560833333333332,-0.9108333333333333,2.8150638328133804
2026-02-13 15:10:00,104,2.283541666666667,-2.286666666666666,2.2995972692223767
2026-02-13 16:10:00,104,3.2109916666666667,-3.333333333333334,3.407473430149823
2026-02-13 17:10:00,104,3.9592249999999996,-4.573333333333333,4.163326471673601
2026-02-13 18:10:00,104,3.5432,-5.7825,3.8069544897963663
2026-02-13 19:10:00,104,3.5524916666666666,-6.918333333333334,3.6374041093049803
2026-02-13 20:10:00,104,3.1354249999999992,-7.908333333333334,4.308422326619089
2026-02-13 21:10:00,104,5.654425000000001,-8.189166666666667,4.870670701708352
2026-02-13 22:10:00,104,7.068083333333333,-8.036666666666667,4.278604131208023
2026-02-13 23:10:00,104,4.612166666666666,-8.574166666666667,4.8654532696967205
2026-02-14 00:10:00,105,6.328891666666666,-7.903333333333333,5.298553807295047
2026-02-14 01:10:00,105,4.150016666666667,-7.781666666666667,4.5620246080910665
2026-02-14 02:10:00,105,5.836574999999999,-8.624166666666666,5.166096909733877
2026-02-14 03:10:00,105,5.798858333333334,-9.8425,4.667183417829202
2026-02-14 04:10:00,105,5.0464,-10.513333333333334,5.056265362567085
2026-02-14 05:10:00,105,4.672883333333334,-12.676666666666668,5.403684933635475
2026-02-14 06:10:00,105,6.269675,-14.564166666666665,5.359691632276929
2026-02-14 07:10:00,105,4.5353916666666665,-10.929166666666667,4.678587473276703
2026-02-14 08:10:00,105,5.6489,-5.240833333333334,4.927085964213829
2026-02-14 09:10:00,105,3.408208333333333,-3.8466666666666662,3.805870548794063
2026-02-14 10:10:00,105,3.290058333333333,-1.241666666666667,3.371660561472578
2026-02-14 11:10:00,105,1.9425833333333333,-0.2866666666666667,2.3273295919629486
2026-02-14 12:10:00,105,3.1104083333333334,-0.023333333333333307,2.879648224547624
2026-02-14 13:10:00,105,2.9581166666666667,-0.08416666666666668,3.193977099816051
2026-02-14 14:10:00,105,2.940941666666667,-0.7083333333333334,3.681633710255553
2026-02-14 15:10:00,105,3.2429499999999996,-1.5550000000000004,3.6457032141161068
2026-02-14 16:10:00,105,3.54685,-2.8624999999999994,3.989135911729516
2026-02-14 17:10:00,105,3.1203833333333333,-3.2225,4.085289660859727
2026-02-14 18:10:00,105,3.7694666666666663,-3.0283333333333338,4.238240567033673
2026-02-14 19:10:00,105,4.77515,-3.5283333333333338,3.719883245368366
2026-02-14 20:10:00,105,2.3582083333333332,-4.101666666666667,3.148279798850983
2026-02-14 21:10:00,105,3.59705,-5.338333333333334,2.8874836611591292
2026-02-14 22:10:00,105,4.429058333333334,-5.829166666666667,4.000300565189003
2026-02-14 23:10:00,105,4.738133333333334,-6.550833333333333,4.776022617282211
2026-02-15 00:10:00,106,4.7189,-7.1725,4.620411339830978
2026-02-15 01:10:00,106,4.985925,-8.2325,4.319639545400905
2026-02-15 02:10:00,106,5.294216666666666,-9.773333333333333,4.494556043175428
2026-02-15 03:10:00,106,4.354283333333333,-11.134166666666667,3.8408238238248287
2026-02-15 04:10:00,106,4.454908333333333,-12.291666666666666,4.954692213320782
2026-02-15 05:10:00,106,4.80315,-12.834166666666668,5.104422413456086
2026-02-15 06:10:00,106,5.96435,-13.245833333333335,5.177347316936062
2026-02-15 07:10:00,106,4.855591666666665,-11.481666666666667,4.987970920181195
2026-02-15 08:10:00,106,3.8735166666666667,-8.574166666666667,4.634711885338201
2026-02-15 09:10:00,106,5.555183333333333,-7.023333333333333,4.883364672735612
2026-02-15 10:10:00,106,2.621766666666667,-4.676666666666667,3.2469274417144884
2026-02-15 11:10:00,106,2.4191916666666664,-2.9858333333333325,2.658679281762145
2026-02-15 12:10:00,106,0.9313333333333333,-0.45,1.3126600903782784
2026-02-15 13:10:00,106,1.6431749999999998,0.4208333333333334,2.3411127665446525
2026-02-15 14:10:00,106,0.8707250000000001,0.4083333333333332,2.1937577004208
2026-02-15 15:10:00,106,3.7911916666666667,-1.7966666666666669,3.441758971265199
2026-02-15 16:10:00,106,3.6035166666666663,-3.5283333333333338,3.7428111296757427
2026-02-15 17:10:00,106,4.561374999999999,-5.235833333333333,4.177828728336716
2026-02-15 18:10:00,106,4.726599999999999,-6.6575,3.8722182922823762
2026-02-15 19:10:00,106,3.528083333333333,-8.370833333333334,3.8638040390252564
2026-02-15 20:10:00,106,3.814216666666666,-9.852500000000001,3.943328348491413
2026-02-15 21:10:00,106,4.490591666666666,-10.9675,3.974733690729148
2026-02-15 22:10:00,106,4.837375,-12.09666666666667,5.076579679045983
2026-02-15 23:10:00,106,5.064691666666666,-13.615000000000002,5.063071606634667
2026-02-16 00:10:00,107,6.229541666666666,-14.795833333333334,5.54783966609183
2026-02-16 01:10:00,107,4.132216666666666,-15.348333333333334,4.361666292354602
2026-02-16 02:10:00,107,4.8140583333333336,-16.45,5.771940916372204
2026-02-16 03:10:00,107,6.177225,-17.115,5.656678047870057
2026-02-16 04:10:00,107,4.771858333333332,-17.629166666666666,5.445850126577572
2026-02-16 05:10:00,107,5.532750000000001,-17.263333333333335,5.82606948577756
2026-02-16 06:10:00,107,4.955708333333334,-16.7225,6.350540581606682
2026-02-16 07:10:00,107,6.412066666666668,-14.06916666666667,6.026939830119074
2026-02-16 08:10:00,107,4.485216666666666,-8.456666666666665,4.542102459546984
2026-02-16 09:10:00,107,4.061441666666667,-4.9675,4.567640975540568
2026-02-16 10:10:00,107,1.3382916666666667,-1.2691666666666668,2.947684561101284
2026-02-16 11:10:00,107,2.3721916666666667,1.1666666666666665,2.6493620329946532
2026-02-16 12:10:00,107,1.1329416666666665,3.0041666666666664,1.4717035643198908
2026-02-16 13:10:00,107,1.8876333333333335,3.7716666666666665,2.0448490197883156
2026-02-16 14:10:00,107,2.125658333333333,3.2083333333333335,3.122643723909113
2026-02-16 15:10:00,107,3.0984000000000003,2.0508333333333333,3.3358040796657793
2026-02-16 16:10:00,107,3.736508333333333,-0.48583333333333334,3.6848644636812855
2026-02-16 17:10:00,107,3.3362916666666673,-3.2925,3.252181583899044
2026-02-16 18:10:00,107,3.3715999999999995,-4.889166666666667,3.9876570487732472
2026-02-16 19:10:00,107,3.708833333333333,-6.560833333333334,4.464249973378646
2026-02-16 20:10:00,107,4.528908333333333,-7.570833333333333,4.003677476805585
2026-02-16 21:10:00,107,2.9629833333333333,-8.829166666666667,3.4544198182356585
2026-02-16 22:10:00,107,4.922999999999999,-9.850833333333332,4.599473276868971
2026-02-16 23:10:00,107,4.769433333333334,-10.601666666666667,5.02232320074287
2026-02-17 00:10:00,108,3.6829416666666663,-10.4675,4.406501544535472
2026-02-17 01:10:00,108,4.254583333333334,-10.602500000000001,5.232383763461495
2026-02-17 02:10:00,108,4.546166666666666,-10.063333333333333,5.838271248941217
2026-02-17 03:10:00,108,5.907524999999999,-9.721666666666666,5.744476040060095
2026-02-17 04:10:00,108,4.682358333333333,-9.64,4.636359867818286
2026-02-17 05:10:00,108,3.628058333333333,-10.926666666666668,4.9066254199797905
2026-02-17 06:10:00,108,5.156624999999999,-11.991666666666667,5.1557977051603
2026-02-17 07:10:00,108,4.865041666666666,-9.246666666666668,5.340678134564687
2026-02-17 08:10:00,108,3.8354833333333334,-4.084166666666667,3.6947481418474215
2026-02-17 09:10:00,108,3.775058333333333,-0.7866666666666666,3.3288831292931493
2026-02-17 10:10:00,108,1.3350416666666667,1.25,1.5906357897252525
2026-02-17 11:10:00,108,2.208241666666667,2.9675,1.5442318865885334
2026-02-17 12:10:00,108,1.5570583333333334,2.5641666666666665,1.7222252171852452
2026-02-17 13:10:00,108,3.3152333333333335,1.8200000000000003,2.762635185328482
2026-02-17 14:10:00,108,3.3912166666666663,1.7358333333333331,3.8248391090096128
2026-02-17 15:10:00,108,3.5274333333333328,1.6066666666666671,3.2905265383848485
2026-02-17 16:10:00,108,3.5682333333333336,1.1300000000000001,3.682975544678262
2026-02-17 17:10:00,108,3.8901416666666675,0.42999999999999994,3.021347858939669
2026-02-17 18:10:00,108,2.90945,0.1575,3.1101080744624636
2026-02-17 19:10:00,108,2.692508333333333,0.21666666666666667,2.9193640583632554
2026-02-17 20:10:00,108,2.5758083333333333,0.6858333333333332,3.406912092538229
2026-02-17 21:10:00,108,3.3541166666666666,0.07833333333333332,3.597451843873716
2026-02-17 22:10:00,108,4.232725,0.12083333333333336,3.9472171450806948
2026-02-17 23:10:00,108,4.218641666666667,-0.036666666666666674,4.079088093681171
2026-02-18 00:10:00,109,2.8635333333333333,-0.9900000000000001,3.394364319063751
2026-02-18 01:10:00,109,4.284833333333333,-3.0875,3.9562064872207108
2026-02-18 02:10:00,109,3.4199166666666665,-2.9525,4.223592033307435
2026-02-18 03:10:00,109,4.08295,-2.5041666666666664,3.752686143033687
2026-02-18 04:10:00,109,3.5602166666666664,-1.4016666666666666,3.5797649780393126
2026-02-18 05:10:00,109,4.340224999999999,-2.1658333333333335,3.799700723625108
2026-02-18 06:10:00,109,3.7146083333333326,-2.4766666666666666,3.631381468706783
2026-02-18 07:10:00,109,4.235025000000001,-1.8991666666666667,3.84914179743945
2026-02-18 08:10:00,109,2.453958333333333,-0.07833333333333344,2.540723797821067
2026-02-18 09:10:00,109,4.392233333333333,0.7308333333333333,2.4791646427816567
2026-02-18 10:10:00,109,1.0196,1.9308333333333332,1.3792129224458174
2026-02-18 11:10:00,109,0.0,2.1675,0.3253387193427552
2026-02-18 12:10:00,109,1.328825,3.388333333333333,0.08925840727188789
2026-02-18 13:10:00,109,1.1105333333333334,3.5033333333333334,1.3143778738244702
2026-02-18 14:10:00,109,2.2629916666666667,1.8808333333333334,2.3399888818344774
2026-02-18 15:10:00,109,2.9158416666666667,0.7391666666666666,2.9241007639966305
2026-02-18 16:10:00,109,3.3009583333333334,-0.9899999999999999,3.351759735766973
2026-02-18 17:10:00,109,3.6543916666666663,-2.4208333333333334,3.546100581817158
2026-02-18 18:10:00,109,3.485908333333333,-2.894166666666667,3.954157048119429
2026-02-18 19:10:00,109,3.558225,-3.3850000000000002,3.9374723702785523
2026-02-18 20:10:00,109,5.818633333333333,-3.9683333333333333,4.024116912650507
2026-02-18 21:10:00,109,3.3752749999999994,-4.639166666666667,3.8719743425268724
2026-02-18 22:10:00,109,5.187591666666666,-5.453333333333333,3.6972919916590143
2026-02-18 23:10:00,109,3.7020833333333334,-5.949166666666667,3.439506045236321
2026-02-19 00:10:00,110,3.8143083333333334,-6.565,4.169170717358679
2026-02-19 01:10:00,110,4.988949999999999,-5.788333333333334,4.279367934496589
2026-02-19 02:10:00,110,3.586333333333333,-7.199999999999999,4.2461778371514
2026-02-19 03:10:00,110,4.2778833333333335,-8.083333333333334,4.121484215415468
2026-02-19 04:10:00,110,5.8576999999999995,-8.934166666666666,4.776234535425833
2026-02-19 05:10:00,110,4.109291666666667,-11.209166666666667,5.0730094386870555
2026-02-19 06:10:00,110,5.8652,-12.815,5.206922510089889
2026-02-19 07:10:00,110,4.160191666666667,-8.495833333333334,4.3626903904190355
2026-02-19 08:10:00,110,4.568575,-4.2825,3.70765586325375
2026-02-19 09:10:00,110,3.9715,-2.9266666666666663,3.1621634600257624
2026-02-19 10:10:00,110,1.1893833333333332,-0.5408333333333334,2.5198847312778474
2026-02-19 11:10:00,110,1.1324333333333332,0.75,1.1648292815436403
2026-02-19 12:10:00,110,1.853375,2.0083333333333333,2.442990980510227
2026-02-19 13:10:00,110,2.35565,2.8008333333333333,2.62391840782001
2026-02-19 14:10:00,110,2.221375,2.3558333333333334,2.440820473095464
2026-02-19 15:10:00,110,2.9995333333333334,1.1583333333333332,3.3637386343244593
2026-02-19 16:10:00,110,2.1479166666666667,-0.6241666666666666,3.566965952701848
2026-02-19 17:10:00,110,1.054425,-2.991666666666667,1.9498559732482992
2026-02-19 18:10:00,110,3.4331750000000003,-4.163333333333333,2.8881116718811577
2026-02-19 19:10:00,110,2.3044833333333337,-5.758333333333333,3.1183111000645747
2026-02-19 20:10:00,110,4.399,-7.490833333333334,4.304139042001141
2026-02-19 21:10:00,110,3.7301750000000005,-8.943333333333333,4.196227578656407
2026-02-19 22:10:00,110,3.6958333333333333,-10.44,3.437136950680668
2026-02-19 23:10:00,110,3.7984999999999998,-11.759166666666667,4.4485743680057945
2026-02-20 00:10:00,111,4.618658333333333,-12.655833333333334,4.404432575423162
2026-02-20 01:10:00,111,4.008783333333334,-13.455,4.024651692323074
2026-02-20 02:10:00,111,3.3808166666666666,-14.420833333333334,5.189525250859668
2026-02-20 03:10:00,111,4.480975,-15.180833333333332,5.138507381120647
2026-02-20 04:10:00,111,5.500808333333333,-16.055833333333336,5.416439723225011
2026-02-20 05:10:00,111,4.1214916666666666,-16.838333333333335,5.229550337624527
2026-02-20 06:10:00,111,4.365975000000001,-16.731666666666666,5.879115088926809
2026-02-20 07:10:00,111,4.901008333333333,-12.486666666666666,5.779369153746508
2026-02-20 08:10:00,111,5.86025,-6.088333333333334,4.4622518090129
2026-02-20 09:10:00,111,2.899316666666667,-3.5825,3.0135630107592455
2026-02-20 10:10:00,111,2.441125,-1.43,2.892770821116026
2026-02-20 11:10:00,111,1.4330833333333333,-0.18999999999999997,1.5070508694245688
2026-02-20 12:10:00,111,1.4623583333333332,0.8458333333333332,1.4924063081121086
2026-02-20 13:10:00,111,3.8984749999999995,1.2916666666666667,2.667942270128181
2026-02-20 14:10:00,111,1.9332166666666666,1.0358333333333332,1.4083976300971246
2026-02-20 15:10:00,111,2.209533333333334,0.02416666666666668,2.111027883399522
2026-02-20 16:10:00,111,3.7489833333333333,-1.4908333333333335,3.5231844960009724
2026-02-20 17:10:00,111,4.07095,-2.670833333333334,3.2169969931668154
2026-02-20 18:10:00,111,3.1342749999999997,-3.5833333333333326,3.8540926226201018
2026-02-20 19:10:00,111,3.7984166666666663,-4.480833333333333,3.386775779861235
2026-02-20 20:10:00,111,2.248091666666667,-5.357500000000001,3.207146600642019
2026-02-20 21:10:00,111,5.224983333333332,-6.041666666666667,4.095144515396942
2026-02-20 22:10:00,111,5.673283333333333,-7.0375000000000005,5.016990124289373
2026-02-20 23:10:00,111,4.1269,-8.021666666666667,3.9813309522800933
2026-02-21 00:10:00,112,4.469391666666667,-9.056666666666667,4.56799946526975
2026-02-21 01:10:00,112,5.81315,-9.865833333333333,4.303331774088439
2026-02-21 02:10:00,112,3.5155416666666666,-10.604999999999999,4.697887138193505
2026-02-21 03:10:00,112,5.508308333333333,-11.19,5.177009754424618
2026-02-21 04:10:00,112,5.618566666666667,-11.578333333333333,4.930354817829876
2026-02-21 05:10:00,112,3.6036666666666672,-12.971666666666666,4.536078802688665
2026-02-21 06:10:00,112,5.9035666666666655,-13.7725,5.542249412778627
2026-02-21 07:10:00,112,4.7532749999999995,-10.625,5.3316482566386405
2026-02-21 08:10:00,112,5.77805,-8.370833333333334,4.328886333030972
2026-02-21 09:10:00,112,3.453708333333333,-7.075,3.4395448171473677
2026-02-21 10:10:00,112,2.83605,-4.1258333333333335,2.9013400505145914
2026-02-21 11:10:00,112,0.0,-3.689166666666667,1.7199131697437031
2026-02-21 12:10:00,112,1.9207416666666668,-2.608333333333334,0.7013606670029847
2026-02-21 13:10:00,112,2.404816666666667,-0.9058333333333333,1.2198547010023502
2026-02-21 14:10:00,112,1.076125,-0.49499999999999994,2.4022657390971203
2026-02-21 15:10:00,112,2.240158333333333,-1.63,3.3994028226833475
2026-02-21 16:10:00,112,2.8714999999999997,-2.9250000000000003,4.170478936168062
2026-02-21 17:10:00,112,2.891641666666666,-4.546666666666667,4.248721557402172
2026-02-21 18:10:00,112,3.1608499999999995,-6.009999999999999,4.785745124394062
2026-02-21 19:10:00,112,4.316841666666666,-7.584166666666667,4.208921978778343
2026-02-21 20:10:00,112,3.470366666666666,-8.6075,4.016491571989134
2026-02-21 21:10:00,112,2.999533333333333,-9.615,3.921611050427707
2026-02-21 22:10:00,112,4.633158333333332,-10.365,4.201532127633207
2026-02-21 23:10:00,112,3.3532583333333337,-11.399166666666668,4.4860138065052615
2026-02-22 00:10:00,113,5.909275,-11.935,5.930378102970773
2026-02-22 01:10:00,113,5.918991666666666,-12.547500000000001,5.655342339236768
2026-02-22 02:10:00,113,4.96185,-13.221666666666666,4.661744576527742
2026-02-22 03:10:00,113,4.640583333333333,-14.5375,5.388019548117811
2026-02-22 04:10:00,113,5.4911166666666675,-15.39,5.938417999802102
2026-02-22 05:10:00,113,5.623383333333332,-15.94,6.087871236109585
2026-02-22 06:10:00,113,5.138233333333333,-15.443333333333333,5.781943911405139
2026-02-22 07:10:00,113,6.0282083333333345,-11.550833333333332,5.444468024435455
2026-02-22 08:10:00,113,3.7298500000000003,-5.1775,4.441620936660387
2026-02-22 09:10:00,113,5.5483,-2.254166666666667,4.388772755343729
2026-02-22 10:10:00,113,0.9204083333333334,0.365,2.4946032123928843
2026-02-22 11:10:00,113,1.8377833333333333,1.4658333333333335,0.9606085963124296
2026-02-22 12:10:00,113,0.9407166666666666,2.9825,0.607182175319302
2026-02-22 13:10:00,113,0.9513333333333333,3.3674999999999997,0.7328958192513993
2026-02-22 14:10:00,113,0.9226249999999999,2.815,1.826044357309153
2026-02-22 15:10:00,113,1.8183833333333328,1.7258333333333333,2.9172849548859707
2026-02-22 16:10:00,113,2.9546250000000005,0.03750000000000007,3.3484740967191415
2026-02-22 17:10:00,113,4.878333333333333,-3.045833333333333,3.8320941276419243
2026-02-22 18:10:00,113,3.1245583333333338,-4.389166666666667,3.8279480755892585
2026-02-22 19:10:00,113,4.198625,-5.694166666666667,4.046058035189078
2026-02-22 20:10:00,113,4.663041666666667,-6.773333333333333,3.3982051356109064
2026-02-22 21:10:00,113,3.2762416666666665,-7.555833333333333,3.9608285853688905
2026-02-22 22:10:00,113,4.4319083333333325,-8.463333333333333,4.258127782086211
2026-02-22 23:10:00,113,4.582725,-9.5325,4.430401354998115
2026-02-23 00:10:00,114,2.9816749999999996,-9.93,4.33720435553011
2026-02-23 01:10:00,114,4.803850000000001,-10.133333333333333,4.8870700640306755
2026-02-23 02:10:00,114,4.0005749999999995,-10.1525,4.589446791145196
2026-02-23 03:10:00,114,4.278091666666667,-9.11,5.240125353120908
2026-02-23 04:10:00,114,5.099975,-8.435,5.030554343044154
2026-02-23 05:10:00,114,3.9041416666666664,-8.694166666666666,4.671331549693948
2026-02-23 06:10:00,114,4.361549999999999,-8.291666666666666,4.9059651183320625
2026-02-23 07:10:00,114,4.233258333333333,-7.458333333333333,4.157274714426299
2026-02-23 08:10:00,114,4.561033333333333,-6.7075,4.744750995777317
2026-02-23 09:10:00,114,3.9620249999999997,-6.084166666666667,4.422419369831614
2026-02-23 10:10:00,114,5.2141,-5.514166666666667,4.019104577846224
2026-02-23 11:10:00,114,2.528766666666667,-5.538333333333333,3.264796627139686
2026-02-23 12:10:00,114,4.327641666666667,-5.2491666666666665,4.6736992898696315
2026-02-23 13:10:00,114,4.127199999999999,-5.015,5.20901994343914
2026-02-23 14:10:00,114,4.8709,-4.744166666666666,4.781582251942991
2026-02-23 15:10:00,114,4.74405,-4.5975,4.418800938165338
2026-02-23 16:10:00,114,5.646191666666667,-4.9941666666666675,5.181089878975536
2026-02-23 17:10:00,114,4.207883333333332,-5.38,4.3249289267864865
2026-02-23 18:10:00,114,3.563875,-5.605833333333333,3.858580093331929
2026-02-23 19:10:00,114,1.9623000000000002,-5.730833333333333,3.5894730091363414
2026-02-23 20:10:00,114,4.6324250000000005,-5.639166666666667,3.4055365409593827
2026-02-23 21:10:00,114,2.768825,-5.555833333333333,3.9650436123082304
2026-02-23 22:10:00,114,4.255566666666666,-5.698333333333333,4.867142612338105
2026-02-23 23:10:00,114,4.769491666666666,-5.7316666666666665,4.713151108507373
2026-02-24 00:10:00,115,5.274575,-5.801666666666667,4.7165145151713705
2026-02-24 01:10:00,115,5.0115083333333335,-5.6258333333333335,4.037757563040202
2026-02-24 02:10:00,115,3.2485166666666663,-5.5325,4.31647885658802
2026-02-24 03:10:00,115,5.192383333333333,-5.685,4.471725920728947
2026-02-24 04:10:00,115,4.5633333333333335,-5.926666666666667,4.3664967341620375
2026-02-24 05:10:00,115,4.762416666666667,-6.32,4.326962476229192
2026-02-24 06:10:00,115,4.077716666666666,-6.394166666666667,4.08296334696106
2026-02-24 07:10:00,115,4.965366666666666,-5.865000000000001,3.8599528123753606
2026-02-24 08:10:00,115,4.175291666666667,-3.4683333333333333,2.5963392557044465
2026-02-24 09:10:00,115,2.6397749999999998,-2.579166666666667,2.483140390494003
2026-02-24 10:10:00,115,3.6017666666666663,-2.3000000000000003,2.309204498120727
2026-02-24 11:10:00,115,2.186625,-2.5216666666666665,2.6224964048858967
2026-02-24 12:10:00,115,4.1453500000000005,-1.1725,2.2759466257478516
2026-02-24 13:10:00,115,2.444933333333333,-1.4991666666666668,2.5585161131761973
2026-02-24 14:10:00,115,2.5811333333333333,-2.033333333333333,2.520095682692366
2026-02-24 15:10:00,115,4.4162583333333325,-3.1075,3.1639099313427512
2026-02-24 16:10:00,115,3.419083333333333,-4.260833333333334,3.134799299870187
2026-02-24 17:10:00,115,4.210333333333333,-5.6575,4.216016153138607
2026-02-24 18:10:00,115,4.070566666666667,-7.148333333333333,3.4626470073916598
2026-02-24 19:10:00,115,2.3103499999999997,-8.393333333333333,3.8370200234289276
2026-02-24 20:10:00,115,5.878549999999999,-9.490833333333333,4.657554259510052
2026-02-24 21:10:00,115,5.970433333333333,-10.430833333333334,5.08739747626132
2026-02-24 22:10:00,115,6.056508333333333,-11.375,4.837443497507103
2026-02-24 23:10:00,115,5.103291666666666,-11.725833333333332,5.064643812651692
2026-02-25 00:10:00,116,5.8069749999999996,-12.849166666666667,5.75292465828927
2026-02-25 01:10:00,116,6.675566666666666,-14.16666666666667,4.910863280520554
2026-02-25 02:10:00,116,4.010716666666667,-14.906666666666666,4.972506294619672
2026-02-25 03:10:00,116,4.681274999999999,-15.055000000000001,5.270452272168473
2026-02-25 04:10:00,116,6.4791,-16.213333333333335,5.782270331616947
2026-02-25 05:10:00,116,4.789516666666667,-16.828333333333333,5.702832209562377
2026-02-25 06:10:00,116,6.508716666666667,-15.675833333333332,6.028435974693123
2026-02-25 07:10:00,116,5.201491666666667,-13.389166666666668,5.686436550378989
2026-02-25 08:10:00,116,7.16495,-11.38,5.651703096572639
2026-02-25 09:10:00,116,6.1786166666666675,-10.231666666666667,4.873156696723565
2026-02-25 10:10:00,116,3.817866666666666,-9.5925,3.579842735395435
2026-02-25 11:10:00,116,4.573716666666666,-8.7075,4.695956251004016
2026-02-25 12:10:00,116,4.801525,-6.8425,4.2332796139089055
2026-02-25 13:10:00,116,3.8683916666666662,-5.269166666666667,4.524783316468771
2026-02-25 14:10:00,116,3.6267333333333327,-4.865833333333334,3.861339409315349
2026-02-25 15:10:00,116,4.211158333333333,-4.88,4.320049302836999
2026-02-25 16:10:00,116,3.504341666666667,-5.1625000000000005,4.3774323701459625
2026-02-25 17:10:00,116,5.568091666666667,-5.411666666666666,4.228621578601647
2026-02-25 18:10:00,116,3.085008333333333,-5.420833333333333,3.9126385686240726
2026-02-25 19:10:00,116,2.9318666666666666,-5.39,3.83678358660658
2026-02-25 20:10:00,116,3.8138916666666662,-5.39,3.789062044229123
2026-02-25 21:10:00,116,2.4603916666666668,-5.524166666666666,3.7122281354893825
2026-02-25 22:10:00,116,4.019916666666667,-6.885833333333334,4.0652485453543505
2026-02-25 23:10:00,116,3.7977999999999996,-7.801666666666667,4.521403212240617
2026-02-26 00:10:00,117,5.52055,-8.088333333333333,5.164511169587602
2026-02-26 01:10:00,117,4.586516666666666,-7.736666666666667,5.151263439871136
2026-02-26 02:10:00,117,4.532775,-8.020000000000001,4.637693871299817
2026-02-26 03:10:00,117,5.492333333333333,-6.881666666666667,4.883934037854099
2026-02-26 04:10:00,117,3.9075999999999995,-6.921666666666667,4.9273069579728705
2026-02-26 05:10:00,117,4.2753,-6.550833333333333,4.302421429569028
2026-02-26 06:10:00,117,5.115075,-6.134166666666666,4.526612369475943
2026-02-26 07:10:00,117,4.154083333333333,-5.041666666666667,4.101806821215107
2026-02-26 08:10:00,117,2.7996666666666665,-1.0183333333333333,3.2246052141345465
2026-02-26 09:10:00,117,3.6030583333333337,0.5966666666666667,2.3357330189656254
2026-02-26 10:10:00,117,1.5553,2.355,1.7760292008541538
2026-02-26 11:10:00,117,1.1765416666666666,2.879166666666667,0.36458600860332324
2026-02-26 12:10:00,117,1.8692999999999997,2.2775,1.0368054604733945
2026-02-26 13:10:00,117,0.9868999999999999,1.9991666666666663,0.9538668981597179
2026-02-26 14:10:00,117,0.977125,1.4083333333333332,1.5153263349160386
2026-02-26 15:10:00,117,2.348225,-0.09333333333333334,2.2515267593287946
2026-02-26 16:10:00,117,1.928783333333333,-1.055,2.918742703725783
2026-02-26 17:10:00,117,4.5134,-2.7224999999999997,3.536420111103786
2026-02-26 18:10:00,117,2.5157333333333334,-3.8425,2.798993613805659
2026-02-26 19:10:00,117,3.8204166666666666,-5.013333333333333,4.122935874972486
2026-02-26 20:10:00,117,3.8714666666666666,-6.528333333333333,3.9747652647820173
2026-02-26 21:10:00,117,4.945341666666667,-8.487499999999999,4.12840644978332
2026-02-26 22:10:00,117,4.5028749999999995,-8.778333333333334,3.946552137054006
2026-02-26 23:10:00,117,3.337008333333333,-8.08,3.9882264252552817
2026-02-27 00:10:00,118,4.586941666666666,-9.230833333333333,4.676878320007569
2026-02-27 01:10:00,118,5.473491666666667,-10.194166666666666,4.872081833148577
2026-02-27 02:10:00,118,3.2791250000000005,-10.828333333333333,4.129549740131866
2026-02-27 03:10:00,118,5.023499999999999,-11.068333333333333,4.820468300028466
2026-02-27 04:10:00,118,5.5509,-11.397499999999999,4.997712848214322
2026-02-27 05:10:00,118,4.298916666666667,-12.134166666666667,4.704967834345875
2026-02-27 06:10:00,118,5.606625,-12.411666666666667,5.366540987404297
2026-02-27 07:10:00,118,5.514658333333334,-8.254166666666666,4.759416921960893
2026-02-27 08:10:00,118,3.870933333333333,-6.634166666666666,3.5400205882797384
2026-02-27 09:10:00,118,4.919949999999999,-5.5275,3.4396412052897714
2026-02-27 10:10:00,118,2.3813833333333334,-3.7691666666666666,2.525226698574233
2026-02-27 11:10:00,118,2.131866666666667,-1.8049999999999997,2.0249053110822137
2026-02-27 12:10:00,118,1.4566916666666665,-0.4716666666666667,2.286191551439984
2026-02-27 13:10:00,118,1.6997083333333334,0.14916666666666667,1.5528500547011745
2026-02-27 14:10:00,118,2.818183333333333,0.009166666666666675,3.0827707188694893
2026-02-27 15:10:00,118,2.048775,-1.1258333333333332,4.103193832482335
2026-02-27 16:10:00,118,3.801166666666666,-1.7916666666666667,3.6159238804094853
2026-02-27 17:10:00,118,4.009483333333334,-3.500833333333333,3.1744518236176886
2026-02-27 18:10:00,118,2.6868916666666665,-4.685,1.9509511346024238
2026-02-27 19:10:00,118,3.5891249999999997,-5.199166666666667,2.2322618733232016
2026-02-27 20:10:00,118,2.521258333333333,-6.513333333333333,2.4143091590476686
2026-02-27 21:10:00,118,2.5609749999999996,-6.415833333333334,2.662470707362111
2026-02-27 22:10:00,118,4.618266666666667,-7.5275,3.7511364315387903
2026-02-27 23:10:00,118,5.220066666666667,-9.6575,4.138784713678856
2026-02-28 00:10:00,119,4.29945,-10.968333333333334,3.752440053556565
2026-02-28 01:10:00,119,5.306091666666667,-12.278333333333334,4.703335224225409
2026-02-28 02:10:00,119,5.438749999999999,-12.805,3.927295744706871
2026-02-28 03:10:00,119,4.544016666666666,-12.0875,4.147848232163975
2026-02-28 04:10:00,119,5.867683333333334,-9.7575,4.009401698463989
2026-02-28 05:10:00,119,3.616575,-7.403333333333333,3.5473481488283767
2026-02-28 06:10:00,119,4.790366666666666,-4.449166666666667,3.810543556797497
2026-02-28 07:10:00,119,3.3334833333333327,-3.0124999999999997,3.309658511165096
2026-02-28 08:10:00,119,3.7525333333333335,-1.5133333333333336,3.3533611930325913
2026-02-28 09:10:00,119,3.9234916666666666,1.3949999999999998,2.281696267787074
2026-02-28 10:10:00,119,2.391883333333333,3.7875,1.6295098917730546
2026-02-28 11:10:00,119,3.0108083333333338,6.203333333333333,1.1989307166734913
2026-02-28 12:10:00,119,1.6967249999999996,7.178333333333334,0.0
2026-02-28 13:10:00,119,1.0232666666666668,7.801666666666667,0.0
2026-02-28 14:10:00,119,3.0233999999999996,4.749166666666667,0.9324439532184479
2026-02-28 15:10:00,119,2.337125,4.291666666666667,1.4794494989379414
2026-02-28 16:10:00,119,1.5218999999999998,4.800833333333333,0.7454452432406028
2026-02-28 17:10:00,119,2.745833333333333,3.57,1.1622546603640609
2026-02-28 18:10:00,119,2.447183333333333,1.7625,1.5544654467634422
2026-02-28 19:10:00,119,1.2620583333333333,1.2541666666666667,0.8876592160615802
2026-02-28 20:10:00,119,2.1349249999999995,1.0933333333333335,1.9688385789420844
2026-02-28 21:10:00,119,2.507525,0.3241666666666667,1.5051359397299402
2026-02-28 22:10:00,119,4.188375,-0.385,2.6422043707118013
