t,pred,actual,T_o,day
2025-12-01 00:00:00,2.251996102722504,4.7886999999999995,-0.7916666666666666,30
2025-12-01 01:00:00,2.251996102722504,4.3153,-0.67,30
2025-12-01 02:00:00,2.251996102722504,4.076099999999999,-0.6208333333333335,30
2025-12-01 03:00:00,2.251996102722504,4.64165,-0.3291666666666667,30
2025-12-01 04:00:00,2.251996102722504,2.837008333333333,-0.6583333333333333,30
2025-12-01 05:00:00,2.251996102722504,2.6863833333333336,-0.48166666666666674,30
2025-12-01 06:00:00,2.251996102722504,3.801008333333333,-0.42583333333333334,30
2025-12-01 07:00:00,2.251996102722504,2.3594583333333334,-0.12499999999999999,30
2025-12-01 08:00:00,2.251996102722504,2.225241666666667,0.15250000000000002,30
2025-12-01 09:00:00,2.251996102722504,2.4372000000000003,0.2358333333333333,30
2025-12-01 10:00:00,2.251996102722504,2.336308333333333,0.01666666666666666,30
2025-12-01 11:00:00,1.6889970770418778,2.2561166666666668,-0.8733333333333332,30
2025-12-01 12:00:00,1.6889970770418778,3.2467583333333336,-1.5041666666666664,30
2025-12-01 13:00:00,2.251996102722504,3.0438999999999994,-2.5041666666666664,30
2025-12-01 14:00:00,2.251996102722504,3.076733333333333,-3.4583333333333335,30
2025-12-01 15:00:00,2.81499512840313,3.4376,-4.7683333333333335,30
2025-12-01 16:00:00,2.81499512840313,1.3084083333333334,-5.930000000000001,30
2025-12-01 17:00:00,2.81499512840313,1.2761666666666667,-6.589166666666667,30
2025-12-01 18:00:00,4.70396609302396,5.681783333333333,-7.43,30
2025-12-01 19:00:00,3.377994154083756,2.8459083333333335,-7.8,30
2025-12-01 20:00:00,3.377994154083756,4.709608333333334,-8.19,30
2025-12-01 21:00:00,3.377994154083756,4.946841666666667,-8.6525,30
2025-12-01 22:00:00,3.377994154083756,4.862008333333333,-9.346666666666666,30
2025-12-02 00:00:00,3.5168971779315044,5.983583333333333,-11.29,31
2025-12-02 01:00:00,3.5168971779315044,4.330691666666667,-11.6725,31
2025-12-02 02:00:00,3.9076635310350047,4.2458833333333335,-11.37,31
2025-12-02 03:00:00,3.9076635310350047,5.218491666666667,-10.959166666666668,31
2025-12-02 04:00:00,3.9076635310350047,5.069783333333333,-10.44,31
2025-12-02 05:00:00,3.9076635310350047,4.918616666666667,-10.139166666666666,31
2025-12-02 06:00:00,3.9076635310350047,4.031133333333333,-9.5925,31
2025-12-02 07:00:00,3.9076635310350047,5.096133333333333,-8.884166666666667,31
2025-12-02 08:00:00,3.9076635310350047,5.555441666666667,-8.375833333333334,31
2025-12-02 09:00:00,3.9076635310350047,4.468908333333332,-8.147499999999999,31
2025-12-02 10:00:00,3.9076635310350047,4.665525,-7.75,31
2025-12-02 11:00:00,3.5168971779315044,5.06245,-7.180833333333333,31
2025-12-02 12:00:00,3.5168971779315044,4.936175,-7.115833333333334,31
2025-12-02 13:00:00,3.5168971779315044,3.7529999999999997,-6.935,31
2025-12-02 14:00:00,3.5168971779315044,4.6226,-6.543333333333334,31
2025-12-02 15:00:00,3.5168971779315044,2.769458333333333,-6.512499999999999,31
2025-12-02 16:00:00,3.5168971779315044,2.3454083333333333,-6.3758333333333335,31
2025-12-02 17:00:00,3.5168971779315044,2.380125,-6.2925,31
2025-12-02 18:00:00,3.5168971779315044,3.2790833333333333,-6.2175,31
2025-12-02 19:00:00,3.5168971779315044,4.254375,-6.069166666666667,31
2025-12-02 20:00:00,3.5168971779315044,4.533125,-5.954166666666667,31
2025-12-02 21:00:00,3.5168971779315044,5.853908333333333,-5.89,31
2025-12-02 22:00:00,3.5168971779315044,4.7728166666666665,-5.7316666666666665,31
2025-12-05 00:00:00,4.735473193855346,8.262208333333334,-16.939999999999998,34
2025-12-05 01:00:00,4.340850427700734,5.9571000000000005,-17.096666666666668,34
2025-12-05 02:00:00,4.735473193855346,6.874225000000001,-17.800833333333333,34
2025-12-05 03:00:00,4.735473193855346,7.201149999999998,-17.281666666666666,34
2025-12-05 04:00:00,4.735473193855346,5.529491666666666,-17.388333333333332,34
2025-12-05 05:00:00,4.735473193855346,7.142116666666666,-17.259166666666673,34
2025-12-05 06:00:00,4.735473193855346,6.516883333333333,-17.175833333333333,34
2025-12-05 07:00:00,4.735473193855346,7.708383333333332,-16.7875,34
2025-12-05 08:00:00,4.735473193855346,6.849,-15.334166666666667,34
2025-12-05 09:00:00,4.735473193855346,5.3881499999999996,-13.1625,34
2025-12-05 10:00:00,4.340850427700734,5.490766666666667,-10.799999999999999,34
2025-12-05 11:00:00,3.946227661546122,3.746941666666667,-9.375,34
2025-12-05 12:00:00,3.5516048953915096,5.2761249999999995,-8.014166666666666,34
2025-12-05 13:00:00,3.5516048953915096,5.0496583333333325,-8.6625,34
2025-12-05 14:00:00,4.340850427700734,5.555774999999999,-8.9725,34
2025-12-05 15:00:00,4.735473193855346,5.187091666666666,-9.8425,34
2025-12-05 16:00:00,4.735473193855346,6.062833333333333,-11.750833333333333,34
2025-12-05 17:00:00,4.735473193855346,6.117366666666667,-12.862499999999999,34
2025-12-05 18:00:00,4.735473193855346,6.948041666666667,-14.605833333333335,34
2025-12-05 19:00:00,4.735473193855346,3.7458416666666663,-15.009166666666667,34
2025-12-05 20:00:00,4.735473193855346,4.7989999999999995,-14.435,34
2025-12-05 21:00:00,4.735473193855346,5.999733333333333,-13.870833333333332,34
2025-12-05 22:00:00,4.735473193855346,7.700241666666666,-14.17,34
2025-12-06 00:00:00,4.726271337525455,4.647358333333333,-13.464166666666669,35
2025-12-06 01:00:00,4.726271337525455,5.137983333333333,-13.049166666666666,35
2025-12-06 02:00:00,4.726271337525455,5.667574999999999,-13.018333333333336,35
2025-12-06 03:00:00,4.726271337525455,5.194333333333333,-13.361666666666665,35
2025-12-06 04:00:00,4.726271337525455,4.990566666666666,-13.4125,35
2025-12-06 05:00:00,4.726271337525455,6.587775,-13.106666666666667,35
2025-12-06 06:00:00,4.726271337525455,4.894041666666666,-13.399999999999999,35
2025-12-06 07:00:00,4.726271337525455,6.109558333333333,-13.857500000000002,35
2025-12-06 08:00:00,4.726271337525455,4.9687,-12.519166666666665,35
2025-12-06 09:00:00,4.726271337525455,5.174783333333333,-10.431666666666667,35
2025-12-06 10:00:00,4.726271337525455,5.426366666666667,-8.518333333333333,35
2025-12-06 11:00:00,4.332415392731667,2.9702916666666668,-7.434166666666666,35
2025-12-06 12:00:00,4.726271337525455,1.1098333333333332,-6.235833333333335,35
2025-12-06 13:00:00,4.332415392731667,2.771433333333333,-6.255,35
2025-12-06 14:00:00,4.726271337525455,3.439308333333333,-6.208333333333333,35
2025-12-06 15:00:00,3.5447035031440914,4.174424999999999,-6.435833333333334,35
2025-12-06 16:00:00,4.726271337525455,4.715658333333334,-6.61,35
2025-12-06 17:00:00,4.726271337525455,5.09645,-6.565,35
2025-12-06 18:00:00,3.9385594479378794,3.29745,-6.505,35
2025-12-06 19:00:00,4.726271337525455,1.6844249999999998,-6.375,35
2025-12-06 20:00:00,4.726271337525455,4.32695,-6.273333333333333,35
2025-12-06 21:00:00,4.726271337525455,4.099008333333334,-6.239999999999999,35
2025-12-06 22:00:00,4.332415392731667,4.049383333333333,-6.445,35
2025-12-07 00:00:00,4.161485054053819,4.059325,-7.463333333333334,36
2025-12-07 01:00:00,4.161485054053819,4.816491666666667,-9.4025,36
2025-12-07 02:00:00,4.623872282282021,5.467066666666667,-10.341666666666667,36
2025-12-07 03:00:00,4.161485054053819,4.771750000000001,-9.555833333333334,36
2025-12-07 04:00:00,4.623872282282021,6.852925,-10.986666666666666,36
2025-12-07 05:00:00,4.161485054053819,3.9928166666666667,-11.292499999999999,36
2025-12-07 06:00:00,4.161485054053819,3.69555,-9.522499999999999,36
2025-12-07 07:00:00,4.623872282282021,5.4962583333333335,-9.824166666666667,36
2025-12-07 08:00:00,4.161485054053819,5.397241666666666,-8.727500000000001,36
2025-12-07 09:00:00,4.161485054053819,4.071375,-6.857500000000001,36
2025-12-07 10:00:00,3.236710597597415,3.056941666666667,-5.3325,36
2025-12-07 11:00:00,3.236710597597415,2.2176416666666663,-5.151666666666666,36
2025-12-07 12:00:00,3.236710597597415,3.2256083333333336,-4.658333333333334,36
2025-12-07 13:00:00,3.236710597597415,3.0585083333333336,-4.9525,36
2025-12-07 14:00:00,3.6990978258256173,3.903325,-5.305,36
2025-12-07 15:00:00,4.161485054053819,4.806033333333334,-6.121666666666666,36
2025-12-07 16:00:00,3.6990978258256173,2.8979583333333334,-6.952500000000001,36
2025-12-07 17:00:00,4.161485054053819,3.131083333333333,-7.434166666666666,36
2025-12-07 18:00:00,4.161485054053819,3.5652916666666665,-7.653333333333333,36
2025-12-07 19:00:00,4.161485054053819,2.5050583333333334,-7.620833333333334,36
2025-12-07 20:00:00,4.161485054053819,4.728741666666667,-7.529166666666666,36
2025-12-07 21:00:00,4.161485054053819,2.883933333333333,-7.735833333333333,36
2025-12-07 22:00:00,4.161485054053819,2.779275,-8.041666666666666,36
2025-12-08 00:00:00,4.161485054053819,3.9623250000000008,-8.485833333333334,37
2025-12-08 01:00:00,4.623872282282021,5.757991666666666,-8.916666666666666,37
2025-12-08 02:00:00,4.161485054053819,6.308375,-9.189166666666667,37
2025-12-08 03:00:00,4.623872282282021,4.373225000000001,-9.339166666666667,37
2025-12-08 04:00:00,5.0862595105102235,5.053458333333333,-10.139166666666666,37
2025-12-08 05:00:00,4.623872282282021,5.712216666666666,-11.460833333333333,37
2025-12-08 06:00:00,5.0862595105102235,4.25755,-12.591666666666667,37
2025-12-08 07:00:00,5.548646738738426,5.065741666666667,-12.856666666666667,37
2025-12-08 08:00:00,4.623872282282021,4.338675,-12.570833333333333,37
2025-12-08 09:00:00,5.0862595105102235,6.395341666666667,-11.737500000000002,37
2025-12-08 10:00:00,4.623872282282021,3.705258333333333,-10.614166666666666,37
2025-12-08 11:00:00,4.623872282282021,4.2474083333333335,-10.341666666666667,37
2025-12-08 12:00:00,3.6990978258256173,3.267933333333333,-10.227500000000001,37
2025-12-08 13:00:00,4.623872282282021,6.948883333333332,-11.240833333333333,37
2025-12-08 14:00:00,5.0862595105102235,6.559241666666667,-11.643333333333333,37
2025-12-08 15:00:00,4.623872282282021,5.372716666666666,-12.602500000000001,37
2025-12-08 16:00:00,5.548646738738426,4.850508333333333,-13.174999999999999,37
2025-12-08 17:00:00,5.548646738738426,6.891824999999999,-14.166666666666666,37
2025-12-08 18:00:00,5.548646738738426,5.865891666666666,-14.828333333333333,37
2025-12-08 19:00:00,5.548646738738426,6.112933333333334,-14.583333333333336,37
2025-12-08 20:00:00,5.548646738738426,5.760775,-15.105833333333331,37
2025-12-08 21:00:00,5.548646738738426,6.484491666666666,-15.555000000000001,37
2025-12-08 22:00:00,5.548646738738426,4.627908333333333,-16.179999999999996,37
2025-12-09 00:00:00,5.527929661252084,6.1919,-16.6575,38
2025-12-09 01:00:00,5.527929661252084,6.917199999999999,-17.151666666666667,38
2025-12-09 02:00:00,5.527929661252084,5.233791666666667,-17.037499999999998,38
2025-12-09 03:00:00,5.527929661252084,6.729041666666666,-17.393333333333334,38
2025-12-09 04:00:00,5.527929661252084,6.5699499999999995,-16.93166666666667,38
2025-12-09 05:00:00,5.527929661252084,6.304366666666668,-16.968333333333334,38
2025-12-09 06:00:00,5.527929661252084,7.556266666666666,-16.834166666666665,38
2025-12-09 07:00:00,5.527929661252084,5.948524999999999,-16.99083333333333,38
2025-12-09 08:00:00,5.527929661252084,6.245783333333333,-15.161666666666667,38
2025-12-09 09:00:00,5.527929661252084,5.8126999999999995,-13.060833333333335,38
2025-12-09 10:00:00,5.527929661252084,5.144033333333334,-10.749166666666667,38
2025-12-09 11:00:00,4.606608051043403,4.537508333333333,-9.375833333333334,38
2025-12-09 12:00:00,3.6852864408347226,2.6948499999999997,-7.444166666666667,38
2025-12-09 13:00:00,4.606608051043403,4.460183333333333,-8.689166666666667,38
2025-12-09 14:00:00,5.067268856147743,4.7755833333333335,-9.7125,38
2025-12-09 15:00:00,4.606608051043403,4.9431666666666665,-10.885,38
2025-12-09 16:00:00,5.527929661252084,5.854633333333332,-13.149166666666666,38
2025-12-09 17:00:00,5.527929661252084,4.570675,-14.68083333333333,38
2025-12-09 18:00:00,5.527929661252084,0.0,-14.888333333333335,38
2025-12-09 19:00:00,5.527929661252084,1.9772333333333332,-14.648333333333333,38
2025-12-09 20:00:00,5.527929661252084,5.295325,-15.573333333333332,38
2025-12-09 21:00:00,5.527929661252084,4.628341666666667,-16.115833333333335,38
2025-12-09 22:00:00,5.527929661252084,4.307875,-15.154166666666663,38
2025-12-10 00:00:00,5.567173088271132,6.077299999999999,-13.420833333333334,39
2025-12-10 01:00:00,5.567173088271132,4.782916666666667,-12.605833333333335,39
2025-12-10 02:00:00,5.567173088271132,5.8932166666666665,-12.288333333333334,39
2025-12-10 03:00:00,5.567173088271132,5.2821083333333325,-11.954166666666666,39
2025-12-10 04:00:00,5.567173088271132,4.491683333333334,-11.63,39
2025-12-10 05:00:00,5.567173088271132,6.722375000000001,-11.551666666666668,39
2025-12-10 06:00:00,5.103241997581871,3.852175,-12.541666666666666,39
2025-12-10 07:00:00,5.567173088271132,4.694458333333333,-13.277500000000002,39
2025-12-10 08:00:00,5.567173088271132,6.080349999999999,-11.744166666666665,39
2025-12-10 09:00:00,4.63931090689261,3.5289916666666667,-8.985,39
2025-12-10 10:00:00,4.63931090689261,4.545216666666666,-6.855833333333333,39
2025-12-10 11:00:00,4.63931090689261,4.3983,-5.788333333333334,39
2025-12-10 12:00:00,3.711448725514088,3.2476166666666666,-4.9575000000000005,39
2025-12-10 13:00:00,4.175379816203349,4.307466666666667,-4.990833333333334,39
2025-12-10 14:00:00,4.175379816203349,3.778966666666667,-5.44,39
2025-12-10 15:00:00,4.175379816203349,4.495525000000001,-5.61,39
2025-12-10 16:00:00,4.175379816203349,2.9088499999999997,-5.564166666666666,39
2025-12-10 17:00:00,4.63931090689261,1.3865583333333331,-5.25,39
2025-12-10 18:00:00,4.63931090689261,3.941858333333333,-5.189166666666666,39
2025-12-10 19:00:00,4.63931090689261,4.077866666666667,-5.075,39
2025-12-10 20:00:00,4.63931090689261,4.350083333333334,-4.902500000000001,39
2025-12-10 21:00:00,4.175379816203349,4.872583333333333,-4.710000000000001,39
2025-12-10 22:00:00,3.711448725514088,3.26205,-4.552499999999999,39
2025-12-11 00:00:00,4.147636530696539,4.180591666666667,-4.550833333333333,40
2025-12-11 01:00:00,4.147636530696539,3.9768666666666674,-4.528333333333333,40
2025-12-11 02:00:00,4.147636530696539,3.8950416666666667,-4.61,40
2025-12-11 03:00:00,4.147636530696539,3.080741666666666,-4.564166666666666,40
2025-12-11 04:00:00,4.147636530696539,4.270125,-5.0375000000000005,40
2025-12-11 05:00:00,4.147636530696539,4.301233333333333,-6.175833333333333,40
2025-12-11 06:00:00,4.147636530696539,4.663975,-5.892499999999999,40
2025-12-11 07:00:00,3.686788027285812,3.3904083333333332,-5.444166666666667,40
2025-12-11 08:00:00,4.147636530696539,3.1494,-5.0225,40
2025-12-11 09:00:00,4.147636530696539,3.2379166666666666,-4.4816666666666665,40
2025-12-11 10:00:00,4.147636530696539,4.23375,-3.75,40
2025-12-11 11:00:00,4.147636530696539,4.378725,-2.875833333333333,40
2025-12-11 12:00:00,3.2259395238750854,2.877125,-3.0041666666666664,40
2025-12-11 13:00:00,3.2259395238750854,2.836091666666667,-3.5174999999999996,40
2025-12-11 14:00:00,3.686788027285812,5.50385,-4.834166666666667,40
2025-12-11 15:00:00,3.686788027285812,4.190508333333334,-6.0275,40
2025-12-11 16:00:00,3.2259395238750854,3.479141666666667,-7.899166666666667,40
2025-12-11 17:00:00,4.147636530696539,3.2371000000000003,-9.055,40
2025-12-11 18:00:00,4.608485034107265,4.389483333333334,-9.916666666666666,40
2025-12-11 19:00:00,4.608485034107265,4.111908333333333,-10.751666666666667,40
2025-12-11 20:00:00,4.608485034107265,4.6944,-10.765,40
2025-12-11 21:00:00,4.147636530696539,4.44485,-10.782499999999999,40
2025-12-11 22:00:00,4.608485034107265,4.996766666666666,-10.9625,40
2025-12-12 00:00:00,5.530182040928719,5.305516666666667,-10.7875,41
2025-12-12 01:00:00,4.608485034107265,4.57415,-10.295833333333333,41
2025-12-12 02:00:00,5.069333537517992,3.7423833333333336,-10.079166666666667,41
2025-12-12 03:00:00,5.530182040928719,4.759358333333333,-10.274166666666668,41
2025-12-12 04:00:00,5.530182040928719,5.126683333333333,-9.739166666666666,41
2025-12-12 05:00:00,5.530182040928719,3.806425,-9.227500000000001,41
2025-12-12 06:00:00,5.069333537517992,4.824166666666667,-9.074166666666667,41
2025-12-12 07:00:00,5.530182040928719,4.506966666666667,-9.029166666666667,41
2025-12-12 08:00:00,5.069333537517992,5.399283333333333,-8.319166666666666,41
2025-12-12 09:00:00,4.147636530696539,5.077,-7.3975,41
2025-12-12 10:00:00,4.147636530696539,4.458283333333333,-7.3475,41
2025-12-12 11:00:00,4.608485034107265,5.150833333333333,-6.943333333333334,41
2025-12-12 12:00:00,3.686788027285812,5.0967,-6.9366666666666665,41
2025-12-12 13:00:00,4.147636530696539,5.240375,-6.476666666666667,41
2025-12-12 14:00:00,4.147636530696539,4.581741666666666,-5.81,41
2025-12-12 15:00:00,3.686788027285812,4.032775,-6.361666666666667,41
2025-12-12 16:00:00,4.147636530696539,5.086708333333333,-6.735833333333333,41
2025-12-12 17:00:00,3.686788027285812,3.1726916666666667,-6.403333333333333,41
2025-12-12 18:00:00,4.147636530696539,3.6099750000000004,-6.199166666666667,41
2025-12-12 19:00:00,4.147636530696539,3.3853416666666662,-6.125,41
2025-12-12 20:00:00,4.147636530696539,2.5393,-5.9624999999999995,41
2025-12-12 21:00:00,4.147636530696539,6.103833333333333,-5.969166666666667,41
2025-12-12 22:00:00,4.147636530696539,4.524258333333333,-6.091666666666668,41
2025-12-13 00:00:00,4.142487350929658,4.643258333333333,-6.740833333333334,42
2025-12-13 01:00:00,4.142487350929658,5.471425,-6.839166666666667,42
2025-12-13 02:00:00,4.142487350929658,4.58695,-7.63,42
2025-12-13 03:00:00,4.602763723255175,4.271125,-8.37,42
2025-12-13 04:00:00,4.602763723255175,5.416991666666666,-9.064166666666667,42
2025-12-13 05:00:00,4.142487350929658,5.693225,-9.3575,42
2025-12-13 06:00:00,4.602763723255175,3.2854249999999996,-10.148333333333333,42
2025-12-13 07:00:00,4.602763723255175,4.459016666666667,-10.911666666666667,42
2025-12-13 08:00:00,4.602763723255175,3.5322333333333336,-9.272499999999999,42
2025-12-13 09:00:00,4.142487350929658,4.286833333333332,-6.398333333333333,42
2025-12-13 10:00:00,3.68221097860414,3.545633333333333,-4.7225,42
2025-12-13 11:00:00,3.68221097860414,2.3878333333333335,-4.153333333333333,42
2025-12-13 12:00:00,3.68221097860414,4.403975,-4.026666666666666,42
2025-12-13 13:00:00,3.68221097860414,3.0809333333333337,-3.6441666666666666,42
2025-12-13 14:00:00,3.68221097860414,3.6935,-3.6475000000000004,42
2025-12-13 15:00:00,3.68221097860414,3.9102083333333333,-4.579166666666667,42
2025-12-13 16:00:00,3.68221097860414,4.6034999999999995,-7.1066666666666665,42
2025-12-13 17:00:00,4.142487350929658,3.5174666666666665,-8.116666666666667,42
2025-12-13 18:00:00,4.142487350929658,4.107541666666666,-8.11,42
2025-12-13 19:00:00,4.602763723255175,4.725433333333333,-9.740833333333333,42
2025-12-13 20:00:00,4.602763723255175,4.124083333333332,-11.213333333333333,42
2025-12-13 21:00:00,5.063040095580693,3.4414166666666666,-12.135833333333336,42
2025-12-13 22:00:00,5.063040095580693,4.54285,-12.64,42
2025-12-14 00:00:00,5.548646738738426,4.1637749999999984,-13.25,43
2025-12-14 01:00:00,4.623872282282021,5.157183333333333,-13.347499999999998,43
2025-12-14 02:00:00,5.0862595105102235,4.445624999999999,-12.921666666666667,43
2025-12-14 03:00:00,5.548646738738426,3.08995,-12.976666666666667,43
2025-12-14 04:00:00,5.548646738738426,4.301875,-14.286666666666667,43
2025-12-14 05:00:00,5.548646738738426,5.420725,-15.509166666666665,43
2025-12-14 06:00:00,5.548646738738426,4.562783333333334,-15.449166666666665,43
2025-12-14 07:00:00,5.548646738738426,5.349550000000001,-15.1075,43
2025-12-14 08:00:00,5.548646738738426,6.372783333333333,-14.375,43
2025-12-14 09:00:00,5.548646738738426,4.64815,-11.834166666666667,43
2025-12-14 10:00:00,4.623872282282021,4.532941666666666,-7.276666666666666,43
2025-12-14 11:00:00,4.161485054053819,4.371458333333333,-3.540833333333333,43
2025-12-14 12:00:00,3.6990978258256173,3.63805,-2.955,43
2025-12-14 13:00:00,3.6990978258256173,3.4857416666666667,-3.2583333333333333,43
2025-12-14 14:00:00,3.6990978258256173,2.58035,-3.5641666666666665,43
2025-12-14 15:00:00,3.6990978258256173,4.0399416666666665,-4.76,43
2025-12-14 16:00:00,4.161485054053819,4.6302666666666665,-6.8425,43
2025-12-14 17:00:00,4.161485054053819,5.568641666666666,-8.6075,43
2025-12-14 18:00:00,4.161485054053819,4.986141666666666,-9.795,43
2025-12-14 19:00:00,4.623872282282021,4.590775,-10.314166666666667,43
2025-12-14 20:00:00,4.623872282282021,6.3382000000000005,-9.99,43
2025-12-14 21:00:00,4.623872282282021,5.500291666666667,-10.098333333333334,43
2025-12-14 22:00:00,4.623872282282021,5.6925,-10.656666666666666,43
2025-12-15 00:00:00,4.709809403374293,4.854958333333332,-10.699166666666668,44
2025-12-15 01:00:00,4.709809403374293,6.073708333333333,-10.990833333333333,44
2025-12-15 02:00:00,4.709809403374293,4.5168333333333335,-11.963333333333333,44
2025-12-15 03:00:00,5.180790343711722,5.904491666666666,-12.333333333333334,44
2025-12-15 04:00:00,5.180790343711722,6.196066666666667,-11.795833333333334,44
2025-12-15 05:00:00,5.180790343711722,4.290191666666667,-12.119166666666667,44
2025-12-15 06:00:00,5.180790343711722,5.515625,-12.708333333333334,44
2025-12-15 07:00:00,5.180790343711722,5.866616666666666,-13.213333333333333,44
2025-12-15 08:00:00,5.180790343711722,6.436966666666666,-11.846666666666666,44
2025-12-15 09:00:00,4.709809403374293,6.5259833333333335,-10.018333333333333,44
2025-12-15 10:00:00,4.238828463036864,5.638066666666667,-7.644166666666667,44
2025-12-15 11:00:00,3.7678475226994346,3.9095416666666667,-6.754166666666666,44
2025-12-15 12:00:00,3.7678475226994346,5.024208333333333,-6.359166666666667,44
2025-12-15 13:00:00,3.7678475226994346,5.452949999999999,-7.435833333333334,44
2025-12-15 14:00:00,3.7678475226994346,5.081908333333333,-7.8808333333333325,44
2025-12-15 15:00:00,4.238828463036864,6.570558333333334,-9.014166666666666,44
2025-12-15 16:00:00,4.238828463036864,5.497283333333334,-9.57,44
2025-12-15 17:00:00,4.238828463036864,7.1440166666666665,-9.906666666666666,44
2025-12-15 18:00:00,4.709809403374293,6.583666666666667,-10.661666666666667,44
2025-12-15 19:00:00,4.709809403374293,4.070508333333334,-10.545833333333333,44
2025-12-15 20:00:00,4.709809403374293,4.055166666666667,-10.499166666666666,44
2025-12-15 21:00:00,4.709809403374293,4.568108333333333,-10.439166666666667,44
2025-12-15 22:00:00,4.709809403374293,5.313899999999999,-10.5125,44
2025-12-16 00:00:00,5.187734209700066,4.652733333333334,-12.199166666666668,45
2025-12-16 01:00:00,5.187734209700066,4.445491666666666,-11.971666666666666,45
2025-12-16 02:00:00,5.187734209700066,6.320058333333333,-13.737499999999999,45
2025-12-16 03:00:00,5.6593464105818905,6.681291666666667,-15.115833333333333,45
2025-12-16 04:00:00,5.6593464105818905,4.8497916666666665,-16.183333333333334,45
2025-12-16 05:00:00,5.6593464105818905,5.607924999999999,-16.62916666666667,45
2025-12-16 06:00:00,5.6593464105818905,6.90275,-12.865833333333335,45
2025-12-16 07:00:00,5.6593464105818905,4.775883333333333,-12.699166666666665,45
2025-12-16 08:00:00,5.6593464105818905,4.963533333333334,-11.235833333333334,45
2025-12-16 09:00:00,5.187734209700066,5.371758333333332,-9.786666666666667,45
2025-12-16 10:00:00,4.244509807936417,3.4931666666666668,-4.956666666666666,45
2025-12-16 11:00:00,3.7728976070545928,3.2124166666666665,-2.750833333333333,45
2025-12-16 12:00:00,3.3012854061727688,3.3206833333333337,-1.665,45
2025-12-16 13:00:00,3.3012854061727688,3.8495749999999993,-2.1158333333333332,45
2025-12-16 14:00:00,3.7728976070545928,3.398325,-2.3049999999999997,45
2025-12-16 15:00:00,3.7728976070545928,4.930991666666667,-2.440833333333333,45
2025-12-16 16:00:00,3.7728976070545928,4.867908333333333,-2.9075,45
2025-12-16 17:00:00,3.7728976070545928,3.6040083333333333,-4.9125000000000005,45
2025-12-16 18:00:00,3.7728976070545928,3.5484750000000003,-7.225833333333334,45
2025-12-16 19:00:00,3.7728976070545928,4.736383333333333,-8.505,45
2025-12-16 20:00:00,4.244509807936417,4.529258333333333,-8.259166666666667,45
2025-12-16 21:00:00,4.244509807936417,3.5178499999999997,-7.875,45
2025-12-16 22:00:00,4.244509807936417,3.3512249999999995,-7.205000000000001,45
2025-12-17 00:00:00,4.254213380672862,4.578316666666666,-4.351666666666667,46
2025-12-17 01:00:00,3.781523005042544,4.5157,-4.411666666666666,46
2025-12-17 02:00:00,3.781523005042544,4.975733333333333,-4.656666666666666,46
2025-12-17 03:00:00,3.781523005042544,3.9064749999999995,-4.848333333333334,46
2025-12-17 04:00:00,3.781523005042544,5.218841666666666,-4.931666666666666,46
2025-12-17 05:00:00,3.781523005042544,4.864258333333334,-3.8699999999999997,46
2025-12-17 06:00:00,3.781523005042544,3.0019333333333336,-3.6058333333333334,46
2025-12-17 07:00:00,3.781523005042544,4.131308333333333,-3.3524999999999996,46
2025-12-17 08:00:00,3.781523005042544,4.0527750000000005,-2.635,46
2025-12-18 13:55:00,2.385220134814097,2.352125,2.533333333333333,47
2025-12-18 14:55:00,2.385220134814097,2.532475,0.44083333333333324,47
2025-12-18 15:55:00,2.8622641617769164,2.6248666666666667,-2.7875,47
2025-12-18 16:55:00,2.8622641617769164,3.224191666666666,-2.5933333333333333,47
2025-12-18 17:55:00,2.8622641617769164,2.331975,0.9083333333333332,47
2025-12-18 18:55:00,2.8622641617769164,1.4520666666666668,1.7958333333333334,47
2025-12-18 19:55:00,2.8622641617769164,2.908091666666667,2.5649999999999995,47
2025-12-18 20:55:00,2.8622641617769164,2.454683333333333,2.8049999999999997,47
2025-12-18 21:55:00,2.8622641617769164,4.097166666666666,3.060833333333333,47
2025-12-18 22:55:00,2.8622641617769164,2.963933333333333,3.0558333333333336,47
2025-12-19 00:00:00,2.857730546657992,2.8979583333333334,2.7825,48
2025-12-19 01:00:00,2.857730546657992,3.7439916666666666,2.57,48
2025-12-19 02:00:00,2.381442122214993,3.445958333333334,3.06,48
2025-12-19 03:00:00,2.381442122214993,3.623766666666666,2.8841666666666668,48
2025-12-19 04:00:00,2.381442122214993,2.5150916666666663,2.018333333333333,48
2025-12-19 05:00:00,2.381442122214993,3.3472166666666663,2.3608333333333333,48
2025-12-19 06:00:00,2.381442122214993,2.0225583333333335,4.1883333333333335,48
2025-12-19 07:00:00,2.381442122214993,2.851891666666667,4.644166666666667,48
2025-12-19 08:00:00,2.381442122214993,2.1734416666666667,5.81,48
2025-12-19 09:00:00,2.381442122214993,2.479083333333333,7.62,48
2025-12-19 10:00:00,1.9051536977719945,2.834933333333333,8.999166666666666,48
2025-12-19 11:00:00,1.9051536977719945,1.9922833333333332,9.76,48
2025-12-19 12:00:00,1.428865273328996,2.438125,9.933333333333332,48
2025-12-19 13:00:00,1.428865273328996,2.3948666666666667,10.667500000000002,48
2025-12-19 14:00:00,1.428865273328996,0.9271916666666665,11.305833333333334,48
2025-12-20 18:05:00,3.6940224838127933,2.6451499999999997,-4.149166666666667,49
2025-12-20 19:05:00,3.6940224838127933,1.795425,-4.055,49
2025-12-20 20:05:00,3.6940224838127933,2.6847,-3.8983333333333334,49
2025-12-20 21:05:00,3.6940224838127933,6.560466666666667,-3.2866666666666666,49
2025-12-20 22:05:00,3.6940224838127933,4.416458333333333,-2.4175000000000004,49
2025-12-21 00:00:00,3.8781842932694466,4.751483333333332,-2.1999999999999997,50
2025-12-21 01:00:00,3.8781842932694466,3.863716666666667,-2.2399999999999998,50
2025-12-21 02:00:00,3.8781842932694466,3.4549916666666665,-2.1391666666666667,50
2025-12-21 03:00:00,3.8781842932694466,4.609841666666667,-2.688333333333333,50
2025-12-21 04:00:00,3.8781842932694466,3.471258333333333,-2.5974999999999997,50
2025-12-21 05:00:00,3.8781842932694466,3.1359416666666666,-2.2591666666666668,50
2025-12-21 06:00:00,3.8781842932694466,3.897716666666667,-1.6808333333333334,50
2025-12-21 07:00:00,3.8781842932694466,2.8866583333333335,-2.0324999999999998,50
2025-12-21 08:00:00,3.447274927350619,3.4146166666666673,-1.6166666666666665,50
2025-12-21 09:00:00,3.447274927350619,2.534116666666667,0.15666666666666668,50
2025-12-21 10:00:00,3.0163655614317917,2.357725,1.1808333333333334,50
2025-12-21 11:00:00,2.5854561955129642,1.2486166666666667,1.8383333333333338,50
2025-12-21 12:00:00,3.0163655614317917,2.5470499999999996,0.6991666666666666,50
2025-12-21 13:00:00,2.5854561955129642,0.0,0.2883333333333334,50
2025-12-21 14:00:00,3.0163655614317917,0.0,-0.2783333333333333,50
2025-12-21 15:00:00,3.0163655614317917,0.0,-1.1158333333333332,50
2025-12-21 16:00:00,3.447274927350619,0.0,-2.0875000000000004,50
2025-12-21 17:00:00,3.447274927350619,0.0,-2.7091666666666665,50
2025-12-21 18:00:00,3.8781842932694466,0.0,-3.3058333333333336,50
2025-12-21 19:00:00,3.8781842932694466,0.0,-3.8191666666666664,50
2025-12-21 20:00:00,4.810988834118551,0.0,-4.323333333333333,50
2025-12-21 21:00:00,5.743793374967657,0.0,-5.0225,50
2025-12-21 22:00:00,5.743793374967657,0.0,-6.096666666666667,50
2025-12-22 00:00:00,11.00666393931218,0.0,-8.435833333333333,51
2025-12-22 01:00:00,11.474602462488571,0.0,-9.036666666666667,51
2025-12-22 02:00:00,11.474602462488571,0.0,-9.206666666666665,51
2025-12-22 03:00:00,11.942540985664962,0.0,-9.264166666666666,51
2025-12-22 04:00:00,11.942540985664962,0.0,-9.485833333333334,51
2025-12-22 05:00:00,12.410479508841354,0.0,-10.0325,51
2025-12-22 06:00:00,12.410479508841354,0.0,-10.523333333333333,51
2025-12-22 07:00:00,12.410479508841354,0.0,-11.342500000000001,51
2025-12-22 08:00:00,12.410479508841354,0.0,-10.707500000000001,51
2025-12-22 09:00:00,12.410479508841354,0.0,-10.041666666666666,51
2025-12-22 10:00:00,11.942540985664962,0.0,-8.5275,51
2025-12-22 11:00:00,11.474602462488571,0.0,-8.139166666666666,51
2025-12-22 12:00:00,11.474602462488571,2.4471833333333333,-7.95,51
2025-12-22 13:00:00,11.942540985664962,6.254875,-8.343333333333334,51
2025-12-22 14:00:00,11.942540985664962,6.129716666666667,-8.577499999999999,51
2025-12-22 15:00:00,11.942540985664962,6.647233333333333,-9.435,51
2025-12-22 16:00:00,11.376272883104575,4.879291666666666,-10.463333333333333,51
2025-12-22 17:00:00,5.6152622781166945,4.460891666666667,-10.795,51
2025-12-22 18:00:00,5.6152622781166945,4.256166666666666,-10.753333333333332,51
2025-12-22 19:00:00,5.147323754940303,5.804591666666667,-10.654166666666667,51
2025-12-22 20:00:00,11.474602462488571,6.576091666666666,-10.839166666666666,51
2025-12-22 21:00:00,5.6152622781166945,8.510191666666667,-10.388333333333334,51
2025-12-22 22:00:00,4.679385231763912,6.39105,-9.990833333333333,51
2025-12-23 00:00:00,4.681150884281399,7.594875,-10.643333333333333,52
2025-12-23 01:00:00,5.1492659727095385,6.378508333333333,-12.585833333333333,52
2025-12-23 02:00:00,4.681150884281399,6.938266666666666,-13.495,52
2025-12-23 03:00:00,5.617381061137678,5.2409083333333335,-14.588333333333333,52
2025-12-23 04:00:00,5.617381061137678,5.899674999999999,-15.5,52
2025-12-23 05:00:00,5.617381061137678,4.7608,-15.925833333333335,52
2025-12-23 06:00:00,5.617381061137678,4.716075,-16.249166666666664,52
2025-12-23 07:00:00,5.617381061137678,2.403775,-15.758333333333333,52
2025-12-23 08:00:00,5.617381061137678,7.0772916666666665,-13.476666666666667,52
2025-12-23 09:00:00,4.681150884281399,4.739375,-10.93,52
2025-12-23 10:00:00,4.681150884281399,5.07705,-9.139166666666666,52
2025-12-23 11:00:00,4.681150884281399,4.009933333333333,-8.2075,52
2025-12-23 12:00:00,3.7449207074251194,3.5793749999999998,-7.6433333333333335,52
2025-12-23 13:00:00,4.213035795853259,4.852741666666667,-7.560833333333334,52
2025-12-23 14:00:00,4.681150884281399,3.5295416666666664,-7.046666666666667,52
2025-12-23 15:00:00,4.681150884281399,3.699333333333333,-7.2683333333333335,52
2025-12-23 16:00:00,4.681150884281399,5.792949999999999,-7.476666666666667,52
2025-12-23 17:00:00,4.681150884281399,2.039141666666667,-7.480833333333334,52
2025-12-23 18:00:00,4.681150884281399,2.6263583333333336,-7.625,52
2025-12-23 19:00:00,4.681150884281399,4.986583333333333,-8.009166666666667,52
2025-12-23 20:00:00,4.213035795853259,3.6282083333333333,-8.199166666666667,52
2025-12-23 21:00:00,4.681150884281399,5.183391666666666,-8.329166666666666,52
2025-12-23 22:00:00,4.681150884281399,4.633183333333333,-8.908333333333333,52
2025-12-24 00:00:00,4.596855861181431,6.242241666666668,-9.908333333333333,53
2025-12-24 01:00:00,4.596855861181431,4.301633333333333,-10.299999999999999,53
2025-12-24 02:00:00,4.596855861181431,4.547075,-10.770000000000001,53
2025-12-24 03:00:00,4.596855861181431,5.278825,-10.898333333333333,53
2025-12-24 04:00:00,5.0565414472995736,5.6860583333333325,-11.170833333333334,53
2025-12-24 05:00:00,5.0565414472995736,4.601124999999999,-11.26,53
2025-12-24 06:00:00,5.0565414472995736,5.019575,-11.28,53
2025-12-24 07:00:00,5.0565414472995736,4.777749999999999,-11.292499999999999,53
2025-12-24 08:00:00,5.0565414472995736,5.391933333333333,-11.098333333333334,53
2025-12-24 09:00:00,5.0565414472995736,5.511291666666667,-10.528333333333334,53
2025-12-24 10:00:00,4.137170275063288,3.4455,-10.0425,53
2025-12-24 11:00:00,4.596855861181431,4.383049999999999,-9.106666666666667,53
2025-12-24 12:00:00,4.596855861181431,2.989091666666667,-8.203333333333333,53
2025-12-24 13:00:00,4.596855861181431,5.426566666666667,-7.605833333333333,53
2025-12-24 14:00:00,4.596855861181431,5.574699999999999,-7.705000000000001,53
2025-12-24 15:00:00,4.137170275063288,3.2281666666666666,-8.351666666666667,53
2025-12-24 16:00:00,4.596855861181431,5.757633333333333,-9.977500000000001,53
2025-12-24 17:00:00,4.596855861181431,3.7589166666666665,-11.592500000000001,53
2025-12-24 18:00:00,4.596855861181431,5.921933333333334,-12.907499999999999,53
2025-12-24 19:00:00,4.137170275063288,3.3337916666666665,-14.453333333333335,53
2025-12-24 20:00:00,5.0565414472995736,2.4089416666666663,-15.8375,53
2025-12-24 21:00:00,5.0565414472995736,4.004899999999999,-15.897499999999999,53
2025-12-24 22:00:00,5.0565414472995736,5.445833333333335,-14.925000000000002,53
2025-12-25 00:00:00,5.509945776099112,6.4384,-13.34666666666667,54
2025-12-25 01:00:00,5.509945776099112,6.158341666666667,-12.629999999999997,54
2025-12-25 02:00:00,5.509945776099112,4.014724999999999,-11.129166666666665,54
2025-12-25 03:00:00,5.509945776099112,5.814766666666665,-9.606666666666667,54
2025-12-25 04:00:00,5.509945776099112,5.388008333333333,-9.289166666666667,54
2025-12-25 05:00:00,5.509945776099112,5.427725,-9.28,54
2025-12-25 06:00:00,5.050783628090853,3.369008333333333,-9.22,54
2025-12-25 07:00:00,5.050783628090853,6.096658333333333,-9.310833333333333,54
2025-12-25 08:00:00,5.050783628090853,3.961958333333333,-9.341666666666667,54
2025-12-25 09:00:00,5.050783628090853,4.950591666666666,-8.8325,54
2025-12-25 10:00:00,4.591621480082594,3.933358333333332,-8.120833333333334,54
2025-12-25 11:00:00,4.591621480082594,3.787275,-6.435833333333334,54
2025-12-25 12:00:00,4.591621480082594,3.7906833333333334,-6.305833333333333,54
2025-12-25 13:00:00,4.591621480082594,4.6106,-5.666666666666667,54
2025-12-25 14:00:00,4.132459332074335,4.094075000000001,-5.316666666666666,54
2025-12-25 15:00:00,4.132459332074335,4.404133333333333,-6.264166666666667,54
2025-12-25 16:00:00,4.591621480082594,4.28995,-7.638333333333333,54
2025-12-25 17:00:00,4.591621480082594,6.007408333333334,-8.574166666666667,54
2025-12-25 18:00:00,4.591621480082594,4.344133333333334,-9.263333333333334,54
2025-12-25 19:00:00,4.591621480082594,4.406066666666666,-10.323333333333332,54
2025-12-25 20:00:00,4.591621480082594,5.468666666666667,-11.810833333333335,54
2025-12-25 21:00:00,5.050783628090853,6.154766666666666,-12.819166666666666,54
2025-12-25 22:00:00,5.050783628090853,5.624533333333333,-13.954166666666666,54
2025-12-26 00:00:00,5.548646738738426,5.6884,-14.729999999999999,55
2025-12-26 01:00:00,5.548646738738426,6.456358333333333,-14.740833333333335,55
2025-12-26 02:00:00,5.548646738738426,4.140266666666666,-15.175833333333332,55
2025-12-26 03:00:00,5.548646738738426,6.005625,-15.903333333333336,55
2025-12-26 04:00:00,5.548646738738426,6.671725,-16.459166666666665,55
2025-12-26 05:00:00,5.548646738738426,4.766858333333333,-16.546666666666667,55
2025-12-26 06:00:00,5.548646738738426,4.49005,-17.60166666666667,55
2025-12-26 07:00:00,5.548646738738426,6.502441666666667,-18.379166666666663,55
2025-12-26 08:00:00,5.548646738738426,4.777408333333333,-16.680833333333336,55
2025-12-26 09:00:00,5.548646738738426,4.582608333333333,-14.448333333333332,55
2025-12-26 10:00:00,5.548646738738426,5.126908333333333,-13.175833333333335,55
2025-12-26 11:00:00,5.0862595105102235,4.286533333333334,-12.723333333333336,55
2025-12-26 12:00:00,4.623872282282021,3.1228416666666665,-11.0925,55
2025-12-26 13:00:00,5.0862595105102235,4.072216666666667,-11.651666666666666,55
2025-12-26 14:00:00,5.548646738738426,6.726666666666667,-12.300833333333335,55
2025-12-26 15:00:00,5.548646738738426,4.691949999999999,-13.152499999999998,55
2025-12-26 16:00:00,5.548646738738426,4.419933333333333,-15.213333333333333,55
2025-12-26 17:00:00,5.548646738738426,5.272049999999999,-17.46166666666667,55
2025-12-26 18:00:00,5.548646738738426,6.119375,-18.978333333333335,55
2025-12-26 19:00:00,5.548646738738426,5.32645,-20.389166666666668,55
2025-12-26 20:00:00,5.548646738738426,4.713733333333334,-20.973333333333333,55
2025-12-26 21:00:00,5.548646738738426,5.656491666666666,-18.861666666666668,55
2025-12-26 22:00:00,5.548646738738426,7.710325000000002,-18.74833333333333,55
2025-12-27 00:00:00,5.548646738738426,5.951158333333333,-19.662499999999998,56
2025-12-27 01:00:00,5.548646738738426,4.881366666666667,-19.884166666666665,56
2025-12-27 02:00:00,5.548646738738426,7.111,-19.81833333333333,56
2025-12-27 03:00:00,5.548646738738426,7.993258333333335,-20.374166666666667,56
2025-12-27 04:00:00,5.548646738738426,6.284616666666666,-20.643333333333334,56
2025-12-27 05:00:00,5.548646738738426,5.292816666666666,-20.518333333333334,56
2025-12-27 06:00:00,5.548646738738426,7.287266666666667,-19.458333333333332,56
2025-12-27 07:00:00,5.548646738738426,7.552591666666668,-18.416666666666664,56
2025-12-27 08:00:00,5.548646738738426,4.666833333333333,-16.480833333333333,56
2025-12-27 09:00:00,5.548646738738426,6.759733333333333,-14.245,56
2025-12-27 10:00:00,5.548646738738426,7.421391666666667,-12.180833333333334,56
2025-12-27 11:00:00,5.548646738738426,5.432666666666666,-11.219166666666666,56
2025-12-27 12:00:00,5.548646738738426,4.617024999999999,-9.800833333333333,56
2025-12-27 13:00:00,5.548646738738426,5.654083333333334,-9.791666666666666,56
2025-12-27 14:00:00,5.548646738738426,4.954433333333333,-10.1575,56
2025-12-27 15:00:00,5.548646738738426,3.910675,-10.550833333333333,56
2025-12-27 16:00:00,5.548646738738426,4.365525000000001,-12.823333333333332,56
2025-12-27 17:00:00,5.548646738738426,4.729358333333334,-14.504166666666663,56
2025-12-27 18:00:00,5.548646738738426,2.8899583333333334,-15.129166666666665,56
2025-12-27 19:00:00,5.548646738738426,4.792175,-16.63333333333333,56
2025-12-27 20:00:00,5.548646738738426,2.6824333333333334,-17.63,56
2025-12-27 21:00:00,5.548646738738426,2.7613333333333334,-18.394166666666667,56
2025-12-27 22:00:00,5.548646738738426,5.769366666666666,-17.485833333333336,56
2025-12-28 00:00:00,5.548646738738426,4.188324999999999,-14.574166666666665,57
2025-12-28 01:00:00,5.548646738738426,5.914333333333333,-14.184166666666664,57
2025-12-28 02:00:00,5.548646738738426,6.445891666666666,-14.4125,57
2025-12-28 03:00:00,5.548646738738426,4.573149999999999,-14.30583333333333,57
2025-12-28 04:00:00,5.548646738738426,5.478516666666666,-13.714166666666666,57
2025-12-28 05:00:00,5.548646738738426,5.944591666666667,-13.360833333333334,57
2025-12-28 06:00:00,5.548646738738426,5.311333333333333,-13.708333333333334,57
2025-12-28 07:00:00,5.548646738738426,3.979241666666666,-13.828333333333333,57
2025-12-28 08:00:00,5.548646738738426,5.744866666666666,-11.654166666666667,57
2025-12-28 09:00:00,5.548646738738426,5.596766666666667,-9.459166666666667,57
2025-12-28 10:00:00,4.623872282282021,2.891266666666666,-6.899166666666666,57
2025-12-28 11:00:00,4.161485054053819,1.5754416666666666,-5.346666666666667,57
2025-12-28 12:00:00,3.6990978258256173,1.423066666666667,-4.095833333333332,57
2025-12-28 13:00:00,4.161485054053819,3.039775,-4.328333333333333,57
2025-12-28 14:00:00,3.6990978258256173,3.703716666666667,-4.670833333333333,57
2025-12-28 15:00:00,4.161485054053819,5.040275,-5.431666666666666,57
2025-12-28 16:00:00,4.161485054053819,4.565575,-6.560833333333334,57
2025-12-28 17:00:00,4.161485054053819,3.780166666666667,-7.449166666666667,57
2025-12-28 18:00:00,4.161485054053819,4.703633333333333,-7.69,57
2025-12-28 19:00:00,4.161485054053819,3.8551416666666665,-8.9675,57
2025-12-28 20:00:00,4.623872282282021,5.00375,-8.8375,57
2025-12-28 21:00:00,4.623872282282021,4.719641666666666,-9.2375,57
2025-12-28 22:00:00,4.623872282282021,4.879833333333334,-10.605833333333333,57
2025-12-29 00:00:00,4.623872282282021,4.436941666666667,-11.209166666666667,58
2025-12-29 01:00:00,4.623872282282021,3.7974833333333335,-11.041666666666666,58
2025-12-29 02:00:00,4.623872282282021,5.109366666666666,-10.526666666666666,58
2025-12-29 03:00:00,5.0862595105102235,5.258283333333334,-9.815,58
2025-12-29 04:00:00,5.0862595105102235,3.6996833333333328,-9.115833333333333,58
2025-12-29 05:00:00,4.623872282282021,4.431333333333333,-8.422500000000001,58
2025-12-29 06:00:00,4.623872282282021,4.980808333333333,-8.0525,58
2025-12-29 07:00:00,4.623872282282021,4.744949999999999,-7.338333333333334,58
2025-12-29 08:00:00,4.623872282282021,3.4192166666666672,-6.634166666666666,58
2025-12-29 09:00:00,4.623872282282021,5.2377916666666655,-5.823333333333334,58
2025-12-29 10:00:00,4.623872282282021,4.766708333333333,-4.7275,58
2025-12-29 11:00:00,4.161485054053819,4.548325,-2.8516666666666666,58
2025-12-29 12:00:00,4.161485054053819,4.2618,-1.1891666666666667,58
2025-12-29 13:00:00,3.6990978258256173,2.7277583333333335,0.44500000000000006,58
2025-12-29 14:00:00,3.6990978258256173,3.8610416666666665,0.6574999999999999,58
2025-12-29 15:00:00,3.6990978258256173,4.823741666666667,0.7083333333333334,58
2025-12-29 16:00:00,3.236710597597415,3.4368416666666666,0.8141666666666666,58
2025-12-29 17:00:00,3.236710597597415,2.743558333333333,0.6158333333333333,58
2025-12-29 18:00:00,3.236710597597415,3.127983333333333,0.12083333333333333,58
2025-12-29 19:00:00,3.236710597597415,1.874658333333333,0.014166666666666666,58
2025-12-29 20:00:00,3.236710597597415,1.9067416666666668,0.01833333333333333,58
2025-12-29 21:00:00,3.236710597597415,1.8822583333333334,0.004166666666666666,58
2025-12-29 22:00:00,3.236710597597415,3.1876999999999995,-0.0375,58
2025-12-30 00:00:00,3.2475176346446393,3.47965,-0.45,59
2025-12-30 01:00:00,3.2475176346446393,3.6163666666666665,-1.6608333333333334,59
2025-12-30 02:00:00,3.2475176346446393,3.2001083333333336,-2.3000000000000003,59
2025-12-30 03:00:00,3.2475176346446393,3.6216583333333334,-2.49,59
2025-12-30 04:00:00,3.2475176346446393,4.196933333333334,-2.9258333333333333,59
2025-12-30 05:00:00,3.2475176346446393,3.7414916666666667,-4.315,59
2025-12-30 06:00:00,3.2475176346446393,3.376541666666667,-6.100833333333334,59
2025-12-30 07:00:00,3.711448725308159,3.7337833333333332,-7.689166666666666,59
2025-12-30 08:00:00,3.711448725308159,5.193333333333333,-8.481666666666667,59
2025-12-30 09:00:00,3.711448725308159,4.58665,-8.214166666666667,59
2025-12-30 10:00:00,3.2475176346446393,3.3894749999999996,-8.3375,59
2025-12-30 11:00:00,3.711448725308159,4.4349083333333335,-9.1675,59
2025-12-30 12:00:00,3.711448725308159,4.613283333333334,-9.64,59
2025-12-30 13:00:00,3.711448725308159,5.901275,-10.398333333333333,59
2025-12-30 14:00:00,4.175379815971679,4.926866666666667,-11.106666666666667,59
2025-12-30 15:00:00,4.175379815971679,4.875433333333333,-11.953333333333333,59
2025-12-30 16:00:00,4.639310906635199,4.514283333333333,-12.648333333333335,59
2025-12-30 17:00:00,4.639310906635199,3.2333250000000002,-13.042500000000004,59
2025-12-30 18:00:00,5.103241997298719,3.96095,-13.269166666666665,59
2025-12-30 19:00:00,5.103241997298719,3.8186916666666666,-13.508333333333333,59
2025-12-30 20:00:00,5.103241997298719,4.495225,-13.773333333333335,59
2025-12-30 21:00:00,5.567173087962239,5.492724999999999,-14.129166666666668,59
2025-12-30 22:00:00,5.567173087962239,6.3628166666666655,-14.825000000000003,59
2025-12-31 00:00:00,5.567173088237486,7.744433333333334,-15.229999999999999,60
2025-12-31 01:00:00,5.567173088237486,6.5699749999999995,-15.649166666666668,60
2025-12-31 02:00:00,5.567173088237486,5.617825000000001,-16.263333333333332,60
2025-12-31 03:00:00,5.567173088237486,5.6474833333333345,-16.3475,60
2025-12-31 04:00:00,5.567173088237486,6.854783333333333,-16.198333333333334,60
2025-12-31 05:00:00,5.567173088237486,5.791616666666666,-16.587500000000002,60
2025-12-31 06:00:00,5.567173088237486,5.286008333333333,-18.212500000000002,60
2025-12-31 07:00:00,5.567173088237486,6.544341666666666,-17.986666666666668,60
2025-12-31 08:00:00,5.567173088237486,5.685466666666667,-15.652500000000003,60
2025-12-31 09:00:00,5.567173088237486,6.178283333333333,-13.315833333333332,60
2025-12-31 10:00:00,5.567173088237486,6.405516666666667,-11.402500000000002,60
2025-12-31 11:00:00,5.567173088237486,3.2641000000000004,-10.269166666666667,60
2025-12-31 12:00:00,5.103241997551029,6.219291666666665,-8.151666666666666,60
2025-12-31 13:00:00,5.103241997551029,7.496741666666666,-7.772500000000001,60
2025-12-31 14:00:00,5.103241997551029,6.568725000000001,-7.5325,60
2025-12-31 15:00:00,5.103241997551029,5.649891666666666,-7.998333333333332,60
2025-12-31 16:00:00,5.567173088237486,6.870066666666665,-10.546666666666667,60
2025-12-31 17:00:00,5.103241997551029,4.619241666666666,-12.265833333333333,60
2025-12-31 18:00:00,5.567173088237486,5.583908333333333,-13.611666666666666,60
2025-12-31 19:00:00,5.567173088237486,5.913058333333334,-14.82416666666667,60
2025-12-31 20:00:00,5.567173088237486,4.842491666666667,-15.278333333333334,60
2025-12-31 21:00:00,5.567173088237486,7.141191666666667,-15.9225,60
2025-12-31 22:00:00,5.567173088237486,4.313133333333333,-16.29083333333333,60
2026-01-01 00:00:00,5.567173088237486,3.898658333333334,-16.625,61
2026-01-01 01:00:00,5.567173088237486,6.582758333333333,-15.895000000000001,61
2026-01-01 02:00:00,5.567173088237486,6.137,-14.832500000000001,61
2026-01-01 03:00:00,5.567173088237486,4.445316666666666,-13.796666666666667,61
2026-01-01 04:00:00,5.567173088237486,5.5644583333333335,-12.865833333333333,61
2026-01-01 05:00:00,5.567173088237486,5.214333333333332,-12.184999999999997,61
2026-01-01 06:00:00,5.567173088237486,6.537433333333334,-11.578333333333333,61
2026-01-01 07:00:00,5.567173088237486,3.070233333333333,-11.2275,61
2026-01-01 08:00:00,5.567173088237486,3.9296750000000005,-9.808333333333332,61
2026-01-01 09:00:00,5.567173088237486,5.215066666666667,-7.478333333333334,61
2026-01-01 10:00:00,4.639310906864572,3.8643583333333327,-6.41,61
2026-01-01 11:00:00,5.103241997551029,3.888008333333333,-5.635000000000001,61
2026-01-01 12:00:00,4.175379816178115,5.0855500000000005,-4.781666666666666,61
2026-01-01 13:00:00,4.175379816178115,2.8987333333333334,-4.335833333333333,61
2026-01-01 14:00:00,3.7114487254916577,3.2435666666666667,-4.5925,61
2026-01-01 15:00:00,4.175379816178115,2.7258666666666667,-5.458333333333333,61
2026-01-01 16:00:00,3.7114487254916577,2.7149499999999995,-7.6475,61
2026-01-01 17:00:00,4.175379816178115,4.150975,-9.5,61
2026-01-01 18:00:00,4.639310906864572,6.295483333333333,-10.56,61
2026-01-01 19:00:00,4.639310906864572,5.20505,-11.152499999999998,61
2026-01-01 20:00:00,5.567173088237486,4.867799999999999,-11.745833333333332,61
2026-01-01 21:00:00,5.567173088237486,4.5357916666666656,-12.398333333333333,61
2026-01-01 22:00:00,5.103241997551029,5.15115,-13.013333333333334,61
2026-01-02 00:00:00,5.577310484568257,7.593049999999999,-15.265,62
2026-01-02 01:00:00,5.577310484568257,6.86505,-15.783333333333333,62
2026-01-02 02:00:00,5.577310484568257,6.345083333333333,-16.471666666666668,62
2026-01-02 03:00:00,5.577310484568257,7.607708333333333,-17.000833333333336,62
2026-01-02 04:00:00,5.577310484568257,7.1913166666666655,-17.528333333333332,62
2026-01-02 05:00:00,5.577310484568257,6.950541666666666,-17.959166666666665,62
2026-01-02 06:00:00,5.577310484568257,7.089866666666666,-18.790833333333335,62
2026-01-02 07:00:00,5.577310484568257,6.691216666666667,-19.019166666666663,62
2026-01-02 08:00:00,5.577310484568257,7.645716666666667,-17.58,62
2026-01-02 09:00:00,5.577310484568257,5.5107333333333335,-16.065,62
2026-01-02 10:00:00,5.577310484568257,6.462608333333335,-14.152500000000002,62
2026-01-02 11:00:00,5.577310484568257,4.816975,-13.102500000000001,62
2026-01-02 12:00:00,5.577310484568257,5.981224999999999,-12.160833333333334,62
2026-01-02 13:00:00,5.577310484568257,7.188325000000001,-12.614166666666668,62
2026-01-02 14:00:00,5.577310484568257,6.655291666666667,-12.930833333333332,62
2026-01-02 15:00:00,5.577310484568257,6.293233333333333,-13.718333333333334,62
2026-01-02 16:00:00,5.577310484568257,5.624366666666667,-14.667499999999999,62
2026-01-02 17:00:00,5.577310484568257,5.654724999999998,-15.005833333333333,62
2026-01-02 18:00:00,5.577310484568257,4.770041666666667,-15.29083333333333,62
2026-01-02 19:00:00,5.577310484568257,4.8042750000000005,-15.656666666666668,62
2026-01-02 20:00:00,5.577310484568257,6.1534,-16.36583333333333,62
2026-01-02 21:00:00,5.577310484568257,6.286200000000001,-16.343333333333334,62
2026-01-02 22:00:00,5.577310484568257,6.22405,-16.195,62
2026-01-03 00:00:00,5.711596309448047,6.720016666666667,-15.105833333333335,63
2026-01-03 01:00:00,5.711596309448047,6.5870750000000005,-15.329166666666671,63
2026-01-03 02:00:00,5.711596309448047,6.462441666666667,-15.38,63
2026-01-03 03:00:00,5.711596309448047,6.434916666666666,-15.73666666666667,63
2026-01-03 04:00:00,5.711596309448047,6.281224999999999,-16.49083333333333,63
2026-01-03 05:00:00,5.711596309448047,7.304074999999999,-17.0875,63
2026-01-03 06:00:00,5.711596309448047,5.1687416666666675,-17.44416666666667,63
2026-01-03 07:00:00,5.711596309448047,7.294583333333333,-17.482499999999998,63
2026-01-03 08:00:00,5.711596309448047,7.2778583333333335,-15.9225,63
2026-01-03 09:00:00,5.711596309448047,6.054741666666666,-14.634999999999998,63
2026-01-03 10:00:00,5.711596309448047,6.353433333333333,-13.417499999999999,63
2026-01-03 11:00:00,5.711596309448047,6.573025,-12.736666666666666,63
2026-01-03 12:00:00,5.235629950327376,3.4977166666666673,-12.07,63
2026-01-03 13:00:00,5.711596309448047,5.892233333333333,-12.470833333333331,63
2026-01-03 14:00:00,5.711596309448047,7.2001833333333325,-12.791666666666666,63
2026-01-03 15:00:00,5.711596309448047,7.218724999999999,-13.671666666666667,63
2026-01-03 16:00:00,5.711596309448047,6.3941333333333334,-15.032499999999997,63
2026-01-03 17:00:00,5.711596309448047,7.265508333333332,-15.300000000000002,63
2026-01-03 18:00:00,5.711596309448047,7.004833333333333,-15.878333333333336,63
2026-01-03 19:00:00,5.711596309448047,6.121658333333333,-16.24,63
2026-01-03 20:00:00,5.711596309448047,5.424483333333333,-16.963333333333335,63
2026-01-03 21:00:00,5.711596309448047,5.241274999999999,-17.463333333333335,63
2026-01-03 22:00:00,5.711596309448047,6.163249999999999,-17.74416666666667,63
2026-01-04 00:00:00,6.528637658991496,7.430299999999999,-18.60083333333333,64
2026-01-04 01:00:00,6.528637658991496,5.9780999999999995,-19.438333333333333,64
2026-01-04 02:00:00,6.528637658991496,6.568241666666666,-19.809166666666666,64
2026-01-04 03:00:00,6.528637658991496,7.485541666666666,-18.976666666666667,64
2026-01-04 04:00:00,6.528637658991496,6.120566666666665,-19.607499999999998,64
2026-01-04 05:00:00,6.528637658991496,6.690633333333333,-20.699166666666667,64
2026-01-04 06:00:00,6.528637658991496,7.484083333333332,-21.43416666666667,64
2026-01-04 07:00:00,6.528637658991496,6.057658333333334,-22.291666666666668,64
2026-01-04 08:00:00,6.528637658991496,7.608133333333334,-19.7075,64
2026-01-04 09:00:00,6.528637658991496,6.13755,-15.653333333333334,64
2026-01-04 10:00:00,6.528637658991496,5.790825000000001,-13.827499999999999,64
2026-01-04 11:00:00,5.984584520742205,4.400983333333333,-12.520000000000001,64
2026-01-04 12:00:00,4.896478244243623,4.283241666666666,-11.906666666666668,64
2026-01-04 13:00:00,5.984584520742205,4.858508333333332,-12.730833333333331,64
2026-01-04 14:00:00,5.984584520742205,8.134066666666666,-13.246666666666668,64
2026-01-04 15:00:00,5.984584520742205,6.076716666666667,-14.245833333333332,64
2026-01-04 16:00:00,5.984584520742205,6.812941666666665,-15.84666666666667,64
2026-01-04 17:00:00,5.984584520742205,5.869433333333333,-17.087500000000002,64
2026-01-04 18:00:00,6.528637658991496,7.4489166666666655,-17.731666666666666,64
2026-01-04 19:00:00,6.528637658991496,3.842825,-16.540833333333335,64
2026-01-04 20:00:00,6.528637658991496,6.095066666666667,-15.527500000000002,64
2026-01-04 21:00:00,5.984584520742205,3.012566666666667,-16.379166666666666,64
2026-01-04 22:00:00,5.984584520742205,6.006733333333332,-16.8325,64
2026-01-05 00:00:00,6.50330069183175,6.393599999999999,-18.105833333333333,65
2026-01-05 01:00:00,6.50330069183175,6.840958333333333,-18.485,65
2026-01-05 02:00:00,6.50330069183175,6.988458333333333,-19.040833333333335,65
2026-01-05 03:00:00,6.50330069183175,7.112266666666668,-18.421666666666667,65
2026-01-05 04:00:00,5.912091538028864,5.718708333333333,-18.958333333333332,65
2026-01-05 05:00:00,6.50330069183175,5.957766666666666,-19.918333333333337,65
2026-01-05 06:00:00,6.50330069183175,6.763150000000001,-19.551666666666666,65
2026-01-05 07:00:00,6.50330069183175,7.237474999999998,-19.254166666666666,65
2026-01-05 08:00:00,6.50330069183175,6.837566666666666,-17.7775,65
2026-01-05 09:00:00,5.912091538028864,5.208608333333332,-15.662500000000001,65
2026-01-05 10:00:00,5.912091538028864,5.4014,-13.74,65
2026-01-05 11:00:00,5.912091538028864,5.291133333333333,-12.102500000000001,65
2026-01-05 12:00:00,5.320882384225978,5.072649999999999,-10.725,65
2026-01-05 13:00:00,5.320882384225978,7.174391666666668,-10.569166666666666,65
2026-01-05 14:00:00,5.320882384225978,8.1255,-10.699166666666665,65
2026-01-05 15:00:00,5.320882384225978,6.819,-11.560833333333333,65
2026-01-05 16:00:00,5.320882384225978,6.631216666666667,-13.380000000000003,65
2026-01-05 17:00:00,5.320882384225978,5.0655833333333335,-14.244166666666667,65
2026-01-05 18:00:00,5.320882384225978,4.532658333333334,-14.67,65
2026-01-05 19:00:00,5.912091538028864,5.149816666666667,-14.120833333333332,65
2026-01-05 20:00:00,5.912091538028864,5.080583333333333,-13.76,65
2026-01-05 21:00:00,5.912091538028864,7.200733333333333,-13.370833333333332,65
2026-01-05 22:00:00,5.912091538028864,8.410908333333333,-13.134166666666665,65
2026-01-06 00:00:00,5.7015354121119834,6.148541666666667,-12.694166666666666,66
2026-01-06 01:00:00,5.1313818709007855,5.104116666666666,-13.791666666666666,66
2026-01-06 02:00:00,5.7015354121119834,5.7600333333333325,-15.286666666666669,66
2026-01-06 03:00:00,5.7015354121119834,4.623425,-16.749166666666667,66
2026-01-06 04:00:00,6.271688953323181,6.435099999999999,-17.782500000000002,66
2026-01-06 05:00:00,6.271688953323181,6.8702250000000005,-17.017500000000002,66
2026-01-06 06:00:00,5.7015354121119834,4.199108333333334,-17.413333333333338,66
2026-01-06 07:00:00,6.271688953323181,6.620441666666666,-18.1425,66
2026-01-06 08:00:00,5.1313818709007855,5.2284999999999995,-16.824166666666667,66
2026-01-08 11:10:00,2.866623095931311,3.644633333333333,0.7541666666666665,68
2026-01-08 12:10:00,1.7199738575587866,1.3664249999999998,1.015,68
2026-01-08 13:10:00,2.293298476745049,2.641758333333333,0.8333333333333334,68
2026-01-08 14:10:00,2.866623095931311,3.2698583333333326,0.6716666666666667,68
2026-01-08 15:10:00,2.866623095931311,2.3707916666666664,0.20416666666666664,68
2026-01-08 16:10:00,2.866623095931311,4.414791666666667,-0.10166666666666667,68
2026-01-08 17:10:00,2.866623095931311,2.6529166666666666,-0.3466666666666667,68
2026-01-08 18:10:00,2.866623095931311,3.8215,-1.1116666666666668,68
2026-01-08 19:10:00,2.866623095931311,1.3577166666666667,-1.4816666666666667,68
2026-01-08 20:10:00,3.4399477151175732,2.467833333333333,-1.2033333333333334,68
2026-01-08 21:10:00,2.866623095931311,1.3902666666666668,-1.2449999999999999,68
2026-01-08 22:10:00,3.4399477151175732,2.5542,-1.2216666666666667,68
2026-01-09 00:00:00,3.3933751858931376,2.4035249999999997,-1.3525,69
2026-01-09 01:00:00,3.3933751858931376,4.929825,-1.2983333333333333,69
2026-01-09 02:00:00,2.827812654910948,2.8087333333333335,-1.39,69
2026-01-09 03:00:00,3.3933751858931376,3.6750583333333338,-1.3941666666666668,69
2026-01-09 04:00:00,3.3933751858931376,2.255075,-1.4166666666666667,69
2026-01-09 05:00:00,3.3933751858931376,3.283208333333333,-1.4908333333333335,69
2026-01-09 06:00:00,3.3933751858931376,4.216774999999999,-1.6716666666666666,69
2026-01-09 07:00:00,2.827812654910948,2.687091666666667,-1.1900000000000002,69
2026-01-09 08:00:00,3.3933751858931376,3.373333333333333,-0.5791666666666667,69
2026-01-09 09:00:00,2.827812654910948,2.703458333333333,0.5508333333333333,69
2026-01-09 10:00:00,2.827812654910948,4.312666666666667,0.5658333333333334,69
2026-01-09 11:00:00,2.827812654910948,1.5810833333333332,0.5975,69
2026-01-09 12:00:00,2.827812654910948,2.967491666666666,1.1575,69
2026-01-09 13:00:00,2.827812654910948,3.392533333333333,1.635,69
2026-01-09 14:00:00,2.827812654910948,3.453691666666667,2.0016666666666674,69
2026-01-09 15:00:00,2.827812654910948,1.1322666666666668,1.9891666666666667,69
2026-01-09 16:00:00,2.827812654910948,3.2355416666666668,2.69,69
2026-01-09 17:00:00,2.827812654910948,3.099183333333333,2.9716666666666662,69
2026-01-09 18:00:00,2.827812654910948,1.178,2.8641666666666663,69
2026-01-09 19:00:00,2.827812654910948,1.7887583333333332,3.0083333333333333,69
2026-01-09 20:00:00,2.827812654910948,1.975225,3.1799999999999997,69
2026-01-09 21:00:00,2.2622501239287582,1.418975,3.466666666666667,69
2026-01-09 22:00:00,2.2622501239287582,3.169616666666666,3.545833333333333,69
2026-01-10 00:00:00,2.2886779407723252,3.913,3.7266666666666666,70
2026-01-10 01:00:00,2.2886779407723252,3.1388166666666666,3.4625,70
2026-01-10 02:00:00,2.2886779407723252,2.6451416666666665,3.3841666666666668,70
2026-01-10 03:00:00,2.2886779407723252,2.879716666666667,3.06,70
2026-01-10 04:00:00,2.2886779407723252,3.692424999999999,2.3333333333333335,70
2026-01-10 05:00:00,2.2886779407723252,2.4387416666666666,2.416666666666667,70
2026-01-10 06:00:00,2.8608474259654066,3.2229,2.2408333333333332,70
2026-01-10 07:00:00,2.2886779407723252,3.457191666666666,1.7824999999999998,70
2026-01-10 08:00:00,1.7165084555792438,3.0412333333333335,1.9075,70
2026-01-10 09:00:00,2.2886779407723252,2.7873583333333336,1.5599999999999998,70
2026-01-10 10:00:00,1.1443389703861626,0.0,2.8475,70
2026-01-10 11:00:00,1.7165084555792438,4.0207749999999995,3.8216666666666668,70
2026-01-10 12:00:00,1.1443389703861626,1.3334666666666666,3.8383333333333334,70
2026-01-10 13:00:00,1.7165084555792438,1.5425916666666666,3.731666666666667,70
2026-01-10 14:00:00,1.7165084555792438,3.3333416666666666,2.8658333333333332,70
2026-01-10 15:00:00,1.7165084555792438,2.436358333333333,1.4525000000000003,70
2026-01-10 16:00:00,2.2886779407723252,4.513625,0.18000000000000002,70
2026-01-10 17:00:00,2.2886779407723252,1.5879083333333335,-0.4850000000000001,70
2026-01-10 18:00:00,2.2886779407723252,0.0,-1.195,70
2026-01-10 19:00:00,2.8608474259654066,2.9819666666666667,-2.1799999999999997,70
2026-01-10 20:00:00,2.8608474259654066,1.5225416666666667,-2.333333333333333,70
2026-01-10 21:00:00,2.8608474259654066,4.1062916666666665,-3.0050000000000003,70
2026-01-10 22:00:00,2.8608474259654066,1.395925,-2.6625,70
2026-01-11 00:00:00,2.8552849628553263,2.433775,-1.5366666666666668,71
2026-01-11 01:00:00,3.4263419554263916,3.3033333333333332,-1.5191666666666663,71
2026-01-11 02:00:00,3.4263419554263916,3.7013916666666664,-2.0374999999999996,71
2026-01-11 03:00:00,3.4263419554263916,3.1635416666666667,-2.964166666666667,71
2026-01-11 04:00:00,3.4263419554263916,2.7097583333333333,-3.5325,71
2026-01-11 05:00:00,3.4263419554263916,3.3040583333333338,-3.638333333333333,71
2026-01-11 06:00:00,3.4263419554263916,3.7473499999999995,-3.75,71
2026-01-11 07:00:00,3.4263419554263916,1.5040666666666667,-3.6658333333333335,71
2026-01-11 08:00:00,3.4263419554263916,3.9023083333333335,-3.1341666666666668,71
2026-01-11 09:00:00,3.4263419554263916,2.2830249999999994,-2.481666666666667,71
2026-01-11 10:00:00,2.8552849628553263,2.421491666666667,-1.7333333333333332,71
2026-01-11 11:00:00,2.284227970284261,2.2737583333333333,-1.091666666666667,71
2026-01-11 12:00:00,2.8552849628553263,1.3238166666666666,-1.02,71
2026-01-11 13:00:00,2.8552849628553263,2.9651583333333327,-1.2883333333333333,71
2026-01-11 14:00:00,2.8552849628553263,2.9654583333333333,-1.5383333333333333,71
2026-01-11 15:00:00,2.8552849628553263,2.3934666666666664,-1.5608333333333333,71
2026-01-11 16:00:00,3.4263419554263916,2.9965333333333333,-2.1158333333333332,71
2026-01-11 17:00:00,2.8552849628553263,4.023266666666667,-2.306666666666667,71
2026-01-11 18:00:00,3.4263419554263916,0.0,-2.651666666666667,71
2026-01-11 19:00:00,3.4263419554263916,0.4343333333333333,-3.4949999999999997,71
2026-01-11 20:00:00,3.4263419554263916,0.7319833333333332,-4.055,71
2026-01-11 21:00:00,2.8552849628553263,2.703683333333333,-4.324166666666667,71
2026-01-11 22:00:00,3.4263419554263916,3.7762249999999997,-5.264166666666667,71
2026-01-12 00:00:00,3.419823672983944,3.2612833333333326,-6.245,72
2026-01-12 01:00:00,3.419823672983944,1.9270416666666665,-6.5874999999999995,72
2026-01-12 02:00:00,3.419823672983944,3.765925,-5.134166666666666,72
2026-01-12 03:00:00,3.989794285147935,2.950233333333333,-4.629166666666666,72
2026-01-12 04:00:00,3.989794285147935,3.6419500000000005,-6.073333333333333,72
2026-01-12 05:00:00,3.989794285147935,2.883325,-6.739999999999999,72
2026-01-12 06:00:00,4.559764897311926,4.528108333333333,-8.119166666666667,72
2026-01-12 07:00:00,3.989794285147935,4.73945,-8.444166666666666,72
2026-01-12 08:00:00,3.989794285147935,4.096824999999999,-8.154166666666667,72
2026-01-12 09:00:00,3.989794285147935,4.222908333333334,-7.620833333333334,72
2026-01-12 10:00:00,3.419823672983944,3.618325,-6.2,72
2026-01-12 11:00:00,2.279882448655963,2.9447166666666664,-5.791666666666668,72
2026-01-12 12:00:00,3.419823672983944,2.999358333333333,-5.05,72
2026-01-12 13:00:00,3.419823672983944,2.508766666666667,-5.160833333333333,72
2026-01-12 14:00:00,3.419823672983944,3.6407,-5.657499999999999,72
2026-01-12 15:00:00,3.419823672983944,5.428141666666666,-5.388333333333333,72
2026-01-12 16:00:00,3.419823672983944,3.2914083333333335,-5.452500000000001,72
2026-01-12 17:00:00,3.989794285147935,2.804875,-5.73,72
2026-01-12 18:00:00,3.989794285147935,1.6575833333333332,-5.541666666666667,72
2026-01-12 19:00:00,3.989794285147935,4.499633333333333,-5.7508333333333335,72
2026-01-12 20:00:00,3.419823672983944,1.6966416666666666,-5.656666666666666,72
2026-01-12 21:00:00,3.989794285147935,2.9162,-5.509166666666666,72
2026-01-12 22:00:00,3.419823672983944,4.1695416666666665,-5.311666666666667,72
2026-01-13 00:00:00,3.9863820718083427,4.100175,-4.441666666666666,73
2026-01-13 01:00:00,3.416898918692865,1.5365749999999998,-3.6566666666666663,73
2026-01-13 02:00:00,3.9863820718083427,3.5965333333333334,-3.2175,73
2026-01-13 03:00:00,3.416898918692865,3.060191666666667,-2.8375000000000004,73
2026-01-13 04:00:00,3.416898918692865,3.6439,-2.4999999999999996,73
2026-01-13 05:00:00,3.416898918692865,2.8889083333333327,-2.7000000000000006,73
2026-01-13 06:00:00,3.416898918692865,3.220816666666667,-2.5366666666666666,73
2026-01-13 07:00:00,3.416898918692865,2.6928916666666667,-3.4491666666666667,73
2026-01-13 08:00:00,2.8474157655773875,3.5339416666666663,-2.0174999999999996,73
2026-01-13 09:00:00,2.8474157655773875,3.865708333333333,-0.4116666666666666,73
2026-01-13 10:00:00,2.8474157655773875,2.808125,0.7275,73
2026-01-13 11:00:00,2.8474157655773875,3.0455083333333333,1.1716666666666666,73
2026-01-13 12:00:00,2.8474157655773875,2.791283333333333,1.4641666666666666,73
2026-01-13 13:00:00,2.27793261246191,2.6655416666666665,2.4500000000000006,73
2026-01-13 14:00:00,1.7084494593464323,2.383775,2.388333333333333,73
2026-01-13 15:00:00,2.27793261246191,2.2012416666666668,1.1308333333333334,73
2026-01-13 16:00:00,2.8474157655773875,4.708241666666666,0.000833333333333341,73
2026-01-13 17:00:00,2.8474157655773875,2.304116666666667,-0.7783333333333334,73
2026-01-13 18:00:00,2.27793261246191,1.75475,-1.9766666666666668,73
2026-01-13 19:00:00,2.8474157655773875,1.351675,-0.38833333333333336,73
2026-01-13 20:00:00,2.8474157655773875,2.3140166666666664,-0.4166666666666667,73
2026-01-13 21:00:00,2.8474157655773875,1.4541666666666666,-0.9441666666666667,73
2026-01-13 22:00:00,2.8474157655773875,3.2956666666666665,-0.5549999999999999,73
2026-01-14 00:00:00,2.847394471050107,4.5168583333333325,0.06000000000000002,74
2026-01-14 01:00:00,2.847394471050107,3.1015083333333333,0.5933333333333334,74
2026-01-14 02:00:00,2.847394471050107,2.725933333333333,0.7691666666666666,74
2026-01-14 03:00:00,2.2779155768400856,3.177208333333333,0.5108333333333334,74
2026-01-14 04:00:00,2.847394471050107,2.4874666666666663,0.5,74
2026-01-14 05:00:00,2.847394471050107,2.6283583333333334,0.29083333333333333,74
2026-01-14 06:00:00,2.847394471050107,2.4006166666666666,0.4766666666666666,74
2026-01-14 07:00:00,2.847394471050107,3.2932333333333337,0.37000000000000005,74
2026-01-14 08:00:00,2.847394471050107,2.2512833333333333,0.7641666666666667,74
2026-01-14 09:00:00,2.847394471050107,3.262683333333333,1.6208333333333333,74
2026-01-14 10:00:00,2.2779155768400856,2.2800499999999997,2.2725000000000004,74
2026-01-14 11:00:00,2.847394471050107,3.279558333333333,2.9716666666666662,74
2026-01-14 12:00:00,1.7084366826300643,2.016033333333333,4.213333333333334,74
2026-01-14 13:00:00,2.2779155768400856,3.233875,4.7316666666666665,74
2026-01-14 14:00:00,2.2779155768400856,2.1524916666666667,4.396666666666666,74
2026-01-14 15:00:00,2.2779155768400856,2.24595,2.7816666666666663,74
2026-01-14 16:00:00,2.2779155768400856,3.418441666666667,1.3091666666666666,74
2026-01-14 17:00:00,2.2779155768400856,1.1789499999999997,0.6575000000000001,74
2026-01-14 18:00:00,2.847394471050107,3.0091833333333335,0.44083333333333324,74
2026-01-14 19:00:00,2.2779155768400856,2.0864999999999996,0.2800000000000001,74
2026-01-14 20:00:00,2.847394471050107,2.7896916666666662,0.3241666666666667,74
2026-01-14 21:00:00,2.2779155768400856,1.0771499999999998,0.24000000000000007,74
2026-01-14 22:00:00,2.847394471050107,3.12215,0.1375,74
2026-01-15 00:00:00,2.847525156435897,2.7555916666666667,0.17,75
2026-01-15 01:00:00,2.847525156435897,2.350625,0.25000000000000006,75
2026-01-15 02:00:00,2.847525156435897,3.675075,0.2875000000000001,75
2026-01-15 03:00:00,2.847525156435897,2.6519833333333334,0.3491666666666667,75
2026-01-15 04:00:00,2.847525156435897,3.1777166666666665,0.375,75
2026-01-15 05:00:00,2.847525156435897,2.8014249999999996,0.31583333333333335,75
2026-01-15 06:00:00,2.847525156435897,2.7789083333333333,0.3983333333333334,75
2026-01-15 07:00:00,2.847525156435897,3.46965,0.3841666666666667,75
2026-01-15 08:00:00,2.847525156435897,2.25345,0.7225,75
2026-01-15 09:00:00,2.847525156435897,2.822141666666667,1.3141666666666667,75
2026-01-15 10:00:00,2.2780201251487178,1.8347666666666667,2.3983333333333334,75
2026-01-15 11:00:00,2.847525156435897,2.6801083333333335,2.3800000000000003,75
2026-01-15 12:00:00,2.847525156435897,3.0054749999999997,2.5775,75
2026-01-15 13:00:00,2.2780201251487178,2.6380916666666665,2.9225,75
2026-01-15 14:00:00,2.847525156435897,3.8225999999999996,2.82,75
2026-01-15 15:00:00,2.847525156435897,2.4138333333333333,2.4266666666666667,75
2026-01-15 16:00:00,2.847525156435897,2.7360499999999996,2.2325,75
2026-01-15 17:00:00,2.847525156435897,1.9579666666666664,2.1725,75
2026-01-15 18:00:00,2.847525156435897,2.186958333333333,2.3891666666666667,75
2026-01-15 19:00:00,2.847525156435897,2.196733333333333,2.0050000000000003,75
2026-01-15 20:00:00,2.2780201251487178,2.2777166666666666,1.2041666666666666,75
2026-01-15 21:00:00,2.847525156435897,3.6357,0.44916666666666666,75
2026-01-15 22:00:00,2.847525156435897,3.105866666666666,0.6108333333333332,75
2026-01-16 00:00:00,2.8437556780963176,2.7234166666666666,-1.4166666666666667,76
2026-01-16 01:00:00,3.412506813715581,4.952533333333333,-3.7650000000000006,76
2026-01-16 02:00:00,2.8437556780963176,2.6393,-4.839166666666667,76
2026-01-16 03:00:00,3.412506813715581,3.466491666666667,-5.7316666666666665,76
2026-01-16 04:00:00,3.981257949334845,3.514816666666666,-6.2825,76
2026-01-16 05:00:00,3.981257949334845,5.634225,-6.888333333333333,76
2026-01-16 06:00:00,3.981257949334845,4.375741666666666,-7.661666666666666,76
2026-01-16 07:00:00,3.981257949334845,3.929033333333333,-8.577499999999999,76
2026-01-16 08:00:00,4.550009084954108,4.867475,-10.110833333333334,76
2026-01-16 09:00:00,3.981257949334845,4.509983333333333,-10.915,76
2026-01-16 10:00:00,3.981257949334845,5.4056999999999995,-11.112499999999999,76
2026-01-16 11:00:00,4.550009084954108,5.5118583333333335,-11.059166666666668,76
2026-01-16 12:00:00,3.981257949334845,4.461350000000001,-10.430833333333334,76
2026-01-16 13:00:00,4.550009084954108,4.687975,-10.365833333333333,76
2026-01-16 14:00:00,4.550009084954108,5.6526,-10.536666666666667,76
2026-01-16 15:00:00,4.550009084954108,4.5546999999999995,-11.259166666666667,76
2026-01-16 16:00:00,5.118760220573371,6.635974999999999,-12.106666666666664,76
2026-01-16 17:00:00,5.118760220573371,6.817708333333332,-12.713333333333333,76
2026-01-16 18:00:00,5.118760220573371,5.417933333333333,-13.199166666666665,76
2026-01-16 19:00:00,5.687511356192634,5.520083333333335,-13.480833333333337,76
2026-01-16 20:00:00,5.687511356192634,6.350975000000001,-13.833333333333334,76
2026-01-16 21:00:00,5.687511356192634,6.435408333333334,-14.195,76
2026-01-16 22:00:00,5.687511356192634,6.461924999999999,-14.495,76
2026-01-17 00:00:00,6.254207622620524,6.609708333333333,-13.305833333333332,77
2026-01-17 01:00:00,5.685643293291386,6.802241666666666,-12.855833333333337,77
2026-01-17 02:00:00,5.685643293291386,7.5463749999999985,-12.305833333333334,77
2026-01-17 03:00:00,5.117078963962247,5.185666666666667,-11.883333333333333,77
2026-01-17 04:00:00,5.685643293291386,5.694441666666667,-11.660833333333334,77
2026-01-17 05:00:00,5.685643293291386,6.325175000000001,-11.490833333333333,77
2026-01-17 06:00:00,5.685643293291386,6.765016666666666,-11.656666666666666,77
2026-01-17 07:00:00,5.117078963962247,5.878141666666666,-11.490833333333333,77
2026-01-17 08:00:00,5.117078963962247,3.560775,-11.013333333333334,77
2026-01-17 09:00:00,5.117078963962247,5.6183499999999995,-10.0925,77
2026-01-17 10:00:00,5.117078963962247,5.211266666666666,-9.530833333333332,77
2026-01-17 11:00:00,4.548514634633109,4.885974999999999,-9.2675,77
2026-01-17 12:00:00,4.548514634633109,4.078725,-8.860833333333334,77
2026-01-17 13:00:00,4.548514634633109,4.2922,-8.480833333333333,77
2026-01-17 14:00:00,4.548514634633109,2.8241999999999994,-8.299999999999999,77
2026-01-17 15:00:00,3.9799503053039698,4.778325,-8.26,77
2026-01-17 16:00:00,3.9799503053039698,1.6369083333333334,-8.28,77
2026-01-17 17:00:00,4.548514634633109,6.959391666666666,-8.25,77
2026-01-17 18:00:00,4.548514634633109,4.1508416666666665,-8.115,77
2026-01-17 19:00:00,3.9799503053039698,3.7105416666666664,-8.019166666666667,77
2026-01-17 20:00:00,3.9799503053039698,4.216175,-7.885000000000001,77
2026-01-17 21:00:00,3.9799503053039698,3.92025,-8.218333333333334,77
2026-01-17 22:00:00,3.9799503053039698,3.648608333333333,-10.2825,77
2026-01-18 00:00:00,4.588457390680755,6.1139833333333335,-13.166666666666666,78
2026-01-18 01:00:00,5.16201456451585,6.0207250000000005,-13.939166666666667,78
2026-01-18 02:00:00,5.16201456451585,5.3219,-13.819166666666666,78
2026-01-18 03:00:00,5.16201456451585,5.595916666666667,-13.592500000000001,78
2026-01-18 04:00:00,5.735571738350945,6.4831916666666665,-13.235833333333332,78
2026-01-18 05:00:00,5.735571738350945,5.196291666666666,-12.870833333333332,78
2026-01-18 06:00:00,4.588457390680755,4.252425,-12.406666666666666,78
2026-01-18 07:00:00,5.16201456451585,6.526775,-11.667499999999999,78
2026-01-18 08:00:00,5.16201456451585,5.26695,-10.278333333333334,78
2026-01-18 09:00:00,4.588457390680755,3.580991666666667,-8.519166666666667,78
2026-01-18 10:00:00,4.588457390680755,4.404658333333333,-6.499166666666667,78
2026-01-18 11:00:00,4.0149002168456605,3.3760250000000003,-4.632499999999999,78
2026-01-18 12:00:00,4.0149002168456605,2.2080083333333334,-2.3658333333333332,78
2026-01-18 13:00:00,4.0149002168456605,1.869875,-2.3041666666666667,78
2026-01-18 14:00:00,3.4413430430105665,2.8004583333333333,-2.336666666666667,78
2026-01-18 15:00:00,3.4413430430105665,2.713683333333333,-3.08,78
2026-01-18 16:00:00,3.4413430430105665,0.0,-4.153333333333333,78
2026-01-18 17:00:00,4.0149002168456605,3.025975,-4.9366666666666665,78
2026-01-18 18:00:00,3.4413430430105665,1.5024666666666664,-5.44,78
2026-01-18 19:00:00,4.0149002168456605,2.9722249999999995,-5.834166666666667,78
2026-01-18 20:00:00,3.4413430430105665,3.407316666666667,-6.129166666666666,78
2026-01-18 21:00:00,4.0149002168456605,4.591083333333333,-6.064166666666666,78
2026-01-18 22:00:00,3.4413430430105665,2.580133333333334,-6.073333333333333,78
2026-01-19 00:00:00,4.02585383768619,4.125733333333334,-6.2299999999999995,79
2026-01-19 01:00:00,3.4507318608738777,2.81395,-6.260000000000001,79
2026-01-19 02:00:00,4.02585383768619,3.3394749999999997,-6.2700000000000005,79
2026-01-19 03:00:00,4.02585383768619,5.130333333333334,-6.275000000000001,79
2026-01-19 04:00:00,4.02585383768619,2.088433333333333,-6.426666666666667,79
2026-01-19 05:00:00,4.02585383768619,3.5554250000000005,-6.69,79
2026-01-19 06:00:00,3.4507318608738777,3.200075,-7.185833333333334,79
2026-01-19 07:00:00,4.02585383768619,5.8854750000000005,-7.185833333333334,79
2026-01-19 08:00:00,3.4507318608738777,2.998816666666667,-6.185833333333334,79
2026-01-19 09:00:00,4.02585383768619,4.213349999999999,-5.096666666666667,79
2026-01-19 10:00:00,2.8756098840615647,2.805083333333333,-3.7775,79
2026-01-19 11:00:00,3.4507318608738777,3.894558333333333,-2.7416666666666667,79
2026-01-19 12:00:00,2.8756098840615647,2.5084333333333335,-2.1758333333333333,79
2026-01-19 13:00:00,2.8756098840615647,3.4717583333333333,-1.8658333333333335,79
2026-01-19 14:00:00,3.4507318608738777,3.728333333333333,-2.3974999999999995,79
2026-01-19 15:00:00,2.8756098840615647,4.748008333333333,-2.7916666666666665,79
2026-01-19 16:00:00,3.4507318608738777,1.617825,-3.7641666666666667,79
2026-01-19 17:00:00,3.4507318608738777,2.8818333333333332,-4.1575,79
2026-01-19 18:00:00,2.8756098840615647,1.5529166666666667,-4.1816666666666675,79
2026-01-19 19:00:00,3.4507318608738777,4.551716666666667,-3.9666666666666663,79
2026-01-19 20:00:00,3.4507318608738777,3.1024749999999996,-3.9308333333333336,79
2026-01-19 21:00:00,3.4507318608738777,3.076825000000001,-4.296666666666667,79
2026-01-19 22:00:00,3.4507318608738777,5.155383333333333,-4.948333333333333,79
2026-01-20 00:00:00,3.4550046648485337,4.503525,-8.138333333333334,80
2026-01-20 01:00:00,4.030838775656623,4.7542333333333335,-10.334166666666667,80
2026-01-20 02:00:00,4.030838775656623,3.4909250000000003,-10.263333333333334,80
2026-01-20 03:00:00,4.030838775656623,3.8025000000000007,-10.156666666666666,80
2026-01-20 04:00:00,4.030838775656623,4.499708333333333,-11.129166666666668,80
2026-01-20 05:00:00,4.606672886464712,4.449466666666667,-12.2325,80
2026-01-20 06:00:00,4.606672886464712,3.8110999999999997,-13.338333333333333,80
2026-01-20 07:00:00,5.182506997272801,4.4312249999999995,-13.357500000000002,80
2026-01-20 08:00:00,4.606672886464712,3.1631416666666663,-10.5325,80
2026-01-20 09:00:00,4.606672886464712,5.815125,-8.486666666666666,80
2026-01-20 10:00:00,4.030838775656623,2.979183333333333,-7.6025,80
2026-01-20 11:00:00,4.030838775656623,2.52665,-7.495,80
2026-01-20 12:00:00,4.030838775656623,4.103625,-8.009166666666667,80
2026-01-20 13:00:00,4.606672886464712,4.740358333333333,-9.176666666666668,80
2026-01-20 14:00:00,4.030838775656623,4.346216666666667,-9.647499999999999,80
2026-01-20 15:00:00,4.606672886464712,4.419291666666666,-10.374166666666666,80
2026-01-20 16:00:00,4.606672886464712,6.320541666666668,-11.955,80
2026-01-20 17:00:00,4.606672886464712,4.658583333333333,-12.591666666666667,80
2026-01-20 18:00:00,5.182506997272801,4.677433333333333,-13.338333333333333,80
2026-01-20 19:00:00,4.606672886464712,3.6707666666666663,-13.648333333333333,80
2026-01-20 20:00:00,4.606672886464712,4.9294,-13.931666666666667,80
2026-01-20 21:00:00,4.606672886464712,5.208216666666667,-13.69416666666667,80
2026-01-20 22:00:00,5.182506997272801,5.566841666666667,-13.2725,80
2026-01-21 00:00:00,4.6080892787943455,6.581791666666667,-13.620833333333332,81
2026-01-21 01:00:00,4.6080892787943455,5.105241666666666,-14.60666666666667,81
2026-01-21 02:00:00,5.184100438643639,6.023825,-16.964166666666667,81
2026-01-21 03:00:00,5.184100438643639,5.2162,-18.748333333333335,81
2026-01-21 04:00:00,5.184100438643639,6.707075000000001,-17.903333333333336,81
2026-01-21 05:00:00,4.6080892787943455,5.736291666666666,-18.051666666666666,81
2026-01-21 06:00:00,5.184100438643639,5.098583333333333,-19.75916666666667,81
2026-01-21 07:00:00,6.336122758342225,5.5024999999999995,-20.537499999999998,81
2026-01-21 08:00:00,5.184100438643639,6.121058333333333,-14.77666666666667,81
2026-01-21 09:00:00,4.6080892787943455,4.470366666666667,-10.276666666666666,81
2026-01-21 10:00:00,5.184100438643639,4.770175,-9.755,81
2026-01-21 11:00:00,4.032078118945052,4.504191666666666,-7.797499999999999,81
2026-01-21 12:00:00,3.456066959095759,3.379741666666667,-5.8425,81
2026-01-21 13:00:00,3.456066959095759,4.232758333333333,-6.189166666666666,81
2026-01-21 14:00:00,4.032078118945052,4.038974999999999,-6.426666666666667,81
2026-01-21 15:00:00,3.456066959095759,2.8833583333333337,-7.06,81
2026-01-21 16:00:00,4.032078118945052,5.765091666666666,-8.518333333333333,81
2026-01-21 17:00:00,4.032078118945052,4.91035,-9.898333333333333,81
2026-01-21 18:00:00,4.032078118945052,4.212549999999999,-10.043333333333335,81
2026-01-21 19:00:00,4.032078118945052,4.302833333333332,-10.005,81
2026-01-21 20:00:00,4.032078118945052,5.213733333333334,-8.786666666666667,81
2026-01-21 21:00:00,3.456066959095759,4.366966666666666,-7.965833333333333,81
2026-01-21 22:00:00,4.032078118945052,5.249241666666666,-8.615,81
2026-01-22 00:00:00,4.643554318250224,5.530349999999999,-8.370833333333334,82
2026-01-22 01:00:00,4.643554318250224,5.055841666666667,-8.198333333333332,82
2026-01-22 02:00:00,4.643554318250224,5.0775500000000005,-8.184166666666666,82
2026-01-22 03:00:00,4.643554318250224,3.8382250000000004,-8.12,82
2026-01-22 04:00:00,4.063110028468946,5.161625,-8.143333333333333,82
2026-01-22 05:00:00,4.643554318250224,4.2513250000000005,-8.578333333333333,82
2026-01-22 06:00:00,4.063110028468946,4.242875,-8.703333333333333,82
2026-01-22 07:00:00,4.643554318250224,4.146241666666667,-8.278333333333334,82
2026-01-22 08:00:00,4.063110028468946,4.40355,-7.262499999999999,82
2026-01-22 09:00:00,4.063110028468946,4.573108333333333,-5.656666666666666,82
2026-01-22 10:00:00,4.063110028468946,3.267966666666667,-4.083333333333333,82
2026-01-22 11:00:00,3.4826657386876683,4.023058333333333,-1.5750000000000002,82
2026-01-22 12:00:00,2.321777159125112,3.463458333333333,0.026666666666666672,82
2026-01-22 13:00:00,2.321777159125112,2.4534499999999997,0.2183333333333333,82
2026-01-22 14:00:00,2.9022214489063902,3.6839749999999998,-0.5516666666666666,82
2026-01-22 15:00:00,2.9022214489063902,3.037616666666666,-1.3425,82
2026-01-22 16:00:00,2.9022214489063902,2.544483333333333,-2.3708333333333336,82
2026-01-22 17:00:00,3.4826657386876683,3.896116666666666,-3.3049999999999997,82
2026-01-22 18:00:00,3.4826657386876683,2.0965416666666665,-3.9450000000000003,82
2026-01-22 19:00:00,3.4826657386876683,3.38465,-3.7549999999999994,82
2026-01-22 20:00:00,3.4826657386876683,2.958433333333333,-5.2683333333333335,82
2026-01-22 21:00:00,3.4826657386876683,3.982458333333333,-5.893333333333334,82
2026-01-22 22:00:00,3.4826657386876683,2.438641666666667,-7.232499999999999,82
2026-01-23 00:00:00,4.054588328063224,4.411016666666667,-9.731666666666667,83
2026-01-23 01:00:00,4.054588328063224,4.133675,-11.015,83
2026-01-23 02:00:00,4.054588328063224,4.0257249999999996,-11.833333333333334,83
2026-01-23 03:00:00,4.633815232072256,4.401808333333333,-13.773333333333333,83
2026-01-23 04:00:00,4.633815232072256,5.368366666666667,-9.965833333333332,83
2026-01-23 05:00:00,4.633815232072256,3.806325,-9.75,83
2026-01-23 06:00:00,5.213042136081288,5.318666666666666,-12.556666666666667,83
2026-01-23 07:00:00,5.213042136081288,4.675325,-13.6625,83
2026-01-23 08:00:00,4.633815232072256,3.0059416666666667,-10.477500000000001,83
2026-01-23 09:00:00,5.213042136081288,4.596774999999999,-7.601666666666667,83
2026-01-23 10:00:00,4.054588328063224,3.855375,-5.226666666666667,83
2026-01-23 11:00:00,4.054588328063224,3.4104833333333326,-5.324166666666666,83
2026-01-23 12:00:00,4.054588328063224,4.393458333333333,-6.110833333333333,83
2026-01-23 13:00:00,4.054588328063224,3.101316666666667,-6.3975,83
2026-01-23 14:00:00,4.633815232072256,4.657308333333334,-7.2775,83
2026-01-23 15:00:00,4.633815232072256,5.146975,-8.861666666666666,83
2026-01-23 16:00:00,5.213042136081288,5.425008333333333,-10.523333333333333,83
2026-01-23 17:00:00,5.213042136081288,6.023049999999999,-11.4125,83
2026-01-23 18:00:00,4.633815232072256,5.485641666666668,-12.463333333333333,83
2026-01-23 19:00:00,5.213042136081288,4.908666666666666,-12.407499999999999,83
2026-01-23 20:00:00,5.213042136081288,3.945508333333333,-13.193333333333333,83
2026-01-23 21:00:00,5.7922690400903205,5.04695,-13.981666666666667,83
2026-01-23 22:00:00,6.371495944099353,6.079816666666668,-15.250000000000002,83
2026-01-24 00:00:00,6.38082524128727,6.4742999999999995,-17.121666666666666,84
2026-01-24 01:00:00,6.960900263222476,7.638675,-17.445000000000004,84
2026-01-24 02:00:00,6.960900263222476,5.512725,-18.5425,84
2026-01-24 03:00:00,6.960900263222476,8.080508333333334,-19.560833333333335,84
2026-01-24 04:00:00,6.960900263222476,6.153508333333332,-20.370833333333337,84
2026-01-24 05:00:00,6.960900263222476,7.172241666666667,-21.471666666666664,84
2026-01-24 06:00:00,6.960900263222476,7.589441666666667,-22.486666666666668,84
2026-01-24 07:00:00,6.960900263222476,5.9086,-22.824166666666667,84
2026-01-24 08:00:00,6.960900263222476,7.752483333333333,-21.989166666666666,84
2026-01-24 09:00:00,6.960900263222476,7.540141666666667,-21.375833333333333,84
2026-01-24 10:00:00,6.960900263222476,10.785108333333335,-19.547500000000003,84
2026-01-24 11:00:00,6.960900263222476,7.303508333333333,-18.031666666666666,84
2026-01-24 12:00:00,6.38082524128727,5.223425000000001,-16.8475,84
2026-01-24 13:00:00,6.38082524128727,5.278791666666667,-16.685,84
2026-01-24 14:00:00,6.960900263222476,5.069441666666666,-17.198333333333334,84
2026-01-24 15:00:00,6.960900263222476,6.433308333333333,-17.615,84
2026-01-24 16:00:00,6.960900263222476,5.678275,-18.740833333333338,84
2026-01-24 17:00:00,6.960900263222476,5.108033333333332,-19.730833333333333,84
2026-01-24 18:00:00,6.960900263222476,5.867083333333333,-20.538333333333334,84
2026-01-24 19:00:00,6.960900263222476,5.201733333333332,-21.188333333333333,84
2026-01-24 20:00:00,6.960900263222476,6.783433333333334,-21.846666666666664,84
2026-01-24 21:00:00,6.960900263222476,7.275708333333334,-22.36,84
2026-01-24 22:00:00,6.960900263222476,6.871708333333333,-22.531666666666666,84
2026-01-25 00:00:00,7.043640374059041,7.675191666666667,-22.9375,85
2026-01-25 01:00:00,7.043640374059041,6.185941666666666,-22.888333333333332,85
2026-01-25 02:00:00,7.043640374059041,8.104708333333333,-22.83,85
2026-01-25 03:00:00,7.043640374059041,7.3517,-22.86583333333333,85
2026-01-25 04:00:00,7.043640374059041,8.983458333333333,-22.8475,85
2026-01-25 05:00:00,7.043640374059041,8.341525,-22.74416666666667,85
2026-01-25 06:00:00,7.043640374059041,9.589116666666667,-22.4075,85
2026-01-25 07:00:00,7.043640374059041,6.333158333333333,-22.36583333333333,85
2026-01-25 08:00:00,7.043640374059041,6.583191666666665,-20.911666666666665,85
2026-01-25 09:00:00,7.043640374059041,7.068783333333334,-19.430833333333336,85
2026-01-25 10:00:00,7.043640374059041,5.363125,-17.591666666666665,85
2026-01-25 11:00:00,5.869700311715867,5.123191666666666,-16.059166666666666,85
2026-01-25 12:00:00,5.869700311715867,6.510199999999999,-15.226666666666667,85
2026-01-25 13:00:00,6.456670342887454,8.165266666666666,-15.292499999999999,85
2026-01-25 14:00:00,6.456670342887454,6.762883333333334,-15.207499999999998,85
2026-01-25 15:00:00,6.456670342887454,14.514725000000002,-15.213333333333333,85
2026-01-25 16:00:00,4.695760249372693,13.395808333333333,-15.491666666666667,85
2026-01-25 17:00:00,4.695760249372693,6.1394,-15.624166666666667,85
2026-01-25 18:00:00,5.28273028054428,6.682149999999999,-15.729999999999999,85
2026-01-25 19:00:00,5.869700311715867,7.360775,-15.730000000000002,85
2026-01-25 20:00:00,5.869700311715867,7.4774416666666665,-15.828333333333333,85
2026-01-25 21:00:00,6.456670342887454,6.374041666666667,-16.394166666666667,85
2026-01-25 22:00:00,6.456670342887454,5.807241666666666,-16.600833333333338,85
2026-01-26 00:00:00,6.450114746679711,5.852200000000001,-16.65833333333333,86
2026-01-26 01:00:00,7.036488814559685,4.933416666666667,-17.00583333333333,86
2026-01-26 02:00:00,7.036488814559685,6.769174999999999,-17.208333333333332,86
2026-01-26 03:00:00,7.036488814559685,7.652233333333333,-17.20833333333334,86
2026-01-26 04:00:00,7.036488814559685,6.516333333333333,-17.05,86
2026-01-26 05:00:00,7.036488814559685,4.4364083333333335,-16.848333333333333,86
2026-01-26 06:00:00,7.036488814559685,6.5369,-16.7175,86
2026-01-26 07:00:00,7.036488814559685,6.2651666666666666,-16.504999999999995,86
2026-01-26 08:00:00,7.036488814559685,8.001824999999998,-16.180833333333336,86
2026-01-26 09:00:00,7.036488814559685,7.307849999999999,-15.509166666666665,86
2026-01-26 10:00:00,6.450114746679711,5.842925,-14.653333333333334,86
2026-01-26 11:00:00,6.450114746679711,3.6011416666666665,-13.8275,86
2026-01-26 12:00:00,6.450114746679711,6.01345,-13.097500000000002,86
2026-01-26 13:00:00,5.863740678799737,6.463291666666667,-12.625833333333333,86
2026-01-26 14:00:00,5.863740678799737,5.788666666666667,-12.397499999999999,86
2026-01-26 15:00:00,5.2773666109197634,4.003833333333334,-12.393333333333333,86
2026-01-26 16:00:00,5.2773666109197634,5.084966666666666,-12.6625,86
2026-01-26 17:00:00,5.863740678799737,5.648366666666667,-12.774999999999999,86
2026-01-26 18:00:00,5.863740678799737,5.843183333333334,-12.605833333333331,86
2026-01-26 19:00:00,5.863740678799737,6.755625,-12.3025,86
2026-01-26 20:00:00,5.863740678799737,5.3926083333333334,-12.346666666666666,86
2026-01-26 21:00:00,5.863740678799737,7.1731750000000005,-12.551666666666668,86
2026-01-26 22:00:00,5.863740678799737,6.5469083333333336,-12.541666666666666,86
2026-01-27 00:00:00,5.321776029422718,5.1571,-12.39,87
2026-01-27 01:00:00,5.321776029422718,5.788983333333333,-12.495833333333332,87
2026-01-27 02:00:00,5.321776029422718,5.697941666666665,-12.5475,87
2026-01-27 03:00:00,4.730467581709083,3.805558333333333,-12.65333333333333,87
2026-01-27 04:00:00,5.321776029422718,5.1694,-13.120833333333335,87
2026-01-27 05:00:00,5.321776029422718,6.200108333333332,-13.504166666666668,87
2026-01-27 06:00:00,5.321776029422718,4.994091666666667,-14.055833333333334,87
2026-01-27 07:00:00,5.913084477136354,6.2865166666666665,-14.648333333333335,87
2026-01-27 08:00:00,5.321776029422718,6.516033333333333,-13.245833333333332,87
2026-01-27 09:00:00,5.321776029422718,5.995850000000001,-12.51,87
2026-01-27 10:00:00,4.139159133995447,3.4129833333333335,-10.699166666666665,87
2026-01-27 11:00:00,4.730467581709083,2.40855,-9.4675,87
2026-01-27 12:00:00,3.5478506862818118,2.742208333333333,-8.901666666666666,87
2026-01-27 13:00:00,4.139159133995447,5.027074999999999,-8.82,87
2026-01-27 14:00:00,4.139159133995447,5.187199999999999,-9.476666666666667,87
2026-01-27 15:00:00,4.139159133995447,3.686633333333333,-10.591666666666667,87
2026-01-27 16:00:00,4.730467581709083,6.107341666666666,-11.88,87
2026-01-27 17:00:00,4.730467581709083,6.273666666666666,-14.666666666666666,87
2026-01-27 18:00:00,4.730467581709083,5.558325000000001,-15.074999999999998,87
2026-01-27 19:00:00,4.730467581709083,3.0479833333333333,-14.69,87
2026-01-27 20:00:00,5.321776029422718,4.195991666666667,-14.531666666666666,87
2026-01-27 21:00:00,5.321776029422718,6.306008333333333,-14.592500000000001,87
2026-01-27 22:00:00,5.913084477136354,5.456675,-14.643333333333336,87
2026-01-28 00:00:00,4.845947652717556,4.511041666666666,-15.480833333333335,88
2026-01-28 01:00:00,6.057434565896945,6.586041666666667,-15.727500000000001,88
2026-01-28 02:00:00,6.057434565896945,6.3684666666666665,-17.33416666666667,88
2026-01-28 03:00:00,5.451691109307251,4.501766666666667,-18.409166666666668,88
2026-01-28 04:00:00,6.057434565896945,6.385058333333333,-18.389166666666668,88
2026-01-28 05:00:00,6.057434565896945,7.228458333333334,-17.727500000000003,88
2026-01-28 06:00:00,6.057434565896945,4.92605,-18.031666666666666,88
2026-01-28 07:00:00,6.057434565896945,6.9825583333333325,-18.995833333333334,88
2026-01-28 08:00:00,6.057434565896945,7.178966666666667,-15.829166666666667,88
2026-01-28 09:00:00,6.057434565896945,5.946191666666666,-14.184166666666668,88
2026-01-28 10:00:00,4.240204196127862,4.4549916666666665,-11.833333333333334,88
2026-01-28 11:00:00,4.240204196127862,3.2161499999999994,-10.596666666666666,88
2026-01-28 12:00:00,3.6344607395381674,4.990266666666667,-9.329166666666667,88
2026-01-28 13:00:00,3.6344607395381674,4.462033333333332,-8.4675,88
2026-01-28 14:00:00,4.845947652717556,4.740216666666666,-9.635,88
2026-01-28 15:00:00,5.451691109307251,4.528558333333333,-10.670833333333334,88
2026-01-28 16:00:00,5.451691109307251,5.8304833333333335,-11.925833333333335,88
2026-01-28 17:00:00,4.845947652717556,3.0911416666666662,-13.232500000000002,88
2026-01-28 18:00:00,5.451691109307251,6.053741666666666,-15.009166666666667,88
2026-01-28 19:00:00,5.451691109307251,6.5658,-16.39,88
2026-01-28 20:00:00,5.451691109307251,5.43095,-17.371666666666666,88
2026-01-28 21:00:00,5.451691109307251,6.450008333333332,-17.824166666666667,88
2026-01-28 22:00:00,6.057434565896945,6.127183333333333,-17.848333333333333,88
2026-01-29 00:00:00,5.990485669880803,5.1559083333333335,-15.962499999999999,89
2026-01-29 01:00:00,6.589534236868883,6.514708333333333,-15.8925,89
2026-01-29 02:00:00,6.589534236868883,5.8555416666666655,-16.537500000000005,89
2026-01-29 03:00:00,6.589534236868883,5.92435,-16.805833333333336,89
2026-01-29 04:00:00,6.589534236868883,6.345124999999999,-17.4175,89
2026-01-29 05:00:00,6.589534236868883,5.722058333333333,-17.980833333333333,89
2026-01-29 06:00:00,6.589534236868883,6.111033333333332,-16.912500000000005,89
2026-01-29 07:00:00,5.990485669880803,7.64175,-16.138333333333335,89
2026-01-29 08:00:00,5.391437102892723,5.127225000000001,-13.822500000000003,89
2026-01-29 09:00:00,5.990485669880803,5.899633333333334,-12.004166666666668,89
2026-01-29 10:00:00,4.792388535904642,6.073025,-10.050833333333333,89
2026-01-29 11:00:00,4.193339968916562,2.63685,-8.629166666666666,89
2026-01-29 12:00:00,4.193339968916562,3.7113000000000005,-7.695833333333334,89
2026-01-29 13:00:00,3.5942914019284817,4.915833333333333,-7.9025,89
2026-01-29 14:00:00,4.193339968916562,3.2790999999999997,-9.0375,89
2026-01-29 15:00:00,4.193339968916562,4.283858333333334,-10.231666666666667,89
2026-01-29 16:00:00,5.391437102892723,5.488266666666666,-11.444166666666668,89
2026-01-29 17:00:00,5.391437102892723,7.7980833333333335,-12.097500000000002,89
2026-01-29 18:00:00,5.391437102892723,6.042083333333333,-12.717500000000001,89
2026-01-29 19:00:00,4.792388535904642,5.43165,-13.32,89
2026-01-29 20:00:00,5.391437102892723,6.081858333333334,-13.661666666666667,89
2026-01-29 21:00:00,5.990485669880803,7.009866666666668,-13.995,89
2026-01-29 22:00:00,5.990485669880803,6.602366666666668,-14.565833333333332,89
2026-01-30 00:00:00,6.013677522342243,6.214625,-14.782499999999999,90
2026-01-30 01:00:00,6.615045274576467,6.905316666666666,-15.105833333333335,90
2026-01-30 02:00:00,6.615045274576467,5.7083666666666675,-15.425000000000002,90
2026-01-30 03:00:00,7.216413026810691,7.08945,-15.730833333333331,90
2026-01-30 04:00:00,7.216413026810691,6.903841666666666,-16.018333333333334,90
2026-01-30 05:00:00,7.216413026810691,5.735849999999999,-16.554999999999996,90
2026-01-30 06:00:00,7.216413026810691,7.581783333333332,-16.74166666666667,90
2026-01-30 07:00:00,7.216413026810691,7.767341666666667,-16.55083333333333,90
2026-01-30 08:00:00,7.216413026810691,7.593325,-16.13416666666667,90
2026-01-30 09:00:00,6.013677522342243,6.224625,-15.129166666666668,90
2026-01-30 10:00:00,5.412309770108019,6.869016666666666,-14.259166666666667,90
2026-01-30 11:00:00,5.412309770108019,4.5648,-13.181666666666665,90
2026-01-30 12:00:00,4.209574265639571,5.130958333333333,-11.799999999999999,90
2026-01-30 13:00:00,4.209574265639571,5.738300000000001,-11.787500000000001,90
2026-01-30 14:00:00,4.209574265639571,6.044158333333333,-12.075000000000001,90
2026-01-30 15:00:00,5.412309770108019,5.600533333333333,-12.981666666666667,90
2026-01-30 16:00:00,6.013677522342243,7.488958333333332,-14.125,90
2026-01-30 17:00:00,6.013677522342243,4.385808333333333,-14.884166666666665,90
2026-01-30 18:00:00,6.615045274576467,5.399975,-15.791666666666671,90
2026-01-30 19:00:00,6.615045274576467,5.459891666666667,-16.264166666666664,90
2026-01-30 20:00:00,7.216413026810691,5.777916666666666,-16.28,90
2026-01-30 21:00:00,7.216413026810691,7.353225000000001,-16.347499999999997,90
2026-01-30 22:00:00,7.216413026810691,8.951125,-16.670833333333334,90
2026-01-31 00:00:00,7.198529616900847,7.944983333333332,-16.952499999999997,91
2026-01-31 01:00:00,7.198529616900847,6.100558333333333,-16.819166666666664,91
2026-01-31 02:00:00,7.198529616900847,9.233041666666667,-16.735,91
2026-01-31 03:00:00,7.198529616900847,6.4537249999999995,-16.820000000000004,91
2026-01-31 04:00:00,7.198529616900847,7.654983333333333,-16.750833333333336,91
2026-01-31 05:00:00,7.198529616900847,7.995358333333332,-16.69,91
2026-01-31 06:00:00,7.198529616900847,6.784633333333332,-16.6925,91
2026-01-31 07:00:00,7.198529616900847,7.1789250000000004,-16.230833333333337,91
2026-01-31 08:00:00,7.198529616900847,6.572524999999999,-14.214166666666669,91
2026-01-31 09:00:00,6.598652148825776,6.749291666666668,-13.069166666666666,91
2026-01-31 10:00:00,5.398897212675635,6.798149999999999,-11.268333333333333,91
2026-01-31 11:00:00,4.799019744600565,4.4992833333333335,-9.736666666666666,91
2026-01-31 12:00:00,3.5992648084504233,2.9177416666666662,-8.726666666666667,91
2026-01-31 13:00:00,3.5992648084504233,3.3137916666666665,-8.421666666666667,91
2026-01-31 14:00:00,4.199142276525494,4.860658333333334,-9.448333333333332,91
2026-01-31 15:00:00,4.199142276525494,4.919683333333333,-10.69,91
2026-01-31 16:00:00,4.799019744600565,5.942491666666666,-11.94,91
2026-01-31 17:00:00,5.398897212675635,7.175391666666666,-13.213333333333333,91
2026-01-31 18:00:00,5.398897212675635,5.548825000000001,-13.889166666666666,91
2026-01-31 19:00:00,5.398897212675635,5.351891666666666,-14.805833333333332,91
2026-01-31 20:00:00,5.398897212675635,3.9032916666666657,-15.088333333333333,91
2026-01-31 21:00:00,4.799019744600565,4.9353083333333325,-15.56083333333333,91
2026-01-31 22:00:00,5.398897212675635,6.703741666666666,-16.685833333333335,91
2026-02-01 00:00:00,5.998211436299525,5.6121083333333335,-17.7975,92
2026-02-01 01:00:00,5.998211436299525,6.578299999999999,-19.364166666666662,92
2026-02-01 02:00:00,6.598032579929478,7.044974999999999,-19.24083333333333,92
2026-02-01 03:00:00,6.598032579929478,6.461508333333333,-20.0725,92
2026-02-01 04:00:00,6.598032579929478,6.461866666666665,-18.990833333333338,92
2026-02-01 05:00:00,6.598032579929478,7.573316666666667,-19.745,92
2026-02-01 06:00:00,6.598032579929478,6.6040833333333335,-19.7775,92
2026-02-01 07:00:00,5.998211436299525,5.755366666666666,-19.828333333333333,92
2026-02-01 08:00:00,5.998211436299525,7.0852,-15.662500000000003,92
2026-02-01 09:00:00,5.398390292669572,4.884408333333333,-12.103333333333332,92
2026-02-01 10:00:00,4.798569149039619,4.824425,-8.948333333333332,92
2026-02-01 11:00:00,4.198748005409667,4.937708333333333,-7.865833333333334,92
2026-02-01 12:00:00,3.5989268617797143,3.0191083333333335,-6.9175,92
2026-02-01 13:00:00,3.5989268617797143,4.29935,-6.0325,92
2026-02-01 14:00:00,3.5989268617797143,4.144175000000001,-6.260000000000001,92
2026-02-01 15:00:00,3.5989268617797143,5.974949999999999,-6.989999999999999,92
2026-02-01 16:00:00,4.198748005409667,5.8910833333333334,-8.500833333333334,92
2026-02-01 17:00:00,4.198748005409667,4.895266666666667,-9.416666666666666,92
2026-02-01 18:00:00,4.798569149039619,5.0335833333333335,-9.994166666666667,92
2026-02-01 19:00:00,4.198748005409667,3.471799999999999,-10.291666666666666,92
2026-02-01 20:00:00,4.798569149039619,5.648808333333334,-10.44,92
2026-02-01 21:00:00,4.798569149039619,6.093558333333333,-11.347499999999998,92
2026-02-01 22:00:00,4.798569149039619,4.879075,-12.26833333333333,92
2026-02-02 00:00:00,5.406045267809312,5.431399999999999,-14.848333333333336,93
2026-02-02 01:00:00,5.406045267809312,6.703891666666667,-16.051666666666673,93
2026-02-02 02:00:00,5.406045267809312,4.694716666666666,-16.2775,93
2026-02-02 03:00:00,6.006716964232569,5.9591916666666656,-16.87,93
2026-02-02 04:00:00,6.006716964232569,6.174641666666667,-17.165833333333335,93
2026-02-02 05:00:00,5.406045267809312,5.3815333333333335,-16.9375,93
2026-02-02 06:00:00,6.006716964232569,6.5369,-17.944166666666664,93
2026-02-02 07:00:00,6.006716964232569,6.449508333333332,-16.77916666666667,93
2026-02-02 08:00:00,4.805373571386055,4.829025,-10.894166666666665,93
2026-02-02 09:00:00,5.406045267809312,5.836850000000001,-8.31,93
2026-02-02 10:00:00,4.204701874962798,3.6293333333333337,-5.698333333333333,93
2026-02-02 11:00:00,3.6040301785395417,2.4699,-3.4341666666666666,93
2026-02-02 12:00:00,3.0033584821162846,2.4192833333333335,-2.1024999999999996,93
2026-02-02 13:00:00,3.0033584821162846,2.069875,-1.1375000000000002,93
2026-02-02 14:00:00,3.0033584821162846,3.0371666666666663,-1.5833333333333333,93
2026-02-02 15:00:00,3.0033584821162846,2.8315083333333333,-2.7875,93
2026-02-02 16:00:00,3.0033584821162846,4.784291666666667,-4.078333333333333,93
2026-02-02 17:00:00,3.6040301785395417,4.577675,-5.596666666666667,93
2026-02-02 18:00:00,3.6040301785395417,4.328708333333333,-6.158333333333334,93
2026-02-02 19:00:00,4.204701874962798,3.790833333333334,-6.175,93
2026-02-02 20:00:00,3.6040301785395417,4.4384500000000005,-8.055,93
2026-02-02 21:00:00,3.6040301785395417,3.827641666666666,-9.4175,93
2026-02-02 22:00:00,3.6040301785395417,4.651716666666667,-10.175833333333333,93
2026-02-03 00:00:00,4.232179767849438,4.630541666666665,-11.385,94
2026-02-03 01:00:00,4.232179767849438,5.388433333333333,-12.273333333333333,94
2026-02-03 02:00:00,4.836776877542214,5.013141666666667,-12.898333333333332,94
2026-02-03 03:00:00,4.836776877542214,5.353575,-13.9525,94
2026-02-03 04:00:00,4.836776877542214,5.239466666666666,-14.398333333333335,94
2026-02-03 05:00:00,4.836776877542214,4.514966666666666,-15.081666666666669,94
2026-02-03 06:00:00,5.441373987234991,5.610183333333334,-15.914999999999997,94
2026-02-03 07:00:00,5.441373987234991,6.261458333333333,-15.255000000000003,94
2026-02-03 08:00:00,4.836776877542214,4.212425,-8.611666666666666,94
2026-02-03 09:00:00,4.232179767849438,4.349683333333333,-7.3975,94
2026-02-03 10:00:00,4.232179767849438,4.164091666666667,-4.3983333333333325,94
2026-02-03 11:00:00,3.022985548463884,2.7512999999999996,-2.8641666666666663,94
2026-02-03 12:00:00,2.418388438771107,1.5238833333333333,-1.6016666666666666,94
2026-02-03 13:00:00,2.418388438771107,3.6463499999999995,-0.5133333333333333,94
2026-02-03 14:00:00,2.418388438771107,2.649716666666667,-0.23166666666666666,94
2026-02-03 15:00:00,3.022985548463884,2.908308333333333,-1.5599999999999998,94
2026-02-03 16:00:00,3.6275826581566606,3.8653500000000003,-4.092499999999999,94
2026-02-03 17:00:00,3.022985548463884,4.129275,-6.18,94
2026-02-03 18:00:00,3.022985548463884,2.4491,-8.125,94
2026-02-03 19:00:00,3.6275826581566606,4.754816666666667,-10.514166666666666,94
2026-02-03 20:00:00,3.022985548463884,2.4886000000000004,-11.945000000000002,94
2026-02-03 21:00:00,4.232179767849438,4.3427333333333324,-13.028333333333336,94
2026-02-03 22:00:00,4.232179767849438,4.042158333333333,-13.765,94
2026-02-04 00:00:00,4.66726336948793,5.261558333333333,-15.667500000000002,95
2026-02-04 01:00:00,5.250671290673921,5.428358333333333,-16.32333333333333,95
2026-02-04 02:00:00,5.250671290673921,4.118058333333334,-15.959166666666668,95
2026-02-04 03:00:00,5.250671290673921,5.065924999999999,-15.283333333333333,95
2026-02-04 04:00:00,5.250671290673921,6.39915,-14.703333333333333,95
2026-02-04 05:00:00,5.250671290673921,4.495508333333333,-13.663333333333334,95
2026-02-04 06:00:00,5.250671290673921,5.337258333333333,-13.07416666666667,95
2026-02-04 07:00:00,5.250671290673921,5.839924999999999,-12.528333333333334,95
2026-02-04 08:00:00,4.083855448301939,4.33645,-8.985,95
2026-02-04 09:00:00,4.083855448301939,3.6117166666666662,-5.923333333333333,95
2026-02-04 10:00:00,3.5004475271159476,4.737391666666667,-3.5708333333333333,95
2026-02-04 11:00:00,3.5004475271159476,6.9011249999999995,-2.108333333333334,95
2026-02-04 12:00:00,2.9170396059299564,5.410266666666667,-1.3275,95
2026-02-04 13:00:00,2.9170396059299564,3.60915,-0.5133333333333334,95
2026-02-04 14:00:00,2.9170396059299564,3.939166666666667,-1.2500000000000002,95
2026-02-04 15:00:00,2.9170396059299564,2.7916,-2.1199999999999997,95
2026-02-04 16:00:00,3.5004475271159476,4.661525,-3.3275,95
2026-02-04 17:00:00,3.5004475271159476,4.788174999999999,-4.491666666666666,95
2026-02-04 18:00:00,3.5004475271159476,4.226633333333333,-5.6433333333333335,95
2026-02-04 19:00:00,4.083855448301939,3.2471666666666668,-6.195833333333333,95
2026-02-04 20:00:00,4.083855448301939,5.521333333333333,-7.1258333333333335,95
2026-02-04 21:00:00,4.083855448301939,5.867666666666666,-7.8,95
2026-02-04 22:00:00,4.083855448301939,4.794341666666666,-8.185,95
2026-02-05 00:00:00,4.133552744242923,3.7260249999999995,-8.643333333333333,96
2026-02-05 01:00:00,4.724060279134769,5.298,-8.549999999999999,96
2026-02-05 02:00:00,4.133552744242923,3.5807749999999996,-9.459166666666667,96
2026-02-05 03:00:00,4.724060279134769,5.8556083333333335,-10.25,96
2026-02-05 04:00:00,4.724060279134769,5.132616666666666,-10.953333333333333,96
2026-02-05 05:00:00,4.133552744242923,3.856924999999999,-10.643333333333333,96
2026-02-05 06:00:00,4.724060279134769,4.725391666666666,-8.403333333333334,96
2026-02-05 07:00:00,4.133552744242923,6.186883333333333,-7.5775,96
2026-02-05 08:00:00,4.133552744242923,9.173366666666666,-7.074166666666667,96
2026-02-05 09:00:00,2.362030139567385,2.789458333333333,-6.120833333333334,96
2026-02-05 10:00:00,2.952537674459231,3.669458333333333,-4.138333333333334,96
2026-02-05 11:00:00,2.952537674459231,3.3574499999999996,-3.9766666666666666,96
2026-02-05 12:00:00,2.952537674459231,3.650091666666667,-3.473333333333334,96
2026-02-05 13:00:00,2.952537674459231,3.307958333333333,-3.671666666666667,96
2026-02-05 14:00:00,2.952537674459231,3.042825,-4.078333333333334,96
2026-02-05 15:00:00,4.133552744242923,3.988433333333333,-5.495833333333334,96
2026-02-05 16:00:00,3.543045209351077,4.636958333333334,-7.161666666666666,96
2026-02-05 17:00:00,4.133552744242923,4.781158333333334,-9.306666666666667,96
2026-02-05 18:00:00,4.133552744242923,4.589158333333334,-10.458333333333334,96
2026-02-05 19:00:00,4.724060279134769,5.073975,-11.385833333333332,96
2026-02-05 20:00:00,4.724060279134769,4.688341666666666,-12.245833333333332,96
2026-02-05 21:00:00,4.724060279134769,5.231974999999999,-13.241666666666665,96
2026-02-05 22:00:00,4.133552744242923,5.095433333333332,-15.204166666666667,96
2026-02-06 00:00:00,5.274676789549705,5.844508333333334,-17.01833333333333,97
2026-02-06 01:00:00,5.274676789549705,5.662116666666667,-18.080833333333334,97
2026-02-06 02:00:00,5.274676789549705,6.0312,-19.898333333333337,97
2026-02-06 03:00:00,5.274676789549705,4.544083333333332,-21.27,97
2026-02-06 04:00:00,5.860751988388561,6.832041666666665,-22.11583333333333,97
2026-02-06 05:00:00,6.4468271872274165,6.455441666666666,-23.535833333333333,97
2026-02-06 06:00:00,6.4468271872274165,7.297066666666667,-24.221666666666664,97
2026-02-06 07:00:00,6.4468271872274165,6.5482000000000005,-23.328333333333337,97
2026-02-06 08:00:00,6.4468271872274165,7.376533333333333,-18.860833333333332,97
2026-02-06 09:00:00,5.860751988388561,6.295933333333333,-15.115000000000002,97
2026-02-06 10:00:00,4.688601590710849,4.636683333333334,-10.834166666666667,97
2026-02-06 11:00:00,4.688601590710849,4.807841666666667,-9.235833333333334,97
2026-02-06 12:00:00,3.516451193033137,4.1336666666666675,-7.7491666666666665,97
2026-02-06 13:00:00,4.102526391871994,4.683916666666667,-6.848333333333334,97
2026-02-06 14:00:00,3.516451193033137,3.3192749999999993,-6.713333333333332,97
2026-02-06 15:00:00,4.102526391871994,5.27645,-6.948333333333333,97
2026-02-06 16:00:00,4.102526391871994,5.734933333333334,-8.513333333333334,97
2026-02-06 17:00:00,4.688601590710849,5.6171,-10.843333333333334,97
2026-02-06 18:00:00,4.688601590710849,4.713558333333333,-12.841666666666667,97
2026-02-06 19:00:00,5.274676789549705,5.311991666666666,-15.105833333333331,97
2026-02-06 20:00:00,5.274676789549705,4.696908333333333,-17.27,97
2026-02-06 21:00:00,5.274676789549705,6.963208333333334,-18.4175,97
2026-02-06 22:00:00,5.860751988388561,6.062941666666667,-18.962500000000002,97
2026-02-07 00:00:00,5.84648475057205,6.535375,-20.450000000000003,98
2026-02-07 01:00:00,5.84648475057205,6.011183333333333,-19.80666666666667,98
2026-02-07 02:00:00,6.431133225629255,6.275483333333334,-18.708333333333336,98
2026-02-07 03:00:00,6.431133225629255,5.742883333333333,-17.749999999999996,98
2026-02-07 04:00:00,6.431133225629255,7.283375000000001,-17.203333333333337,98
2026-02-07 05:00:00,5.84648475057205,5.456675,-17.175,98
2026-02-07 06:00:00,6.431133225629255,6.892441666666667,-16.522499999999997,98
2026-02-07 07:00:00,5.84648475057205,5.357075,-16.083333333333332,98
2026-02-07 08:00:00,5.84648475057205,5.631991666666666,-12.697500000000003,98
2026-02-07 09:00:00,5.261836275514845,4.560691666666666,-8.430833333333334,98
2026-02-07 10:00:00,4.677187800457641,5.044058333333333,-5.628333333333333,98
2026-02-07 11:00:00,4.092539325400436,5.101458333333333,-4.17,98
2026-02-07 12:00:00,3.5078908503432307,1.9968833333333333,-2.891666666666667,98
2026-02-07 13:00:00,3.5078908503432307,3.276883333333333,-3.35,98
2026-02-07 14:00:00,3.5078908503432307,4.4818083333333325,-3.598333333333334,98
2026-02-07 15:00:00,3.5078908503432307,3.2284500000000005,-4.4366666666666665,98
2026-02-07 16:00:00,3.5078908503432307,4.762433333333334,-5.459166666666666,98
2026-02-07 17:00:00,4.092539325400436,5.413716666666667,-6.079166666666667,98
2026-02-07 18:00:00,4.092539325400436,4.284425,-6.338333333333334,98
2026-02-07 19:00:00,4.092539325400436,5.419216666666666,-6.496666666666667,98
2026-02-07 20:00:00,4.092539325400436,4.76085,-6.644166666666667,98
2026-02-07 21:00:00,4.092539325400436,4.033366666666666,-6.6625000000000005,98
2026-02-07 22:00:00,4.092539325400436,5.198666666666666,-7.0375000000000005,98
2026-02-08 00:00:00,4.731656888668461,4.3805,-10.0425,99
2026-02-08 01:00:00,4.731656888668461,5.828158333333333,-11.240833333333333,99
2026-02-08 02:00:00,4.731656888668461,4.345516666666667,-12.23666666666667,99
2026-02-08 03:00:00,5.323113999752018,5.793216666666667,-12.610833333333334,99
2026-02-08 04:00:00,5.323113999752018,6.282191666666668,-13.296666666666667,99
2026-02-08 05:00:00,5.323113999752018,5.612941666666665,-13.843333333333332,99
2026-02-08 06:00:00,5.914571110835576,6.8548166666666654,-14.235,99
2026-02-08 07:00:00,5.914571110835576,6.080641666666668,-13.595833333333333,99
2026-02-08 08:00:00,5.323113999752018,6.270325,-11.25,99
2026-02-08 09:00:00,5.323113999752018,5.521366666666666,-11.138333333333334,99
2026-02-08 10:00:00,4.731656888668461,6.088783333333333,-9.147499999999999,99
2026-02-08 11:00:00,3.5487426665013455,2.4532166666666666,-7.29,99
2026-02-08 12:00:00,3.5487426665013455,3.431325,-6.019166666666667,99
2026-02-08 13:00:00,2.957285555417788,2.7239666666666666,-5.343333333333334,99
2026-02-08 14:00:00,4.140199777584903,3.9055333333333326,-6.6025,99
2026-02-08 15:00:00,4.140199777584903,3.6258416666666657,-7.4775,99
2026-02-08 16:00:00,4.731656888668461,4.806058333333333,-8.83,99
2026-02-08 17:00:00,4.731656888668461,6.306699999999999,-10.416666666666666,99
2026-02-08 18:00:00,4.731656888668461,4.039366666666667,-11.939166666666665,99
2026-02-08 19:00:00,5.323113999752018,6.674566666666666,-13.435000000000002,99
2026-02-08 20:00:00,5.323113999752018,4.071324999999999,-14.473333333333331,99
2026-02-08 21:00:00,5.914571110835576,6.704391666666666,-14.843333333333332,99
2026-02-08 22:00:00,5.914571110835576,4.793125,-14.959166666666667,99
2026-02-09 00:00:00,5.953474220992978,5.5949,-15.527500000000003,100
2026-02-09 01:00:00,6.548821643092276,7.951391666666666,-15.788333333333332,100
2026-02-09 02:00:00,6.548821643092276,6.8135249999999985,-15.995,100
2026-02-09 03:00:00,6.548821643092276,8.770675,-15.8175,100
2026-02-09 04:00:00,6.548821643092276,6.125433333333333,-15.606666666666667,100
2026-02-09 05:00:00,6.548821643092276,9.727766666666664,-15.666666666666671,100
2026-02-09 06:00:00,6.548821643092276,7.462533333333333,-15.782499999999999,100
2026-02-09 07:00:00,6.548821643092276,7.749983333333334,-14.785833333333331,100
2026-02-09 08:00:00,5.953474220992978,7.507008333333332,-12.574166666666665,100
2026-02-09 09:00:00,5.35812679889368,7.037941666666666,-11.509166666666667,100
2026-02-09 10:00:00,4.1674319546950835,4.70115,-8.508333333333333,100
2026-02-09 11:00:00,3.572084532595786,2.999991666666666,-5.878333333333333,100
2026-02-09 12:00:00,2.9767371104964884,3.730316666666666,-4.2299999999999995,100
2026-02-09 13:00:00,2.9767371104964884,5.027966666666667,-3.019166666666667,100
2026-02-09 14:00:00,2.9767371104964884,2.1043583333333333,-3.7624999999999997,100
2026-02-09 15:00:00,4.1674319546950835,4.7448749999999995,-4.375,100
2026-02-09 16:00:00,4.1674319546950835,5.609333333333333,-5.028333333333333,100
2026-02-09 17:00:00,4.1674319546950835,6.153975000000001,-6.609999999999999,100
2026-02-09 18:00:00,4.1674319546950835,5.043241666666667,-7.6575,100
2026-02-09 19:00:00,4.762779376794382,4.6257,-8.550833333333333,100
2026-02-09 20:00:00,4.1674319546950835,5.560058333333333,-9.046666666666667,100
2026-02-09 21:00:00,4.762779376794382,6.057074999999999,-10.008333333333333,100
2026-02-09 22:00:00,4.762779376794382,5.051325,-10.889166666666668,100
2026-02-10 00:00:00,5.3650019740289405,5.727766666666667,-11.953333333333333,101
2026-02-10 01:00:00,5.3650019740289405,5.904566666666667,-12.102500000000001,101
2026-02-10 02:00:00,4.768890643581281,5.228033333333333,-12.384166666666665,101
2026-02-10 03:00:00,5.3650019740289405,5.165475,-13.106666666666667,101
2026-02-10 04:00:00,5.3650019740289405,6.14625,-13.41666666666667,101
2026-02-10 05:00:00,5.3650019740289405,7.004308333333334,-13.708333333333334,101
2026-02-10 06:00:00,4.768890643581281,6.751749999999999,-14.480833333333331,101
2026-02-10 07:00:00,4.768890643581281,6.1395333333333335,-12.643333333333333,101
2026-02-10 08:00:00,4.768890643581281,4.472408333333333,-9.461666666666666,101
2026-02-10 09:00:00,4.172779313133621,5.792800000000001,-7.7316666666666665,101
2026-02-10 10:00:00,2.9805566522383007,2.111625,-4.444166666666667,101
2026-02-10 11:00:00,2.9805566522383007,2.760491666666666,-1.95,101
2026-02-10 12:00:00,1.7883339913429805,1.4306333333333332,-0.023333333333333362,101
2026-02-10 13:00:00,1.7883339913429805,2.294633333333333,1.6349999999999998,101
2026-02-10 14:00:00,1.7883339913429805,1.7288166666666662,0.9758333333333332,101
2026-02-10 15:00:00,2.9805566522383007,3.9525666666666655,-1.2775,101
2026-02-10 16:00:00,2.9805566522383007,3.2547249999999996,-3.486666666666667,101
2026-02-10 17:00:00,2.9805566522383007,5.070049999999999,-5.2700000000000005,101
2026-02-10 18:00:00,3.5766679826859606,3.67415,-6.041666666666667,101
2026-02-10 19:00:00,3.5766679826859606,4.285825,-7.050833333333333,101
2026-02-10 20:00:00,3.5766679826859606,3.6528666666666667,-7.944166666666667,101
2026-02-10 21:00:00,4.172779313133621,5.3322416666666665,-7.551666666666667,101
2026-02-10 22:00:00,3.5766679826859606,4.730841666666667,-6.990833333333334,101
2026-02-11 00:00:00,4.318846051755616,3.8062666666666662,-5.721666666666667,102
2026-02-11 01:00:00,4.318846051755616,4.906258333333333,-5.72,102
2026-02-11 02:00:00,4.318846051755616,3.722633333333333,-5.596666666666667,102
2026-02-11 03:00:00,4.318846051755616,4.758991666666666,-5.392500000000001,102
2026-02-11 04:00:00,4.318846051755616,3.068208333333333,-5.161666666666666,102
2026-02-11 05:00:00,4.318846051755616,4.924875,-5.2025,102
2026-02-11 06:00:00,4.318846051755616,3.6509,-5.170833333333333,102
2026-02-11 07:00:00,4.318846051755616,4.369524999999999,-4.8525,102
2026-02-11 08:00:00,4.318846051755616,3.542216666666667,-3.7641666666666667,102
2026-02-11 09:00:00,4.318846051755616,3.570066666666667,-2.8983333333333334,102
2026-02-11 10:00:00,3.701868044361957,3.7197999999999993,-2.43,102
2026-02-11 11:00:00,3.0848900369682974,3.10145,-1.7708333333333333,102
2026-02-11 12:00:00,3.701868044361957,3.7052583333333327,-1.6108333333333336,102
2026-02-11 13:00:00,3.0848900369682974,2.6411666666666664,-0.9025,102
2026-02-11 14:00:00,3.0848900369682974,3.9243333333333332,-0.2316666666666667,102
2026-02-11 15:00:00,3.0848900369682974,2.6687666666666665,-0.9716666666666667,102
2026-02-11 16:00:00,3.0848900369682974,3.33205,-2.2308333333333334,102
2026-02-11 17:00:00,3.701868044361957,2.3827583333333333,-2.7691666666666666,102
2026-02-11 18:00:00,3.0848900369682974,1.9448916666666665,-3.045833333333333,102
2026-02-11 19:00:00,3.701868044361957,4.0365,-3.5741666666666667,102
2026-02-11 20:00:00,3.0848900369682974,3.571633333333333,-3.6566666666666667,102
2026-02-11 21:00:00,3.701868044361957,4.585708333333333,-3.5,102
2026-02-11 22:00:00,3.701868044361957,4.304999999999999,-4.13,102
2026-02-12 00:00:00,3.69042439106117,3.2883166666666663,-3.763333333333333,103
2026-02-12 01:00:00,3.69042439106117,4.322691666666667,-3.7550000000000003,103
2026-02-12 02:00:00,4.3054951229046985,4.330375,-3.7350000000000008,103
2026-02-12 03:00:00,3.69042439106117,3.199808333333333,-3.765,103
2026-02-12 04:00:00,4.3054951229046985,4.824891666666666,-3.8249999999999997,103
2026-02-12 05:00:00,3.69042439106117,3.7345416666666673,-3.9033333333333338,103
2026-02-12 06:00:00,4.3054951229046985,5.0908083333333325,-3.875833333333333,103
2026-02-12 07:00:00,3.0753536592176416,2.598758333333333,-3.76,103
2026-02-12 08:00:00,3.69042439106117,3.914633333333333,-2.3183333333333334,103
2026-02-12 09:00:00,3.0753536592176416,4.179775,-1.1575,103
2026-02-12 10:00:00,3.0753536592176416,1.358933333333333,-0.4716666666666667,103
2026-02-12 11:00:00,3.0753536592176416,2.413675,-0.3933333333333333,103
2026-02-12 12:00:00,2.4602829273741134,3.366916666666667,0.33916666666666667,103
2026-02-12 13:00:00,2.4602829273741134,2.5162333333333335,-0.4125000000000001,103
2026-02-12 14:00:00,3.0753536592176416,2.3535833333333334,-1.0925,103
2026-02-12 15:00:00,3.0753536592176416,3.8070666666666666,-1.6058333333333332,103
2026-02-12 16:00:00,3.69042439106117,3.1934750000000003,-2.8991666666666664,103
2026-02-12 17:00:00,3.69042439106117,4.212108333333333,-3.8191666666666664,103
2026-02-12 18:00:00,4.3054951229046985,3.436758333333333,-4.416666666666666,103
2026-02-12 19:00:00,4.3054951229046985,3.0305166666666667,-5.096666666666667,103
2026-02-12 20:00:00,4.3054951229046985,3.786391666666667,-6.014166666666667,103
2026-02-12 21:00:00,4.920565854748227,4.787366666666666,-6.9875,103
2026-02-12 22:00:00,4.920565854748227,1.924825,-7.735833333333333,103
2026-02-13 00:00:00,4.75614270657251,4.728841666666666,-9.166666666666666,104
2026-02-13 01:00:00,4.75614270657251,6.180033333333332,-9.953333333333333,104
2026-02-13 02:00:00,5.350660544894074,4.2273499999999995,-9.37,104
2026-02-13 03:00:00,5.350660544894074,5.601999999999999,-10.199166666666667,104
2026-02-13 04:00:00,5.350660544894074,4.2957,-10.782499999999999,104
2026-02-13 05:00:00,5.350660544894074,6.237658333333334,-11.634166666666667,104
2026-02-13 06:00:00,5.350660544894074,4.702133333333333,-12.704166666666666,104
2026-02-13 07:00:00,5.350660544894074,5.210916666666666,-11.536666666666667,104
2026-02-13 08:00:00,5.350660544894074,5.794574999999999,-7.796666666666667,104
2026-02-13 09:00:00,4.75614270657251,4.8809,-6.291666666666667,104
2026-02-13 10:00:00,4.1616248682509465,3.3887666666666663,-4.326666666666667,104
2026-02-13 11:00:00,2.9725891916078186,0.8782333333333332,-2.5,104
2026-02-13 12:00:00,2.3780713532862547,2.2632916666666665,-1.2816666666666665,104
2026-02-13 13:00:00,2.3780713532862547,0.66665,-0.5358333333333333,104
2026-02-13 14:00:00,2.9725891916078186,0.8809416666666666,-0.67,104
2026-02-13 15:00:00,2.9725891916078186,3.5822916666666664,-2.12,104
2026-02-13 16:00:00,3.5671070299293826,2.4755583333333333,-3.106666666666667,104
2026-02-13 17:00:00,3.5671070299293826,4.694658333333333,-4.37,104
2026-02-13 18:00:00,3.5671070299293826,2.5429416666666667,-5.62,104
2026-02-13 19:00:00,4.1616248682509465,4.047091666666667,-6.737500000000001,104
2026-02-13 20:00:00,4.1616248682509465,3.2973166666666662,-7.769166666666667,104
2026-02-13 21:00:00,4.1616248682509465,4.871991666666666,-8.1575,104
2026-02-13 22:00:00,4.75614270657251,7.123324999999998,-8.049999999999999,104
2026-02-14 00:00:00,5.042653646793031,5.682466666666666,-8.005,105
2026-02-14 01:00:00,5.042653646793031,4.538508333333333,-7.814166666666666,105
2026-02-14 02:00:00,5.042653646793031,5.410941666666667,-8.360833333333334,105
2026-02-14 03:00:00,5.042653646793031,5.751325,-9.735833333333334,105
2026-02-14 04:00:00,5.042653646793031,4.7354,-10.355833333333333,105
2026-02-14 05:00:00,5.042653646793031,5.053058333333333,-12.167499999999999,105
2026-02-14 06:00:00,5.042653646793031,6.869675,-14.448333333333332,105
2026-02-14 07:00:00,5.042653646793031,3.955591666666667,-12.115,105
2026-02-14 08:00:00,4.412321940943903,5.9465249999999985,-5.767500000000001,105
2026-02-14 09:00:00,3.7819902350947734,3.5405333333333338,-4.13,105
2026-02-14 10:00:00,3.1516585292456445,2.907408333333333,-1.6208333333333333,105
2026-02-14 11:00:00,2.5213268233965156,2.2466333333333335,-0.2775,105
2026-02-14 12:00:00,2.5213268233965156,3.3390666666666666,-0.24083333333333332,105
2026-02-14 13:00:00,1.8909951175473867,2.377833333333333,0.1525,105
2026-02-14 14:00:00,2.5213268233965156,3.6920916666666663,-0.6816666666666666,105
2026-02-14 15:00:00,3.1516585292456445,3.4087166666666664,-1.3883333333333334,105
2026-02-14 16:00:00,3.1516585292456445,3.0301666666666667,-2.6491666666666664,105
2026-02-14 17:00:00,3.7819902350947734,3.241574999999999,-3.2641666666666667,105
2026-02-14 18:00:00,3.7819902350947734,3.7318249999999993,-2.9399999999999995,105
2026-02-14 19:00:00,3.7819902350947734,4.026966666666667,-3.4825,105
2026-02-14 20:00:00,3.1516585292456445,2.4694583333333333,-3.8974999999999995,105
2026-02-14 21:00:00,3.7819902350947734,4.78505,-5.2225,105
2026-02-14 22:00:00,3.1516585292456445,3.192666666666667,-5.718333333333334,105
2026-02-15 00:00:00,3.623576699009104,4.381841666666666,-7.033333333333334,106
2026-02-15 01:00:00,3.019647249174253,4.992075000000001,-8.0475,106
2026-02-15 02:00:00,4.227506148843954,4.734491666666667,-9.454166666666667,106
2026-02-15 03:00:00,4.227506148843954,3.969808333333333,-11.0375,106
2026-02-15 04:00:00,4.831435598678805,5.244408333333333,-12.036666666666667,106
2026-02-15 05:00:00,4.831435598678805,5.066441666666666,-12.765,106
2026-02-15 06:00:00,4.831435598678805,5.881933333333333,-13.185,106
2026-02-15 07:00:00,4.227506148843954,4.088933333333333,-12.079166666666667,106
2026-02-15 08:00:00,4.831435598678805,4.488458333333335,-8.958333333333334,106
2026-02-15 09:00:00,4.227506148843954,5.6234166666666665,-7.273333333333333,106
2026-02-15 10:00:00,3.623576699009104,3.3358583333333334,-5.015000000000001,106
2026-02-15 11:00:00,3.019647249174253,1.5607833333333334,-3.3008333333333333,106
2026-02-15 12:00:00,1.811788349504552,1.7899083333333334,-0.8241666666666666,106
2026-02-15 13:00:00,1.811788349504552,0.7125833333333333,0.31,106
2026-02-15 14:00:00,1.2078588996697013,1.8013166666666665,0.6900000000000001,106
2026-02-15 15:00:00,2.4157177993394026,2.7593083333333337,-1.593333333333333,106
2026-02-15 16:00:00,3.019647249174253,3.775958333333333,-3.078333333333333,106
2026-02-15 17:00:00,3.623576699009104,5.420816666666666,-5.111666666666667,106
2026-02-15 18:00:00,3.019647249174253,3.2329416666666666,-6.360833333333333,106
2026-02-15 19:00:00,3.623576699009104,4.041775,-8.115833333333333,106
2026-02-15 20:00:00,3.623576699009104,4.703874999999999,-9.6075,106
2026-02-15 21:00:00,3.623576699009104,3.1007000000000002,-10.828333333333333,106
2026-02-15 22:00:00,4.227506148843954,5.687941666666665,-11.875,106
2026-02-16 00:00:00,5.051103719539294,6.196583333333333,-14.5175,107
2026-02-16 01:00:00,3.788327789654471,3.895758333333333,-15.292499999999997,107
2026-02-16 02:00:00,5.051103719539294,5.459291666666666,-16.2925,107
2026-02-16 03:00:00,5.051103719539294,5.486516666666666,-17.014166666666668,107
2026-02-16 04:00:00,5.051103719539294,4.789433333333333,-17.581666666666667,107
2026-02-16 05:00:00,5.682491684481706,4.984933333333333,-17.356666666666666,107
2026-02-16 06:00:00,5.682491684481706,4.953225,-16.879166666666666,107
2026-02-16 07:00:00,5.682491684481706,7.497633333333334,-14.9125,107
2026-02-16 08:00:00,5.051103719539294,3.556858333333333,-9.271666666666667,107
2026-02-16 09:00:00,4.419715754596883,5.561183333333333,-5.439166666666666,107
2026-02-16 10:00:00,3.156939824712059,1.3382916666666667,-1.7275,107
2026-02-16 11:00:00,3.156939824712059,2.3721916666666667,0.7775,107
2026-02-16 12:00:00,1.8941638948272352,1.1329416666666665,2.735833333333334,107
2026-02-16 13:00:00,1.8941638948272352,1.8876333333333335,3.7116666666666664,107
2026-02-16 14:00:00,1.8941638948272352,2.125658333333333,3.4258333333333333,107
2026-02-16 15:00:00,2.525551859769647,2.640258333333333,2.1708333333333334,107
2026-02-16 16:00:00,3.156939824712059,3.253058333333333,0.14833333333333334,107
2026-02-16 17:00:00,2.525551859769647,3.8889416666666667,-3.01,107
2026-02-16 18:00:00,3.156939824712059,3.6984916666666665,-4.565,107
2026-02-16 19:00:00,3.156939824712059,3.208341666666667,-6.394166666666667,107
2026-02-16 20:00:00,3.156939824712059,3.9875,-7.330000000000001,107
2026-02-16 21:00:00,3.156939824712059,3.5965416666666665,-8.635,107
2026-02-16 22:00:00,3.788327789654471,4.133249999999999,-9.725833333333334,107
2026-02-17 00:00:00,3.590521561888134,3.579033333333333,-10.495833333333334,108
2026-02-17 01:00:00,4.188941822202823,3.842516666666667,-10.615833333333333,108
2026-02-17 02:00:00,4.188941822202823,4.333825,-10.124166666666666,108
2026-02-17 03:00:00,4.188941822202823,6.022816666666666,-9.772499999999999,108
2026-02-17 04:00:00,4.188941822202823,4.755425,-9.588333333333333,108
2026-02-17 05:00:00,4.188941822202823,3.649716666666667,-10.667499999999999,108
2026-02-17 06:00:00,4.787362082517512,5.430766666666666,-11.889999999999999,108
2026-02-17 07:00:00,4.188941822202823,5.215299999999999,-10.163333333333334,108
2026-02-17 08:00:00,4.188941822202823,3.2755083333333332,-4.774166666666667,108
2026-02-17 09:00:00,3.590521561888134,4.551833333333334,-1.2133333333333334,108
2026-02-17 10:00:00,2.3936810412587564,1.3350416666666667,0.9408333333333334,108
2026-02-17 11:00:00,2.3936810412587564,0.4337083333333333,2.703333333333333,108
2026-02-17 12:00:00,1.7952607809440673,3.331591666666667,2.8608333333333333,108
2026-02-17 13:00:00,2.3936810412587564,2.6948999999999996,1.8008333333333333,108
2026-02-17 14:00:00,2.3936810412587564,3.3740083333333337,1.7500000000000002,108
2026-02-17 15:00:00,2.3936810412587564,3.199741666666667,1.6624999999999999,108
2026-02-17 16:00:00,2.9921013015734452,3.9029583333333324,1.1941666666666666,108
2026-02-17 17:00:00,2.3936810412587564,3.431891666666667,0.5874999999999999,108
2026-02-17 18:00:00,2.9921013015734452,3.9982083333333334,0.2041666666666667,108
2026-02-17 19:00:00,2.9921013015734452,2.0620249999999998,0.08666666666666667,108
2026-02-17 20:00:00,3.590521561888134,3.206291666666667,0.6766666666666666,108
2026-02-17 21:00:00,3.590521561888134,3.0431166666666667,0.1666666666666667,108
2026-02-17 22:00:00,3.590521561888134,3.6857416666666665,0.12083333333333335,108
2026-02-18 00:00:00,3.5599502722350116,2.297225,-0.68,109
2026-02-18 01:00:00,3.5599502722350116,3.690708333333333,-2.8791666666666664,109
2026-02-18 02:00:00,3.5599502722350116,4.174283333333333,-3.0500000000000003,109
2026-02-18 03:00:00,3.5599502722350116,4.229166666666667,-2.6841666666666666,109
2026-02-18 04:00:00,3.5599502722350116,3.3907833333333333,-1.3791666666666664,109
2026-02-18 05:00:00,3.5599502722350116,3.6821666666666664,-2.0591666666666666,109
2026-02-18 06:00:00,4.1532753176075135,4.132275,-2.453333333333333,109
2026-02-18 07:00:00,4.1532753176075135,4.904466666666666,-2.120833333333333,109
2026-02-18 08:00:00,2.9666252268625097,2.0473333333333334,-0.3841666666666667,109
2026-02-18 09:00:00,2.9666252268625097,3.8263833333333337,0.6291666666666667,109
2026-02-18 10:00:00,2.373300181490008,1.9923083333333333,1.75,109
2026-02-18 11:00:00,1.779975136117506,0.0,2.0475,109
2026-02-18 12:00:00,1.186650090745004,1.328825,3.3275,109
2026-02-18 13:00:00,0.593325045372502,1.1105333333333334,3.499166666666667,109
2026-02-18 14:00:00,1.186650090745004,1.1615916666666666,2.1533333333333333,109
2026-02-18 15:00:00,1.779975136117506,2.548,1.055,109
2026-02-18 16:00:00,2.373300181490008,3.8479083333333333,-0.685,109
2026-02-18 17:00:00,2.9666252268625097,4.104791666666666,-2.3283333333333336,109
2026-02-18 18:00:00,2.9666252268625097,3.2614166666666664,-2.7591666666666668,109
2026-02-18 19:00:00,3.5599502722350116,4.043725,-3.3533333333333335,109
2026-02-18 20:00:00,3.5599502722350116,5.077875,-3.8341666666666665,109
2026-02-18 21:00:00,3.5599502722350116,4.209316666666666,-4.541666666666667,109
2026-02-18 22:00:00,3.5599502722350116,4.548633333333334,-5.291666666666667,109
2026-02-19 00:00:00,4.09532068658258,4.477516666666667,-6.708333333333333,110
2026-02-19 01:00:00,4.09532068658258,5.211125,-5.668333333333334,110
2026-02-19 02:00:00,4.09532068658258,2.9821000000000004,-7.051666666666667,110
2026-02-19 03:00:00,4.09532068658258,4.009791666666667,-7.976666666666667,110
2026-02-19 04:00:00,4.09532068658258,5.940333333333333,-8.619166666666667,110
2026-02-19 05:00:00,4.68036649895152,4.752291666666667,-10.852500000000001,110
2026-02-19 06:00:00,4.68036649895152,5.058433333333333,-12.726666666666667,110
2026-02-19 07:00:00,4.68036649895152,4.484458333333333,-9.704166666666667,110
2026-02-19 08:00:00,4.09532068658258,5.421283333333333,-4.575,110
2026-02-19 09:00:00,3.51027487421364,2.8385833333333332,-3.2558333333333334,110
2026-02-19 10:00:00,2.9252290618447,2.3223,-0.8508333333333332,110
2026-02-19 11:00:00,2.3401832494757597,1.1324333333333332,0.5841666666666666,110
2026-02-19 12:00:00,1.7551374371068198,1.807325,1.7349999999999997,110
2026-02-19 13:00:00,1.7551374371068198,2.4017,2.749166666666666,110
2026-02-19 14:00:00,2.3401832494757597,1.1766999999999999,2.578333333333333,110
2026-02-19 15:00:00,2.3401832494757597,3.316758333333333,1.3483333333333334,110
2026-02-19 16:00:00,2.9252290618447,2.1042083333333332,-0.20750000000000002,110
2026-02-19 17:00:00,2.9252290618447,1.8255833333333333,-2.6858333333333335,110
2026-02-19 18:00:00,2.9252290618447,3.2013583333333333,-3.9650000000000003,110
2026-02-19 19:00:00,3.51027487421364,2.535933333333334,-5.438333333333333,110
2026-02-19 20:00:00,3.51027487421364,3.6019499999999995,-7.315,110
2026-02-19 21:00:00,3.51027487421364,4.527591666666667,-8.656666666666666,110
2026-02-19 22:00:00,3.51027487421364,2.7030749999999997,-10.208333333333334,110
2026-02-20 00:00:00,4.09684725773383,5.295625,-12.507499999999999,111
2026-02-20 01:00:00,4.09684725773383,3.4272416666666667,-13.3525,111
2026-02-20 02:00:00,4.682111151695806,4.2240166666666665,-14.180833333333334,111
2026-02-20 03:00:00,4.09684725773383,3.7908083333333336,-15.1025,111
2026-02-20 04:00:00,4.682111151695806,4.810033333333333,-15.89333333333333,111
2026-02-20 05:00:00,5.267375045657782,4.025408333333333,-16.791666666666668,111
2026-02-20 06:00:00,5.267375045657782,4.244541666666667,-16.819999999999997,111
2026-02-20 07:00:00,5.267375045657782,6.201508333333332,-13.601666666666665,111
2026-02-20 08:00:00,4.682111151695806,5.330225,-7.005,111
2026-02-20 09:00:00,3.5115833637718543,3.7273000000000005,-3.875,111
2026-02-20 10:00:00,3.5115833637718543,2.4411250000000004,-1.689166666666667,111
2026-02-20 11:00:00,1.755791681885927,1.4330833333333333,-0.3658333333333333,111
2026-02-20 12:00:00,2.3410555758479026,1.4623583333333332,0.6841666666666667,111
2026-02-20 13:00:00,1.755791681885927,3.7449583333333334,1.2358333333333333,111
2026-02-20 14:00:00,1.755791681885927,1.3259166666666666,1.2025,111
2026-02-20 15:00:00,2.9263194698098784,2.439133333333333,0.19083333333333333,111
2026-02-20 16:00:00,2.9263194698098784,3.482141666666667,-1.2083333333333333,111
2026-02-20 17:00:00,3.5115833637718543,3.413558333333333,-2.5225000000000004,111
2026-02-20 18:00:00,4.09684725773383,4.502083333333333,-3.4175,111
2026-02-20 19:00:00,3.5115833637718543,3.1679666666666666,-4.345833333333333,111
2026-02-20 20:00:00,3.5115833637718543,2.966183333333333,-5.228333333333333,111
2026-02-20 21:00:00,4.09684725773383,4.736425,-5.9075,111
2026-02-20 22:00:00,4.09684725773383,5.053541666666667,-6.865833333333334,111
2026-02-21 00:00:00,4.081130649997812,4.822066666666666,-8.904166666666667,112
2026-02-21 01:00:00,4.664149314283214,4.060925,-9.721666666666666,112
2026-02-21 02:00:00,4.664149314283214,4.948049999999999,-10.522499999999999,112
2026-02-21 03:00:00,4.664149314283214,5.238941666666666,-11.105833333333331,112
2026-02-21 04:00:00,4.664149314283214,5.256466666666666,-11.467500000000001,112
2026-02-21 05:00:00,4.664149314283214,4.380333333333333,-12.722500000000002,112
2026-02-21 06:00:00,5.247167978568616,5.371983333333333,-13.706666666666669,112
2026-02-21 07:00:00,5.247167978568616,5.097616666666666,-11.324166666666665,112
2026-02-21 08:00:00,4.081130649997812,4.736291666666666,-8.7225,112
2026-02-21 09:00:00,4.081130649997812,4.150466666666667,-7.380833333333334,112
2026-02-21 10:00:00,3.49811198571241,3.9154250000000004,-4.4225,112
2026-02-21 11:00:00,2.3320746571416064,0.0,-3.8508333333333336,112
2026-02-21 12:00:00,1.7490559928562048,1.9207416666666668,-2.8674999999999997,112
2026-02-21 13:00:00,1.1660373285708032,1.0455583333333334,-1.1516666666666666,112
2026-02-21 14:00:00,2.3320746571416064,2.4353833333333332,-0.3283333333333333,112
2026-02-21 15:00:00,2.3320746571416064,2.240158333333333,-1.4541666666666666,112
2026-02-21 16:00:00,2.9150933214270083,2.7289000000000003,-2.6566666666666663,112
2026-02-21 17:00:00,3.49811198571241,3.034241666666666,-4.290833333333333,112
2026-02-21 18:00:00,3.49811198571241,3.1429499999999995,-5.760000000000001,112
2026-02-21 19:00:00,4.081130649997812,3.8503583333333333,-7.344166666666666,112
2026-02-21 20:00:00,4.081130649997812,2.8982583333333336,-8.445,112
2026-02-21 21:00:00,4.081130649997812,4.056024999999999,-9.4625,112
2026-02-21 22:00:00,4.081130649997812,3.9975749999999994,-10.221666666666666,112
2026-02-22 00:00:00,4.142697579428632,5.191749999999999,-11.860833333333332,113
2026-02-22 01:00:00,4.142697579428632,6.302149999999999,-12.440833333333332,113
2026-02-22 02:00:00,4.142697579428632,4.671749999999999,-13.055833333333334,113
2026-02-22 03:00:00,4.142697579428632,4.788933333333333,-14.31,113
2026-02-22 04:00:00,4.734511519347008,5.353891666666666,-15.329999999999998,113
2026-02-22 05:00:00,4.734511519347008,5.740616666666666,-15.856666666666664,113
2026-02-22 06:00:00,4.734511519347008,4.891383333333334,-15.5175,113
2026-02-22 07:00:00,4.734511519347008,6.603725,-12.527499999999998,113
2026-02-22 08:00:00,4.142697579428632,3.207491666666666,-6.195833333333334,113
2026-02-22 09:00:00,3.5508836395102565,5.557549999999999,-2.6666666666666665,113
2026-02-22 10:00:00,2.9590696995918804,1.9439833333333336,-0.02833333333333336,113
2026-02-22 11:00:00,2.367255759673504,1.8377833333333333,1.3550000000000002,113
2026-02-22 12:00:00,1.183627879836752,0.9407166666666666,2.6950000000000003,113
2026-02-22 13:00:00,1.775441819755128,0.950975,3.3541666666666665,113
2026-02-22 14:00:00,1.775441819755128,0.9229833333333333,3.050833333333333,113
2026-02-22 15:00:00,2.9590696995918804,1.8144166666666663,1.855833333333333,113
2026-02-22 16:00:00,2.9590696995918804,2.935025,0.5416666666666669,113
2026-02-22 17:00:00,2.9590696995918804,4.107458333333333,-2.685,113
2026-02-22 18:00:00,2.9590696995918804,3.6054749999999998,-4.194166666666667,113
2026-02-22 19:00:00,3.5508836395102565,3.973883333333333,-5.4816666666666665,113
2026-02-22 20:00:00,3.5508836395102565,4.511658333333334,-6.610833333333333,113
2026-02-22 21:00:00,2.9590696995918804,3.6815999999999995,-7.454166666666667,113
2026-02-22 22:00:00,3.5508836395102565,3.3531583333333335,-8.264166666666666,113
2026-02-23 00:00:00,3.611398897556257,3.7280916666666664,-9.924999999999999,114
2026-02-23 01:00:00,4.213298713815633,4.5496583333333325,-10.073333333333332,114
2026-02-23 02:00:00,4.213298713815633,2.9960916666666666,-10.138333333333334,114
2026-02-23 03:00:00,4.213298713815633,4.835425,-9.323333333333332,114
2026-02-23 04:00:00,4.815198530075009,4.609591666666667,-8.485833333333334,114
2026-02-23 05:00:00,4.815198530075009,4.441999999999999,-8.716666666666667,114
2026-02-23 06:00:00,4.815198530075009,5.006016666666667,-8.38,114
2026-02-23 07:00:00,4.213298713815633,3.249116666666666,-7.62,114
2026-02-23 08:00:00,4.815198530075009,4.340941666666667,-6.809166666666666,114
2026-02-23 09:00:00,4.815198530075009,5.199166666666667,-6.190833333333333,114
2026-02-23 10:00:00,4.213298713815633,3.83195,-5.6066666666666665,114
2026-02-23 11:00:00,4.213298713815633,3.7599416666666667,-5.510833333333333,114
2026-02-23 12:00:00,4.213298713815633,3.4121583333333327,-5.286666666666666,114
2026-02-23 13:00:00,4.213298713815633,4.252624999999999,-5.069999999999999,114
2026-02-23 14:00:00,4.213298713815633,5.485125,-4.7725,114
2026-02-23 15:00:00,4.213298713815633,4.24025,-4.5874999999999995,114
2026-02-23 16:00:00,4.213298713815633,5.700591666666666,-4.930000000000001,114
2026-02-23 17:00:00,4.213298713815633,4.7939083333333325,-5.324166666666667,114
2026-02-23 18:00:00,3.611398897556257,2.537183333333333,-5.5874999999999995,114
2026-02-23 19:00:00,4.213298713815633,2.9078249999999994,-5.7075,114
2026-02-23 20:00:00,4.213298713815633,3.752183333333333,-5.670833333333333,114
2026-02-23 21:00:00,3.611398897556257,3.920416666666667,-5.5475,114
2026-02-23 22:00:00,4.213298713815633,4.181083333333333,-5.68,114
2026-02-24 00:00:00,4.208302014670791,5.190183333333333,-5.801666666666667,115
2026-02-24 01:00:00,3.6071160125749633,3.5566083333333336,-5.640000000000001,115
2026-02-24 02:00:00,4.208302014670791,5.189408333333334,-5.541666666666667,115
2026-02-24 03:00:00,4.208302014670791,4.225116666666667,-5.661666666666666,115
2026-02-24 04:00:00,4.208302014670791,4.511841666666665,-5.857500000000001,115
2026-02-24 05:00:00,4.208302014670791,4.502608333333333,-6.283333333333334,115
2026-02-24 06:00:00,4.208302014670791,3.80095,-6.416666666666667,115
2026-02-24 07:00:00,4.208302014670791,5.7727916666666665,-5.995,115
2026-02-24 08:00:00,3.6071160125749633,3.7285999999999997,-3.875,115
2026-02-24 09:00:00,3.005930010479136,3.8525583333333335,-2.7466666666666666,115
2026-02-24 10:00:00,2.4047440083833087,3.6017666666666663,-2.1750000000000003,115
2026-02-24 11:00:00,2.4047440083833087,1.941625,-2.6841666666666666,115
2026-02-24 12:00:00,2.4047440083833087,3.9856750000000005,-1.2691666666666668,115
2026-02-24 13:00:00,1.8035580062874814,2.8400333333333334,-1.2775,115
2026-02-24 14:00:00,1.8035580062874814,2.1185166666666664,-2.018333333333333,115
2026-02-24 15:00:00,3.005930010479136,3.7721833333333334,-2.983333333333334,115
2026-02-24 16:00:00,3.005930010479136,3.4449249999999996,-4.024166666666667,115
2026-02-24 17:00:00,3.6071160125749633,5.3007583333333335,-5.425833333333333,115
2026-02-24 18:00:00,3.6071160125749633,2.63465,-6.898333333333333,115
2026-02-24 19:00:00,4.208302014670791,3.505691666666667,-8.208333333333334,115
2026-02-24 20:00:00,4.208302014670791,4.842758333333333,-9.32,115
2026-02-24 21:00:00,4.208302014670791,6.421408333333334,-10.2775,115
2026-02-24 22:00:00,4.208302014670791,5.210483333333333,-11.273333333333333,115
2026-02-25 00:00:00,4.887698520200138,6.648791666666667,-12.612500000000002,116
2026-02-25 01:00:00,4.276736205175121,4.197241666666667,-13.963333333333331,116
2026-02-25 02:00:00,4.887698520200138,5.755308333333334,-14.87416666666667,116
2026-02-25 03:00:00,4.887698520200138,5.269449999999999,-14.966666666666669,116
2026-02-25 04:00:00,4.887698520200138,6.010541666666665,-15.98666666666667,116
2026-02-25 05:00:00,4.887698520200138,4.490191666666667,-16.9025,116
2026-02-25 06:00:00,4.887698520200138,6.516283333333333,-15.958333333333334,116
2026-02-25 07:00:00,4.887698520200138,5.920108333333333,-13.736666666666666,116
2026-02-25 08:00:00,4.887698520200138,6.51595,-11.7125,116
2026-02-25 09:00:00,4.887698520200138,5.692208333333333,-10.278333333333334,116
2026-02-25 10:00:00,4.276736205175121,4.952808333333333,-9.7775,116
2026-02-25 11:00:00,4.887698520200138,4.776291666666666,-8.851666666666667,116
2026-02-25 12:00:00,4.276736205175121,3.5064,-7.2075,116
2026-02-25 13:00:00,4.276736205175121,4.9651499999999995,-5.45,116
2026-02-25 14:00:00,4.276736205175121,3.254833333333333,-4.865833333333334,116
2026-02-25 15:00:00,3.6657738901501036,3.578441666666667,-4.889166666666667,116
2026-02-25 16:00:00,4.276736205175121,4.792283333333334,-5.1066666666666665,116
2026-02-25 17:00:00,4.276736205175121,5.317475,-5.375,116
2026-02-25 18:00:00,3.6657738901501036,2.4316416666666667,-5.435,116
2026-02-25 19:00:00,4.276736205175121,3.6580333333333335,-5.394166666666667,116
2026-02-25 20:00:00,4.276736205175121,3.18295,-5.39,116
2026-02-25 21:00:00,4.276736205175121,3.2377749999999996,-5.459166666666667,116
2026-02-25 22:00:00,4.276736205175121,3.4046250000000007,-6.589166666666667,116
2026-02-26 00:00:00,4.2184367247706716,5.334725000000001,-8.0975,117
2026-02-26 01:00:00,4.2184367247706716,5.310733333333333,-7.774166666666667,117
2026-02-26 02:00:00,4.2184367247706716,3.7380416666666667,-8.075000000000001,117
2026-02-26 03:00:00,4.2184367247706716,5.061224999999999,-6.9975,117
2026-02-26 04:00:00,4.2184367247706716,5.012250000000001,-6.885000000000001,117
2026-02-26 05:00:00,4.2184367247706716,4.267733333333333,-6.670833333333333,117
2026-02-26 06:00:00,4.2184367247706716,3.981333333333333,-6.213333333333334,117
2026-02-26 07:00:00,4.2184367247706716,4.928391666666666,-5.240833333333334,117
2026-02-26 08:00:00,3.6158029069462896,3.312766666666667,-1.7683333333333333,117
2026-02-26 09:00:00,3.013169089121908,3.1672999999999996,0.2866666666666667,117
2026-02-26 10:00:00,2.4105352712975265,2.177983333333333,2.2158333333333333,117
2026-02-26 11:00:00,1.807901453473145,1.1765416666666666,2.888333333333333,117
2026-02-26 12:00:00,0.6026338178243816,1.8692999999999997,2.2733333333333334,117
2026-02-26 13:00:00,0.0,0.9868999999999999,2.045833333333333,117
2026-02-26 14:00:00,1.2052676356487633,0.977125,1.6716666666666669,117
2026-02-26 15:00:00,2.4105352712975265,2.3358749999999997,0.14749999999999996,117
2026-02-26 16:00:00,3.013169089121908,1.9411333333333334,-0.8883333333333332,117
2026-02-26 17:00:00,3.013169089121908,3.4072250000000004,-2.459166666666667,117
2026-02-26 18:00:00,3.013169089121908,3.204825,-3.670833333333334,117
2026-02-26 19:00:00,3.013169089121908,4.219333333333333,-4.859999999999999,117
2026-02-26 20:00:00,3.6158029069462896,3.335575,-6.171666666666667,117
2026-02-26 21:00:00,3.6158029069462896,4.268416666666666,-8.191666666666666,117
2026-02-26 22:00:00,3.6158029069462896,4.292341666666667,-9.046666666666667,117
2026-02-27 00:00:00,4.236467582236422,4.21885,-9.0925,118
2026-02-27 01:00:00,4.236467582236422,4.8226,-9.999166666666666,118
2026-02-27 02:00:00,3.631257927631219,3.6076499999999987,-10.726666666666667,118
2026-02-27 03:00:00,4.841677236841625,5.667741666666666,-11.100833333333334,118
2026-02-27 04:00:00,4.841677236841625,5.159916666666667,-11.295833333333334,118
2026-02-27 05:00:00,4.236467582236422,3.6805833333333333,-11.980833333333335,118
2026-02-27 06:00:00,4.841677236841625,5.525183333333333,-12.560833333333333,118
2026-02-27 07:00:00,4.841677236841625,5.8119,-8.9625,118
2026-02-27 08:00:00,3.631257927631219,4.691441666666666,-6.911666666666666,118
2026-02-27 09:00:00,3.631257927631219,4.384633333333333,-5.7124999999999995,118
2026-02-27 10:00:00,3.026048273026016,2.9359249999999997,-4.093333333333333,118
2026-02-27 11:00:00,2.4208386184208126,0.0,-2.068333333333333,118
2026-02-27 12:00:00,1.8156289638156093,3.5885583333333337,-0.7083333333333334,118
2026-02-27 13:00:00,0.6052096546052032,1.6521,0.03333333333333335,118
2026-02-27 14:00:00,1.2104193092104063,2.865791666666666,0.24583333333333332,118
2026-02-27 15:00:00,3.026048273026016,2.048775,-0.9958333333333335,118
2026-02-27 16:00:00,3.026048273026016,3.5343999999999993,-1.5008333333333335,118
2026-02-27 17:00:00,3.026048273026016,3.0999583333333334,-3.361666666666667,118
2026-02-27 18:00:00,3.631257927631219,2.5615666666666668,-4.495,118
2026-02-27 19:00:00,3.631257927631219,3.5664000000000002,-5.088333333333333,118
2026-02-27 20:00:00,3.631257927631219,3.8456,-6.3374999999999995,118
2026-02-27 21:00:00,3.631257927631219,2.1897583333333333,-6.466666666666666,118
2026-02-27 22:00:00,4.236467582236422,4.379991666666666,-7.1475,118
2026-02-28 00:00:00,4.136579352524796,4.5541833333333335,-10.7275,119
2026-02-28 01:00:00,4.136579352524796,5.506433333333334,-12.065833333333332,119
2026-02-28 02:00:00,4.727519260028338,4.778025,-12.790833333333333,119
2026-02-28 03:00:00,4.727519260028338,4.580175,-12.379166666666668,119
2026-02-28 04:00:00,4.727519260028338,5.952741666666666,-10.113333333333335,119
2026-02-28 05:00:00,4.727519260028338,4.217466666666667,-7.950833333333333,119
2026-02-28 06:00:00,4.727519260028338,4.389725,-4.781666666666667,119
2026-02-28 07:00:00,4.727519260028338,2.8761999999999994,-3.2074999999999996,119
2026-02-28 08:00:00,4.727519260028338,4.115591666666667,-1.8274999999999997,119
2026-02-28 09:00:00,4.136579352524796,4.199,0.7599999999999999,119
2026-02-28 10:00:00,2.954699537517712,2.4841333333333333,3.4775000000000005,119
2026-02-28 11:00:00,2.3637596300141697,2.8792750000000003,5.915833333333333,119
2026-02-28 12:00:00,1.7728197225106272,2.0279499999999997,6.891666666666667,119
2026-02-28 13:00:00,1.1818798150070848,1.2086916666666665,8.0975,119
2026-02-28 14:00:00,1.7728197225106272,1.991891666666667,5.2175,119
2026-02-28 15:00:00,2.3637596300141697,2.6843833333333333,4.1433333333333335,119
2026-02-28 16:00:00,2.3637596300141697,1.5137749999999999,4.81,119
2026-02-28 17:00:00,2.954699537517712,3.1403083333333335,3.9825000000000004,119
2026-02-28 18:00:00,2.3637596300141697,1.8793666666666666,1.9016666666666664,119
2026-02-28 19:00:00,2.954699537517712,1.7759083333333334,1.2583333333333333,119
2026-02-28 20:00:00,2.954699537517712,2.486791666666666,1.1391666666666667,119
2026-02-28 21:00:00,2.954699537517712,1.719258333333333,0.5425,119
2026-02-28 22:00:00,2.954699537517712,4.235625,-0.3441666666666667,119
