t,actual,T_o,linear,abg,gbm,blend
2025-11-02 00:00:00,2.333841666666667,3.5499999999999994,2.140006102140478,1.9137155682601703,2.9690634428091593,2.5545347724748186
2025-11-02 01:00:00,3.0629416666666662,3.0508333333333333,1.7302545086798138,2.0654589417409834,1.9905789704783763,1.8604167395790951
2025-11-02 02:00:00,1.3461166666666666,2.3333333333333335,2.49307686209678,2.1813698914147697,2.3468404951909863,2.419958678643883
2025-11-02 03:00:00,2.4426916666666667,2.1166666666666667,2.523836796633288,2.208501387651461,3.096342299479365,2.810089548056326
2025-11-02 04:00:00,2.4991749999999997,1.8324999999999996,2.511309654567399,2.248460913379942,2.797046043026688,2.6541778487970435
2025-11-02 05:00:00,3.07225,1.6524999999999999,2.6568891447159153,2.289735526260542,3.1698045398103116,2.9133468422631132
2025-11-02 06:00:00,2.5698333333333334,1.4258333333333335,1.7131147369802977,2.337907803803072,1.5094791513788801,1.611296944179589
2025-11-02 07:00:00,1.9998083333333334,3.0566666666666666,2.0923816560570287,2.0507083365051098,2.2575980762353978,2.1749898661462135
2025-11-02 08:00:00,3.241875,4.8566666666666665,1.819528034897147,1.6521003979094697,2.336144981210353,2.0778365080537498
2025-11-02 09:00:00,1.3330083333333334,5.8549999999999995,1.0207744832266683,1.43773495363691,1.4482903666716422,1.2345324249491552
2025-11-02 10:00:00,0.0,5.655833333333334,0.0,1.4878570964654312,1.264544824768954,0.632272412384477
2025-11-02 11:00:00,0.38384999999999997,5.3133333333333335,0.0,1.5583620677132295,1.099675512984991,0.5498377564924956
2025-11-02 12:00:00,0.0,5.2683333333333335,0.4435528103946539,1.5489522431751568,1.7919431657928608,1.1177479880937573
2025-11-02 13:00:00,0.0,6.3566666666666665,0.1219434380518144,1.316667901994491,1.2713795602023659,0.6966614991270901
2025-11-02 14:00:00,0.0,5.7275,1.1029717357051763,1.4383713674244474,1.7126519242214389,1.4078118299633076
2025-11-02 15:00:00,3.2066583333333334,4.495833333333334,1.363435812724145,1.6863297650475295,1.7148396387169986,1.5391377257205718
2025-11-02 16:00:00,1.7627666666666666,2.6908333333333334,1.5184550977810969,2.0387472496730434,1.4202241254066408,1.4693396115938688
2025-11-02 17:00:00,3.0305333333333326,2.74,1.7376392880987521,2.0164877145799642,1.8445364848306076,1.79108788646468
2025-11-02 18:00:00,0.0,3.7741666666666664,1.407302876854175,1.8372965458989636,1.2063198911523834,1.3068113840032791
2025-11-02 19:00:00,2.0071166666666667,3.6350000000000002,0.6630528013663568,1.8493020557518431,0.527496098623306,0.5952744499948315
2025-11-02 20:00:00,2.072775,3.3049999999999997,2.0843243137429637,1.8978217766761796,1.9090617685290536,1.9966930411360087
2025-11-02 21:00:00,0.9885333333333333,3.3341666666666665,1.5050473042968924,1.8966766800099486,1.5000954921315446,1.5025713982142186
2025-11-02 22:00:00,3.233574999999999,3.4725,1.9736911732080735,1.8711692352328055,2.1263477033653353,2.0500194382867045
2025-11-02 23:00:00,1.8514666666666668,3.2083333333333335,1.7106918830020579,1.917582514284034,1.0163602755518835,1.3635260792769706
2025-11-03 00:00:00,0.91245,2.000833333333333,1.569794571866709,2.165167589947392,2.306017920157037,1.937906246011873
2025-11-03 01:00:00,3.172991666666666,-0.18083333333333332,1.4160151800327234,2.610400788862867,1.5429150080343663,1.4794650940335448
2025-11-03 02:00:00,1.3153583333333332,-2.0275000000000003,1.5361636101521463,2.987899017647399,1.4818944130966898,1.509029011624418
2025-11-03 03:00:00,3.250008333333333,-2.69,1.5399967540479098,3.1233282107357128,1.847944840868383,1.6939707974581464
2025-11-03 04:00:00,1.8451916666666666,-3.034166666666667,1.0066312544669112,3.193683250667126,1.3931879116197858,1.1999095830433486
2025-11-03 05:00:00,1.1881249999999999,-3.170833333333333,1.454606647131738,3.2216208452161617,2.2852694358344117,1.8699380414830749
2025-11-03 06:00:00,3.152591666666667,-3.0641666666666665,1.914603125571868,3.199815893373012,2.272507255322418,2.0935551904471428
2025-11-03 07:00:00,1.9218583333333334,-0.19166666666666674,2.248196073129238,2.6194437701393993,2.084742524462585,2.1664692987959113
2025-11-03 08:00:00,3.1435999999999997,2.8808333333333334,2.2713263132928736,2.0206656286336138,2.7094349421809634,2.4903806277369185
2025-11-03 09:00:00,1.8484583333333333,4.714166666666666,1.1556279364900357,1.6539495860059288,1.71046581982773,1.433046878158883
2025-11-03 10:00:00,0.0,6.509166666666666,0.0,1.2917470442838677,1.2763711033501646,0.6381855516750823
2025-11-03 11:00:00,0.0,8.185,0.0,0.9643275071749267,0.8536906670428506,0.4268453335214253
2025-11-03 12:00:00,0.0,10.185833333333333,0.0,0.5296969942468945,0.7385643004091981,0.36928215020459904
2025-11-03 13:00:00,0.0,9.883333333333333,0.0,0.5879173806824961,0.49957660864462583,0.24978830432231292
2025-11-03 14:00:00,0.0,9.639166666666666,0.0,0.6393890790104594,0.7672122487852148,0.3836061243926074
2025-11-03 15:00:00,2.2363,8.651666666666666,0.0,0.8527142799639871,0.6405560940556938,0.3202780470278469
2025-11-03 16:00:00,0.0,7.776666666666666,0.0,1.0128137473156416,1.4347324167158853,0.7173662083579426
2025-11-03 17:00:00,1.5105,7.660833333333333,0.0,1.0368177628872706,0.8722566735431145,0.43612833677155727
2025-11-03 18:00:00,1.4220166666666667,7.509166666666666,0.3802301065667731,1.0594671631698678,2.0059729944563363,1.1931015505115548
2025-11-03 19:00:00,0.0,7.5,0.267610293133955,1.066536346384989,1.5451294598304501,0.9063698764822026
2025-11-03 20:00:00,1.2855750000000001,7.6725,0.24316052343373198,1.0371251863314976,0.9034124519620887,0.5732864876979104
2025-11-03 21:00:00,1.0999166666666667,7.724999999999999,0.0,1.0276574812829637,1.6851686274607955,0.8425843137303978
2025-11-03 22:00:00,0.8232583333333332,7.7825,0.12716085714501338,1.011154378401055,1.7646328673417437,0.9458968622433785
2025-11-03 23:00:00,0.6394166666666666,7.7275,0.0,1.0317862006224738,1.5100718788434493,0.7550359394217246
2025-11-04 00:00:00,0.0,7.3566666666666665,0.0,1.0817263348167745,1.6004925871416356,0.8002462935708178
2025-11-04 01:00:00,1.4315083333333332,7.026666666666666,0.0,1.137033378773778,1.0338995949751602,0.5169497974875801
2025-11-04 02:00:00,1.948033333333333,6.445,0.2553195625172867,1.2564386789775188,1.5917633840301693,0.9235414732737279
2025-11-04 03:00:00,1.7603166666666668,5.2825,0.8533454995431775,1.5397870057765333,1.9008887411458752,1.3771171203445265
2025-11-04 04:00:00,0.0,4.366666666666667,0.2990999206913384,1.7333939933014688,1.2725596808620196,0.7858298007766791
2025-11-04 05:00:00,1.7291416666666666,4.279166666666668,1.0156437748296296,1.74201311140579,0.9843313332460298,0.9999875540378298
2025-11-04 06:00:00,1.7497999999999998,4.6258333333333335,1.2203732267683591,1.644340122086239,1.857622474753635,1.538997850760997
2025-11-04 07:00:00,1.6435499999999998,4.8325,1.4938854982843837,1.6470129908637636,1.8738891676318217,1.6838873329581028
2025-11-04 08:00:00,1.700475,6.574166666666667,1.1594817045977655,1.32356505479479,1.6961395291284347,1.4278106168631002
2025-11-04 09:00:00,0.0,8.434166666666666,0.1565624465975185,0.9177636686362961,1.3703902361402522,0.7634763413688854
2025-11-04 10:00:00,0.0,8.804166666666665,0.0,0.8364076983601049,1.1068156895926544,0.5534078447963272
2025-11-04 11:00:00,0.0,9.036666666666667,0.0,0.7878467484801379,0.6915613643321274,0.3457806821660637
2025-11-04 12:00:00,1.6855916666666668,7.870833333333334,0.0,1.038814573743102,0.8276798120692559,0.41383990603462795
2025-11-04 13:00:00,0.0,7.800833333333333,0.27797443006297473,1.0655821804182974,0.882930123274377,0.5804522766686759
2025-11-04 14:00:00,1.4883583333333332,6.94,0.46570334517787415,1.2676519812332052,0.6760350038699545,0.5708691745239143
2025-11-04 15:00:00,1.9249416666666666,5.755,1.4080141017992995,1.5205295761393929,2.0172213480212795,1.7126177249102894
2025-11-04 16:00:00,1.827433333333333,5.4725,1.507208227002449,1.5601179238759781,1.6528291667810235,1.5800186968917362
2025-11-04 17:00:00,1.8280166666666666,4.9075,1.71765283065715,1.632565482835525,1.7905871744268167,1.7541200025419834
2025-11-04 18:00:00,2.1270583333333333,4.375,1.7260910847330766,1.7341547427370363,1.8882080929015757,1.8071495888173261
2025-11-04 19:00:00,2.9564500000000002,4.273333333333333,2.4074337998715936,1.7832427277626137,2.4223828633545095,2.4149083316130513
2025-11-04 20:00:00,1.6590583333333333,3.9783333333333335,0.8498472817929819,1.8401200778983986,1.520756325151583,1.1853018034722824
2025-11-04 21:00:00,1.6303333333333332,3.985,0.46433264702583743,1.8355815355996068,0.8631418214085742,0.6637372342172059
2025-11-04 22:00:00,1.5266166666666667,3.3333333333333335,1.20980634179449,1.9113674152314768,1.312866831729932,1.2613365867622108
2025-11-07 00:00:00,2.906125,1.2950000000000002,2.3214032705880925,2.3829168691526474,2.512063691978939,2.416733481283516
2025-11-07 01:00:00,1.960775,1.255,2.043351764696327,2.351472872815454,2.349570376507881,2.196461070602104
2025-11-07 02:00:00,3.7670083333333326,0.7824999999999999,1.945138169005439,2.424186003959306,2.4457890740777164,2.1954636215415775
2025-11-07 03:00:00,1.795,0.7116666666666666,2.140541661570734,2.4777692255992703,1.4973094398400455,1.8189255507053899
2025-11-07 04:00:00,2.2236749999999996,0.3741666666666667,2.522285650985429,2.601220190191113,2.7554890217729655,2.638887336379197
2025-11-07 05:00:00,3.8073499999999996,-0.4716666666666667,1.8441841453566463,2.7546274290735058,2.24475853669701,2.0444713410268283
2025-11-07 06:00:00,1.9930750000000002,-0.9491666666666667,2.5304597197751795,2.841776144259568,1.8373765186869957,2.1839181192310875
2025-11-07 07:00:00,2.9094083333333334,-0.7466666666666666,2.163957456703053,2.819192374674311,2.296039314489369,2.229998385596211
2025-11-07 08:00:00,1.7210833333333333,0.17166666666666672,1.4325324744283705,2.663907386163201,2.161841466547411,1.7971869704878907
2025-11-07 09:00:00,2.0959166666666667,1.2316666666666667,1.8462370759385143,2.407715322124089,2.2501352469772065,2.0481861614578603
2025-11-07 10:00:00,4.137775,1.7858333333333334,2.339200482536591,2.2545761921096505,2.28885663774046,2.3140285601385253
2025-11-07 11:00:00,1.7563333333333333,2.2358333333333333,1.357099035776249,2.152848512432528,1.6670722167358998,1.5120856262560745
2025-11-07 12:00:00,1.6692666666666667,2.5316666666666667,1.0050735628169452,2.085763999683758,1.5864732884932675,1.2957734256551063
2025-11-07 13:00:00,1.0320416666666665,3.5508333333333333,1.3771294858857654,1.8728599467310334,1.3515849343351067,1.3643572101104362
2025-11-07 14:00:00,2.80025,3.2583333333333333,1.6462445236121623,1.9211165306604574,1.884249586101925,1.7652470548570438
2025-11-07 15:00:00,1.8244583333333333,2.6808333333333327,2.2800146395451044,2.037766486887863,2.03065967879867,2.1553371591718875
2025-11-07 16:00:00,2.9484916666666665,1.5233333333333334,2.4952392171689666,2.2740355901971494,2.28250605090471,2.3888726340368382
2025-11-07 17:00:00,1.7645749999999998,1.175,1.7668343167022182,2.337893005290653,2.2130707519284054,1.9899525343153117
2025-11-07 18:00:00,1.6675416666666667,0.7216666666666667,1.437154251176202,2.4266561639938184,1.5373780143688018,1.4872661327725019
2025-11-07 19:00:00,3.3366416666666665,0.36166666666666675,2.320772040748243,2.4995021665980968,2.288960285117584,2.3048661629329135
2025-11-07 20:00:00,1.3192416666666666,-0.755,2.4657218544223056,2.728128271123391,1.574297694382138,2.020009774402222
2025-11-07 21:00:00,2.121825,-1.2633333333333334,2.1939714478449837,2.832053264841574,2.3100181383327243,2.251994793088854
2025-11-07 22:00:00,2.0421083333333336,-0.7683333333333334,2.7209833173545284,2.732000072371626,2.5600168295016497,2.640500073428089
2025-11-07 23:00:00,3.2063416666666664,-0.18999999999999997,2.7013525664276856,2.6122746519118873,2.3776360178796527,2.539494292153669
2025-11-08 00:00:00,2.819375,0.0,2.1497864009134955,2.605598106163989,2.185558739295151,2.1676725701043233
2025-11-08 01:00:00,1.7947749999999998,0.0,2.1839512901048814,2.605598106163989,1.7105062548061538,1.9472287724555177
2025-11-08 02:00:00,1.7756083333333332,0.0,2.684162485300762,2.605598106163989,2.653313341606614,2.668737913453688
2025-11-08 03:00:00,2.548058333333333,0.009166666666666667,2.6960560055165894,2.6037142144919354,2.435476592069815,2.565766298793202
2025-11-08 04:00:00,1.6842666666666666,0.005,2.6833772585218094,2.604570528888323,2.2755104759266294,2.4794438672242194
2025-11-08 05:00:00,2.5974166666666667,0.07916666666666665,2.8921376005029935,2.589328132632618,2.7923095641891207,2.8422235823460573
2025-11-08 06:00:00,2.986683333333333,0.14833333333333334,2.4475330022793105,2.5751133136525777,2.516400201039909,2.48196660165961
2025-11-08 07:00:00,0.254475,0.48583333333333334,2.3539650486256343,2.5143076119791843,2.0468518126984487,2.2004084306620415
2025-11-08 08:00:00,1.31145,4.471666666666667,1.9141801189971357,1.7238769978890258,2.140691389292551,2.027435754144843
2025-11-08 09:00:00,2.497533333333333,7.88,1.4377028718790021,1.0091987970993312,1.5386494418832573,1.4881761568811296
2025-11-08 10:00:00,0.110125,9.601666666666667,0.9897826646924235,0.6429934341924995,1.1336706299445816,1.0617266473185025
2025-11-08 11:00:00,1.8747083333333332,7.800833333333333,1.157753045793722,1.0574497182315306,1.1247190835923637,1.1412360646930428
2025-11-08 12:00:00,0.6566666666666666,9.166666666666666,0.8268225738332989,0.7827529577489146,1.1941014758704973,1.010462024851898
2025-11-08 13:00:00,0.0,9.675833333333333,0.33789500655232424,0.6795474892468089,0.4762352526826123,0.40706512961746827
2025-11-08 14:00:00,0.26795,8.443333333333333,0.16699880563119285,0.9124893708639868,0.4573774799338081,0.3121881427825005
2025-11-08 15:00:00,1.3845750000000001,5.921666666666667,0.9426615387235587,1.4707760454357146,1.2974078785809724,1.1200347086522655
2025-11-08 16:00:00,1.1183416666666666,3.9166666666666665,1.2946276910717016,1.884040480470913,1.6939420994817365,1.494284895276719
2025-11-08 17:00:00,1.1280583333333334,2.6391666666666667,1.6019217127803835,2.0893814871167704,2.19443254507587,1.8981771289281268
2025-11-08 18:00:00,1.0920916666666667,1.4574999999999998,1.6574432210692496,2.3276588001607332,2.3490672057946136,2.0032552134319315
2025-11-08 19:00:00,2.0578916666666665,0.1791666666666666,2.479836553318337,2.5687765871193067,2.9944572473815025,2.73714690034992
2025-11-08 20:00:00,1.1522999999999999,-0.505,2.817861451476501,2.7093834110062085,2.9183436085445087,2.8681025300105047
2025-11-08 21:00:00,1.054275,-1.8324999999999996,2.776349973796821,2.98220517769541,3.2679068655572503,3.0221284196770357
2025-11-08 22:00:00,2.320766666666666,-2.3383333333333334,2.687683513455148,3.0861617454169075,2.9110237660517813,2.7993536397534644
2025-11-08 23:00:00,2.8879083333333333,-2.366666666666667,3.109461230337746,3.119397495374287,3.472714119445431,3.2910876748915885
2025-11-09 00:00:00,1.4963250000000001,-2.245833333333333,1.9360530812286023,3.0957799841971254,1.712194319609919,1.8241237004192605
2025-11-09 01:00:00,1.4729999999999999,-2.559166666666667,2.3699637158468816,3.1315464084254687,2.2522184378170813,2.3110910768319815
2025-11-09 02:00:00,3.942825,-1.7266666666666666,3.1908670241314336,2.9735529100786953,3.439311785884068,3.315089405007751
2025-11-09 03:00:00,1.3976416666666667,-2.1533333333333338,2.4990452970771755,3.0481413862172824,2.01220296379547,2.2556241304363227
2025-11-09 04:00:00,3.563391666666667,-1.8283333333333331,2.866250008006083,3.0034983750358553,3.14207353360352,3.004161770804801
2025-11-09 05:00:00,2.6378,-2.0558333333333336,2.903330211060816,3.028103629341804,2.7313010442868118,2.817315627673814
2025-11-09 06:00:00,2.1279166666666667,-2.0749999999999997,2.7568878555109655,3.032042675565189,2.486762695578351,2.6218252755446585
2025-11-09 07:00:00,2.742233333333333,-0.9958333333333335,2.6402198411039666,2.810257246900709,2.4237683311755323,2.5319940861397496
2025-11-09 08:00:00,1.5805749999999998,0.9950000000000001,1.9726689451682795,2.4114625191151413,1.8769537920790194,1.9248113686236494
2025-11-09 09:00:00,1.8436749999999997,1.9308333333333334,1.686918044024847,2.236737397327754,2.2380372537847264,1.9624776489047866
2025-11-09 10:00:00,2.6741416666666664,2.4199999999999995,2.5233829167123845,2.1331427815193464,2.3160523656906236,2.419717641201504
2025-11-09 11:00:00,1.8453583333333332,2.5508333333333333,1.9626907822104134,2.1244558995385834,1.7358761984011748,1.849283490305794
2025-11-09 12:00:00,1.797,2.3558333333333334,1.7401021155446201,2.1531068651490366,2.0080368734111573,1.8740694944778888
2025-11-09 13:00:00,1.6867916666666667,2.2025,2.021155841333873,2.18340317010572,1.9345970776211312,1.977876459477502
2025-11-09 14:00:00,5.57335,2.0241666666666664,2.066471050227934,2.2180029667624717,2.2405154300766643,2.153493240152299
2025-11-09 15:00:00,4.310616666666666,1.5650000000000002,4.20032685260725,2.2984017091437274,3.4705892744600315,3.8354580635336406
2025-11-09 16:00:00,3.582808333333333,0.4591666666666667,3.3237966087101487,2.513990053344465,3.081893657827296,3.202845133268722
2025-11-09 17:00:00,2.9641083333333333,0.027499999999999997,2.7297118724376603,2.603446383349381,2.437090912744568,2.583401392591114
2025-11-09 18:00:00,0.0,0.005,0.48865734484255374,2.604570528888323,1.2203293920906937,0.8544933684666237
2025-11-09 19:00:00,1.5781916666666669,0.08333333333333333,0.9151453630721554,2.591901159542906,1.3460735990903125,1.130609481081234
2025-11-09 20:00:00,1.4786500000000002,0.2125,2.0162488428016236,2.601811275581494,2.133675033457648,2.074961938129636
2025-11-09 21:00:00,1.3901083333333333,0.445,1.869064515773522,2.549425799457123,1.7859493532619382,1.82750693451773
2025-11-09 22:00:00,1.35905,0.4766666666666666,2.397744022255906,2.5194975276978173,2.423884152395362,2.410814087325634
2025-11-12 00:00:00,3.2982916666666666,-2.4708333333333337,3.304884077031155,3.2756316350172088,3.092650407718676,3.198767242374916
2025-11-12 01:00:00,3.3517833333333327,-2.3558333333333334,3.5409583570338268,3.347493248698339,3.4399991928205593,3.490478774927193
2025-11-12 02:00:00,3.859058333333333,-1.6491666666666667,3.7223661944720683,3.163821580011798,3.3842298519316953,3.553298023201882
2025-11-12 03:00:00,2.73145,-1.3283333333333334,3.351059485938652,3.0400520795309105,3.1537875359682546,3.252423510953453
2025-11-12 04:00:00,4.554366666666667,-0.9774999999999999,3.2986089826860554,3.0077828069073793,2.746217431057485,3.02241320687177
2025-11-12 05:00:00,2.138316666666667,-0.5925,2.821087827646175,2.967765780923709,2.4885302369917297,2.654809032318952
2025-11-12 06:00:00,2.684583333333333,-0.25833333333333336,2.766133034378603,2.8835000757661353,2.8027365405643976,2.7844347874715005
2025-11-12 07:00:00,4.5991,0.00416666666666667,3.177371896313575,2.851886433207081,2.729587338012271,2.953479617162923
2025-11-12 08:00:00,1.7989416666666669,0.5825,2.4342844180877012,2.6662138682085224,2.1496781728975005,2.291981295492601
2025-11-12 09:00:00,3.3118416666666666,1.5575000000000003,2.289475216712003,2.4650637663535995,2.3470024410057224,2.3182388288588625
2025-11-12 10:00:00,0.21005833333333332,2.6199999999999997,1.7855030074428213,2.203971684174876,1.4264320490771962,1.6059675282600088
2025-11-12 11:00:00,2.84455,4.3125,1.5286309802358973,1.8611411375007383,1.4798714531585886,1.5042512166972428
2025-11-12 12:00:00,1.7042833333333334,5.283333333333333,0.5508627795493026,1.6565394841271193,1.009471363836558,0.7801670716929303
2025-11-12 13:00:00,0.0,5.273333333333333,0.714721756642153,1.618761510016386,0.4949217788356763,0.6048217677389146
2025-11-12 14:00:00,1.611225,3.8433333333333337,1.470421161384103,1.8925469503700316,1.8115216111423558,1.6409713862632294
2025-11-12 15:00:00,2.1713916666666666,2.8891666666666667,2.1113925668788522,2.01460304168979,2.2161907756575654,2.163791671268209
2025-11-12 16:00:00,1.9070916666666664,1.75,2.179460018262327,2.245946059681049,2.0762083409156187,2.127834179588973
2025-11-12 17:00:00,1.0436166666666666,0.4808333333333333,2.4579089902693094,2.5067794248208193,2.580686526845728,2.519297758557519
2025-11-12 18:00:00,2.8365249999999995,-0.1575,2.6435916919483176,2.6379667903474533,2.911703072197516,2.777647382072917
2025-11-12 19:00:00,1.9808,-0.8983333333333333,3.212052920051495,2.790219490025231,2.845695229929111,3.028874074990303
2025-11-12 20:00:00,2.4418666666666664,-0.9900000000000001,2.862362099048992,2.8090584067457662,2.4640129493684535,2.663187524208723
2025-11-12 21:00:00,3.0444999999999998,-0.8291666666666667,2.557025018050177,2.7760046710451913,2.8364029029664373,2.696713960508307
2025-11-12 22:00:00,1.4244833333333333,-0.935,2.409268702059588,2.797755056713445,1.5811314710377853,1.9952000865486867
2025-11-12 23:00:00,2.41415,-0.9266666666666669,2.7648417876105422,2.7960424279206695,2.9384423831877537,2.851642085399148
2025-11-13 00:00:00,3.3249999999999997,-0.8208333333333333,3.3107329758251365,2.7742920422524153,2.932384956138825,3.121558965981981
2025-11-13 01:00:00,1.2522749999999998,-0.8616666666666668,2.5326077120722483,2.782683923337017,2.4443492323455263,2.4884784722088873
2025-11-13 02:00:00,2.415008333333333,-0.8441666666666666,2.9260300559934063,2.7790874028721877,2.9076861212454377,2.916858088619422
2025-11-13 03:00:00,2.1302666666666665,-0.73,2.7999010718189643,2.755624388411158,2.4193772443496195,2.609639158084292
2025-11-13 04:00:00,3.761758333333333,-0.6791666666666666,3.082371018853614,2.745177352775225,2.7843922252607927,2.9333816220572033
2025-11-13 05:00:00,1.4239333333333333,-0.725,2.574772850400502,2.7545968111354924,2.2968233220009586,2.4357980862007302
2025-11-13 06:00:00,2.6620833333333334,-0.6608333333333335,2.5003166404093187,2.741409569431118,2.6639278490299345,2.582122244719627
2025-11-13 07:00:00,3.2836166666666666,-0.3891666666666666,2.5554160484225794,2.6855778707866236,2.0395419907428622,2.297479019582721
2025-11-13 08:00:00,1.4564416666666666,0.3558333333333333,2.3695339157721476,2.5324688567124576,1.786980753015084,2.0782573343936157
2025-11-13 09:00:00,2.183125,0.8666666666666667,2.347343850193912,2.427484711715295,2.5480290509277284,2.4476864505608202
2025-11-13 10:00:00,2.4779666666666667,1.2183333333333333,2.391391162820581,2.355211776660152,2.486982765003582,2.4391869639120816
2025-11-13 11:00:00,1.3543916666666664,1.5708333333333335,2.361852293408016,2.3017676220598515,2.346774230817027,2.3543132621125213
2025-11-13 12:00:00,2.2706083333333336,1.9525,2.583833552181714,2.2198293387985184,2.9658843173402594,2.774858934760987
2025-11-13 13:00:00,2.304091666666667,2.750833333333334,2.6377053641973047,2.064118735987721,2.6390077252657917,2.6383565447315482
2025-11-13 14:00:00,2.080475,2.7866666666666666,2.319655679681455,2.032895037859727,1.9646894805134367,2.142172580097446
2025-11-13 15:00:00,1.2498666666666667,2.24,2.7828527478682243,2.146927324245842,2.410797183180756,2.5968249655244904
2025-11-13 16:00:00,2.351958333333333,1.3383333333333336,2.903350343315666,2.3305499220441788,3.0258212197150387,2.9645857815153525
2025-11-13 17:00:00,2.043083333333333,0.5833333333333334,2.604035292810998,2.4857140906696755,2.369365117008448,2.486700204909723
2025-11-13 18:00:00,2.9643583333333337,0.6425000000000001,2.8104884804621184,2.4735544262409666,2.885542476220267,2.8480154783411926
2025-11-13 19:00:00,1.373475,0.4949999999999999,1.9066859995954086,2.5038679558731003,1.2466994425070943,1.5766927210512516
2025-11-13 20:00:00,1.6938833333333332,0.16666666666666666,2.1305286090752222,2.571345530308471,2.060571708684971,2.095550158880097
2025-11-13 21:00:00,2.1780333333333335,-0.04083333333333333,2.9755647398540854,2.6139899872485906,3.1813044646792306,3.078434602266658
2025-11-13 22:00:00,3.056025,0.01,3.2192306295826936,2.6035429516126576,3.116253445633007,3.1677420376078502
2025-11-13 23:00:00,2.447375,-0.5,2.6366240560943424,2.708355833730543,2.4173997173317874,2.5270118867130646
2025-11-14 00:00:00,1.3521083333333332,-1.695,2.596570359178694,2.9539468026146074,2.485929886126089,2.5412501226523916
2025-11-14 01:00:00,2.807691666666667,-2.019166666666667,2.8664635715281994,3.0205680626535902,3.0525096897062234,2.9594866306172114
2025-11-14 02:00:00,3.1464916666666665,-2.5141666666666667,3.1374834782289676,3.1222982129444787,2.775604039886959,2.956543759057963
2025-11-14 03:00:00,2.8201083333333337,-3.1383333333333336,3.2773876964770032,3.250574109523394,2.827834241927214,3.0526109692021084
2025-11-14 04:00:00,2.300683333333333,-3.699166666666667,3.2590912825429035,3.3658340272772125,3.0443404135706897,3.1517158480567966
2025-11-14 05:00:00,2.64095,-4.05,2.7649144765349347,3.437935699453078,2.6879338054400836,2.7264241409875094
2025-11-14 06:00:00,3.3395083333333333,-4.251666666666668,3.036827657560154,3.4835885349442277,2.843187095808955,2.9400073766845543
2025-11-14 07:00:00,2.6407916666666664,-2.6941666666666664,3.247557890760757,3.1893121030317904,2.8875805532912304,3.067569222025994
2025-11-14 08:00:00,2.7280499999999996,-0.3658333333333334,3.0225800051066845,2.6876706277668263,2.768918042672815,2.8957490238897496
2025-11-14 09:00:00,2.3409,0.5983333333333334,2.850032925782855,2.56004068330587,2.6000409464125513,2.725036936097703
2025-11-14 10:00:00,1.3367083333333334,1.5216666666666665,2.1580390670097707,2.3421322603098833,2.354928075395758,2.2564835712027644
2025-11-14 11:00:00,2.8174749999999995,1.4708333333333334,1.9181737938111527,2.335350876506516,2.1716699235572143,2.0449218586841837
2025-11-14 12:00:00,1.41105,2.68,1.9954610862316093,2.0880365793541285,1.7920581952307582,1.8937596407311839
2025-11-14 13:00:00,2.5320666666666667,2.5058333333333334,2.23521020949416,2.1978015294650457,2.090228722021604,2.162719465757882
2025-11-14 14:00:00,0.5633166666666666,2.0224999999999995,2.4795682306244475,2.2316916582126476,2.581958672910043,2.5307634517672453
2025-11-14 15:00:00,2.9077583333333332,0.7266666666666666,2.5363916574163468,2.4946293943588613,2.944970497970439,2.740681077693393
2025-11-14 16:00:00,2.3657749999999997,-0.7824999999999999,3.153459747207736,2.766413949805646,2.4208927334086936,2.7871762403082148
2025-11-14 17:00:00,2.141625,-1.416666666666667,2.6758327422613917,2.9039330908152734,2.6576149135519143,2.6667238279066527
2025-11-14 18:00:00,2.851866666666666,-1.278333333333333,2.528660870386781,2.8683153629758125,2.601817137970277,2.5652390041785287
2025-11-14 19:00:00,1.251725,-0.7908333333333332,2.2367694044979487,2.7710361774165806,1.538758469161766,1.8877639368298573
2025-11-14 20:00:00,2.2112333333333334,-0.5783333333333334,2.7462654857967657,2.7299424105045653,2.679750328380769,2.7130079070887674
2025-11-14 21:00:00,3.4643333333333333,-0.6566666666666666,3.1919613219081473,2.741177312830795,3.0561845697646857,3.1240729458364163
2025-11-14 22:00:00,1.4898500000000001,-0.7266666666666667,2.483130570103206,2.757868554025558,2.263801311966128,2.373465941034667
2025-11-14 23:00:00,2.92805,-1.4066666666666665,2.6317333460478305,2.9139175373195156,3.1671352832190434,2.899434314633437
2025-11-15 00:00:00,2.4482416666666666,-1.7774999999999999,2.4545703561760175,2.9742023420016084,1.8835690407088885,2.169069698442453
2025-11-15 01:00:00,2.9400833333333334,-2.3708333333333336,2.536863499622873,3.0885682206502953,3.094765551535004,2.8158145255789386
2025-11-15 02:00:00,2.255441666666667,-3.060833333333333,2.635943590843273,3.2290838673846705,2.443602569966564,2.5397730804049186
2025-11-15 03:00:00,2.6656500000000003,-2.7091666666666665,2.789058329844695,3.1816327218229112,2.5858863772844423,2.6874723535645684
2025-11-15 04:00:00,3.457841666666667,-2.9116666666666666,2.4684524942834645,3.2140803308720383,3.0238530994155415,2.746152796849503
2025-11-15 05:00:00,2.2415166666666666,-3.5466666666666664,2.8171413921084794,3.323734704765442,2.338763171004251,2.577952281556365
2025-11-15 06:00:00,3.4800416666666667,-2.9258333333333333,3.1117678566730156,3.2391467597747132,3.101388977956983,3.1065784173149993
2025-11-15 07:00:00,3.231633333333333,-1.6624999999999999,2.614555617979339,3.008067440826586,2.24081835675767,2.4276869873685047
2025-11-15 08:00:00,1.6159166666666667,-0.4766666666666666,2.3991669937138727,2.7739070649007163,1.7218618302767421,2.0605144119953076
2025-11-15 09:00:00,2.977583333333333,0.35666666666666663,2.566367692296005,2.625472295412917,2.712089289243238,2.6392284907696215
2025-11-15 10:00:00,0.0,1.3775000000000002,2.300029329657101,2.432295575994392,2.0949034940910387,2.19746641187407
2025-11-15 11:00:00,1.5442666666666667,2.1116666666666664,1.18258048789797,2.263826844218162,1.3982101030306344,1.290395295464302
2025-11-15 12:00:00,1.4403666666666664,2.598333333333333,1.4079616273440099,2.1458754075793993,1.4393580503665135,1.4236598388552617
2025-11-15 13:00:00,0.0,1.9599999999999997,1.553672379805292,2.2693729128666558,1.9582691279688496,1.7559707538870708
2025-11-15 14:00:00,1.298325,1.1533333333333333,1.9505637941860483,2.412281585913854,1.6555941007770525,1.8030789474815503
2025-11-15 15:00:00,3.0101083333333336,-0.03666666666666666,2.7897147809607854,2.642292044745426,2.5318802337180855,2.6607975073394354
2025-11-15 16:00:00,1.7866749999999998,-1.4858333333333331,3.003085601030785,2.9146558410892225,2.411129835329569,2.7071077181801773
2025-11-15 17:00:00,2.545325,-1.8,2.7512152855718304,2.9869887527620302,2.8817773955337005,2.8164963405527654
2025-11-15 18:00:00,3.8171083333333335,-2.1208333333333336,3.22046587606261,3.060938829726027,2.6943968181514517,2.957431347107031
2025-11-15 19:00:00,1.7054083333333334,-2.6208333333333336,2.4456655385832566,3.1411663697832606,2.1708665748307077,2.308266056706982
2025-11-15 20:00:00,3.3295,-3.4299999999999997,2.4030852939649177,3.2976082434561462,2.7684574345496293,2.5857713642572735
2025-11-15 21:00:00,3.104516666666666,-4.134166666666666,3.1619092848442607,3.4399430353977953,2.347228021025024,2.7545686529346423
2025-11-15 22:00:00,2.4252583333333333,-5.235833333333333,2.8915945076427385,3.6647371500723485,2.6256954316512777,2.7586449696470083
2025-11-15 23:00:00,3.0796416666666664,-6.273333333333333,2.757041843274073,3.8764381128331795,3.3315732736424515,3.044307558458262
2025-11-16 00:00:00,2.5466249999999997,-6.745833333333333,3.4655401062484077,3.972851322379678,3.6773900131788553,3.5714650597136313
2025-11-16 01:00:00,2.982758333333333,-5.906666666666666,2.8104525601667114,3.8016201018976243,3.5671345897168267,3.1887935749417693
2025-11-16 02:00:00,2.994933333333333,-5.37,3.8004746051101708,3.692113740437404,3.8898819196149472,3.845178262362559
2025-11-16 03:00:00,3.05625,-4.5225,3.6678023154408432,3.5191821106159056,3.301277005383299,3.484539660412071
2025-11-16 04:00:00,2.9479666666666664,-4.179166666666666,3.4477826254631725,3.4553503497539904,3.280740997183431,3.364261811323302
2025-11-16 05:00:00,3.56745,-4.069166666666667,3.588613296483905,3.4266798425501293,2.78400962695569,3.1863114617197974
2025-11-16 06:00:00,2.332058333333333,-3.9625,3.252474920309383,3.414218639966956,2.8258838028642654,3.0391793615868243
2025-11-16 07:00:00,3.5166833333333334,-3.703333333333333,3.3800558070654136,3.3629649529863923,3.300154275108283,3.340105041086848
2025-11-16 08:00:00,3.1039749999999997,-3.1016666666666666,3.479121591102741,3.239908612967624,2.675679789315888,3.0774006902093145
2025-11-16 09:00:00,2.1035,-2.11,2.825770564893455,3.027789790578857,2.2323578326170326,2.529064198755244
2025-11-16 10:00:00,2.6603333333333334,-1.3141666666666667,3.0898980548927044,2.8645245149298026,3.131538327269864,3.1107181910812844
2025-11-16 11:00:00,2.708225,-0.5641666666666667,3.186237831004283,2.7134075904249335,2.362184386340835,2.774211108672559
2025-11-16 12:00:00,2.7173583333333333,-0.010000000000000009,2.5812069326899434,2.5991925090945633,2.279260981671428,2.4302339571806857
2025-11-16 13:00:00,5.2167666666666666,0.5108333333333334,4.974416713344371,2.4921348695914736,3.2478714580492376,4.111144085696804
2025-11-16 14:00:00,1.5456083333333333,0.43583333333333346,3.4919101994335495,2.507438553646473,2.3607988619769342,2.926354530705242
2025-11-16 15:00:00,2.827716666666666,0.11,2.250843006650948,2.596585754301939,1.8225206698144774,2.0366818382327128
2025-11-16 16:00:00,2.487258333333333,-0.055,3.008941222264009,2.6337615175360023,2.2338269932634702,2.6213841077637396
2025-11-16 17:00:00,3.8250666666666664,-0.3983333333333334,3.5212628499910474,2.7021355040452186,2.888183617251407,3.2047232336212272
2025-11-16 18:00:00,2.40805,-1.2925,3.42233442053324,2.9034870957793704,2.8186343962773432,3.1204844084052916
2025-11-16 19:00:00,2.1589833333333335,-1.8808333333333331,3.1757537237903217,3.0272668933550926,3.0174542947487604,3.096604009269541
2025-11-16 20:00:00,3.1467166666666664,-2.2275000000000005,3.2466841064744534,3.1116239539982553,3.668741332600301,3.457712719537377
2025-11-16 21:00:00,2.0315833333333333,-2.398333333333334,3.6091065047160034,3.1764898804706982,3.4432583884776413,3.526182446596822
2025-11-16 22:00:00,3.4978416666666665,-2.5,3.3763227356965784,3.1804566376450234,3.8336892136208176,3.605005974658698
2025-11-16 23:00:00,3.4856166666666666,-2.5875,3.628622131821028,3.2064461858605378,3.293250842733313,3.4609364872771704
2025-11-17 00:00:00,1.7699249999999997,-2.6749999999999994,2.9440123781486673,3.232932633855903,2.6060771082677623,2.775044743208215
2025-11-17 01:00:00,3.342425,-2.9175,3.3943792511936315,3.301441671620834,4.080383571903381,3.7373814115485064
2025-11-17 02:00:00,3.0833416666666666,-3.2316666666666674,3.4468368352806946,3.3758316800019035,3.6146284948571346,3.5307326650689146
2025-11-17 03:00:00,2.38855,-3.2883333333333327,3.1259394526784976,3.375409099019182,3.11325597191749,3.1195977122979937
2025-11-17 04:00:00,3.7761750000000003,-3.283333333333333,3.576278816675453,3.3591881102693386,3.934319202352011,3.755299009513732
2025-11-17 05:00:00,3.473058333333333,-3.1750000000000003,3.991905510983067,3.3538165028117857,4.040080677875584,4.015993094429326
2025-11-17 06:00:00,3.144183333333333,-3.0141666666666667,4.25123346448816,3.3212033150883635,4.10890285172535,4.180068158106755
2025-11-17 07:00:00,3.2487833333333334,-2.5141666666666667,3.9291162294375797,3.2085814350875443,3.910543730715737,3.919829980076658
2025-11-17 08:00:00,3.8836583333333325,-1.9541666666666668,3.8578482690599274,3.097803155026017,3.551545388820842,3.704696828940385
2025-11-17 09:00:00,2.821933333333333,-1.0516666666666665,3.6872573236847375,2.9114043026198466,3.1488202568359203,3.418038790260329
2025-11-17 10:00:00,2.736983333333333,-0.19000000000000003,3.3692898931788244,2.756686747314266,3.4607369617445984,3.4150134274617114
2025-11-17 11:00:00,2.7252750000000003,0.22666666666666668,3.136436457748903,2.668520424477264,3.1463168366909127,3.141376647219908
2025-11-17 12:00:00,2.297833333333333,0.44333333333333336,3.3806366308437865,2.6197656154818616,3.495221375675177,3.437929003259482
2025-11-17 13:00:00,2.564975,0.45250000000000007,2.936460317613426,2.59478308385127,3.2384284082473176,3.0874443629303716
2025-11-17 14:00:00,2.334891666666666,0.3008333333333333,3.4341432029304286,2.6635396835248364,3.4254529178407456,3.429798060385587
2025-11-17 15:00:00,3.752016666666666,-0.25000000000000006,3.3355346117489852,2.7755020932135634,3.4572144401136935,3.396374525931339
2025-11-17 16:00:00,2.8754333333333335,-0.2833333333333334,3.2370895638156685,2.783484845160223,2.7574207033785676,2.9972551335971183
2025-11-17 17:00:00,2.6767916666666665,-0.41583333333333333,2.8777679304274164,2.78839153373124,2.548349167027114,2.713058548727265
2025-11-17 18:00:00,2.6895249999999997,-0.37500000000000006,3.1577395899873086,2.773601200116381,3.0182116254641467,3.0879756077257277
2025-11-17 19:00:00,1.8167,-0.3191666666666667,3.3528714506067288,2.7610429679399586,3.290116790551708,3.321494120579218
2025-11-17 20:00:00,2.5665166666666663,-0.43583333333333335,3.0348839583062697,2.7970672283077973,3.0372059004446426,3.036044929375456
2025-11-17 21:00:00,3.440425,-0.6258333333333334,3.3752998322030923,2.829221802916766,3.397472530620769,3.3863861814119307
2025-11-17 22:00:00,2.4160083333333335,-0.7275,3.4898171783911636,2.8527771103328425,2.9541187531147957,3.2219679657529796
2025-11-17 23:00:00,3.2633583333333327,-0.8566666666666666,3.2615281554172286,2.888972748658078,3.2390526173814083,3.2502903863993184
2025-11-18 00:00:00,3.061616666666666,-0.8816666666666665,3.277320211552582,2.917274897843961,3.0369096696936237,3.157114940623103
2025-11-18 01:00:00,2.860958333333333,-1.055,3.5047958997289,2.942957298014035,3.4152824772157357,3.460039188472318
2025-11-18 02:00:00,2.8151,-0.9941666666666666,3.5737440517270436,2.9175610883292133,3.5582479042525432,3.565995977989793
2025-11-18 03:00:00,2.6677583333333335,-0.8408333333333333,3.346977558608388,2.8664902021395586,3.2956247556182205,3.321301157113304
2025-11-18 04:00:00,2.9102249999999996,-0.8291666666666666,3.8465902786734767,2.807625629628251,3.286763271240371,3.5666767749569237
2025-11-18 05:00:00,2.9947,-1.1849999999999998,3.677750696160582,2.920980020241604,3.2221947935912625,3.4499727448759225
2025-11-18 06:00:00,2.8090083333333338,-0.9158333333333332,3.293709249378142,2.8436456448848157,2.4427776041325506,2.8682434267553463
2025-11-18 07:00:00,2.340875,-0.7208333333333333,3.016008974719452,2.841671949062693,2.816208215992444,2.916108595355948
2025-11-18 08:00:00,3.6488666666666667,0.4625000000000001,3.1029133263090767,2.610250163469203,3.4025474995242515,3.252730412916664
2025-11-18 09:00:00,1.80445,0.6616666666666665,3.039557725362293,2.56272906469269,2.653496441003993,2.846527083183143
2025-11-18 10:00:00,1.4774666666666665,2.555833333333333,2.3116322132850238,2.1521506726481863,2.601514162056869,2.4565731876709465
2025-11-18 11:00:00,1.4867833333333333,2.7675,1.6162792174792593,2.111622571553669,1.7352361439554123,1.6757576807173358
2025-11-18 12:00:00,1.5645916666666666,2.7591666666666668,1.6053043009546686,2.108367533150314,1.6073613473950912,1.60633282417488
2025-11-18 13:00:00,0.0,1.67,1.8141747903164647,2.3719616623602517,2.0768551581213215,1.945514974218893
2025-11-18 14:00:00,3.19405,0.9808333333333334,1.9392217614507512,2.525579774536266,2.08082224913504,2.0100220052928957
2025-11-18 15:00:00,1.3175,0.4908333333333334,2.89082251028098,2.6452750038803226,2.582854403127163,2.7368384567040716
2025-11-18 16:00:00,2.302583333333333,0.29999999999999993,2.4928268909267377,2.6747580811764973,2.648136112125491,2.5704815015261144
2025-11-18 17:00:00,2.514275,0.20833333333333334,2.2913270238322805,2.6726418354537573,2.1640978718647546,2.2277124478485177
2025-11-18 18:00:00,3.3028249999999995,0.22583333333333333,2.651624520241598,2.617831112578678,2.5112477931036548,2.581436156672626
2025-11-18 19:00:00,2.9990500000000004,0.31416666666666676,3.160418870348928,2.5751050724368625,2.701725025428349,2.9310719478886385
2025-11-18 20:00:00,1.944308333333333,0.41666666666666674,2.879289978472858,2.591895318897955,2.15902691937943,2.519158448926144
2025-11-18 21:00:00,2.6906166666666667,0.061666666666666675,3.1494505591358815,2.6673030583365933,3.522201705741538,3.3358261324387097
2025-11-18 22:00:00,2.766316666666666,-0.05083333333333332,3.3979168325249574,2.657310548708919,3.10845852511412,3.253187678819539
2025-11-21 00:00:00,2.5582,-5.023333333333333,3.1823364245905825,3.6213767119165157,3.0582141456332796,3.120275285111931
2025-11-21 01:00:00,2.772491666666667,-5.0183333333333335,3.5435499681748386,3.620356466312849,3.373340828712624,3.4584453984437316
2025-11-21 02:00:00,3.292133333333333,-5.491666666666667,3.6278613600218215,3.7169397167932923,3.3227297112096332,3.4752955356157273
2025-11-21 03:00:00,3.2430333333333334,-6.2225,3.1213104744491953,3.8660656158625684,3.0776050716868637,3.0994577730680293
2025-11-21 04:00:00,3.2245583333333334,-6.887499999999999,3.5958587142867326,4.0017582811502335,3.6133826554436275,3.6046206848651803
2025-11-21 05:00:00,3.9281749999999995,-7.197500000000001,3.2581284067949956,4.065013508577566,3.0414832629213544,3.1498058348581752
2025-11-21 06:00:00,1.6028333333333333,-6.256666666666667,2.816472206700761,3.8730372941542903,2.3535706558192877,2.5850214312600244
2025-11-21 07:00:00,2.885025,-5.411666666666666,3.0098166092830203,3.700615787134626,3.052132973327016,3.0309747913050185
2025-11-21 08:00:00,2.4128833333333333,-3.0925,3.5122170157870576,3.2273918679672424,3.0595991351943748,3.285908075490716
2025-11-21 09:00:00,3.3483583333333327,-0.5233333333333333,3.2837066503599237,2.704305835651031,2.850382359195766,3.067044504777845
2025-11-21 10:00:00,2.564308333333333,1.0283333333333333,3.23730820436136,2.407458585081868,2.4728961993984067,2.855102201879883
2025-11-21 11:00:00,2.2005166666666662,1.9574999999999998,2.506067219946181,2.22430808695277,2.0163451440759363,2.2612061820110587
2025-11-21 12:00:00,1.5462333333333336,2.161666666666667,2.21651599046658,2.163007462407892,2.2100894449768393,2.2133027177217097
2025-11-21 13:00:00,3.010883333333333,2.3233333333333337,2.553893572850425,2.127130427572748,2.6665018952888397,2.610197734069632
2025-11-21 14:00:00,1.4916749999999999,1.7874999999999999,2.1649901591515515,2.2330495214968376,1.5181166775081338,1.8415534183298425
2025-11-21 15:00:00,2.6699916666666668,1.1766666666666665,2.3746319936724616,2.356272163369864,2.606938488516897,2.490785241094679
2025-11-21 16:00:00,1.0027083333333333,0.4666666666666666,2.623160541368001,2.501147039090529,2.0455983198627843,2.3343794306153924
2025-11-21 17:00:00,3.0825,0.23500000000000007,2.3138422842548723,2.548418418727084,2.4507615292544465,2.3823019067546594
2025-11-21 18:00:00,1.5287416666666667,0.18583333333333332,2.8280296613053117,2.558450833829806,2.09081521252374,2.459422436914526
2025-11-21 19:00:00,2.9713083333333334,0.2175,2.8799950477576632,2.552747178402266,2.9793170264665116,2.929656037112087
2025-11-21 20:00:00,1.4998916666666666,0.7391666666666666,2.1922894394892167,2.447368946160227,1.5653184358962675,1.8788039376927421
2025-11-21 21:00:00,1.5217,0.9266666666666667,2.0958894770195666,2.4076109217707096,2.0210246393075777,2.0584570581635724
2025-11-21 22:00:00,3.3526750000000005,0.3058333333333333,3.2048741562520195,2.533964939341806,3.029632074177933,3.117253115214976
2025-11-26 00:00:00,2.3153666666666664,-0.2700000000000001,2.6760150766846342,2.634608662117762,2.8139504954872554,2.744982786085945
2025-11-26 01:00:00,2.2167499999999998,-0.035833333333333335,2.7703331467909402,2.5863313033335853,3.017477891893825,2.8939055193423826
2025-11-26 02:00:00,2.280333333333333,0.23083333333333336,2.112794650473242,2.5313535282056976,2.3483964785516167,2.2305955645124294
2025-11-26 03:00:00,2.0273250000000003,0.3983333333333334,2.627111038412694,2.496820613203493,2.6989961603995845,2.6630535994061395
2025-11-26 04:00:00,1.9307083333333332,0.7033333333333335,2.216865721002842,2.4339397829009712,2.427099816640474,2.321982768821658
2025-11-26 05:00:00,1.8907916666666666,0.7458333333333332,1.9736134239813243,2.4251776999899644,1.934024037050536,1.95381873051593
2025-11-26 06:00:00,2.1607916666666664,0.7925,2.2104016499606667,2.415556589342584,2.332825555377943,2.271613602669305
2025-11-26 07:00:00,1.5397083333333332,0.9625,2.1260901065243694,2.3805082576985557,2.128663548861196,2.1273768276927827
2025-11-26 08:00:00,2.2135249999999997,1.9166666666666667,2.1954879963938456,2.183790906069082,2.5918195619267625,2.393653779160304
2025-11-26 09:00:00,2.9524166666666667,2.8108333333333335,2.2398417914498974,1.9994435538433832,2.385258020710516,2.3125499060802066
2025-11-26 10:00:00,1.9922,3.7916666666666665,1.6721680579801614,1.7979594576602809,1.3875473675287908,1.5298577127544761
2025-11-26 11:00:00,1.5861416666666668,4.906666666666667,1.789909074029373,1.568979249253518,1.9834256005418158,1.8866673372855944
2025-11-26 12:00:00,1.5265333333333333,5.345833333333332,1.3662116898950079,1.4768110790339002,1.709553006141578,1.537882348018293
2025-11-26 13:00:00,1.5499249999999998,5.821666666666666,0.7577985576851836,1.3915562082237916,0.577993955277739,0.6678962564814612
2025-11-26 14:00:00,1.5385499999999999,5.5325,0.9428614560040972,1.4552062713780203,1.1286906928879321,1.0357760744460147
2025-11-26 15:00:00,1.5939666666666665,4.754166666666666,1.452062423993724,1.5994721823193883,1.8899679656626502,1.671015194828187
2025-11-26 16:00:00,1.327925,4.148333333333333,1.5006712050099351,1.7272550049148572,2.0109408534369138,1.7558060292234243
2025-11-26 17:00:00,1.315825,3.7600000000000002,0.9636499679701656,1.806550632992707,1.3622174081018432,1.1629336880360044
2025-11-26 18:00:00,2.313191666666667,3.579166666666667,1.2880027553481177,1.8432691735190814,1.7837602428155201,1.5358814990818188
2025-11-26 19:00:00,1.79365,3.4574999999999996,1.6607424527706516,1.8704576641944302,1.7208930616645939,1.6908177572176228
2025-11-26 20:00:00,1.693158333333333,3.4616666666666664,1.243528520697517,1.8689523327515474,1.5096383815865138,1.3765834511420154
2025-11-26 21:00:00,1.6982916666666665,3.400833333333333,1.6288900337406549,1.8854006594960502,2.071792731393264,1.8503413825669595
2025-11-26 22:00:00,1.6878833333333334,3.4299999999999997,1.619719273832671,1.8769600424171506,1.9859531774449124,1.8028362256387918
2025-11-26 23:00:00,1.7016916666666668,3.3525000000000005,1.8749837905666489,1.897354104060923,2.5907978686529396,2.2328908296097945
2025-11-27 00:00:00,2.9029000000000003,3.3575000000000004,2.048111705548022,1.8929613437148054,2.5481451806807414,2.298128443114382
2025-11-27 01:00:00,1.49635,3.106666666666666,2.0633465987979562,1.9387927016202937,2.323192912888131,2.1932697558430436
2025-11-27 02:00:00,1.4102416666666668,2.8883333333333336,1.3785456273684733,1.9834656379468407,2.25634538158453,1.8174455044765017
2025-11-27 03:00:00,1.3145749999999998,2.954166666666667,1.7664411085820608,1.9714300590032545,2.930630244176827,2.348535676379444
2025-11-27 04:00:00,2.369933333333333,2.8200000000000003,1.9153564120718045,2.0313793331320706,2.7428385907098374,2.329097501390821
2025-11-27 05:00:00,2.1946666666666665,1.985,2.097533954325819,2.2363778243586228,2.5309234043235107,2.314228679324665
2025-11-27 06:00:00,1.5532416666666666,1.3291666666666668,2.1211758600138078,2.3244065290809632,2.3583846973874647,2.2397802787006365
2025-11-27 07:00:00,2.4601666666666664,1.0275,1.8620797835061922,2.3723054848192713,2.4459040577629505,2.1539919206345712
2025-11-27 08:00:00,1.2150083333333332,1.8475000000000001,1.7800516429648914,2.2061333274934984,1.5897311567555354,1.6848913998602133
2025-11-27 09:00:00,2.2858666666666667,2.39,1.9370497663126898,2.1356841708981387,2.0814969527475427,2.009273359530116
2025-11-27 10:00:00,0.0,4.5008333333333335,1.3715490944281012,1.723385210111315,1.6060831142223975,1.4888161043252492
2025-11-27 11:00:00,0.9668916666666667,4.258333333333333,0.7081520894328325,1.8031955709045635,1.4464015405616621,1.0772768149972474
2025-11-27 12:00:00,1.8648833333333332,3.9808333333333334,1.5608936660697867,1.8267578947033496,1.4473192887288304,1.5041064773993087
2025-11-27 13:00:00,1.7484166666666665,4.3275,1.179197405531956,1.7475735120242113,1.3387664113349813,1.2589819084334688
2025-11-27 14:00:00,1.5784833333333332,4.230833333333333,1.6559570291646573,1.7146911010362924,2.3405700942809458,1.9982635617228015
2025-11-27 15:00:00,2.430475,2.893333333333334,1.7670793203608364,1.9834665369494913,2.741198784736492,2.2541390525486644
2025-11-27 16:00:00,1.710475,2.1108333333333333,2.101866706067862,2.1437602135540885,2.4754032323082535,2.288634969188058
2025-11-27 17:00:00,1.8817583333333332,2.144166666666667,1.9227628032719988,2.1421185882784837,2.674066762324565,2.298414782798282
2025-11-27 18:00:00,3.4262666666666663,2.069166666666667,2.185118918902301,2.1542479858366974,2.791203085116191,2.488161002009246
2025-11-27 19:00:00,1.667025,1.9858333333333338,2.5085160981503076,2.1698949894802566,2.286795526447916,2.397655812299112
2025-11-27 20:00:00,3.2952999999999997,1.3341666666666665,1.9577359355413129,2.3047333004571215,2.2059171730237446,2.0818265542825287
2025-11-27 21:00:00,1.6201083333333333,0.8341666666666668,2.3868119930953435,2.4069663119788514,1.7443100030252119,2.0655609980602776
2025-11-27 22:00:00,1.5966749999999998,0.3841666666666667,1.9550287119185485,2.499741307507162,2.369774708077243,2.162401709997896
2025-11-27 23:00:00,2.4584999999999995,0.19416666666666668,2.2036350925820347,2.5389129722857824,2.4363437962532806,2.319989444417658
2025-11-28 00:00:00,3.168658333333333,0.04750000000000001,2.503497884490858,2.5691507486061207,2.6817838977758455,2.592640891133352
2025-11-28 01:00:00,1.4998833333333335,-0.31499999999999995,2.160455733452054,2.643886161670593,1.4176178087313063,1.7890367710916801
2025-11-28 02:00:00,3.0349749999999998,-0.9533333333333335,2.2114560878645313,2.7754892108829745,2.501675321455009,2.3565657046597703
2025-11-28 03:00:00,1.4086666666666665,-1.2499999999999998,2.591738350093069,2.8366519857127495,2.123746496352415,2.357742423222742
2025-11-28 04:00:00,2.7888583333333328,-1.4024999999999999,2.418368926091298,2.8680924008640103,2.8461644163231035,2.6322666712072005
2025-11-28 05:00:00,2.5209249999999996,-1.7366666666666666,3.0645978286951987,2.9369864253211446,3.0521382310938336,3.058368029894516
2025-11-28 06:00:00,2.4989666666666666,-2.1583333333333328,2.8589905238623308,3.0239200322421174,2.882866161028706,2.8709283424455183
2025-11-28 07:00:00,2.1273916666666666,-1.6983333333333333,2.4734780166287456,2.929083370146511,2.394337929284484,2.433907972956615
2025-11-28 08:00:00,2.9906916666666663,-0.62,2.7116724187277117,2.7067669919731148,2.796803897181627,2.7542381579546693
2025-11-28 09:00:00,1.8751666666666666,0.8241666666666667,2.3733234434312367,2.4094162330473265,1.8773679606931475,2.125345702062192
2025-11-28 10:00:00,2.6162666666666667,1.7225000000000001,2.3437087667733723,2.239600677464403,2.691046979067475,2.5173778729204237
2025-11-28 11:00:00,2.6235166666666663,2.35,2.4650984540912346,2.1237862468572817,2.6441424247889214,2.554620439440078
2025-11-28 12:00:00,2.25475,2.4858333333333333,2.130029020251101,2.087899920452583,2.037523919095271,2.083776469673186
2025-11-28 13:00:00,3.226775,2.0525,2.501208905710384,2.222620707308226,2.59496272901495,2.548085817362667
2025-11-28 14:00:00,2.805308333333333,-0.9808333333333333,2.8350353969765805,2.8028124456312344,2.662278406690364,2.7486569018334723
2025-11-28 15:00:00,3.0689749999999996,-1.4483333333333335,2.6173474016505667,2.8823854513612,2.3046148209394466,2.4609811112950064
2025-11-28 16:00:00,2.7038249999999997,-1.9816666666666665,2.547478866327346,2.988519291337583,2.0685559605543085,2.3080174134408273
2025-11-28 17:00:00,2.37975,-2.8625000000000003,2.4396825212539115,3.202256639413292,2.283830191263531,2.361756356258721
2025-11-28 18:00:00,2.325833333333333,-3.4308333333333336,2.440735239488074,3.326823192793702,2.5535254452708664,2.49713034237947
2025-11-28 19:00:00,2.7869333333333337,-3.4616666666666664,2.5196260964481656,3.3593715423655937,2.456152916217425,2.4878895063327953
2025-11-28 20:00:00,2.0286416666666667,-3.2541666666666664,2.394465735740157,3.3174380196995537,2.0295873098870607,2.212026522813609
2025-11-28 21:00:00,3.2090916666666662,-3.328333333333333,2.96004974216651,3.3033440327580026,3.225076883656494,3.092563312911502
2025-11-28 22:00:00,2.6447833333333333,-3.454166666666667,3.3368828424997306,3.301764557439307,3.3320427039167178,3.334462773208224
2025-11-28 23:00:00,2.8629250000000006,-2.9408333333333334,3.1311677409595053,3.219141971421809,3.5521505643723605,3.341659152665933
2025-11-29 00:00:00,3.077691666666667,-2.2224999999999997,3.5563677998877345,3.096196903104259,3.4681640720734084,3.5122659359805715
2025-11-29 01:00:00,3.8518916666666665,-2.0125,3.830918469947297,3.103297835433192,3.4807416897274734,3.6558300798373855
2025-11-29 02:00:00,2.884158333333333,-1.885,3.372720516114392,3.044830943419001,2.7413172189476134,3.057018867531003
2025-11-29 03:00:00,3.359183333333333,-1.801666666666667,3.4245542760618046,3.0566059447000264,3.267345065482983,3.345949670772394
2025-11-29 04:00:00,3.3921666666666668,-1.8691666666666669,3.4432775322835134,3.076798394289519,3.141668779491539,3.292473155887526
2025-11-29 05:00:00,3.3555083333333333,-1.8566666666666667,3.367192679740665,3.105748842430397,3.22874774578972,3.2979702127651924
2025-11-29 06:00:00,3.2530416666666664,-2.0091666666666663,3.3222546228036234,3.0998845715984396,3.206637192199513,3.2644459075015684
2025-11-29 07:00:00,2.6476666666666664,-1.8099999999999998,2.9538889489923945,3.0973060930661878,2.5288472957535215,2.741368122372958
2025-11-29 08:00:00,2.888575,-1.505,2.907540852707447,3.036812659877031,2.9411963728895634,2.924368612798505
2025-11-29 09:00:00,2.7927750000000002,-0.9866666666666668,2.9374207235886236,2.9211167514743073,2.8106395033235367,2.8740301134560804
2025-11-29 10:00:00,2.7047416666666666,-0.20750000000000002,2.957218796728075,2.774312784413228,2.5945309656720816,2.775874881200078
2025-11-29 11:00:00,2.7269416666666664,-0.17166666666666663,2.98068327845662,2.7762036358084456,2.8488970593163634,2.9147901688864915
2025-11-29 12:00:00,3.381275,0.21250000000000002,3.0699951323007086,2.6728531951323355,2.972279589541097,3.021137360920903
2025-11-29 13:00:00,3.2413250000000002,-0.25,3.175366010514704,2.783238870917661,2.7810688961072225,2.9782174533109633
2025-11-29 14:00:00,2.8660249999999996,-0.38833333333333336,2.975641313200631,2.795184874474354,2.5817796994722566,2.778710506336444
2025-11-29 15:00:00,2.3270166666666667,-0.7266666666666666,2.8647797037486864,2.803999578171932,2.5415385999333338,2.7031591518410103
2025-11-29 16:00:00,3.9633499999999997,-1.343333333333333,3.0250082442801167,2.9490474576170325,2.921468187009002,2.9732382156445594
2025-11-29 17:00:00,2.9361583333333328,-1.8225000000000005,3.397554843749155,3.091839233914879,2.6771243273583782,3.0373395855537666
2025-11-29 18:00:00,2.385483333333333,-2.415833333333333,3.3011706783416295,3.1379231002046275,2.9099564815807084,3.105563579961169
2025-11-29 19:00:00,2.8433500000000005,-3.2083333333333335,3.060841464418591,3.247072110834254,3.0325289428342694,3.0466852036264305
2025-11-29 20:00:00,2.4468083333333333,-3.138333333333333,3.311261932605086,3.2993602603735748,3.0401001206824954,3.1756810266437907
2025-11-29 21:00:00,4.4301,-3.310833333333333,3.2120773561956835,3.321463201438792,3.1765867677520023,3.194332061973843
2025-11-29 22:00:00,4.54655,-3.801666666666667,4.482872224557822,3.372761455668494,3.601101229667798,4.04198672711281
2025-11-29 23:00:00,4.800283333333333,-4.8275,4.218709265922284,3.5619257465145098,3.9241044387401427,4.071406852331213
2025-11-30 00:00:00,4.009949999999999,-5.348333333333334,4.010465872779046,3.669359193032336,3.4985446276146477,3.754505250196847
2025-11-30 01:00:00,4.74575,-6.273333333333333,3.912097008626194,3.8634877238752257,4.1130921389742126,4.012594573800204
2025-11-30 02:00:00,3.802183333333333,-7.365833333333334,3.77227236516068,4.0855133914637864,3.940527095339655,3.8563997302501676
2025-11-30 03:00:00,4.848083333333334,-8.181666666666667,3.936825513182211,4.253797142089309,4.131263064712671,4.034044288947442
2025-11-30 04:00:00,4.278975,-8.448333333333332,4.292655200898934,4.308803066706436,4.236104524801557,4.264379862850245
2025-11-30 05:00:00,3.5119083333333325,-7.638333333333333,3.8177326257736603,4.141722570681913,3.9325367421967417,3.875134683985201
2025-11-30 06:00:00,3.0477999999999996,-7.028333333333333,3.991389930244473,4.015896518120235,3.842397424093776,3.9168936771691243
2025-11-30 07:00:00,3.883566666666667,-6.2875000000000005,4.265447517559708,3.8630831837932798,4.541897343640601,4.403672430600155
2025-11-30 08:00:00,3.5072083333333333,-4.584166666666667,3.7361163518677336,3.522901340351956,3.4003050841605207,3.568210718014127
2025-11-30 09:00:00,4.237275,-2.9025,3.58352168184602,3.2339083961822053,3.320787780186407,3.4521547310162135
2025-11-30 10:00:00,5.010475,-3.2225,4.043935167213864,3.341933418375869,3.7998044513492655,3.921869809281565
2025-11-30 11:00:00,1.8551749999999996,-2.9633333333333334,3.628813258669857,3.274423444503393,3.1006192782658917,3.364716268467874
2025-11-30 12:00:00,3.1847250000000003,-2.7724999999999995,3.0158988413243066,3.1736316749288878,3.3260399625703196,3.170969401947313
2025-11-30 13:00:00,3.099458333333333,-2.3333333333333335,3.168882024277833,3.0862099313602513,2.813504402222955,2.9911932132503942
2025-11-30 14:00:00,2.13745,-1.8758333333333335,2.992545418698684,3.0028400940567543,2.6149312037873904,2.803738311243037
2025-11-30 15:00:00,2.989866666666667,-1.615,3.1285750382863413,2.956699490862205,2.9260630492806237,3.0273190437834825
2025-11-30 16:00:00,4.0327666666666655,-1.1391666666666667,3.4476145013708566,2.8859751079126745,2.90177389633275,3.174694198851803
2025-11-30 17:00:00,2.7189749999999995,-0.2575,3.194322021826408,2.7058125546397327,2.5404288046378625,2.867375413232135
2025-11-30 18:00:00,2.6515666666666666,0.2558333333333334,2.372933497622432,2.5457987217572136,2.2146730461541746,2.2938032718883035
2025-11-30 19:00:00,1.960508333333333,0.28250000000000014,2.1998746319488585,2.5151596023455967,2.0172930544893433,2.108583843219101
2025-11-30 20:00:00,3.1332249999999995,0.01916666666666667,2.4771664644816918,2.562193066598229,2.498712240063505,2.4879393522725985
2025-11-30 21:00:00,2.436808333333333,0.06083333333333333,2.7761230817766296,2.5535983908768025,2.31218796928706,2.5441555255318447
2025-11-30 22:00:00,3.3733083333333336,-0.009166666666666662,2.8590157830501512,2.5680374460887982,2.7350807718615946,2.7970482774558727
2025-11-30 23:00:00,5.290466666666666,-0.5225,4.086718535020916,2.6739238509767675,3.3158125065766018,3.701265520798759
2025-12-01 00:00:00,4.7886999999999995,-0.7916666666666666,3.6372781478149956,2.72944545613718,3.19735706658205,3.4173176071985227
2025-12-01 01:00:00,4.3153,-0.67,3.1796034319250013,2.704349003030616,3.119063530937811,3.1493334814314062
2025-12-01 02:00:00,4.076099999999999,-0.6208333333333335,2.8673914063929336,2.694207285679333,2.7294704955071585,2.798430950950046
2025-12-01 03:00:00,4.64165,-0.3291666666666667,2.5141937926298086,2.634044555629351,2.3572583145423494,2.435726053586079
2025-12-01 04:00:00,2.837008333333333,-0.6583333333333333,2.3122248242879864,2.7019424938286165,2.112348844684606,2.2122868344862963
2025-12-01 05:00:00,2.6863833333333336,-0.48166666666666674,2.163005616908815,2.66550106876977,2.410375065836078,2.286690341372447
2025-12-01 06:00:00,3.801008333333333,-0.42583333333333334,2.167041913445478,2.6551325987540135,2.6192904088008815,2.3931661611231796
2025-12-01 07:00:00,2.3594583333333334,-0.12499999999999999,1.9634967891481696,2.6152680837765385,2.135072463199899,2.0492846261740345
2025-12-01 08:00:00,2.225241666666667,0.15250000000000002,1.2936136421815292,2.5346901042896652,1.7653866699159968,1.5295001560487629
2025-12-01 09:00:00,2.4372000000000003,0.2358333333333333,1.2223662898841934,2.6539966866245215,2.0069112742594113,1.6146387820718022
2025-12-01 10:00:00,2.336308333333333,0.01666666666666666,1.2518225643931384,2.740366811681486,1.609459746862141,1.4306411556276397
2025-12-01 11:00:00,2.2561166666666668,-0.8733333333333332,1.3837134130392459,2.942990254193762,2.074079958141313,1.7288966855902794
2025-12-01 12:00:00,3.2467583333333336,-1.5041666666666664,2.019683386800108,3.0687538639494782,2.466273708234252,2.24297854751718
2025-12-01 13:00:00,3.0438999999999994,-2.5041666666666664,2.632379517391688,3.2352555929881497,2.6113051313360165,2.6218423243638522
2025-12-01 14:00:00,3.076733333333333,-3.4583333333333335,2.4325901254683937,3.4063496265324344,2.722137007610072,2.577363566539233
2025-12-01 15:00:00,3.4376,-4.7683333333333335,2.6053255022836295,3.6727951641129857,2.824975563904802,2.715150533094216
2025-12-01 16:00:00,1.3084083333333334,-5.930000000000001,2.069354695813235,3.8064905422022814,2.3416285187237684,2.2054916072685016
2025-12-01 17:00:00,1.2761666666666667,-6.589166666666667,1.8981048352577323,3.9967959347621216,2.9374695190442996,2.417787177151016
2025-12-01 18:00:00,5.681783333333333,-7.43,2.927483504846664,4.14002735041732,2.4067626769088815,2.667123090877773
2025-12-01 19:00:00,2.8459083333333335,-7.8,3.6382031412522227,4.356755322642473,3.5014802683631583,3.5698417048076907
2025-12-01 20:00:00,4.709608333333334,-8.19,3.39296376834246,4.373402610354183,3.8428283527443408,3.6178960605434005
2025-12-01 21:00:00,4.946841666666667,-8.6525,3.968474419914254,4.437461540086292,3.749889910761146,3.8591821653377
2025-12-01 22:00:00,4.862008333333333,-9.346666666666666,4.603513323765295,4.533839276699342,5.190178198995919,4.896845761380607
2025-12-01 23:00:00,5.126741666666668,-10.63,4.292837883800529,4.763779698197147,4.343080497138559,4.317959190469544
2025-12-02 00:00:00,5.983583333333333,-11.29,4.214633943988541,4.894959950907694,3.7802587697126113,3.997446356850576
2025-12-02 01:00:00,4.330691666666667,-11.6725,3.909161726484126,4.973859074030386,3.741117412776064,3.825139569630095
2025-12-02 02:00:00,4.2458833333333335,-11.37,4.057856423267956,4.911461728292832,3.803058154951532,3.930457289109744
2025-12-02 03:00:00,5.218491666666667,-10.959166666666668,4.327448599815249,4.8267182256795715,4.243865602423651,4.28565710111945
2025-12-02 04:00:00,5.069783333333333,-10.44,4.2775797891183425,4.722852156719048,4.104071591388694,4.190825690253519
2025-12-02 05:00:00,4.918616666666667,-10.139166666666666,4.433707726398186,4.657575007481906,4.1434550284119,4.288581377405043
2025-12-02 06:00:00,4.031133333333333,-9.5925,4.458263584070899,4.5519703691415305,4.180686821190447,4.319475202630673
2025-12-02 07:00:00,5.096133333333333,-8.884166666666667,4.47488362967024,4.421171119309248,4.79123872500202,4.633061177336129
2025-12-02 08:00:00,5.555441666666667,-8.375833333333334,4.5193637572383905,4.30629599293948,4.4087659830923505,4.4640648701653705
2025-12-02 09:00:00,4.468908333333332,-8.147499999999999,4.262523265661289,4.253738922189673,3.9614562163110096,4.111989740986149
2025-12-02 10:00:00,4.665525,-7.75,4.163708132155404,4.189078339409495,4.22265126838463,4.193179700270017
2025-12-02 11:00:00,5.06245,-7.180833333333333,4.0151175293424926,4.063818581956198,3.983676675424701,3.999397102383597
2025-12-02 12:00:00,4.936175,-7.115833333333334,3.956355509304654,4.088486038340558,3.7920294750139,3.8741924921592767
2025-12-02 13:00:00,3.7529999999999997,-6.935,3.4022309316409416,4.001168231306765,3.311743735348461,3.3569873334947014
2025-12-02 14:00:00,4.6226,-6.543333333333334,3.467640362568593,3.915854492722836,3.209336605823037,3.338488484195815
2025-12-02 15:00:00,2.769458333333333,-6.512499999999999,4.263286525054494,3.9094944326889802,4.370097968358609,4.316692246706552
2025-12-02 16:00:00,2.3454083333333333,-6.3758333333333335,2.6504845759040703,3.881303896322703,2.8542034937466996,2.752344034825385
2025-12-02 17:00:00,2.380125,-6.2925,3.173207515166581,3.864114544879851,3.6395817489051057,3.4063946320358434
2025-12-02 18:00:00,3.2790833333333333,-6.2175,2.9190148995074416,3.848644128581284,3.1229305937007634,3.0209727466041025
2025-12-02 19:00:00,4.254375,-6.069166666666667,3.626894088915783,3.8435303053989824,3.6354231588364216,3.631158623876102
2025-12-02 20:00:00,4.533125,-5.954166666666667,4.762304193108047,3.8298327621950343,4.945779095960412,4.854041644534229
2025-12-02 21:00:00,5.853908333333333,-5.89,4.315419694590044,3.8204550851711097,4.240514113798903,4.277966904194473
2025-12-02 22:00:00,4.7728166666666665,-5.7316666666666665,3.5024783611548838,3.7633895608839816,3.188218056949833,3.345348209052358
2025-12-05 00:00:00,8.262208333333334,-16.939999999999998,6.025859810358788,6.208021015841836,6.470701447834177,6.248280629096483
2025-12-05 01:00:00,5.9571000000000005,-17.096666666666668,6.2122701281294015,6.288689852059199,5.978982908802703,6.095626518466052
2025-12-05 02:00:00,6.874225000000001,-17.800833333333333,4.705763364111304,6.3531365816611896,5.194804862359014,4.950284113235159
2025-12-05 03:00:00,7.201149999999998,-17.281666666666666,5.480563331955088,6.451452366210409,5.905122187618726,5.692842759786908
2025-12-05 04:00:00,5.529491666666666,-17.388333333333332,5.846877469997444,6.374916663919977,6.30439168657195,6.075634578284697
2025-12-05 05:00:00,7.142116666666666,-17.259166666666673,5.858041446639613,6.372229983924077,6.397804111357011,6.127922778998313
2025-12-05 06:00:00,6.516883333333333,-17.175833333333333,6.175742843654224,6.303718322429247,6.286724579621003,6.231233711637614
2025-12-05 07:00:00,7.708383333333332,-16.7875,6.555398635979267,6.241960964849966,6.66725978342789,6.6113292097035785
2025-12-05 08:00:00,6.849,-15.334166666666667,5.870656033311035,5.93197853170867,6.211628933802107,6.0411424835565715
2025-12-05 09:00:00,5.3881499999999996,-13.1625,4.774179240936399,5.512470117189411,5.10681121438657,4.940495227661485
2025-12-05 10:00:00,5.490766666666667,-10.799999999999999,4.56610574160507,4.94070451354883,4.7361289757436635,4.651117358674367
2025-12-05 11:00:00,3.746941666666667,-9.375,3.757644389459532,4.6453067581459,4.249794131578524,4.003719260519028
2025-12-05 12:00:00,5.2761249999999995,-8.014166666666666,4.1750034216267204,4.292070954069029,4.309261096576659,4.242132259101689
2025-12-05 13:00:00,5.0496583333333325,-8.6625,5.044371653653767,4.3916460314899854,5.439084646472606,5.241728150063187
2025-12-05 14:00:00,5.555774999999999,-8.9725,4.729580010573795,4.432226443034104,4.725965118689293,4.727772564631543
2025-12-05 15:00:00,5.187091666666666,-9.8425,4.961127754560873,4.608744446496182,4.942965198396824,4.9520464764788485
2025-12-05 16:00:00,6.062833333333333,-11.750833333333333,5.2130797730397465,4.994392459702068,5.172361876933399,5.192720824986573
2025-12-05 17:00:00,6.117366666666667,-12.862499999999999,5.214346292963482,5.239362489294479,4.6983494459340545,4.956347869448768
2025-12-05 18:00:00,6.948041666666667,-14.605833333333335,5.433264200283397,5.578924244818782,5.630974317650278,5.532119258966837
2025-12-05 19:00:00,3.7458416666666663,-15.009166666666667,5.431994439420095,5.662120705802186,4.8453792353053835,5.138686837362739
2025-12-05 20:00:00,4.7989999999999995,-14.435,5.264697868405501,5.543686074360934,5.382744526589577,5.323721197497539
2025-12-05 21:00:00,5.999733333333333,-13.870833333333332,6.161477317640129,5.427314165092826,6.297848638598232,6.229662978119181
2025-12-05 22:00:00,7.700241666666666,-14.17,6.046386040826475,5.489023936772664,6.197051668693131,6.121718854759803
2025-12-05 23:00:00,6.480533333333333,-13.980833333333335,5.816465698731942,5.4500041089973905,6.4501466678480694,6.1333061832900055
2025-12-06 00:00:00,4.647358333333333,-13.464166666666669,4.679057717563282,5.383923741778869,4.353732769696725,4.516395243630003
2025-12-06 01:00:00,5.137983333333333,-13.049166666666666,5.106756050595377,5.297704126335217,4.966198744020997,5.036477397308187
2025-12-06 02:00:00,5.667574999999999,-13.018333333333336,5.250834579013941,5.291298251292216,5.280740572105839,5.26578757555989
2025-12-06 03:00:00,5.194333333333333,-13.361666666666665,5.476558943149708,5.362628535554833,5.197120825398028,5.336839884273868
2025-12-06 04:00:00,4.990566666666666,-13.4125,4.803169874879117,5.373189572787892,5.038783172991497,4.920976523935307
2025-12-06 05:00:00,6.587775,-13.106666666666667,5.349475096239882,5.309650217631627,5.174040267354332,5.261757681797107
2025-12-06 06:00:00,4.894041666666666,-13.399999999999999,5.576957876666962,5.370592596419106,5.279846620531566,5.428402248599264
2025-12-06 07:00:00,6.109558333333333,-13.857500000000002,5.522836093014838,5.469741862347525,5.727671860026591,5.625253976520715
2025-12-06 08:00:00,4.9687,-12.519166666666665,4.9441857842929995,5.21275183711678,4.656904156995736,4.800544970644368
2025-12-06 09:00:00,5.174783333333333,-10.431666666666667,4.905676175302265,4.784384059939577,5.158632364596661,5.032154269949463
2025-12-06 10:00:00,5.426366666666667,-8.518333333333333,4.691665346413106,4.3923529486563515,4.401629799130073,4.546647572771589
2025-12-06 11:00:00,2.9702916666666668,-7.434166666666666,3.317708324941745,4.1825253685891655,3.155692788655082,3.2367005567984135
2025-12-06 12:00:00,1.1098333333333332,-6.235833333333335,3.8993950928981165,3.913559460090828,4.124132720034747,4.011763906466432
2025-12-06 13:00:00,2.771433333333333,-6.255,1.8138597628817925,3.9412642450850552,1.8694518029110576,1.841655782896425
2025-12-06 14:00:00,3.439308333333333,-6.208333333333333,3.2910501996593697,3.9152238440891822,3.1864399540616932,3.2387450768605315
2025-12-06 15:00:00,4.174424999999999,-6.435833333333334,4.397950633382152,3.979190533743376,4.539238842926949,4.46859473815455
2025-12-06 16:00:00,4.715658333333334,-6.61,4.390319380706353,3.9854330997002787,4.692076689210017,4.541198034958185
2025-12-06 17:00:00,5.09645,-6.565,4.756447873775148,3.9730231211224503,4.859263717483311,4.80785579562923
2025-12-06 18:00:00,3.29745,-6.505,3.650232391447229,3.9586107934635018,3.436203848377816,3.5432181199125226
2025-12-06 19:00:00,1.6844249999999998,-6.375,2.8887172555185003,3.91109187716212,2.1371530239202046,2.5129351397193522
2025-12-06 20:00:00,4.32695,-6.273333333333333,3.634549725895236,3.8899698026960046,3.9392834427576022,3.786916584326419
2025-12-06 21:00:00,4.099008333333334,-6.239999999999999,5.025658788225025,3.8830445323792455,4.9799269230032825,5.002792855614153
2025-12-06 22:00:00,4.049383333333333,-6.445,4.0489359352904115,3.9256349448273147,4.227893761210093,4.138414848250252
2025-12-06 23:00:00,5.328016666666667,-7.295833333333334,4.3529522956096205,4.102402469662591,4.457353900272532,4.405153097941076
2025-12-07 00:00:00,4.059325,-7.463333333333334,4.577967937519153,4.137201953004306,4.686581642180492,4.632274789849823
2025-12-07 01:00:00,4.816491666666667,-9.4025,4.648982592651735,4.540079553681768,4.751598030610821,4.700290311631278
2025-12-07 02:00:00,5.467066666666667,-10.341666666666667,4.98210916829151,4.740351130315477,5.081873752084948,5.0319914601882285
2025-12-07 03:00:00,4.771750000000001,-9.555833333333334,4.779905209705017,4.572592453864758,5.142895939207387,4.961400574456202
2025-12-07 04:00:00,6.852925,-10.986666666666666,5.076896596868804,4.869203025485746,5.0146191121049934,5.045757854486899
2025-12-07 05:00:00,3.9928166666666667,-11.292499999999999,4.381658038956056,4.9411997461603425,4.2708043492526135,4.326231194104334
2025-12-07 06:00:00,3.69555,-9.522499999999999,4.032160748160282,4.680316473469834,4.0988349231289485,4.065497835644615
2025-12-07 07:00:00,5.4962583333333335,-9.824166666666667,4.8847692718358,4.712703137128971,5.062676833400861,4.973723052618331
2025-12-07 08:00:00,5.397241666666666,-8.727500000000001,4.5060254908505355,4.561652051192374,4.559650255970832,4.532837873410683
2025-12-07 09:00:00,4.071375,-6.857500000000001,3.8518535118676933,4.104281850187624,4.095353305124862,3.9736034084962775
2025-12-07 10:00:00,3.056941666666667,-5.3325,2.895379413740551,3.7914668424953137,3.0981138776662047,2.996746645703378
2025-12-07 11:00:00,2.2176416666666663,-5.151666666666666,2.8877914294092073,3.773896831435596,3.0116963629860782,2.949743896197643
2025-12-07 12:00:00,3.2256083333333336,-4.658333333333334,3.182409027834888,3.6609487014773463,3.476105986436002,3.329257507135445
2025-12-07 13:00:00,3.0585083333333336,-4.9525,3.600067744203646,3.6677206282166828,3.5982230252220817,3.599145384712864
2025-12-07 14:00:00,3.903325,-5.305,3.80216719452174,3.726344430807381,4.16615516674601,3.984161180633875
2025-12-07 15:00:00,4.806033333333334,-6.121666666666666,4.303688121702996,3.8584598227547504,4.359412876664329,4.331550499183663
2025-12-07 16:00:00,2.8979583333333334,-6.952500000000001,3.95592768594107,4.031072185399973,3.935416365295843,3.9456720256184568
2025-12-07 17:00:00,3.131083333333333,-7.434166666666666,3.488504575354458,4.131142341477141,3.6663408704587024,3.5774227229065803
2025-12-07 18:00:00,3.5652916666666665,-7.653333333333333,3.4653931916461578,4.176675993809833,3.6294498685362946,3.547421530091226
2025-12-07 19:00:00,2.5050583333333334,-7.620833333333334,3.508698434819526,4.1699238552509925,3.2970137823209584,3.4028561085702425
2025-12-07 20:00:00,4.728741666666667,-7.529166666666666,3.7673971953215095,4.150879361879905,3.919687279067651,3.84354223719458
2025-12-07 21:00:00,2.883933333333333,-7.735833333333333,3.346340134479587,4.193816037843812,3.0366086286888065,3.1914743815841966
2025-12-07 22:00:00,2.779275,-8.041666666666666,3.4503008770017147,4.258599757019745,3.0605955814263477,3.255448229214031
2025-12-07 23:00:00,5.4457249999999995,-8.23,4.0312590062916795,4.296483170289766,4.2355497922518035,4.1334043992717415
2025-12-08 00:00:00,3.9623250000000008,-8.485833333333334,3.8857251519755054,4.349634619970892,4.000331576694553,3.943028364335029
2025-12-08 01:00:00,5.757991666666666,-8.916666666666666,4.821797550715472,4.4391437388150035,4.690610950547793,4.756204250631632
2025-12-08 02:00:00,6.308375,-9.189166666666667,4.952414592300214,4.49575782365451,4.414762353507558,4.683588472903886
2025-12-08 03:00:00,4.373225000000001,-9.339166666666667,4.920897863375126,4.526921540079926,4.642356011641045,4.7816269375080855
2025-12-08 04:00:00,5.053458333333333,-10.139166666666666,4.555470535676521,4.693128027682145,4.377094519832275,4.466282527754398
2025-12-08 05:00:00,5.712216666666666,-11.460833333333333,4.7365215422072025,4.967714995741645,5.202498616838356,4.969510079522779
2025-12-08 06:00:00,4.25755,-12.591666666666667,4.732868685805276,5.202654791237698,4.9438312846798915,4.8383499852425835
2025-12-08 07:00:00,5.065741666666667,-12.856666666666667,5.0141909012339125,5.257710690255934,4.772563924004142,4.893377412619028
2025-12-08 08:00:00,4.338675,-12.570833333333333,4.485930948548625,5.198326497289724,4.368101138263492,4.427016043406058
2025-12-08 09:00:00,6.395341666666667,-11.737500000000002,4.752916856808659,5.025194739370746,4.9261554276311035,4.839536142219881
2025-12-08 10:00:00,3.705258333333333,-10.614166666666666,4.738055331646177,4.934263855755234,4.832625890679628,4.785340611162903
2025-12-08 11:00:00,4.2474083333333335,-10.341666666666667,3.8742385649439144,4.986968848080432,4.27131425112813,4.072776408036022
2025-12-08 12:00:00,3.267933333333333,-10.227500000000001,3.5632764207074517,4.9138448735648925,4.181414002455307,3.8723452115813792
2025-12-08 13:00:00,6.948883333333332,-11.240833333333333,4.672953358266273,5.0570102622174185,4.7206419841178295,4.696797671192051
2025-12-08 14:00:00,6.559241666666667,-11.643333333333333,6.1839881075384255,5.166200676602161,6.619215433339265,6.4016017704388455
2025-12-08 15:00:00,5.372716666666666,-12.602500000000001,5.078010126381912,5.276529225224652,4.474902540826504,4.776456333604208
2025-12-08 16:00:00,4.850508333333333,-13.174999999999999,5.110405729210999,5.5522099966647245,5.472419083010076,5.291412406110537
2025-12-08 17:00:00,6.891824999999999,-14.166666666666666,5.643429956542372,5.723518998174238,5.488256701016526,5.565843328779449
2025-12-08 18:00:00,5.865891666666666,-14.828333333333333,5.248618436984781,5.807361230603235,5.100371477198816,5.174494957091799
2025-12-08 19:00:00,6.112933333333334,-14.583333333333336,5.374368902297263,5.879768177166802,5.762732524562033,5.568550713429648
2025-12-08 20:00:00,5.760775,-15.105833333333331,5.554203334053792,5.920097906304744,5.6863764965526045,5.620289915303198
2025-12-08 21:00:00,6.484491666666666,-15.555000000000001,5.746312352038999,5.913667758830945,5.967982938772385,5.857147645405693
2025-12-08 22:00:00,4.627908333333333,-16.179999999999996,5.5281024266448835,6.082558707786439,5.3898397486573035,5.4589710876510935
2025-12-08 23:00:00,6.8081249999999995,-16.656666666666663,5.545864784620052,6.204273332381031,5.867435410820579,5.706650097720315
2025-12-09 00:00:00,6.1919,-16.6575,6.103272427788538,6.27548113116187,6.208441396821782,6.15585691230516
2025-12-09 01:00:00,6.917199999999999,-17.151666666666667,5.90600987915853,6.344573297657662,6.4237788741120045,6.164894376635267
2025-12-09 02:00:00,5.233791666666667,-17.037499999999998,6.133888989040412,6.312873492826282,6.418038096506258,6.275963542773335
2025-12-09 03:00:00,6.729041666666666,-17.393333333333334,5.938167785676777,6.269929695628701,6.437137268622761,6.187652527149769
2025-12-09 04:00:00,6.5699499999999995,-16.93166666666667,6.153875352405839,6.189151871873118,5.975917547410457,6.064896449908148
2025-12-09 05:00:00,6.304366666666668,-16.968333333333334,5.870939587797531,6.300244748997502,5.71643145838649,5.793685523092011
2025-12-09 06:00:00,7.556266666666666,-16.834166666666665,6.435343450614362,6.334383911265109,6.49239177832592,6.463867614470141
2025-12-09 07:00:00,5.948524999999999,-16.99083333333333,5.905220406403686,6.3162379401588815,5.944958448489511,5.925089427446599
2025-12-09 08:00:00,6.245783333333333,-15.161666666666667,5.511442038665307,5.994140201567885,6.252226546969626,5.881834292817467
2025-12-09 09:00:00,5.8126999999999995,-13.060833333333335,5.7698078131856665,5.433751118533231,5.784173763743355,5.776990788464511
2025-12-09 10:00:00,5.144033333333334,-10.749166666666667,4.870555544132829,4.930178875815696,4.8447485375401875,4.857652040836508
2025-12-09 11:00:00,4.537508333333333,-9.375833333333334,3.6273672643263226,4.616247374640822,3.623281677469984,3.6253244708981534
2025-12-09 12:00:00,2.6948499999999997,-7.444166666666667,3.2661337627943987,4.185757305379055,3.4704502670983137,3.3682920149463564
2025-12-09 13:00:00,4.460183333333333,-8.689166666666667,4.239191547494729,4.418069106948577,4.044000858031596,4.1415962027631625
2025-12-09 14:00:00,4.7755833333333335,-9.7125,4.854392933080935,4.608072517515113,4.728165573770868,4.791279253425902
2025-12-09 15:00:00,4.9431666666666665,-10.885,4.77978148879325,4.8480809510196305,4.877918932172193,4.828850210482722
2025-12-09 16:00:00,5.854633333333332,-13.149166666666666,5.226995646295854,5.3184799372854945,5.214735706879591,5.220865676587723
2025-12-09 17:00:00,4.570675,-14.68083333333333,5.468609357466975,5.636696108340576,5.204572751507255,5.336591054487116
2025-12-09 18:00:00,0.0,-14.888333333333335,4.673909927498245,5.679805916062403,4.753535491517868,4.7137227095080565
2025-12-09 19:00:00,1.9772333333333332,-14.648333333333333,3.1583059391080424,5.629943969781737,3.07841941498504,3.118362677046541
2025-12-09 20:00:00,5.295325,-15.573333333333332,3.923344714231967,5.822120221071803,3.7874473428813697,3.8553960285566684
2025-12-09 21:00:00,4.628341666666667,-16.115833333333335,5.524918100935262,5.934828995477058,5.69776957524596,5.611343838090612
2025-12-09 22:00:00,4.307875,-15.154166666666663,4.594485689401761,5.735034946838556,4.288508137000184,4.4414969132009725
2025-12-09 23:00:00,5.9130416666666665,-14.444166666666666,5.320452330235404,5.613189003362618,5.705969190980126,5.513210760607764
2025-12-10 00:00:00,6.077299999999999,-13.420833333333334,5.645265502463745,5.374920890367082,5.447801529280945,5.546533515872345
2025-12-10 01:00:00,4.782916666666667,-12.605833333333335,4.5310627599189965,5.205598031122321,4.113951824965625,4.32250729244231
2025-12-10 02:00:00,5.8932166666666665,-12.288333333333334,5.507609450601031,5.13963483135519,5.6295368830985195,5.5685731668497755
2025-12-10 03:00:00,5.2821083333333325,-11.954166666666666,5.330541593921133,5.070208996429679,5.199594285966351,5.265067939943743
2025-12-10 04:00:00,4.491683333333334,-11.63,5.263563029150037,5.002860742599197,4.878797258385101,5.0711801437675685
2025-12-10 05:00:00,6.722375000000001,-11.551666666666668,5.124978303559449,4.986586357354813,5.003414985032323,5.064196644295886
2025-12-10 06:00:00,3.852175,-12.541666666666666,4.420036631957308,5.192266885762559,4.020195517816309,4.220116074886809
2025-12-10 07:00:00,4.694458333333333,-13.277500000000002,4.643241842835692,5.345142228005018,4.501089336747226,4.572165589791458
2025-12-10 08:00:00,6.080349999999999,-11.744166666666665,5.2437425977766665,5.026579793434097,5.145020034794017,5.194381316285342
2025-12-10 09:00:00,3.5289916666666667,-8.985,4.205202076864685,4.482561519795067,4.1887344789714325,4.196968277918058
2025-12-10 10:00:00,4.545216666666666,-6.855833333333333,3.9028438086099078,4.064045308657922,3.460211665272674,3.681527736941291
2025-12-10 11:00:00,4.3983,-5.788333333333334,4.425042064475607,3.8660953497331367,4.288358730668336,4.356700397571972
2025-12-10 12:00:00,3.2476166666666666,-4.9575000000000005,4.294892516423651,3.676778273889445,3.888758584172868,4.0918255502982595
2025-12-10 13:00:00,4.307466666666667,-4.990833333333334,4.053168650237499,3.6772859787259735,4.308923745792753,4.181046198015126
2025-12-10 14:00:00,3.778966666666667,-5.44,4.312376584390879,3.7409798451285705,3.911926781940806,4.112151683165843
2025-12-10 15:00:00,4.495525000000001,-5.61,4.132939814917494,3.7521569233924983,4.106599844677795,4.119769829797645
2025-12-10 16:00:00,2.9088499999999997,-5.564166666666666,4.144515011978929,3.7457158806299984,4.179671424572297,4.162093218275613
2025-12-10 17:00:00,1.3865583333333331,-5.25,2.926526818649945,3.695042765911837,2.6409687152428702,2.7837477669464077
2025-12-10 18:00:00,3.941858333333333,-5.189166666666666,2.931455823182532,3.671473335405608,3.3118659517698052,3.1216608874761684
2025-12-10 19:00:00,4.077866666666667,-5.075,4.661594623465486,3.641555379403045,4.225270926893916,4.443432775179701
2025-12-10 20:00:00,4.350083333333334,-4.902500000000001,4.742314987504228,3.6051680609192855,4.594258959894329,4.668286973699279
2025-12-10 21:00:00,4.872583333333333,-4.710000000000001,4.736018131926796,3.565174624840002,4.776527135976502,4.7562726339516495
2025-12-10 22:00:00,3.26205,-4.552499999999999,3.9106318698093494,3.5324527225933147,3.4570244146427838,3.6838281422260666
2025-12-10 23:00:00,3.245,-4.459166666666667,3.277946615715065,3.513061965706389,2.895036830244248,3.0864917229796567
2025-12-11 00:00:00,4.180591666666667,-4.550833333333333,3.72383939320028,3.5321064590774767,3.6858609547124965,3.7048501739563884
2025-12-11 01:00:00,3.9768666666666674,-4.528333333333333,4.232152122228563,3.527431901613664,4.404945214223265,4.3185486682259135
2025-12-11 02:00:00,3.8950416666666667,-4.61,3.786394212799328,3.544398813889724,3.937919122323085,3.8621566675612065
2025-12-11 03:00:00,3.080741666666666,-4.564166666666666,4.175383022205806,3.53487656720418,4.0329434305248135,4.10416322636531
2025-12-11 04:00:00,4.270125,-5.0375000000000005,3.9128266823844386,3.63321540570216,4.092264317150719,4.002545499767579
2025-12-11 05:00:00,4.301233333333333,-6.175833333333333,3.9301856673343054,3.8697133870194844,4.196346034589576,4.06326585096194
2025-12-11 06:00:00,4.663975,-5.892499999999999,3.9236596830839385,3.8108485893270316,4.014788809452503,3.9692242462682206
2025-12-11 07:00:00,3.3904083333333332,-5.444166666666667,3.9191011760900487,3.717703703566621,3.527397484271379,3.723249330180714
2025-12-11 08:00:00,3.1494,-5.0225,3.2704164172770387,3.6300990340596186,3.3227195914867167,3.2965680043818777
2025-12-11 09:00:00,3.2379166666666666,-4.4816666666666665,3.676130949588748,3.5177365231702016,4.038139067907828,3.857135008748288
2025-12-11 10:00:00,4.23375,-3.75,3.941758522105816,3.3657268397173388,4.060735041111306,4.001246781608561
2025-12-11 11:00:00,4.378725,-2.875833333333333,4.479585551530485,3.1841116256603303,4.21137859563604,4.345482073583263
2025-12-11 12:00:00,2.877125,-3.0041666666666664,3.2523622644861896,3.210773916379853,2.806593819966373,3.0294780422262813
2025-12-11 13:00:00,2.836091666666667,-3.5174999999999996,3.298782847555773,3.3174230792579436,2.7460870307439995,3.0224349391498864
2025-12-11 14:00:00,5.50385,-4.834166666666667,3.761931135466037,3.5909712567699295,3.945360879295591,3.853646007380814
2025-12-11 15:00:00,4.190508333333334,-6.0275,4.642264549532969,3.877611587542146,4.618402134692335,4.630333342112652
2025-12-11 16:00:00,3.479141666666667,-7.899166666666667,2.9880081908975935,4.381939629036757,3.568902674723192,3.278455432810393
2025-12-11 17:00:00,3.2371000000000003,-9.055,3.3877658418320293,4.595998204003226,3.394767046906971,3.3912664443695
2025-12-11 18:00:00,4.389483333333334,-9.916666666666666,4.3524359235887164,4.7988429630548985,4.674584823906551,4.513510373747634
2025-12-11 19:00:00,4.111908333333333,-10.751666666666667,4.902899789300622,4.923216872218922,4.511782785365596,4.707341287333109
2025-12-11 20:00:00,4.6944,-10.765,4.861261195003861,4.908974459901775,4.9144843307821615,4.887872762893011
2025-12-11 21:00:00,4.44485,-10.782499999999999,4.845693872548098,4.888681885113629,4.9902031641654405,4.917948518356769
2025-12-11 22:00:00,4.996766666666666,-10.9625,4.567562566348553,4.934853421216239,4.640813249191045,4.6041879077697985
2025-12-11 23:00:00,4.552858333333333,-11.268333333333333,4.780417914012324,4.998962998836511,4.862139187912091,4.821278550962208
2025-12-12 00:00:00,5.305516666666667,-10.7875,5.082457308100531,4.974247987003343,4.997335231177762,5.039896269639146
2025-12-12 01:00:00,4.57415,-10.295833333333333,4.0884154788372795,4.874166714948498,4.30999657803152,4.1992060284344
2025-12-12 02:00:00,3.7423833333333336,-10.079166666666667,4.380961840147663,4.739216018861772,4.463657978801648,4.422309909474656
2025-12-12 03:00:00,4.759358333333333,-10.274166666666668,4.758767844259145,4.732992542728186,4.626609585238092,4.692688714748618
2025-12-12 04:00:00,5.126683333333333,-9.739166666666666,4.957948773089284,4.746609635098523,4.884334167502291,4.921141470295788
2025-12-12 05:00:00,3.806425,-9.227500000000001,4.631061068893218,4.64775841420346,4.414210279476827,4.522635674185023
2025-12-12 06:00:00,4.824166666666667,-9.074166666666667,4.67197686850314,4.6839891781598055,4.996243218005199,4.83411004325417
2025-12-12 07:00:00,4.506966666666667,-9.029166666666667,4.567962901724854,4.70065022281958,4.823705505452436,4.695834203588645
2025-12-12 08:00:00,5.399283333333333,-8.319166666666666,4.62214921320449,4.547207907009259,4.530728991095984,4.576439102150237
2025-12-12 09:00:00,5.077,-7.3975,4.027143552858182,4.422323490044828,5.1258465039481464,4.576495028403164
2025-12-12 10:00:00,4.458283333333333,-7.3475,4.393901402839474,4.357426618259774,4.934454852001231,4.664178127420353
2025-12-12 11:00:00,5.150833333333333,-6.943333333333334,4.826026928461097,4.175967311444055,4.6256662203204995,4.725846574390799
2025-12-12 12:00:00,5.0967,-6.9366666666666665,4.228745580256184,4.245032634123398,4.766045383890181,4.497395482073182
2025-12-12 13:00:00,5.240375,-6.476666666666667,4.537674684427085,4.196566931033845,4.866690350323023,4.7021825173750535
2025-12-12 14:00:00,4.581741666666666,-5.81,4.325248075295217,4.014458623393571,4.048439735704081,4.186843905499649
2025-12-12 15:00:00,4.032775,-6.361666666666667,4.533783038943328,4.136109486357196,4.689005315223943,4.6113941770836355
2025-12-12 16:00:00,5.086708333333333,-6.735833333333333,4.306508884232653,4.210760001525791,4.694538096862079,4.500523490547366
2025-12-12 17:00:00,3.1726916666666667,-6.403333333333333,4.568549494823441,4.0826594639851,4.549160872431683,4.558855183627562
2025-12-12 18:00:00,3.6099750000000004,-6.199166666666667,2.7585051986628604,4.030049236643767,2.353756860620203,2.5561310296415316
2025-12-12 19:00:00,3.3853416666666662,-6.125,3.2491361872457363,4.030442955725423,2.960458838393736,3.104797512819736
2025-12-12 20:00:00,2.5393,-5.9624999999999995,3.3203991469653955,4.0674902410874605,3.2903967638165073,3.3053979553909514
2025-12-12 21:00:00,6.103833333333333,-5.969166666666667,4.124361072863627,4.117534129628433,4.286102776126737,4.205231924495182
2025-12-12 22:00:00,4.524258333333333,-6.091666666666668,4.903066006136904,4.032632259705221,5.0118586471352415,4.9574623266360724
2025-12-12 23:00:00,4.890866666666667,-6.204999999999999,4.903020625829603,4.014018732506136,4.747472485131512,4.8252465554805575
2025-12-13 00:00:00,4.643258333333333,-6.740833333333334,4.694925284324762,4.036708131630502,4.894326908394359,4.794626096359561
2025-12-13 01:00:00,5.471425,-6.839166666666667,4.574607990533547,4.152255198099542,5.011949173012926,4.793278581773237
2025-12-13 02:00:00,4.58695,-7.63,4.808365292864369,4.287377874482328,4.846896317943938,4.827630805404153
2025-12-13 03:00:00,4.271125,-8.37,4.638447236260307,4.366940672017143,4.769777314306283,4.704112275283295
2025-12-13 04:00:00,5.416991666666666,-9.064166666666667,4.763005981256187,4.441625931889838,5.236238568373301,4.999622274814744
2025-12-13 05:00:00,5.693225,-9.3575,4.656624479416337,4.535561761979885,4.879163681784967,4.767894080600652
2025-12-13 06:00:00,3.2854249999999996,-10.148333333333333,4.215020934875407,4.649870643575954,4.2123273007870985,4.213674117831253
2025-12-13 07:00:00,4.459016666666667,-10.911666666666667,4.321588191243024,4.804013014521,4.8103935539455485,4.565990872594286
2025-12-13 08:00:00,3.5322333333333336,-9.272499999999999,4.603933828179765,4.487448093708652,5.076614589278509,4.840274208729137
2025-12-13 09:00:00,4.286833333333332,-6.398333333333333,4.075679580686283,3.9340731175106596,4.526041471575196,4.300860526130739
2025-12-13 10:00:00,3.545633333333333,-4.7225,4.010714120844266,3.5915499976553367,3.4058942829209857,3.708304201882626
2025-12-13 11:00:00,2.3878333333333335,-4.153333333333333,3.8069669756232116,3.4598513609984844,3.491872247743333,3.649419611683272
2025-12-13 12:00:00,4.403975,-4.026666666666666,3.682093406355089,3.426013781737425,3.5557188786650538,3.6189061425100713
2025-12-13 13:00:00,3.0809333333333337,-3.6441666666666666,4.076661418760899,3.353685831394145,3.6108595637136025,3.843760491237251
2025-12-13 14:00:00,3.6935,-3.6475000000000004,3.9959612597619207,3.3483950297520497,4.17828138421825,4.087121321990086
2025-12-13 15:00:00,3.9102083333333333,-4.579166666666667,4.302145279602738,3.516050058083661,4.450116491343842,4.376130885473289
2025-12-13 16:00:00,4.6034999999999995,-7.1066666666666665,4.456509073932313,4.026189497991138,4.636788465724035,4.546648769828174
2025-12-13 17:00:00,3.5174666666666665,-8.116666666666667,4.513851052847418,4.232655135755963,4.428540645941431,4.471195849394425
2025-12-13 18:00:00,4.107541666666666,-8.11,4.6368139965796775,4.231292326265766,4.77287754993854,4.704845773259109
2025-12-13 19:00:00,4.725433333333333,-9.740833333333333,5.1035717234046345,4.564669597805175,4.881302614563668,4.992437168984152
2025-12-13 20:00:00,4.124083333333332,-11.213333333333333,4.771344854971017,4.865680143952408,4.778320593209104,4.774832724090061
2025-12-13 21:00:00,3.4414166666666666,-12.135833333333336,4.706364751737049,5.054258907158401,4.663976209492619,4.685170480614834
2025-12-13 22:00:00,4.54285,-12.64,4.936235864211099,5.157321374854538,4.979967393835759,4.958101629023429
2025-12-13 23:00:00,3.869641666666667,-13.463333333333333,5.233005941105062,5.325628346893851,4.939548802933508,5.0862773720192855
2025-12-14 00:00:00,4.1637749999999984,-13.25,5.361466289443228,5.282018443207551,5.587075814727127,5.474271052085177
2025-12-14 01:00:00,5.157183333333333,-13.347499999999998,4.459705552792541,5.3019495320016805,4.9484375365159,4.704071544654221
2025-12-14 02:00:00,4.445624999999999,-12.921666666666667,4.788884528636346,5.214900075815356,4.901593739955262,4.845239134295804
2025-12-14 03:00:00,3.08995,-12.976666666666667,4.6510049828751185,5.22614325410948,4.828072680573684,4.739538831724401
2025-12-14 04:00:00,4.301875,-14.286666666666667,4.8267183457100105,5.493935318933165,5.178761644014093,5.002739994862052
2025-12-14 05:00:00,5.420725,-15.509166666666665,5.683251928321388,5.743840509198014,5.806324559813221,5.744788244067305
2025-12-14 06:00:00,4.562783333333334,-15.449166666666665,5.659423154928564,5.731575223786242,5.619255823220866,5.639339489074715
2025-12-14 07:00:00,5.349550000000001,-15.1075,4.673921294993287,5.661731237413654,5.3010392410978815,4.987480268045584
2025-12-14 08:00:00,6.372783333333333,-14.375,5.508933932968192,5.511992544678273,5.7054818649467975,5.607207898957495
2025-12-14 09:00:00,4.64815,-11.834166666666667,5.35823035206595,4.9939853875392455,5.362965890456281,5.360598121261116
2025-12-14 10:00:00,4.532941666666666,-7.276666666666666,4.500980084972894,4.063827796091609,4.864962619004502,4.682971351988698
2025-12-14 11:00:00,4.371458333333333,-3.540833333333333,3.9195866399660986,3.3443586762738424,3.0715902079592956,3.495588423962697
2025-12-14 12:00:00,3.63805,-2.955,3.813434073163069,3.2165980690888585,2.9891974746667134,3.401315773914891
2025-12-14 13:00:00,3.4857416666666667,-3.2583333333333333,4.193676332768134,3.290203309499769,4.390030613558549,4.291853473163341
2025-12-14 14:00:00,2.58035,-3.5641666666666665,3.6559848471323253,3.3516145233132475,3.5382931713306114,3.5971390092314683
2025-12-14 15:00:00,4.0399416666666665,-4.76,3.933041322171473,3.5825121675849103,4.272933758018198,4.102987540094835
2025-12-14 16:00:00,4.6302666666666665,-6.8425,3.974399879349191,4.005621913904929,4.096603995373528,4.035501937361359
2025-12-14 17:00:00,5.568641666666666,-8.6075,5.1142960440862035,4.35148316843498,5.140952784391947,5.127624414239076
2025-12-14 18:00:00,4.986141666666666,-9.795,4.945739313743023,4.623555002361399,5.247700887665953,5.096720100704488
2025-12-14 19:00:00,4.590775,-10.314166666666667,4.729030868750273,4.771593522535088,4.932471638927756,4.830751253839015
2025-12-14 20:00:00,6.3382000000000005,-9.99,5.0102610708677355,4.770118897451711,5.2580953944163245,5.13417823264203
2025-12-14 21:00:00,5.500291666666667,-10.098333333333334,5.024105142377974,4.795818494726349,4.594574492237283,4.809339817307628
2025-12-14 22:00:00,5.6925,-10.656666666666666,5.207507605251814,4.893039047860988,5.476596850040807,5.3420522276463105
2025-12-14 23:00:00,5.547741666666666,-10.689166666666665,5.074151587871525,4.866905790831067,5.037170209100181,5.055660898485853
2025-12-15 00:00:00,4.854958333333332,-10.699166666666668,5.1622521098120755,4.901973328431994,5.368157629906828,5.265204869859452
2025-12-15 01:00:00,6.073708333333333,-10.990833333333333,4.939081624298372,4.911925209741066,5.2443524615563195,5.091717042927346
2025-12-15 02:00:00,4.5168333333333335,-11.963333333333333,5.095175367424565,5.149469192485568,5.129153531047673,5.1121644492361185
2025-12-15 03:00:00,5.904491666666666,-12.333333333333334,5.002396657797417,5.2000304879734704,5.552848316224425,5.277622487010921
2025-12-15 04:00:00,6.196066666666667,-11.795833333333334,5.279156019290209,5.115737902776092,5.259732410642243,5.269444214966226
2025-12-15 05:00:00,4.290191666666667,-12.119166666666667,5.112946522294954,5.1879812687454585,4.835834975465626,4.97439074888029
2025-12-15 06:00:00,5.515625,-12.708333333333334,4.965488015633218,5.309492196468058,5.239677357667986,5.102582686650602
2025-12-15 07:00:00,5.866616666666666,-13.213333333333333,5.338197116526606,5.4316810714214405,5.250589798660062,5.294393457593334
2025-12-15 08:00:00,6.436966666666666,-11.846666666666666,5.354709913912739,5.164208658227235,5.496483614008906,5.425596763960822
2025-12-15 09:00:00,6.5259833333333335,-10.018333333333333,5.318657978381739,4.808048890274996,5.435857409716265,5.377257694049002
2025-12-15 10:00:00,5.638066666666667,-7.644166666666667,4.620336232744678,4.315540757659313,4.195876301177367,4.408106266961022
2025-12-15 11:00:00,3.9095416666666667,-6.754166666666666,3.9880300274717166,4.164734420933039,3.612620560708235,3.800325294089976
2025-12-15 12:00:00,5.024208333333333,-6.359166666666667,3.6560741985316345,4.039641231193127,3.5706557710416056,3.61336498478662
2025-12-15 13:00:00,5.452949999999999,-7.435833333333334,4.597906416696951,4.296605757724111,4.809851426924387,4.703878921810668
2025-12-15 14:00:00,5.081908333333333,-7.8808333333333325,4.728434814159097,4.382864854721503,4.81014912529679,4.769291969727943
2025-12-15 15:00:00,6.570558333333334,-9.014166666666666,5.000237160564833,4.660016377222161,5.398992570840747,5.19961486570279
2025-12-15 16:00:00,5.497283333333334,-9.57,5.316578372139927,4.7954517890522235,5.399844708664473,5.3582115404022
2025-12-15 17:00:00,7.1440166666666665,-9.906666666666666,5.371809611635627,4.738572780396405,5.68378676046468,5.527798186050154
2025-12-15 18:00:00,6.583666666666667,-10.661666666666667,5.529645980613687,4.798085734309708,6.220641551850829,5.875143766232258
2025-12-15 19:00:00,4.070508333333334,-10.545833333333333,4.972027885544917,4.8004848211048206,5.10975673869788,5.040892312121398
2025-12-15 20:00:00,4.055166666666667,-10.499166666666666,3.5333472642171833,4.915488737734552,3.2936245416537306,3.4134859029354567
2025-12-15 21:00:00,4.568108333333333,-10.439166666666667,4.351851288219779,4.887654296733307,4.202035555993248,4.2769434221065135
2025-12-15 22:00:00,5.313899999999999,-10.5125,5.151162671114372,4.820569274710198,5.4362360049798175,5.2936993380470945
2025-12-15 23:00:00,5.9345583333333325,-11.079166666666667,5.452438263640415,4.9458683701897295,5.747557119787749,5.599997691714082
2025-12-16 00:00:00,4.652733333333334,-12.199166666666668,5.448173207928455,5.118590523805617,5.523500327671285,5.48583676779987
2025-12-16 01:00:00,4.445491666666666,-11.971666666666666,5.4358148097795445,5.121751848905983,5.94253859831494,5.689176704047242
2025-12-16 02:00:00,6.320058333333333,-13.737499999999999,5.563703924252836,5.38818537527824,5.645845627742634,5.604774775997735
2025-12-16 03:00:00,6.681291666666667,-15.115833333333333,5.853050463462179,5.664115932030107,5.241912148406665,5.547481305934422
2025-12-16 04:00:00,4.8497916666666665,-16.183333333333334,5.588624917757094,5.8816546188941725,5.4677104547867925,5.528167686271943
2025-12-16 05:00:00,5.607924999999999,-16.62916666666667,5.7918405557534,6.026087889540146,6.260242986040586,6.0260417708969936
2025-12-16 06:00:00,6.90275,-12.865833333333335,6.054438101073746,5.347286911370257,6.495635419367757,6.275036760220751
2025-12-16 07:00:00,4.775883333333333,-12.699166666666665,5.88602642540857,5.175755883429921,5.977315124627084,5.931670775017826
2025-12-16 08:00:00,4.963533333333334,-11.235833333333334,4.9817027510316665,4.871639600495134,5.636054978007204,5.308878864519436
2025-12-16 09:00:00,5.371758333333332,-9.786666666666667,4.861348087743686,4.574038913050279,5.094943845559142,4.978145966651414
2025-12-16 10:00:00,3.4931666666666668,-4.956666666666666,4.375517991237515,3.6239562750143617,3.6320018432935663,4.0037599172655405
2025-12-16 11:00:00,3.2124166666666665,-2.750833333333333,3.465982251750759,3.2002080056488214,3.0639866025052522,3.2649844271280055
2025-12-16 12:00:00,3.3206833333333337,-1.665,3.218730536462048,2.9745365562153037,2.5394981932649006,2.879114364863474
2025-12-16 13:00:00,3.8495749999999993,-2.1158333333333332,3.908705494453074,3.04362951943066,3.484186627242053,3.6964460608475633
2025-12-16 14:00:00,3.398325,-2.3049999999999997,4.022180055142139,3.063326526376039,3.7265423955815415,3.8743612253618407
2025-12-16 15:00:00,4.930991666666667,-2.440833333333333,4.076503245105342,3.084399504366544,3.9206030996375945,3.9985531723714685
2025-12-16 16:00:00,4.867908333333333,-2.9075,4.045738720140332,3.189936727167376,3.4034607490901423,3.7245997346152375
2025-12-16 17:00:00,3.6040083333333333,-4.9125000000000005,4.029436071778571,3.5866938014954535,3.586030722079386,3.8077333969289784
2025-12-16 18:00:00,3.5484750000000003,-7.225833333333334,3.544866580063593,4.050549717628407,3.9158210473063386,3.730343813684966
2025-12-16 19:00:00,4.736383333333333,-8.505,4.423681582097289,4.312038788559931,4.546239852631304,4.484960717364297
2025-12-16 20:00:00,4.529258333333333,-8.259166666666667,4.305496160013023,4.261785188608921,4.44685485226462,4.3761755061388214
2025-12-16 21:00:00,3.5178499999999997,-7.875,3.9951532837392554,4.183253291736326,3.836347766830223,3.9157505252847393
2025-12-16 22:00:00,3.3512249999999995,-7.205000000000001,3.751205783241858,4.077730310557323,3.712353345550448,3.7317795643961533
2025-12-16 23:00:00,6.362733333333332,-4.46,4.50421997149638,3.5365273099999843,4.619844169287314,4.562032070391847
2025-12-17 00:00:00,4.578316666666666,-4.351666666666667,4.74759860993267,3.4951494165364334,4.103581568383926,4.425590089158298
2025-12-17 01:00:00,4.5157,-4.411666666666666,4.3110282301420435,3.5147154134591676,4.575251160044039,4.443139695093041
2025-12-17 02:00:00,4.975733333333333,-4.656666666666666,4.235207090883931,3.572853280081895,4.496900808222818,4.366053949553375
2025-12-17 03:00:00,3.9064749999999995,-4.848333333333334,3.919072339320061,3.590327521245544,3.371571140298334,3.6453217398091975
2025-12-17 04:00:00,5.218841666666666,-4.931666666666666,3.9553895971549475,3.6002755719666704,4.55591554725682,4.255652572205884
2025-12-17 05:00:00,4.864258333333334,-3.8699999999999997,3.743806483086882,3.413336549372747,3.4618498389843033,3.6028281610355926
2025-12-17 06:00:00,3.0019333333333336,-3.6058333333333334,3.54742954653845,3.384276328350548,2.739027247169995,3.1432283968542225
2025-12-17 07:00:00,4.131308333333333,-3.3524999999999996,3.3668191695025413,3.326992060726621,3.560134827268114,3.4634769983853277
2025-12-17 08:00:00,4.0527750000000005,-2.635,3.2317556147908215,3.186938861363419,2.8023425317396615,3.0170490732652415
2025-12-18 13:55:00,2.352125,2.533333333333333,2.2756075070449624,2.116780484252399,2.37244964801344,2.324028577529201
2025-12-18 14:55:00,2.532475,0.44083333333333324,2.4169669028065406,2.4990252569131433,2.861579082418001,2.6392729926122707
2025-12-18 15:55:00,2.6248666666666667,-2.7875,2.6312958531003954,3.14423980671598,2.8136770645731097,2.7224864588367526
2025-12-18 16:55:00,3.224191666666666,-2.5933333333333333,2.976398316562085,3.1165777001906414,3.292717669284877,3.1345579929234813
2025-12-18 17:55:00,2.331975,0.9083333333333332,2.8064915162039323,2.440811642360782,2.5271640473564196,2.666827781780176
2025-12-18 18:55:00,1.4520666666666668,1.7958333333333334,2.496645179263255,2.269672509228506,2.6594450598060533,2.578045119534654
2025-12-18 19:55:00,2.908091666666667,2.5649999999999995,2.1971203583854457,2.148226793776879,2.2067307370349254,2.201925547710186
2025-12-18 20:55:00,2.454683333333333,2.8049999999999997,2.31295893696881,2.116422853803712,1.7154970809648775,2.014228008966844
2025-12-18 21:55:00,4.097166666666666,3.060833333333333,2.6281906645229243,2.060092524012085,2.558688720489211,2.5934396925060677
2025-12-18 22:55:00,2.963933333333333,3.0558333333333336,3.246039628692137,2.0136428489085088,3.146553717668665,3.196296673180401
2025-12-18 23:55:00,2.651683333333333,2.81,2.939139367554887,2.035981894221545,2.91856729583213,2.9288533316935084
2025-12-19 00:55:00,4.518891666666667,2.5566666666666666,2.964364104725708,2.075553554362003,3.39557903343551,3.179971569080609
2025-12-19 01:55:00,3.397641666666667,3.0275,2.8774513624879283,1.9818932641985323,2.5489464232374663,2.7131988928626973
2025-12-19 02:55:00,3.083566666666667,2.9491666666666667,2.773612330378863,1.9747674408821512,2.7833672184440577,2.7784897744114603
2025-12-19 03:55:00,3.029108333333333,2.0691666666666664,2.6526550571609873,2.150452585921424,2.34337924964861,2.4980171534047986
2025-12-19 04:55:00,3.2196249999999997,2.268333333333333,2.408512905425419,2.111570281292045,2.389771339499161,2.39914212246229
2025-12-19 05:55:00,2.0116833333333335,4.0675,2.453166453352787,1.7426172228145396,2.4199116267337213,2.436539040043254
2025-12-19 06:55:00,3.0648583333333335,4.653333333333333,2.471971756166884,1.622193557283863,2.7307619420144236,2.601366849090654
2025-12-19 07:55:00,2.1734416666666667,5.574166666666667,1.9716300231347583,1.4437329805716521,1.9186184066424288,1.9451242148885934
2025-12-19 08:55:00,2.1248416666666663,7.5183333333333335,1.8121727436829305,1.0600228813874462,2.38199551306959,2.09708412837626
2025-12-19 09:55:00,3.0218333333333334,8.8925,1.8289516564179187,0.8153228497875452,2.5115933872128795,2.170272521815399
2025-12-19 10:55:00,2.159625,9.736666666666666,1.9005273105383567,0.6510138632466342,2.246769136823037,2.0736482236806966
2025-12-19 11:55:00,1.936,9.929166666666665,1.4324176589534048,0.610939274514467,2.358612310499631,1.8955149847265178
2025-12-19 12:55:00,2.171358333333333,10.560833333333333,1.1591154254052798,0.4778965377911287,2.2963755870993765,1.7277455062523281
2025-12-19 13:55:00,1.652825,11.296666666666667,1.4115517464258094,0.341214748436008,2.4420934114706228,1.926822578948216
2025-12-20 18:05:00,2.6451499999999997,-4.149166666666667,2.884455503413123,3.4655136105257425,2.82963255199841,2.8570440277057667
2025-12-20 19:05:00,1.795425,-4.055,3.030928831093622,3.4851557004553193,2.96614348712539,2.998536159109506
2025-12-20 20:05:00,2.6847,-3.8983333333333334,3.083209331871396,3.4643091796923167,3.299628079801851,3.1914187058366235
2025-12-20 21:05:00,6.560466666666667,-3.2866666666666666,3.667943727801468,3.382666190812576,3.9063144262927088,3.7871290770470885
2025-12-20 22:05:00,4.416458333333333,-2.4175000000000004,4.693007397611948,3.2829521999314855,4.472375415320994,4.582691406466472
2025-12-20 23:05:00,3.862325,-2.2500000000000004,3.881575956482,3.2269141888833186,3.4338018989101506,3.6576889276960753
2025-12-21 00:05:00,4.520766666666666,-2.1999999999999997,4.222944719252613,3.172050725332703,4.113993444156227,4.16846908170442
2025-12-21 01:05:00,4.469691666666667,-2.225833333333333,4.045683772025166,3.11659921458219,3.9243755148356696,3.9850296434304178
2025-12-21 02:05:00,3.2110749999999992,-2.185833333333333,3.7407771558835896,3.126092475114187,3.472302971584976,3.6065400637342826
2025-12-21 03:05:00,4.24745,-2.6833333333333336,3.785713415252592,3.20864357365004,3.7195192341849905,3.752616324718791
2025-12-21 04:05:00,4.134058333333333,-2.588333333333333,3.540836318656901,3.152345715944814,3.4768999215047445,3.5088681200808227
2025-12-21 05:05:00,2.725825,-2.203333333333333,3.581429859986334,3.0824312824042406,3.470823352034982,3.526126606010658
2025-12-21 06:05:00,3.645266666666667,-1.685833333333333,3.5877889880423646,2.9818819579949767,3.5748452832943514,3.5813171356683577
2025-12-21 07:05:00,3.5681249999999998,-2.0599999999999996,3.3924100186906943,3.0304399312576322,3.3697301014567596,3.3810700600737267
2025-12-21 08:05:00,2.7329166666666667,-1.4641666666666666,3.3795879471246737,2.9504264881224613,3.4811193125532616,3.430353629838968
2025-12-21 09:05:00,2.534116666666667,0.24,2.839802144402353,2.64102478901919,3.271210975081265,3.0555065597418087
2025-12-21 10:05:00,2.357725,1.2783333333333333,2.610618058807205,2.4455652962818837,2.757974521738865,2.6842962902730347
2025-12-21 11:05:00,2.2941166666666666,1.7550000000000006,2.1962321274483605,2.382925379311637,2.407434665611691,2.301833396530026
2025-12-21 12:05:00,1.5015499999999997,0.7225,2.7250920601400415,2.632130936866381,3.021435811490217,2.873263935815129
2025-12-21 13:05:00,0.0,0.21833333333333338,2.4752466818001952,2.84660799993165,2.8809973123120565,2.6781219970561256
2025-12-21 14:05:00,0.0,-0.36166666666666675,2.1881049935863777,2.965289461365691,2.654525248508525,2.421315121047451
2025-12-21 15:05:00,0.0,-1.1941666666666666,2.3317501359749793,3.059133089499198,2.7390317918666995,2.5353909639208396
2025-12-21 16:05:00,0.0,-2.1525000000000003,2.4365498124640537,3.2701050157028693,2.847084490740555,2.6418171516023046
2025-12-21 17:05:00,0.0,-2.750833333333334,2.5123245814337487,3.451580826953919,2.996666622484462,2.754495601959105
2025-12-21 18:05:00,0.0,-3.356666666666667,2.603300530047986,3.6263721054627696,2.9590866504348132,2.7811935902414
2025-12-21 19:05:00,0.0,-3.8516666666666666,2.6831243208498208,3.6882730206878835,3.1643973899165965,2.9237608553832084
2025-12-21 20:05:00,0.0,-4.365000000000001,2.763691615496862,3.709661382038991,3.157714133643048,2.960702874569955
2025-12-21 21:05:00,0.0,-5.110833333333333,2.854372612726558,3.9796328149627156,3.6330370040383424,3.24370480838245
2025-12-21 22:05:00,0.0,-6.1933333333333325,2.9598348216167913,4.084951296725133,3.985891389851209,3.4728631057340005
2025-12-21 23:05:00,0.0,-7.490833333333334,3.0772155081857058,4.520807201483409,4.5761613582535245,3.826688433219615
2025-12-22 00:05:00,0.0,-8.495833333333334,3.1903694422585813,4.678882536812494,4.597121306596857,3.893745374427719
2025-12-22 01:05:00,0.0,-9.064166666666667,3.288311687976554,4.744003823778516,4.6523325395040365,3.9703221137402953
2025-12-22 02:05:00,0.0,-9.215833333333334,3.367491833920779,4.79347258569498,4.639654481728996,4.003573157824888
2025-12-22 03:05:00,0.0,-9.278333333333334,3.4374457302978776,4.815515952941755,4.61369991087763,4.025572820587754
2025-12-22 04:05:00,0.0,-9.522499999999999,3.5065849336635155,4.838717924371854,4.595167704759662,4.050876319211589
2025-12-22 05:05:00,0.0,-10.0375,3.577000775262708,4.976706147162486,4.606263720674722,4.091632247968715
2025-12-22 06:05:00,0.0,-10.634166666666667,3.640247702036244,5.119454819528446,4.6857275210913105,4.162987611563777
2025-12-22 07:05:00,0.0,-11.351666666666667,3.6543656733628023,5.219673342131894,4.672630513506482,4.163498093434642
2025-12-22 08:05:00,0.0,-10.5825,3.514115752961117,5.049899830468591,4.387788753962274,3.9509522534616957
2025-12-22 09:05:00,0.0,-9.977500000000001,3.406967295817874,4.945452680133012,4.287773953492005,3.8473706246549395
2025-12-22 10:05:00,0.0,-8.4625,2.96389943875902,4.631411627352683,3.935932062795326,3.4499157507771727
2025-12-22 11:05:00,0.0,-8.106666666666667,2.836975821108215,4.555470028791095,3.7759743218875355,3.306475071497875
2025-12-22 12:05:00,3.0351583333333334,-7.940833333333334,2.8805908529901343,4.570777210834098,3.8090189486827346,3.3448049008364347
2025-12-22 13:05:00,6.049266666666665,-8.403333333333334,7.603256490859987,4.64835880506896,5.160092582120034,6.38167453649001
2025-12-22 14:05:00,6.2186916666666665,-8.619166666666667,7.295379320166818,4.601621785551952,5.871450371905484,6.583414846036151
2025-12-22 15:05:00,6.175891666666668,-9.5325,7.131256053093597,4.655909486710216,6.027850410430697,6.579553231762147
2025-12-22 16:05:00,5.413275,-10.518333333333333,5.572078601359971,4.952129884398359,5.994388289589018,5.783233445474495
2025-12-22 17:05:00,4.247058333333333,-10.785833333333334,5.584678675823305,4.969004361887424,5.570152207991151,5.5774154419072275
2025-12-22 18:05:00,4.1983999999999995,-10.758333333333333,5.959265873603556,4.894109158368918,5.4429326209247835,5.701099247264169
2025-12-22 19:05:00,6.3072833333333325,-10.645000000000001,6.496822450208734,4.821739497479686,5.372287614243736,5.9345550322262355
2025-12-22 20:05:00,6.038683333333333,-10.852500000000001,8.454616824525583,4.865991911971743,5.9541861300219106,7.204401477273747
2025-12-22 21:05:00,8.887575,-10.319166666666666,7.5663606442603015,4.788319547330369,6.230923744231448,6.898642194245875
2025-12-22 22:05:00,6.1751,-9.990833333333333,6.803891668862001,4.6717527285620255,6.743460132225306,6.773675900543653
2025-12-22 23:05:00,7.189866666666666,-10.055,6.091926608265152,4.672056007527393,6.2625162096009825,6.177221408933067
2025-12-23 00:05:00,7.497191666666667,-10.755,5.558064658104189,4.815916826120571,5.9748560577306495,5.766460357917419
2025-12-23 01:05:00,6.394291666666665,-12.729166666666666,5.418182165133752,5.222793106078454,5.836629074325478,5.627405619729615
2025-12-23 02:05:00,6.915333333333333,-13.545833333333329,4.928427028478961,5.389476208821219,4.690383950047284,4.809405489263122
2025-12-23 03:05:00,5.616591666666667,-14.690000000000003,4.944455558057549,5.630158188980529,4.956741782174246,4.950598670115898
2025-12-23 04:05:00,5.3237,-15.560000000000002,5.539774953388355,5.80904187313538,5.006330271519049,5.273052612453702
2025-12-23 05:05:00,5.557908333333333,-15.921666666666669,5.46635236349403,5.889198360690639,5.903010189784668,5.684681276639349
2025-12-23 06:05:00,4.112075,-16.3,5.0679152792207205,5.958387569961633,4.761947482215259,4.91493138071799
2025-12-23 07:05:00,3.405783333333333,-15.600833333333334,4.144144955125444,5.811810469119758,4.388641320693441,4.266393137909443
2025-12-23 08:05:00,5.532825000000001,-13.259166666666667,4.36681233125349,5.356997117344656,4.494523120674479,4.430667725963985
2025-12-23 09:05:00,5.675883333333332,-10.772499999999999,4.486316463879326,4.92125263429067,5.2378699837969585,4.8620932238381425
2025-12-23 10:05:00,4.140541666666667,-9.041666666666666,4.4229223391097525,4.6506546335993955,4.4601902537166795,4.441556296413216
2025-12-23 11:05:00,4.674099999999999,-8.115,4.239793972869242,4.47346196386687,4.310510405681162,4.275152189275202
2025-12-23 12:05:00,3.8981749999999997,-7.615833333333334,4.10625238168805,4.297696905332015,4.436988015555877,4.271620198621964
2025-12-23 13:05:00,3.8697749999999993,-7.555833333333333,3.977096741239154,4.305377544601212,4.307949145811704,4.142522943525429
2025-12-23 14:05:00,3.5295416666666664,-7.028333333333333,4.627966136542926,4.1045014839436895,4.784577304476852,4.706271720509889
2025-12-23 15:05:00,5.322175,-7.291666666666667,4.632967304825113,4.185898067144578,4.754604985949903,4.693786145387508
2025-12-23 16:05:00,4.170108333333333,-7.480833333333333,4.874566884492892,4.211943687314873,5.089198178985365,4.981882531739128
2025-12-23 17:05:00,3.057008333333333,-7.485833333333333,3.2867117385803972,4.189941281447152,3.2109166996128993,3.2488142190966482
2025-12-23 18:05:00,2.217925,-7.648333333333333,3.2144101737494233,4.230743215665586,2.8744394296403737,3.0444248016948983
2025-12-23 19:05:00,5.218358333333334,-8.036666666666667,4.329971730699424,4.389190125445335,4.465173465912208,4.397572598305816
2025-12-23 20:05:00,3.3437833333333336,-8.213333333333333,3.9767667920388114,4.436573739209874,3.564908824494895,3.770837808266853
2025-12-23 21:05:00,4.626608333333333,-8.338333333333333,4.69761418410717,4.4012786293067325,4.823307644104627,4.760460914105899
2025-12-23 22:05:00,4.918824999999999,-8.991666666666667,5.250222996949681,4.617345006652849,5.3299296152751285,5.290076306112405
2025-12-23 23:05:00,4.364533333333333,-9.653333333333334,4.817329904404137,4.762004830112263,5.0717408915786875,4.944535397991412
2025-12-24 00:05:00,6.7738749999999985,-9.926666666666668,5.322256688288467,4.826485328122992,5.468984557420787,5.3956206228546275
2025-12-24 01:05:00,4.484341666666666,-10.36,4.623445813138051,5.03617130591708,4.614399361560017,4.618922587349035
2025-12-24 02:05:00,4.189391666666667,-10.775,4.874740848438497,5.091612962963284,5.1535989979957915,5.014169923217144
2025-12-24 03:05:00,5.436633333333334,-10.921666666666667,5.113855041959867,5.0525788018587345,5.430689850693258,5.2722724463265624
2025-12-24 04:05:00,5.116241666666666,-11.184166666666668,5.044499300687233,5.149290427877401,5.030556971360326,5.03752813602378
2025-12-24 05:05:00,5.023941666666666,-11.265,5.034101932767591,5.097534007127314,4.975558169691847,5.004830051229719
2025-12-24 06:05:00,5.008541666666667,-11.28,4.895645626509668,5.161905432255402,5.222279424811661,5.0589625256606645
2025-12-24 07:05:00,4.303308333333333,-11.292499999999999,5.002830945824007,5.093162415254554,5.326495473508399,5.1646632096662035
2025-12-24 08:05:00,6.199525,-11.056666666666667,5.241812166703693,5.033633847038024,5.540965738460299,5.3913889525819965
2025-12-24 09:05:00,4.7036999999999995,-10.486666666666666,4.994312339789758,4.851124403232297,4.975369023213863,4.984840681501811
2025-12-24 10:05:00,3.7113666666666667,-9.9725,4.322541227797436,4.777269766968523,4.670509271499948,4.496525249648692
2025-12-24 11:05:00,4.447608333333333,-9.051666666666668,4.41724355976628,4.662834190827444,4.706199406185955,4.561721482976117
2025-12-24 12:05:00,3.6822916666666665,-8.138333333333334,4.068982402713057,4.427571344878297,3.884746405104406,3.9768644039087313
2025-12-24 13:05:00,4.402941666666667,-7.5874999999999995,4.766702131532915,4.2010071114079635,4.755761229830962,4.761231680681938
2025-12-24 14:05:00,5.685708333333333,-7.705000000000001,4.71718725178545,4.215172703059085,4.744217093458772,4.730702172622111
2025-12-24 15:05:00,3.5891166666666665,-8.476666666666667,4.107256957237431,4.34870486779755,3.7800131213374897,3.9436350392874604
2025-12-24 16:05:00,5.2856749999999995,-10.111666666666666,4.507778904621793,4.68370188331827,4.673373216578046,4.590576060599919
2025-12-24 17:05:00,4.945366666666666,-11.703333333333333,4.681199774312491,5.010813982738467,4.7921245577617775,4.736662166037134
2025-12-24 18:05:00,4.735483333333333,-13.023333333333332,4.822774916038166,5.284417432346082,4.538330190418732,4.680552553228448
2025-12-24 19:05:00,3.3337916666666665,-14.592500000000001,4.601097050422649,5.604582385193874,4.713109192608151,4.6571031215154
2025-12-24 20:05:00,2.7336083333333336,-15.897499999999999,4.781652724461314,5.87278005414258,4.847110266561762,4.8143814955115385
2025-12-24 21:05:00,3.680233333333333,-15.850833333333332,5.360729302093374,5.864452692150137,5.283299214276911,5.322014258185143
2025-12-24 22:05:00,5.541108333333334,-14.84666666666667,5.453740072483537,5.663530063244337,5.386346973945165,5.420043523214352
2025-12-24 23:05:00,5.7283583333333326,-14.041666666666666,5.719255891326715,5.491377621991386,6.0823730114806445,5.900814451403679
2025-12-25 00:05:00,6.1478,-13.286666666666667,6.039837096500041,5.342583647493375,6.039108122182252,6.039472609341146
2025-12-25 01:05:00,6.318125,-12.541666666666666,5.69347084903017,5.18679887587629,5.7897595828137955,5.741615215921983
2025-12-25 02:05:00,3.6821166666666674,-10.976666666666667,5.262188317545389,4.875549290217952,5.313423190982535,5.287805754263962
2025-12-25 03:05:00,6.4045749999999995,-9.5375,5.242602984946286,4.623447385405744,5.1668771419352835,5.204740063440784
2025-12-25 04:05:00,5.418691666666667,-9.289166666666667,5.185412682765388,4.581412530874496,4.7949251926531264,4.990168937709257
2025-12-25 05:05:00,4.685275,-9.275,4.9134958442135455,4.546402329279886,4.2943009340626555,4.6038983891381005
2025-12-25 06:05:00,3.755183333333333,-9.225,4.780694554359423,4.517220635993627,4.136271643976223,4.4584830991678235
2025-12-25 07:05:00,6.2103166666666665,-9.324166666666667,4.991082193021315,4.521858462400948,4.851062967527209,4.921072580274262
2025-12-25 08:05:00,4.552791666666667,-9.290833333333333,4.84092993275415,4.515007947229844,4.625762273326347,4.733346103040249
2025-12-25 09:05:00,3.859683333333333,-8.805,4.153560847946836,4.4151616886110086,4.2697801862753835,4.211670517111109
2025-12-25 10:05:00,4.826025,-7.9816666666666665,4.485584049931904,4.245953963884749,4.655584381333418,4.570584215632661
2025-12-25 11:05:00,3.0931083333333333,-6.403333333333333,4.085151553243163,3.921582070532993,3.7670866098658804,3.9261190815545217
2025-12-25 12:05:00,3.5921833333333337,-6.283333333333334,4.602571680840127,3.89692021591702,4.532892330826792,4.567732005833459
2025-12-25 13:05:00,5.205266666666667,-5.574166666666667,4.6180030791194,3.7511755056517906,4.5982034925574515,4.608103285838426
2025-12-25 14:05:00,3.916366666666667,-5.3625,4.454663861384265,3.709644751222597,3.835069860752781,4.1448668610685235
2025-12-25 15:05:00,3.9982749999999987,-6.389166666666667,4.380428089560411,3.989940769506229,4.313443733572844,4.346935911566627
2025-12-25 16:05:00,4.813783333333333,-7.730833333333333,4.685281597120492,4.3445179695072165,4.652564844879212,4.668923220999853
2025-12-25 17:05:00,5.472475000000001,-8.634166666666667,4.813103893709889,4.444108297720211,4.96956906651064,4.891336480110264
2025-12-25 18:05:00,4.7722500000000005,-9.319166666666666,4.4405154152071855,4.637083688299373,4.609232266126935,4.524873840667061
2025-12-25 19:05:00,4.773883333333334,-10.4625,4.447659632012319,4.887764854918035,4.030338203247184,4.238998917629751
2025-12-25 20:05:00,4.672733333333333,-11.9125,5.202402644092181,5.224915976003731,5.1217589339154195,5.1620807890038005
2025-12-25 21:05:00,6.154766666666666,-12.884166666666665,5.533785311449426,5.409277044437709,5.445788328408303,5.489786819928865
2025-12-25 22:05:00,6.258266666666667,-14.065000000000003,5.537942959499042,5.559353016618089,5.542737457876425,5.540340208687733
2025-12-25 23:05:00,4.326841666666666,-14.794166666666667,5.532231723379562,5.694351042185001,5.428365697425048,5.480298710402305
2025-12-26 00:05:00,5.96805,-14.698333333333332,5.744882082932335,5.758779552133832,5.616545224297892,5.680713653615113
2025-12-26 01:05:00,6.3675999999999995,-14.768333333333336,6.219047406029956,5.813653037163798,6.3732159187692705,6.296131662399613
2025-12-26 02:05:00,4.116633333333334,-15.24083333333333,5.602145236207448,5.865866383005477,5.62674812297335,5.614446679590399
2025-12-26 03:05:00,6.306125,-15.940000000000003,5.919479784233454,5.9512611729174765,5.750547356564508,5.835013570398981
2025-12-26 04:05:00,5.981283333333334,-16.473333333333333,6.058307230686517,6.058996971669513,5.837045188591986,5.947676209639251
2025-12-26 05:05:00,5.494941666666667,-16.5975,4.674542193819137,6.171588295970317,4.966661408534902,4.82060180117702
2025-12-26 06:05:00,4.211075,-17.689166666666665,5.119038033720715,6.263012449218332,5.173005434611987,5.146021734166351
2025-12-26 07:05:00,6.053333333333333,-18.39833333333333,5.7027426116744655,6.446535792225375,5.781746187775003,5.7422443997247345
2025-12-26 08:05:00,5.088374999999999,-16.435,6.026503179616777,6.009827561167185,6.215748874908189,6.121126027262483
2025-12-26 09:05:00,5.860066666666666,-14.254166666666663,5.222386316281039,5.657755448804369,5.481900771683921,5.35214354398248
2025-12-26 10:05:00,3.769883333333333,-13.175833333333335,4.6309436112975035,5.5921517783063575,4.841559762186656,4.736251686742079
2025-12-26 11:05:00,4.055133333333333,-12.667499999999999,4.327568432163685,5.469958628527853,4.524114257109086,4.425841344636385
2025-12-26 12:05:00,3.9632166666666664,-10.94,4.480029791214815,5.000255166455026,4.980129740175717,4.730079765695265
2025-12-26 13:05:00,3.8458750000000004,-11.780833333333334,5.341044115047843,5.140259042424574,5.436333938240391,5.388689026644117
2025-12-26 14:05:00,6.112933333333334,-12.35666666666667,5.740515858763394,5.151181421815494,5.277532497026264,5.509024177894829
2025-12-26 15:05:00,5.146366666666666,-13.29166666666667,5.100429675734359,5.374832064201517,5.087680775459015,5.094055225596687
2025-12-26 16:05:00,5.084208333333334,-15.403333333333336,4.9145525319458345,5.771221166730969,4.848652302982935,4.881602417464385
2025-12-26 17:05:00,4.550191666666666,-17.609166666666663,5.670783509346293,6.22455400817875,5.234317616083486,5.45255056271489
2025-12-26 18:05:00,6.1157916666666665,-19.09916666666667,5.926903781895684,6.5307720363270825,5.448032317455593,5.687468049675639
2025-12-26 19:05:00,5.4631,-20.505,5.836073668176188,6.827175479575649,5.723909531143741,5.779991599659965
2025-12-26 20:05:00,4.729141666666667,-20.88083333333333,6.2470347735155505,6.941519575101652,6.180774297304756,6.213904535410153
2025-12-26 21:05:00,5.687408333333334,-18.726666666666667,6.0573562977716024,6.4958879693719345,5.568285327014726,5.812820812393165
2025-12-26 22:05:00,7.832741666666668,-18.81333333333333,6.767003465243194,6.472028868734868,6.573915291431488,6.670459378337341
2025-12-27 00:05:00,5.733275,-19.685833333333335,6.406323303075725,6.615006154365301,6.11891309852049,6.262618200798107
2025-12-27 01:05:00,4.994716666666666,-19.860833333333332,6.780179137699245,6.6489555407973135,6.822073341717251,6.801126239708248
2025-12-27 02:05:00,7.196516666666666,-19.86916666666667,7.295248517721367,6.650655950136757,6.987132567940434,7.1411905428309
2025-12-27 03:05:00,7.982091666666668,-20.406666666666666,7.43586724634751,6.760332352530924,7.310121874974238,7.372994560660874
2025-12-27 04:05:00,6.102508333333334,-20.6575,6.849230611727529,6.811514673648199,6.4373228140037275,6.643276712865628
2025-12-27 05:05:00,5.3488083333333325,-20.453333333333333,6.896174877456864,6.7698546448318115,6.949493647675204,6.922834262566034
2025-12-27 06:05:00,7.466358333333333,-19.375,7.610347937067437,6.549821676307703,7.180499838123142,7.395423887595289
2025-12-27 07:05:00,7.311083333333333,-18.296666666666663,7.460117424037278,6.329788707783594,7.253799166577049,7.356958295307163
2025-12-27 08:05:00,4.586708333333332,-16.281666666666663,6.873508682890905,5.918629729505932,7.028066408475821,6.950787545683363
2025-12-27 09:05:00,7.015675,-14.049999999999999,6.404407477946953,5.502044248870296,6.729797931964801,6.567102704955877
2025-12-27 10:05:00,7.3442583333333324,-12.060833333333335,5.792553557133488,5.111207761648646,5.584954422640032,5.688753989886759
2025-12-27 11:05:00,5.471016666666666,-11.126666666666667,5.063301593744647,4.903061042802693,4.98967586791562,5.026488730830134
2025-12-27 12:05:00,4.575541666666666,-9.721666666666666,4.812040066611995,4.623420451289208,4.642002747526777,4.727021407069386
2025-12-27 13:05:00,5.810308333333334,-9.88,5.058522594384983,4.6252789182261385,5.101495512465463,5.080009053425223
2025-12-27 14:05:00,4.251766666666667,-10.134166666666667,4.999152089620244,4.69154164287257,4.332413324670995,4.6657827071456195
2025-12-27 15:05:00,4.672116666666666,-10.685,4.421940424994358,4.810051069013676,4.300423249482737,4.361181837238547
2025-12-27 16:05:00,4.128933333333333,-12.999166666666667,5.50514726340848,5.248838490698775,5.607843084435759,5.556495173922119
2025-12-27 17:05:00,4.264941666666666,-14.619999999999997,5.221914377331477,5.579568107220714,5.1466358390329034,5.18427510818219
2025-12-27 18:05:00,3.5187416666666667,-15.161666666666667,3.7988260999677887,5.690094714284602,4.438709662136484,4.118767881052136
2025-12-27 19:05:00,4.231158333333333,-16.776666666666667,4.942671637616061,6.019634044268932,4.49447543120956,4.71857353441281
2025-12-27 20:05:00,2.9401,-17.695000000000004,4.770945025250879,6.216074513733175,4.861700286767369,4.816322656009124
2025-12-27 21:05:00,2.8666000000000005,-18.389999999999997,4.853748806493952,6.348833292385372,4.860871813052502,4.8573103097732275
2025-12-27 22:05:00,5.278233333333333,-17.388333333333335,5.642310417851184,6.1444440897841535,5.667171302053897,5.654740859952541
2025-12-27 23:05:00,5.856741666666667,-15.410833333333334,6.243911428305985,5.74850850288692,7.004131898762178,6.624021663534082
2025-12-28 00:05:00,4.658641666666665,-14.5875,5.062874067609757,5.577370856831449,5.424300302149305,5.243587184879531
2025-12-28 01:05:00,5.776050000000001,-14.082499999999998,5.714230715373705,5.474190415895597,6.162870424460312,5.938550569917009
2025-12-28 02:05:00,6.760075,-14.537500000000001,5.946579130914504,5.562734054760215,6.0123437283092995,5.979461429611902
2025-12-28 03:05:00,4.5675,-14.139166666666666,6.116876918691937,5.501403106315256,5.851314931213066,5.984095924952502
2025-12-28 04:05:00,5.461716666666667,-13.723333333333334,5.762649822223629,5.425590790045056,5.9075774655121736,5.835113643867901
2025-12-28 05:05:00,6.268166666666667,-13.360833333333334,5.742685803396418,5.374589727558174,6.134339391994311,5.9385125976953645
2025-12-28 06:05:00,4.3636333333333335,-13.7825,5.501722398137239,5.421788852638629,5.400452896872424,5.451087647504831
2025-12-28 07:05:00,4.491175,-13.717499999999996,5.38433799994348,5.412152559434267,5.856968052861954,5.620653026402717
2025-12-28 08:05:00,5.838233333333333,-11.46,5.903912754841373,4.97615198364582,5.974310691122992,5.939111722982182
2025-12-28 09:05:00,4.991708333333333,-9.227500000000001,4.490763317709729,4.551936047541613,4.3439529273151445,4.417358122512437
2025-12-28 10:05:00,2.93595,-6.7366666666666655,4.331509553667776,4.051655971640978,4.455319635009392,4.393414594338584
2025-12-28 11:05:00,1.5305166666666667,-5.25,2.573816623750702,3.7303025659373312,2.9360353898408516,2.7549260067957766
2025-12-28 12:05:00,2.407725,-4.0125,2.646581499461732,3.503645184505126,2.656638500381397,2.6516099999215643
2025-12-28 13:05:00,2.1751750000000003,-4.406666666666667,3.607020141984216,3.565980593204801,3.54697083483586,3.576995488410038
2025-12-28 14:05:00,4.341141666666666,-4.703333333333333,4.077493891431214,3.609700899046793,4.205886503586599,4.141690197508906
2025-12-28 15:05:00,4.282791666666667,-5.5200000000000005,4.023231962973133,3.7227211085474035,3.689596800953087,3.85641438196311
2025-12-28 16:05:00,4.624633333333333,-6.625,4.55910260876438,3.953773003191262,5.109305984787267,4.834204296775823
2025-12-28 17:05:00,4.429233333333334,-7.523333333333333,5.278833966741173,4.13202750389309,5.244359835115505,5.261596900928339
2025-12-28 18:05:00,3.995508333333333,-7.755,3.956082110105473,4.178770893386398,3.563193744766478,3.7596379274359757
2025-12-28 19:05:00,4.496941666666666,-9.0275,4.031340130425211,4.438423399519562,3.7165495189836175,3.8739448247044144
2025-12-28 20:05:00,4.826675,-8.800833333333333,5.157251663518051,4.392172265486673,4.991999041858078,5.074625352688065
2025-12-28 21:05:00,4.978791666666666,-9.339166666666667,4.879544380408441,4.502018708814783,4.578382220096694,4.728963300252568
2025-12-28 22:05:00,4.359066666666667,-10.707500000000001,5.191174799647193,4.781225922351558,5.026828896254397,5.109001847950795
2025-12-28 23:05:00,5.989833333333333,-11.120833333333332,4.914443164435554,4.865566225588001,4.767152397889128,4.840797781162341
2025-12-29 00:05:00,4.546025,-11.185833333333335,5.024323348259599,4.878829418435668,4.9021023433706175,4.963212845815108
2025-12-29 01:05:00,3.352208333333334,-11.027500000000002,4.810893174126069,4.846521640986223,4.968356603170575,4.8896248886483225
2025-12-29 02:05:00,4.968675,-10.471666666666666,5.068302287233701,4.73310433804528,5.0289305765264265,5.048616431880063
2025-12-29 03:05:00,5.594683333333334,-9.768333333333333,5.358284211078094,4.589589789796171,5.546743093820482,5.452513652449288
2025-12-29 04:05:00,4.275341666666666,-9.0375,4.873001019203663,4.440463890726895,4.546457908242185,4.709729463722924
2025-12-29 05:05:00,3.6051416666666665,-8.39,4.518569939558559,4.308342085052063,4.28228802845712,4.400428984007839
2025-12-29 06:05:00,5.074875,-8.005833333333333,4.948254922135402,4.230492746975834,5.0394783876325215,4.993866654883962
2025-12-29 07:05:00,5.129016666666666,-7.2924999999999995,5.014369772080324,4.084398175047232,4.866330850005585,4.9403503110429545
2025-12-29 08:05:00,3.4258416666666665,-6.545833333333333,4.694793811258079,3.9330695551561083,4.413565040279562,4.554179425768821
2025-12-29 09:05:00,5.550541666666667,-5.754166666666666,4.633108928333007,3.770996847797472,4.470790617586952,4.551949772959979
2025-12-29 10:05:00,4.348275,-4.6066666666666665,4.84345646560228,3.5562314296873776,4.068940598708989,4.456198532155634
2025-12-29 11:05:00,4.083383333333332,-2.6850000000000005,4.424076224015105,3.1615202640220543,4.27870357315563,4.351389898585367
2025-12-29 12:05:00,4.261991666666667,-1.0225,4.371522569357131,2.817508602339936,3.9660957849391276,4.1688091771481295
2025-12-29 13:05:00,3.029575,0.48166666666666674,4.22516030472704,2.554237833919852,3.737150714593872,3.981155509660456
2025-12-29 14:05:00,4.1347,0.6666666666666666,3.9460411931113795,2.5162095633534114,3.353909007731898,3.6499751004216385
2025-12-29 15:05:00,4.365691666666667,0.7083333333333334,4.09135228904432,2.497454249149363,3.6453275634482005,3.86833992624626
2025-12-29 16:05:00,3.6402166666666664,0.8191666666666665,3.513760456607229,2.4622734552170074,2.8957939709742875,3.2047772137907584
2025-12-29 17:05:00,2.488108333333333,0.5558333333333333,3.326830019618672,2.4894390027792865,2.7056457265425595,3.016237873080616
2025-12-29 18:05:00,3.062441666666666,0.12083333333333333,3.060213067128169,2.5717140266774727,2.8756020613497024,2.967907564238936
2025-12-29 19:05:00,1.874658333333333,0.009166666666666667,2.6349929531547356,2.5944995118260277,1.9013685138992586,2.268180733526997
2025-12-29 20:05:00,1.9069500000000001,0.027499999999999997,2.466352769564069,2.59075861127925,2.0527809153278316,2.2595668424459503
2025-12-29 21:05:00,1.8820500000000002,-0.004999999999999998,2.5047991339197364,2.5973902077030835,2.3207839017958722,2.412791517857804
2025-12-29 22:05:00,3.1876999999999995,-0.0375,2.997524156470268,2.61347395084195,3.41402382173015,3.205773989100209
2025-12-29 23:05:00,4.070825,0.056666666666666664,3.62533491596429,2.6432365728814284,3.5019645034111013,3.5636497096876956
2025-12-30 00:05:00,3.7044916666666667,-0.5516666666666666,3.6422542795450608,2.8500928797393645,3.6979512556929,3.6701027676189804
2025-12-30 01:05:00,2.7707083333333333,-1.7400000000000002,3.399541759553196,3.1115033507301755,3.764476328670305,3.5820090441117505
2025-12-30 02:05:00,3.3757249999999996,-2.3183333333333334,3.332315546832925,3.197606913656244,4.041300761620729,3.686808154226827
2025-12-30 03:05:00,4.385533333333333,-2.5133333333333336,3.7252128233444304,3.2288436768781263,4.113000968881058,3.919106896112744
2025-12-30 04:05:00,3.257441666666667,-2.9858333333333333,3.8227532371181168,3.325120083785365,4.124410421139364,3.9735818291287406
2025-12-30 05:05:00,3.778958333333333,-4.4816666666666665,3.7075756831672306,3.709772819073911,4.629134507543719,4.168355095355475
2025-12-30 06:05:00,3.830025000000001,-6.216666666666666,3.625937556952582,4.0407914602513735,4.389342543227764,4.007640050090173
2025-12-30 07:05:00,3.917883333333333,-7.814166666666666,4.183351735829769,4.384740699131168,5.058611338071637,4.620981536950703
2025-12-30 08:05:00,4.518283333333333,-8.485833333333334,4.337194700690239,4.531665852529834,5.4357270501305655,4.886460875410402
2025-12-30 09:05:00,4.781783333333333,-8.163333333333334,4.156347450872374,4.490499258493006,5.073890939003559,4.615119194937966
2025-12-30 10:05:00,4.129791666666667,-8.397499999999999,3.9397827682070714,4.530618233833106,4.060797664386694,4.000290216296882
2025-12-30 11:05:00,3.719533333333333,-9.2375,4.568741332877558,4.696437657748998,5.103602769265785,4.836172051071671
2025-12-30 12:05:00,5.064075,-9.714166666666667,4.976662420794166,4.762499913972585,5.714538678080694,5.34560054943743
2025-12-30 13:05:00,5.230408333333333,-10.449166666666667,5.241108035094443,4.975990320320216,5.632777053264063,5.436942544179253
2025-12-30 14:05:00,5.257524999999999,-11.166666666666666,5.149604672208371,5.140725106180151,6.027735103247695,5.588669887728033
2025-12-30 15:05:00,4.5604499999999994,-12.027499999999998,4.899132281232357,5.30123294815402,5.300265418067118,5.099698849649737
2025-12-30 16:05:00,4.620575,-12.689999999999998,5.659179996256825,5.387469715652186,6.074729063507679,5.866954529882252
2025-12-30 17:05:00,3.673341666666667,-13.060833333333335,5.470828405085719,5.442911709345939,5.913155058329996,5.691991731707857
2025-12-30 18:05:00,4.001933333333334,-13.292500000000004,4.859871708844312,5.522601513247035,5.203207109616389,5.0315394092303505
2025-12-30 19:05:00,3.2157250000000004,-13.535833333333334,4.7574970607498415,5.569439716666982,4.963486292079997,4.860491676414919
2025-12-30 20:05:00,4.859075,-13.791666666666666,5.28140292512613,5.580139983265121,5.754420328848256,5.517911626987193
2025-12-30 21:05:00,5.612308333333333,-14.166666666666666,6.2144114755614055,5.693124972050096,6.583736861427904,6.399074168494655
2025-12-30 22:05:00,6.310691666666667,-14.880833333333333,6.586351091060572,5.779833897895596,7.085503835264906,6.835927463162739
2025-12-30 23:05:00,5.881808333333333,-15.148333333333333,7.055299358989438,5.792451045086192,7.520747263198255,7.288023311093847
2025-12-31 00:05:00,7.817500000000001,-15.235,7.009341722095047,5.814261147168747,6.9974110283756366,7.003376375235342
2025-12-31 01:05:00,6.383366666666666,-15.718333333333334,6.522077982285839,5.863671884592989,7.140905797028178,6.831491889657008
2025-12-31 02:05:00,5.259875,-16.263333333333335,6.347689985828116,5.960500618201401,6.96616445378703,6.656927219807573
2025-12-31 03:05:00,6.205558333333334,-16.38,6.307002045528756,5.969030219446702,6.65400390505647,6.480502975292612
2025-12-31 04:05:00,6.754416666666665,-16.156666666666666,7.015352299447339,5.977654498848232,7.551957958629016,7.283655129038177
2025-12-31 05:05:00,5.658675000000001,-16.703333333333333,6.611413355348668,6.019308870517112,6.938274368340381,6.774843861844524
2025-12-31 06:05:00,5.447033333333333,-18.310000000000002,6.4061559635239504,6.3367225143925685,6.6638620911976325,6.5350090273607915
2025-12-31 07:05:00,6.344674999999999,-17.889166666666668,6.921852461049763,6.250591976539745,6.944797782988767,6.933325122019265
2025-12-31 08:05:00,6.302091666666666,-15.384166666666665,7.040306365104082,5.774851251204218,7.013745464598495,7.027025914851288
2025-12-31 09:05:00,5.318725,-13.149166666666664,6.80906665563372,5.347184498389635,6.9010643677556205,6.85506551169467
2025-12-31 10:05:00,6.407983333333333,-11.295833333333334,4.507189458675726,5.020500749584645,4.4798027479368825,4.493496103306304
2025-12-31 11:05:00,3.2850750000000004,-10.139166666666666,2.391337042083468,4.797467263983533,4.075124464658328,3.233230753370898
2025-12-31 12:05:00,6.795066666666665,-8.0175,4.830294483647706,4.3560841235693095,4.557695792130996,4.693995137889351
2025-12-31 13:05:00,7.399874999999999,-7.759166666666666,5.460151315905145,4.276842025280778,5.186395748102252,5.323273532003698
2025-12-31 14:05:00,6.599724999999999,-7.5225,5.663010567165325,4.2215639476372395,5.4061313753868125,5.534570971276069
2025-12-31 15:05:00,6.12915,-8.174999999999999,4.697673545662527,4.297491455744891,3.7194353113185907,4.208554428490559
2025-12-31 16:05:00,5.9303333333333335,-10.713333333333333,4.945714963723287,4.782416208889169,4.701561159422596,4.823638061572941
2025-12-31 17:05:00,4.482516666666665,-12.385833333333332,4.797011045878232,5.123688363315665,4.295177627779056,4.546094336828644
2025-12-31 18:05:00,6.010508333333332,-13.741666666666667,5.1734955736978,5.400344962843272,5.556340842449047,5.364918208073424
2025-12-31 19:05:00,5.791574999999999,-14.851666666666668,5.545963467534584,5.6268394868572695,5.110011312574669,5.327987390054627
2025-12-31 20:05:00,5.188591666666667,-15.329166666666667,5.461433310530223,5.724272942007436,4.897917850751369,5.179675580640796
2025-12-31 21:05:00,7.232449999999999,-15.978333333333333,5.891405765556694,5.856734829550156,5.896733446503699,5.894069606030197
2025-12-31 22:05:00,3.570658333333333,-16.33666666666667,4.593064694415202,5.930592383475194,5.150635597532016,4.8718501459736085
2025-12-31 23:05:00,6.434891666666666,-16.486666666666668,5.281264926529497,5.960459799256267,5.41767880381975,5.349471865174623
2026-01-01 00:05:00,4.145766666666667,-16.63,5.609388274738349,5.98970683989471,5.183370181884989,5.396379228311669
2026-01-01 01:05:00,7.002624999999998,-15.81583333333333,5.980180412048348,5.823576847430989,6.12469629595759,6.05243835400297
2026-01-01 02:05:00,6.4745,-14.72166666666667,5.848711551065219,5.600313101161937,5.953955944637411,5.901333747851314
2026-01-01 03:05:00,3.9173999999999993,-13.731666666666667,5.147604151397408,5.398304471635939,5.00694423593315,5.0772741936652785
2026-01-01 04:05:00,5.653141666666667,-12.796666666666667,5.383405375616599,5.207518543750275,5.606909767167265,5.495157571391932
2026-01-01 05:05:00,4.648783333333333,-12.129166666666668,5.507334516218153,5.071315755660777,5.25680482429806,5.382069670258106
2026-01-01 06:05:00,6.537433333333334,-11.536666666666667,5.418992508314494,4.950416651626278,5.379566369929054,5.3992794391217735
2026-01-01 07:05:00,3.3347416666666665,-11.181666666666667,5.195836192536869,4.877979213765945,4.5330035651329865,4.864419878834928
2026-01-01 08:05:00,4.193991666666666,-9.623333333333333,4.669626383696978,4.560002667289838,4.441215445256745,4.555420914476862
2026-01-01 09:05:00,4.6862416666666675,-7.2975,4.095565190240539,4.0854184206509,3.7089861025747024,3.902275646407621
2026-01-01 10:05:00,4.585958333333333,-6.395833333333333,4.288493373899509,3.9035720987384375,3.59039781483636,3.9394455943679345
2026-01-01 11:05:00,3.513116666666667,-5.584166666666667,4.272528434361332,3.735814260461126,3.486152476387638,3.879340455374485
2026-01-01 12:05:00,4.738841666666667,-4.642499999999999,4.870546379224356,3.543668005103905,4.375620160867589,4.6230832700459725
2026-01-01 13:05:00,2.998625,-4.3774999999999995,3.138635168804872,3.4895949881095727,3.134282709797223,3.136458939301048
2026-01-01 14:05:00,3.1436750000000004,-4.6575,3.361627344425779,3.5467287419149054,2.9436626971769515,3.152645020801365
2026-01-01 15:05:00,3.906283333333333,-5.541666666666667,3.3036532875565854,3.7414225370530416,3.123953767256319,3.2138035274064523
2026-01-01 16:05:00,1.878058333333333,-7.860833333333333,3.282167146905931,4.283800475984337,2.9690201014205875,3.125593624163259
2026-01-01 17:05:00,4.375416666666666,-9.62,4.493860811243156,4.669886119386398,4.521598116061384,4.50772946365227
2026-01-01 18:05:00,6.3309999999999995,-10.62,5.315286661170009,4.880661393684843,5.897943052799353,5.606614856984681
2026-01-01 19:05:00,4.601566666666667,-11.19,4.2353770151718,4.99664726576013,3.8843223874367534,4.059849701304277
2026-01-01 20:05:00,4.8678,-11.815,4.349321646836699,5.181753396179767,4.4739630357587545,4.411642341297727
2026-01-01 21:05:00,4.6543,-12.44,4.787504323222647,5.320667075887652,4.954508893520095,4.871006608371371
2026-01-01 22:05:00,5.548725000000001,-13.078333333333333,5.462077355225549,5.453756038087557,5.869318639698916,5.665697997462233
2026-01-01 23:05:00,7.599716666666667,-14.134999999999998,5.9478186722693085,5.706611123083132,6.360518791268019,6.154168731768664
2026-01-02 00:05:00,7.725775,-15.33916666666667,6.151676626036657,6.007692613066265,5.7036107163054695,5.927643671171063
2026-01-02 01:05:00,6.9605999999999995,-15.829166666666666,6.119183341836719,6.0599048309727,6.311983950779614,6.215583646308167
2026-01-02 02:05:00,6.3357,-16.5275,6.299052547820313,6.160041945108055,6.8487703621740925,6.573911454997203
2026-01-02 03:05:00,7.397275,-17.0425,6.323077577376965,6.342499543044482,6.6431273789853345,6.48310247818115
2026-01-02 04:05:00,7.227591666666665,-17.57,6.358359357059598,6.390016616650598,6.430100311625661,6.39422983434263
2026-01-02 05:05:00,6.727891666666667,-17.995833333333334,6.549564184877118,6.433428572144719,6.502744593723421,6.52615438930027
2026-01-02 06:05:00,6.744833333333333,-18.87,6.401173898270267,6.49588847179719,6.2299591379087955,6.315566518089531
2026-01-02 07:05:00,7.364424999999999,-18.935833333333335,6.559602884326397,6.564297385562602,7.101585025330242,6.83059395482832
2026-01-02 08:05:00,7.422625,-17.45916666666667,6.008209967785793,6.326153706606293,6.4271981407808,6.217704054283296
2026-01-02 09:05:00,6.0749,-15.9125,6.0023746655968795,6.051289196448885,5.920009732444377,5.961192199020628
2026-01-02 10:05:00,5.651816666666667,-14.050833333333332,6.0569329481534595,5.665447261973121,6.49727044219278,6.277101695173119
2026-01-02 11:05:00,4.570841666666667,-13.019166666666665,5.424693841166207,5.474838408575213,5.543174772727103,5.483934306946655
2026-01-02 12:05:00,6.231633333333332,-12.119166666666665,5.7059603189130454,5.296326827447143,6.158094427084993,5.93202737299902
2026-01-02 13:05:00,7.067925000000001,-12.659999999999998,6.117804146465171,5.405701522770701,6.562333376182463,6.340068761323817
2026-01-02 14:05:00,7.244558333333333,-12.9775,5.643676862014589,5.4481939167596085,5.8482007521411035,5.745938807077846
2026-01-02 15:05:00,5.521,-13.81083333333333,5.281601032815868,5.561966992717571,5.7281020993137375,5.5048515660648025
2026-01-02 16:05:00,6.4334083333333325,-14.741666666666667,5.811814446275001,5.662411238633408,6.158807797484222,5.985311121879612
2026-01-02 17:05:00,5.174975,-14.991666666666669,6.159652073031019,5.770916598377514,6.253608600533483,6.206630336782251
2026-01-02 18:05:00,4.860216666666667,-15.323333333333332,5.5541888901267145,5.822203035047302,5.5095262626374755,5.5318575763820945
2026-01-02 19:05:00,4.726675,-15.680000000000001,6.081245166725897,5.883572197523318,6.029158195596536,6.055201681161217
2026-01-02 20:05:00,6.477391666666666,-16.44,5.4739355249976835,5.980104846109777,5.67085915521422,5.572397340105952
2026-01-02 21:05:00,5.9715750000000005,-16.352500000000003,5.720776456503195,6.001023461204173,5.977454698472447,5.8491155774878205
2026-01-02 22:05:00,6.827708333333333,-16.051666666666666,5.5085083426496855,5.932242651181387,5.337284625270759,5.422896483960223
2026-01-03 00:05:00,6.405908333333335,-15.143333333333333,6.039569585596668,5.832608223027147,6.172930156944018,6.106249871270343
2026-01-03 01:05:00,6.149033333333334,-15.315000000000003,6.041859363605805,5.844004347846701,6.2323697512994345,6.13711455745262
2026-01-03 02:05:00,7.2538,-15.40333333333333,5.880135722284961,5.867472636768876,6.191654719284233,6.035895220784597
2026-01-03 03:05:00,5.486466666666667,-15.810833333333333,6.056621062134508,5.98067293813974,6.916027653838727,6.486324357986618
2026-01-03 04:05:00,6.902966666666666,-16.545833333333334,5.848152987689764,6.139030984258635,6.44869888779923,6.148425937744497
2026-01-03 05:05:00,7.304633333333332,-17.110833333333332,6.104287128711517,6.259183670327466,6.349563789935251,6.226925459323384
2026-01-03 06:05:00,5.1824916666666665,-17.485833333333336,5.654155771079288,6.317171490284598,5.747682417002957,5.700919094041122
2026-01-03 07:05:00,7.3292,-17.395,5.903419135187359,6.325167890288325,6.720029213111398,6.311724174149378
2026-01-03 08:05:00,7.2870583333333325,-15.792499999999999,6.086113786720132,6.060994751283314,6.95660921116247,6.521361498941301
2026-01-03 09:05:00,6.003316666666667,-14.537500000000001,5.66611468825726,5.868911292050296,7.010622723635398,6.33836870594633
2026-01-03 10:05:00,6.748208333333333,-13.329999999999998,5.826782449243095,5.587208976597862,5.856127864164633,5.841455156703864
2026-01-03 11:05:00,5.549808333333333,-12.671666666666667,5.078594488300961,5.434123675307167,5.3332932257201815,5.205943857010571
2026-01-03 12:05:00,4.604841666666666,-12.079166666666667,4.4337337247139255,5.313119345687041,4.5175646869814825,4.475649205847704
2026-01-03 13:05:00,5.318233333333334,-12.494166666666667,5.403234266612937,5.3550673021701884,5.845550020215908,5.624392143414423
2026-01-03 14:05:00,7.282699999999999,-12.847499999999998,6.013623696419297,5.376423918066136,6.846584152614155,6.430103924516726
2026-01-03 15:05:00,7.490091666666667,-13.782499999999999,6.0295740717266,5.536743974052255,6.768719388475924,6.399146730101262
2026-01-03 16:05:00,6.146166666666667,-15.092500000000001,6.1306023522912065,5.835264568944518,6.828841521781415,6.479721937036311
2026-01-03 17:05:00,7.301774999999998,-15.341666666666667,5.834674515828604,5.913316172485492,5.923065659091485,5.878870087460045
2026-01-03 18:05:00,6.624675000000002,-15.883333333333335,5.7493183318290875,5.952181907217081,6.181336571902443,5.965327451865765
2026-01-03 19:05:00,5.826508333333332,-16.31833333333333,5.729689844502796,6.037231740276297,5.672823176625829,5.7012565105643125
2026-01-03 20:05:00,5.9998499999999995,-16.991666666666667,5.965749204517222,6.277857576178624,6.351439378585834,6.158594291551528
2026-01-03 21:05:00,5.512824999999999,-17.518333333333334,5.4279205594669,6.318777723625804,5.5312573015332065,5.479588930500054
2026-01-03 22:05:00,5.316333333333334,-17.75833333333333,6.065360575858095,6.300700334765028,6.378574648141319,6.221967611999707
2026-01-03 23:05:00,7.335850000000001,-18.06,6.217774759283825,6.376873417918208,6.584897433468234,6.4013360963760295
2026-01-04 00:05:00,6.917083333333333,-18.675,6.492104286899004,6.464982019059448,6.203645733649116,6.347875010274061
2026-01-04 01:05:00,5.674641666666666,-19.49333333333333,6.015038709896044,6.6233257156975816,5.3437574466471585,5.679398078271602
2026-01-04 02:05:00,7.428191666666667,-19.74,6.12133288510269,6.771441481349278,6.269137003512379,6.1952349443075345
2026-01-04 03:05:00,7.406766666666666,-18.99083333333333,6.53902767766809,6.54550935643648,6.289117883499007,6.414072780583549
2026-01-04 04:05:00,5.329983333333334,-19.713333333333335,6.250145723715355,6.6512569553035625,5.759574346279377,6.004860034997366
2026-01-04 05:05:00,7.414725,-20.764166666666664,6.511459055555929,6.859822486243214,6.525981588665706,6.518720322110818
2026-01-04 06:05:00,7.052816666666666,-21.49416666666667,7.063214314698194,7.010324145655806,6.61651488299205,6.839864598845121
2026-01-04 07:05:00,6.181383333333334,-22.269166666666667,6.649031512852898,7.170103304621231,5.66852098178826,6.158776247320579
2026-01-04 08:05:00,7.181658333333333,-19.276666666666667,6.876484346407077,6.599485520595568,6.750451917145995,6.813468131776536
2026-01-04 09:05:00,7.023916666666667,-15.505,6.472377149620085,5.951856586720164,7.341380565338731,6.906878857479408
2026-01-04 10:05:00,4.904458333333333,-13.684166666666668,6.026277553684877,5.578278988236362,6.3874778467133915,6.206877700199135
2026-01-04 11:05:00,4.400983333333333,-12.46,5.1331696813512115,5.2914605999608435,5.86223130506313,5.497700493207171
2026-01-04 12:05:00,4.311841666666666,-11.878333333333332,4.875350229399579,5.184681965699673,5.099166611637948,4.987258420518764
2026-01-04 13:05:00,5.418758333333332,-12.828333333333333,5.79311840456112,5.330145633435868,6.007982456490663,5.900550430525891
2026-01-04 14:05:00,7.902758333333332,-13.28416666666667,6.30367645943026,5.430532636548311,6.59498329878899,6.449329879109625
2026-01-04 15:05:00,7.7110166666666675,-14.379999999999997,6.064221468588466,5.55775503122148,6.37512593920623,6.219673703897348
2026-01-04 16:05:00,5.323641666666667,-15.97166666666667,6.242447854354811,5.871768783866706,6.367135476475352,6.304791665415081
2026-01-04 17:05:00,6.151216666666666,-17.175,6.6583895949178755,6.238229679720043,6.99767346889238,6.828031531905127
2026-01-04 18:05:00,6.664591666666666,-17.713333333333335,5.60922035715708,6.23280962542666,5.027775773367184,5.318498065262132
2026-01-04 19:05:00,5.032041666666667,-16.392500000000002,5.334340913274962,5.97581681896973,5.259084900953537,5.29671290711425
2026-01-04 20:05:00,4.905849999999999,-15.560000000000002,5.0548992788642,5.892263838789447,4.86997551282054,4.96243739584237
2026-01-04 21:05:00,4.012658333333333,-16.420833333333334,5.276190433051879,6.1251282235879945,5.227069455206008,5.251629944128943
2026-01-04 22:05:00,5.6383833333333335,-16.874166666666667,5.773038556225644,6.219318822543807,6.181801382765428,5.977419969495536
2026-01-04 23:05:00,7.759533333333331,-17.4175,6.866314761161957,6.292909523216754,7.31379776622365,7.090056263692803
2026-01-05 00:05:00,6.864133333333332,-18.147499999999997,6.5722842967061466,6.389111103110761,6.716366679297553,6.64432548800185
2026-01-05 01:05:00,7.220958333333332,-18.475833333333334,6.545783665188445,6.512447750387598,6.328214076019237,6.436998870603841
2026-01-05 02:05:00,6.249424999999999,-19.119166666666665,6.625147937755319,6.528121682215175,6.743894802857401,6.68452137030636
2026-01-05 03:05:00,7.056016666666666,-18.3475,6.544015034811018,6.437867433988537,6.670880721004915,6.607447877907966
2026-01-05 04:05:00,7.092641666666665,-19.06083333333333,6.527118407313235,6.5714392320104995,6.091719009029273,6.309418708171254
2026-01-05 05:05:00,5.022525,-19.918333333333337,7.080480138184704,6.716181138359798,7.057955582534181,7.069217860359442
2026-01-05 06:05:00,6.759458333333333,-19.523333333333333,6.937620553736119,6.604910411603827,6.85698716797388,6.897303860855
2026-01-05 07:05:00,7.208124999999998,-19.2125,7.147436645838176,6.539920557217816,7.268923980710618,7.208180313274397
2026-01-05 08:05:00,6.839758333333333,-17.574166666666667,6.980132811425953,6.262072443309573,6.956559529763614,6.968346170594783
2026-01-05 09:05:00,5.104041666666666,-15.5,6.929997340393925,5.8509381519916,6.855784494451177,6.892890917422551
2026-01-05 10:05:00,5.468758333333334,-13.605833333333335,6.848203817769215,5.528354957603889,7.264006960673296,7.056105389221255
2026-01-05 11:05:00,5.0515,-11.986666666666666,6.602034009036171,5.17363861635361,6.858819847482269,6.73042692825922
2026-01-05 12:05:00,5.372525,-10.609166666666665,5.883105632767632,4.8981113346475835,6.105508262359122,5.994306947563377
2026-01-05 13:05:00,8.090450000000002,-10.63,6.375095770925806,4.8371753959878365,6.557925150391874,6.46651046065884
2026-01-05 14:05:00,7.197758333333334,-10.717500000000001,6.191222012400519,4.812917061291406,6.297647450761982,6.244434731581251
2026-01-05 15:05:00,7.453508333333333,-11.713333333333333,5.19207111339858,4.997891169709552,6.132144028396015,5.662107570897297
2026-01-05 16:05:00,5.821008333333333,-13.468333333333334,5.344368230362065,5.355664919853659,5.930040316627623,5.637204273494843
2026-01-05 17:05:00,5.1353583333333335,-14.313333333333333,5.241931723951227,5.529875744790153,5.00900174079479,5.125466732373009
2026-01-05 18:05:00,4.5050333333333334,-14.646666666666668,5.471220801153628,5.598597963700013,5.353583386834485,5.412402093994056
2026-01-05 19:05:00,5.121825,-14.079166666666667,6.33339905478339,5.4815983860059765,6.1021644339116765,6.217781744347533
2026-01-05 20:05:00,5.245491666666666,-13.741666666666669,6.610090326389777,5.412017139359744,6.967792764837058,6.788941545613417
2026-01-05 21:05:00,7.300983333333333,-13.338333333333333,6.782520311926552,5.328863254478813,7.111984863851948,6.94725258788925
2026-01-05 22:05:00,8.456408333333332,-13.106666666666664,6.417690107479701,5.28110131233646,7.083415821284821,6.750552964382261
2026-01-05 23:05:00,4.939691666666667,-12.777500000000002,5.543978454253275,5.213238121162974,5.259573029575696,5.401775741914486
2026-01-06 00:05:00,6.10065,-12.7125,4.99829676628829,5.1998372884755515,5.3564285160950185,5.177362641191654
2026-01-06 01:05:00,5.789891666666667,-13.94,5.10736540314606,5.45290685961111,4.711263460330266,4.909314431738164
2026-01-06 02:05:00,5.398408333333333,-15.388333333333334,5.397171944694982,5.751504900774451,5.312178757642087,5.3546753511685345
2026-01-06 03:05:00,5.047291666666666,-16.855833333333333,5.263001281694562,6.0540544695251075,4.680715856644658,4.97185856916961
2026-01-06 04:05:00,5.743283333333332,-17.824166666666667,5.839520463217308,6.253692515458251,5.9249259359484805,5.882223199582894
2026-01-06 05:05:00,6.7089,-16.93916666666667,5.925584062731906,6.071235024252573,6.146196611228212,6.035890336980058
2026-01-06 06:05:00,5.087291666666666,-17.52416666666667,5.707045944227126,6.191842518439378,5.160761096212541,5.433903520219833
2026-01-06 07:05:00,6.682200000000001,-18.124166666666664,5.540494538058776,6.3155425124771245,5.74903258198221,5.644763560020493
2026-01-08 11:10:00,3.644633333333333,0.7541666666666665,2.7564315639334107,2.448254544937381,3.1073675971727495,2.93189958055308
2026-01-08 12:10:00,1.3664249999999998,1.015,2.654071448603296,2.477119671486376,2.405270136410133,2.529670792506715
2026-01-08 13:10:00,2.641758333333333,0.8333333333333334,2.1140908933039455,2.521075600100237,1.750843475710975,1.9324671845074604
2026-01-08 14:10:00,3.2698583333333326,0.6716666666666667,2.6334535309969804,2.524359092886322,2.648474532180499,2.64096403158874
2026-01-08 15:10:00,2.3707916666666664,0.20416666666666664,2.7586722294710575,2.6255597847322565,2.287228767512354,2.5229504984917055
2026-01-08 16:10:00,4.414791666666667,-0.10166666666666667,2.9571101705525145,2.6871243310246267,2.9310740773689794,2.944092123960747
2026-01-08 17:10:00,2.6529166666666666,-0.3466666666666667,3.340091592687359,2.7191278253022384,2.672910156319713,3.006500874503536
2026-01-08 18:10:00,3.8215,-1.1116666666666668,3.076051801620305,2.8490543938098334,2.881403231601528,2.9787275166109164
2026-01-08 19:10:00,1.3577166666666667,-1.4816666666666667,2.4526213337234117,2.966941536119055,1.598701474675141,2.025661404199276
2026-01-08 20:10:00,2.467833333333333,-1.2033333333333334,2.1551550549430134,2.888778051028605,2.048484394007296,2.1018197244751544
2026-01-08 21:10:00,1.3902666666666668,-1.2449999999999999,2.278256024862236,2.887864619266682,2.320967511682726,2.299611768272481
2026-01-08 22:10:00,2.5542,-1.2216666666666667,2.2448620022303127,2.8512288082218684,2.5123426283039216,2.378602315267117
2026-01-08 23:10:00,2.5278166666666664,-1.3808333333333334,2.519129470110319,2.869177013078865,2.494405172136882,2.5067673211236006
2026-01-09 00:10:00,3.711708333333333,-1.3341666666666665,3.679905327392691,2.86690372870948,3.682347347938561,3.681126337665626
2026-01-09 01:10:00,3.621641666666667,-1.3166666666666669,3.692675101419258,2.85303845308296,3.4729894113536868,3.5828322563864723
2026-01-09 02:10:00,2.8087333333333335,-1.39,3.111020520751834,2.8655153176548906,2.7970396022639137,2.954030061507874
2026-01-09 03:10:00,3.6750583333333338,-1.3941666666666668,3.220754465300056,2.866374345391264,3.1505124852428534,3.185633475271455
2026-01-09 04:10:00,2.255075,-1.4299999999999997,3.2962016922943618,2.873761983924074,2.6948106650450585,2.99550617866971
2026-01-09 05:10:00,3.5802416666666668,-1.5100000000000005,3.5072610896793357,2.890738316752705,3.6997711296697426,3.603516109674539
2026-01-09 06:10:00,3.9197416666666665,-1.6341666666666665,3.8715337966870482,2.919020894380368,3.967389449068587,3.919461622877818
2026-01-09 07:10:00,2.687091666666667,-1.125,3.076650716425072,2.828171960117513,2.6288288278030176,2.852739772114045
2026-01-09 08:10:00,3.373725,-0.42249999999999993,2.840025639090483,2.70732551094694,3.1113411252710663,2.9756833821807747
2026-01-09 09:10:00,2.7030666666666665,0.6625,2.693215302004505,2.5135517019862776,2.4521070230011137,2.5726611625028095
2026-01-09 10:10:00,4.313233333333334,0.5425,2.666716778061861,2.5648968700044668,2.8399816504771356,2.753349214269498
2026-01-09 11:10:00,3.0980250000000003,0.6808333333333333,2.730021442270977,2.5143535824230985,2.480283039680935,2.605152240975956
2026-01-09 12:10:00,1.4499833333333332,1.1991666666666667,2.314764833050125,2.3950259056888292,2.0711332514831247,2.192949042266625
2026-01-09 13:10:00,3.392533333333333,1.7924999999999998,2.9733088840930093,2.277448334628008,2.9865309117828005,2.979919897937905
2026-01-09 14:10:00,3.453691666666667,1.964166666666667,3.5378710115606253,2.2245546187482925,3.2463577370346117,3.3921143742976185
2026-01-09 15:10:00,2.010625,2.0500000000000003,3.090599525655595,2.237929822429352,2.5166926773840026,2.803646101519799
2026-01-09 16:10:00,2.3571833333333334,2.795833333333334,2.485675449241929,2.1096481764020445,2.6874309721651533,2.586553210703541
2026-01-09 17:10:00,3.099183333333333,2.9666666666666663,2.838745190664143,2.0855339441477785,3.191656671025145,3.015200930844644
2026-01-09 18:10:00,2.034275,2.864166666666667,2.936901497096639,2.081281660131526,2.6261992126124682,2.781550354854554
2026-01-09 19:10:00,1.0417083333333332,3.018333333333333,2.3717894192201427,2.0257866678750722,2.6419900228786255,2.506889721049384
2026-01-09 20:10:00,3.2849749999999998,3.2308333333333334,1.853525642134485,1.9761223716763214,2.095347466589897,1.974436554362191
2026-01-09 21:10:00,0.0,3.5083333333333333,1.5778497852806246,1.929970333923266,1.3468716781982109,1.4623607317394178
2026-01-09 22:10:00,3.9873999999999996,3.6199999999999997,1.6349076214651215,1.8719390182627735,2.136447004752553,1.8856773131088373
2026-01-10 00:10:00,3.988883333333333,3.6341666666666668,3.1750387678512726,1.8588076942513656,3.488484581393296,3.3317616746222845
2026-01-10 01:10:00,2.942658333333333,3.420833333333333,2.8350438179362003,1.8947120553966221,2.663104262343984,2.7490740401400924
2026-01-10 02:10:00,4.024074999999999,3.4766666666666666,2.575820363560906,1.9827752961489915,2.8302034500275,2.7030119067942033
2026-01-10 03:10:00,1.4650583333333334,2.8475,2.044139784695049,2.197490998849795,1.7931067130181455,1.9186232488565973
2026-01-10 04:10:00,3.692424999999999,2.3333333333333335,2.5687851434034674,2.314781236288317,2.9469231225172834,2.757854132960375
2026-01-10 05:10:00,2.4387416666666666,2.4391666666666665,2.6916578734087677,2.3027913043568775,2.5122131776704393,2.6019355255396035
2026-01-10 06:10:00,3.2229,2.1716666666666664,3.072800505379778,2.361325451300587,3.388878938050172,3.230839721714975
2026-01-10 07:10:00,4.200366666666666,1.7225000000000001,2.9756850613781465,2.4561852061653457,2.8204736334631115,2.8980793474206292
2026-01-10 08:10:00,2.8284083333333334,1.9949999999999999,3.065244950516723,2.291209671417398,2.9871945004614924,3.0262197254891077
2026-01-10 09:10:00,2.2570083333333333,1.4866666666666666,2.478294144486254,2.4472724021827132,2.7880802129493287,2.633187178717791
2026-01-10 10:10:00,0.0,3.185,0.530467698156264,2.011219414674091,0.7759771965825032,0.6532224473693836
2026-01-10 11:10:00,4.0207749999999995,3.7808333333333337,0.9002240789414595,1.9085351890680744,1.5779344406107858,1.2390792597761227
2026-01-10 12:10:00,1.3334666666666666,3.8649999999999998,1.8139531511655003,1.8627006514350715,1.7904582789942152,1.8022057150798578
2026-01-10 13:10:00,2.468383333333333,3.6533333333333338,1.5220303199891478,1.8482791645868126,2.413655611645388,1.967842965817268
2026-01-10 14:10:00,3.047683333333333,2.6616666666666666,2.328637118082772,2.0225412179145534,2.5956078752898355,2.4621224966863036
2026-01-10 15:10:00,1.7964166666666663,1.2074999999999998,2.578431129491705,2.346126125287743,2.428260791172916,2.5033459603323105
2026-01-10 16:10:00,4.5134333333333325,0.022500000000000003,2.8673917401744387,2.582561226719499,3.2229351699300244,3.0451634550522315
2026-01-10 17:10:00,1.5879083333333335,-0.5541666666666668,2.2187058028095343,2.6932005138626276,1.914810325031834,2.066758063920684
2026-01-10 18:10:00,1.2836083333333332,-1.3941666666666668,1.598548419201077,2.8537244670690014,1.9727750436683018,1.7856617314346894
2026-01-10 19:10:00,1.6983583333333332,-2.198333333333333,1.8889287262563441,3.0196017084925244,2.419654485703292,2.154291605979818
2026-01-10 20:10:00,1.5225416666666667,-2.4450000000000003,1.9307714922242436,3.070482188763367,2.131884978899483,2.0313282355618636
2026-01-10 21:10:00,4.1062916666666665,-3.0233333333333334,2.9732399122689595,3.189776287776761,3.535365241057235,3.2543025766630973
2026-01-10 22:10:00,2.6780583333333334,-2.5608333333333335,3.217062892323233,3.0943753872689315,2.9712036185027766,3.0941332554130048
2026-01-10 23:10:00,2.479808333333333,-1.9708333333333332,3.503807592342281,2.9752083177723305,3.786563695740793,3.645185644041537
2026-01-11 00:10:00,3.536133333333333,-1.4816666666666667,3.243992457573121,2.9721908441935847,3.084137576703104,3.1640650171381126
2026-01-11 01:10:00,3.3484833333333333,-1.5750000000000002,3.8276638287035807,3.0498212810781626,3.92037596213125,3.8740198954174154
2026-01-11 02:10:00,3.92965,-2.1766666666666663,2.7584320358113628,3.1492992450707082,2.946605544796987,2.852518790304175
2026-01-11 03:10:00,1.7877750000000001,-3.084166666666667,2.8093467795698746,3.2792374160668594,2.659033014832487,2.7341898972011807
2026-01-11 04:10:00,4.298025,-3.578333333333333,2.6854073312855786,3.319869703831524,3.2311614685196024,2.9582843999025905
2026-01-11 05:10:00,1.7157916666666666,-3.6566666666666663,2.3599971301804894,3.327982300132566,2.3910549432325046,2.375526036706497
2026-01-11 06:10:00,4.23445,-3.75,2.7879658127181415,3.3580129096512885,3.4363985869414972,3.112182199829819
2026-01-11 07:10:00,2.2951,-3.6200000000000006,2.9424125279594677,3.3169187265266413,2.9251701833309163,2.933791355645192
2026-01-11 08:10:00,3.3944166666666664,-3.0275,2.6591939666093563,3.1906357553489033,2.7010826055533634,2.68013828608136
2026-01-11 09:10:00,1.5127833333333334,-2.334166666666667,2.552785057077691,3.0476203513443734,2.4312685549910737,2.4920268060343824
2026-01-11 10:10:00,3.4890833333333338,-1.6450000000000002,2.6688520235704507,2.9054644149119864,3.296557194587685,2.982704609079068
2026-01-11 11:10:00,1.2061666666666666,-0.9716666666666667,2.3303318015156522,2.766574455253741,2.138915830876729,2.2346238161961907
2026-01-11 12:10:00,2.8554083333333335,-1.1075000000000002,2.391219475072425,2.8081851293338573,2.1000848051619068,2.2456521401171656
2026-01-11 13:10:00,1.4335666666666667,-1.344166666666667,2.7133708030578148,2.8980256044412394,2.702735931275903,2.708053367166859
2026-01-11 14:10:00,3.5287166666666665,-1.5241666666666667,2.006070606838005,2.8874896077532375,2.97105943143184,2.4885650191349225
2026-01-11 15:10:00,2.969491666666667,-1.6441666666666668,2.9611450212464208,2.905292521397558,2.8010937342130715,2.881119377729746
2026-01-11 16:10:00,2.501791666666667,-2.1666666666666665,2.720775682334029,3.01365182058002,2.415928719222257,2.568352200778143
2026-01-11 17:10:00,3.378725,-2.3250000000000006,3.346286531233405,3.0457295226856598,3.703618627478343,3.5249525793558742
2026-01-11 18:10:00,0.0,-2.7583333333333333,2.351821552293046,3.1351141501884907,1.8999347301652485,2.125878141229147
2026-01-11 19:10:00,0.4343333333333333,-3.6525,0.6855227638194072,3.3195558911702943,1.3837597123318468,1.034641238075627
2026-01-11 20:10:00,2.0362166666666663,-4.0825,0.9748975529952997,3.4082529446154117,2.1716865544225095,1.5732920537089046
2026-01-11 21:10:00,2.3731,-4.398333333333333,2.2236748121652052,3.4734005865838213,2.585009099418421,2.4043419557918133
2026-01-11 22:10:00,3.842583333333333,-5.555833333333333,3.1090599931392604,3.712160678125038,3.425197427482255,3.267128710310758
2026-01-11 23:10:00,2.114158333333333,-6.1525,3.0365685515284557,3.835236434455859,3.167849018063044,3.10220878479575
2026-01-12 00:10:00,4.2021749999999995,-6.3325,2.7808859728722344,3.87236543357242,3.44488792405141,3.1128869484618225
2026-01-12 01:10:00,2.4504666666666663,-6.509166666666666,2.99784657549075,3.9088068586312663,3.1875437098947925,3.0926951426927713
2026-01-12 02:10:00,3.226475,-4.781666666666666,2.8638740976220527,3.616318982059553,3.050932887281901,2.9574034924519768
2026-01-12 03:10:00,2.953191666666666,-4.9208333333333325,3.185146895111231,3.861467699110132,2.826306182106008,3.005726538608619
2026-01-12 04:10:00,3.415633333333333,-6.194166666666667,3.049339976055259,4.104034486792752,3.39656678668068,3.2229533813679696
2026-01-12 05:10:00,3.532341666666667,-6.9525,3.7084314599237493,4.131904434651463,3.6601742381762,3.684302849049975
2026-01-12 06:10:00,3.7863916666666664,-8.281666666666666,3.7479681547268267,4.561976949145792,3.9502987812805705,3.8491334680036986
2026-01-12 07:10:00,5.139525,-8.384166666666667,3.983352855786532,4.472453790738312,4.295701685070774,4.139527270428653
2026-01-12 08:10:00,3.147933333333333,-8.102500000000001,4.084751727857789,4.553304179692446,3.9540697474466815,4.019410737652235
2026-01-12 09:10:00,4.162916666666667,-7.403333333333333,3.815307682064982,4.3287776477247295,4.5606796079713945,4.187993645018189
2026-01-12 10:10:00,5.0658,-6.075,3.6654671374936316,4.031415641230503,4.040160380413936,3.8528137589537836
2026-01-12 11:10:00,1.4972416666666668,-5.740833333333334,2.6650024045858953,3.9980493130329284,2.801035507541948,2.7330189560639218
2026-01-12 12:10:00,3.9966666666666666,-4.888333333333333,2.477467320462811,3.753976317641917,2.678610342542075,2.578038831502443
2026-01-12 13:10:00,2.4555666666666665,-5.3133333333333335,3.1688887512941886,3.819472293183662,3.050843793907634,3.109866272600911
2026-01-12 14:10:00,4.03215,-5.644166666666667,2.9473465771045104,3.832416224301812,3.2975739227836174,3.122460249944064
2026-01-12 15:10:00,4.092583333333333,-5.3741666666666665,3.4678384141267142,3.756452008962524,3.1099997291807653,3.2889190716537398
2026-01-12 16:10:00,3.2914083333333335,-5.5075,3.6474370391403688,3.715601276411525,3.1966134100494785,3.4220252245949236
2026-01-12 17:10:00,4.462458333333333,-5.716666666666666,3.9490634667936266,3.7453361264097422,4.310951548388001,4.130007507590814
2026-01-12 18:10:00,1.621375,-5.536666666666666,3.0382613630205313,3.7082071272931816,2.7739275284162335,2.9060944457183826
2026-01-12 19:10:00,2.878258333333333,-5.769166666666667,2.8346767082013073,3.7561654178187394,3.0414451592983087,2.9380609337498083
2026-01-12 20:10:00,1.6966416666666666,-5.6383333333333345,2.016751777049401,3.729178136053462,2.5382871204943043,2.2775194487718524
2026-01-12 21:10:00,3.874525,-5.4725,3.3071787897411222,3.6949713266821855,3.473077769935281,3.3901282798382013
2026-01-12 22:10:00,3.508808333333332,-5.293333333333334,3.5859351846738154,3.6580142210800535,3.0936607007880057,3.3397979427309106
2026-01-12 23:10:00,2.8351083333333333,-5.13,3.689997223113462,3.6243230922520633,3.538306061950506,3.6141516425319837
2026-01-13 00:10:00,4.377700000000001,-4.2975,3.721176823187823,3.4614349507593665,3.8241314759596423,3.7726541495737327
2026-01-13 01:10:00,2.5380249999999998,-3.5641666666666665,3.1146161396000167,3.3059648806797317,2.752899527493694,2.9337578335468555
2026-01-13 02:10:00,3.5032333333333328,-3.185,2.906572608470522,3.2381400968071024,3.052087176889987,2.9793298926802545
2026-01-13 03:10:00,1.9476166666666668,-2.69,3.105044265138414,3.1392992239063777,2.756994267135118,2.931019266136766
2026-01-13 04:10:00,3.5708,-2.5416666666666665,3.261280444134723,3.111744330503812,3.8398897831342285,3.550585113634476
2026-01-13 05:10:00,4.159999999999999,-2.690833333333334,3.1101957850020767,3.130562693193335,2.9367607231523416,3.023478254077209
2026-01-13 06:10:00,1.9497249999999997,-2.6475000000000004,2.5128449295161173,3.14085240079913,2.4220286644935127,2.467436797004815
2026-01-13 07:10:00,3.6491083333333334,-3.3841666666666668,2.4890231242250835,3.2753546641838898,2.952327649315042,2.720675386770063
2026-01-13 08:10:00,3.9472333333333336,-1.6791666666666663,3.049346473671533,2.9174935074942425,2.9647915048132085,3.007068989242371
2026-01-13 09:10:00,3.6388833333333337,-0.2725,3.060130265752357,2.642097173966918,3.003652387212468,3.0318913264824126
2026-01-13 10:10:00,1.6654416666666665,0.9166666666666666,2.4761705808187284,2.4048944201990947,2.220515156008737,2.3483428684137326
2026-01-13 11:10:00,3.8388249999999995,1.1716666666666666,2.329114544834821,2.3947618702578928,2.7016638132098483,2.5153891790223346
2026-01-13 12:10:00,2.4395916666666664,1.6358333333333335,2.8088812944145825,2.2999368772694875,2.4881823451826994,2.6485318197986407
2026-01-13 13:10:00,2.2239166666666668,2.606666666666667,2.337574353068719,2.087591702892635,2.5778403984067544,2.457707375737737
2026-01-13 14:10:00,2.453433333333334,2.203333333333333,2.0969944496850714,2.1715078367018665,2.392582976542319,2.244788713113695
2026-01-13 15:10:00,3.2960499999999997,0.8441666666666666,2.735781714694437,2.3920184873139925,2.737274588057489,2.736528151375963
2026-01-13 16:10:00,3.5437749999999997,-0.07333333333333333,2.8982686463622556,2.582964905246747,2.993826904255707,2.9460477753089815
2026-01-13 17:10:00,2.5898666666666665,-1.0658333333333332,2.847672532129332,2.7946082680904807,2.556065748152021,2.7018691401406763
2026-01-13 18:10:00,1.4689999999999999,-1.805,2.10427075214377,2.9488105842487924,2.0112536332765805,2.0577621927101752
2026-01-13 19:10:00,1.351675,-0.31416666666666665,2.019795818413191,2.6911584924299157,2.1537925344185753,2.086794176415883
2026-01-13 20:10:00,2.3140166666666664,-0.5091666666666667,2.519049771646621,2.742953863614242,2.945460125309915,2.732254948478268
2026-01-13 21:10:00,2.44735,-0.9208333333333334,1.8636017157615985,2.788804977690392,1.7404705734051564,1.8020361445833775
2026-01-13 22:10:00,3.4953499999999997,-0.49499999999999994,2.9399807151806656,2.7308834560042325,3.129288466583237,3.034634590881951
2026-01-13 23:10:00,3.0731916666666668,-0.19083333333333338,2.4656764263292925,2.6464079934993965,2.0804741820264,2.273075304177846
2026-01-14 00:10:00,2.977066666666667,0.1616666666666667,2.9224962689596117,2.603225075685136,2.5346996465230562,2.728597957741334
2026-01-14 01:10:00,3.1019416666666664,0.6725,2.1553684511493723,2.5142621581286764,2.1877276653175266,2.1715480582334497
2026-01-14 02:10:00,3.037158333333333,0.7325,3.0194869727388944,2.466209822671342,2.9651591037435323,2.9923230382412136
2026-01-14 03:10:00,2.8658583333333336,0.49166666666666664,2.642803930260743,2.4911322782343244,2.273497387132286,2.4581506586965145
2026-01-14 04:10:00,3.7739083333333334,0.49500000000000005,2.9486185019865285,2.518772254623071,3.1190513943015503,3.0338349481440394
2026-01-14 05:10:00,2.21875,0.305,2.5938902330774876,2.5211106289803027,1.9946706590182235,2.2942804460478556
2026-01-14 06:10:00,3.515616666666666,0.39833333333333326,2.7184742936388115,2.4933778238010076,2.649928212115194,2.6842012528770027
2026-01-14 07:10:00,2.446358333333333,0.425,3.0960829062868283,2.495396959759799,3.0253127059930387,3.0606978061399337
2026-01-14 08:10:00,1.1279416666666666,0.8991666666666666,2.145571164458754,2.408918443111328,2.04949273577394,2.097531950116347
2026-01-14 09:10:00,3.240758333333333,1.7825,2.304858384329106,2.2492065463586743,2.9728176559165185,2.6388380201228125
2026-01-14 10:10:00,2.2800499999999997,2.3325,2.741617119208813,2.157031050432943,2.3235909337678966,2.5326040264883547
2026-01-14 11:10:00,3.279558333333333,3.1108333333333333,2.5557646762641237,1.98700341926554,2.78578688750595,2.6707757818850366
2026-01-14 12:10:00,2.0160333333333336,4.421666666666667,2.6150346694555267,1.6911610883715444,2.2980856791315385,2.4565601742935326
2026-01-14 13:10:00,3.233875,4.7683333333333335,2.2218741498357293,1.6031562648919018,2.898137894788592,2.5600060223121606
2026-01-14 14:10:00,2.1524916666666667,4.1975,2.3085325065285884,1.703406720076427,2.2463961002913857,2.277464303409987
2026-01-14 15:10:00,2.2462333333333335,2.466666666666667,2.341791427804665,2.057341814721661,2.6699993107240525,2.505895369264359
2026-01-14 16:10:00,3.4183583333333334,1.1333333333333335,2.835599021503871,2.3323714378072955,2.8885348871409047,2.862066954322388
2026-01-14 17:10:00,2.2689166666666667,0.6208333333333335,2.89243190008983,2.438085949180836,2.6769296372312446,2.7846807686605373
2026-01-14 18:10:00,2.400966666666667,0.40416666666666673,2.5793723736889977,2.4827782629322517,2.7288292193353656,2.6541007965121817
2026-01-14 19:10:00,2.157633333333333,0.2800000000000001,2.6818888655091917,2.5083903965821013,2.8464408063119544,2.764164835910573
2026-01-14 20:10:00,2.2366083333333333,0.32416666666666677,2.726000865855629,2.4992800403173896,2.900894553098366,2.813447709476997
2026-01-14 21:10:00,2.232433333333333,0.22083333333333335,2.6749411476134055,2.5205948361065262,2.9309921850158824,2.802966666314644
2026-01-14 22:10:00,2.1220749999999997,0.14666666666666667,2.6374803282609136,2.535893358890665,2.823620906131368,2.730550617196141
2026-01-14 23:10:00,2.448633333333333,0.1516666666666667,2.8198110621606594,2.534861997804094,2.9224172392104335,2.871114150685546
2026-01-15 00:10:00,3.3120249999999993,0.18833333333333335,3.3002543742028196,2.5272986831692386,3.560752545304093,3.4305034597534565
2026-01-15 01:10:00,2.165691666666667,0.25500000000000006,3.0850188907066514,2.513547202014957,2.7723468030941905,2.928682846900421
2026-01-15 02:10:00,3.3888416666666665,0.29250000000000015,3.412592002264422,2.5058119938656738,3.461632712895912,3.437112357580167
2026-01-15 03:10:00,3.388133333333333,0.36250000000000004,3.1448399990412272,2.4918808691318337,2.9671929784713575,3.0560164887562924
2026-01-15 04:10:00,2.3562999999999996,0.3841666666666667,3.596092958054912,2.486903707278536,3.41253487120782,3.504313914631366
2026-01-15 05:10:00,3.4327666666666663,0.32083333333333336,3.355893996473489,2.499967614375104,3.4760753669062523,3.4159846816898707
2026-01-15 06:10:00,2.1475666666666666,0.37500000000000006,3.039313667909518,2.48879453593725,2.496303120169676,2.767808394039597
2026-01-15 07:10:00,3.46965,0.4166666666666667,2.909473353358664,2.4801998602158237,3.216778527854877,3.0631259406067706
2026-01-15 08:10:00,2.25345,0.82,2.9929121010512545,2.3970033992324193,2.711409380309456,2.8521607406803553
2026-01-15 09:10:00,2.8480000000000003,1.425,2.9250023978624196,2.2722087077573128,3.3578802897067876,3.141441343784604
2026-01-15 10:10:00,2.0465166666666668,2.486666666666667,2.880583159338262,2.0532163703753765,2.918252769876266,2.899417964607264
2026-01-15 11:10:00,3.1916249999999997,2.5091666666666668,2.5326181071357556,2.0485752454858064,2.9295293752559672,2.7310737411958614
2026-01-15 12:10:00,2.697075,2.578333333333333,3.0127017284832656,2.034308083788239,2.966942415043615,2.9898220717634403
2026-01-15 13:10:00,3.2249666666666665,2.848333333333333,2.862343960074352,1.978614585113398,3.2288770551912793,3.0456105076328157
2026-01-15 14:10:00,2.795,2.82,3.026876165112864,1.9844589646039679,3.0174574804786234,3.022166822795744
2026-01-15 15:10:00,2.4138333333333333,2.3841666666666668,2.6753029373385897,2.0743592726500846,2.7238528730543146,2.699577905196452
2026-01-15 16:10:00,3.314491666666666,2.214166666666667,2.8164908403154545,2.109425549593503,2.872029851198556,2.8442603457570055
2026-01-15 17:10:00,2.3556833333333334,2.14,2.8994914470526805,2.1333616994907225,2.9725108463375456,2.936001146695113
2026-01-15 18:10:00,1.2108,2.329166666666667,2.201055657382567,2.0969491820762323,2.3265971582738567,2.263826407828212
2026-01-15 19:10:00,2.362258333333333,1.9908333333333337,2.037793550919441,2.1620742471681593,2.5580916786226937,2.2979426147710673
2026-01-15 20:10:00,2.3783,1.0333333333333334,2.552039459603933,2.352998659538718,2.3613823657841713,2.456710912694052
2026-01-15 21:10:00,4.4701,0.38833333333333325,3.2636335690164726,2.4860442397063935,3.3439361798543144,3.3037848744353937
2026-01-15 22:10:00,2.005358333333333,0.6849999999999999,3.215890018454452,2.4253537829541667,2.694876564970563,2.955383291712508
2026-01-15 23:10:00,3.650958333333333,0.30583333333333335,2.8275864449862924,2.537315770105091,3.0366612377198945,2.9321238413530937
2026-01-16 00:10:00,2.3859666666666666,-1.9125000000000003,3.1724305552808945,3.1170144635174557,2.944067510074926,3.05824903267791
2026-01-16 01:10:00,4.493975,-3.9641666666666673,3.382262155703338,3.5709454786017236,4.064142135773064,3.723202145738201
2026-01-16 02:10:00,2.6393,-4.991666666666667,3.3892228887575664,3.7909036030951753,3.0102931988637174,3.199758043810642
2026-01-16 03:10:00,4.749458333333333,-5.8566666666666665,3.6147049793005026,3.9836723734469723,4.688535444679209,4.151620211989856
2026-01-16 04:10:00,2.9527249999999996,-6.3566666666666665,3.7879619456941107,4.101102015884406,3.4146752638242304,3.6013186047591708
2026-01-16 05:10:00,4.913349999999999,-7.008333333333333,4.025368988530408,4.256965319564596,4.757717587267402,4.391543287898905
2026-01-16 06:10:00,5.028466666666666,-7.814166666666666,4.191873854434917,4.45806154202219,4.70387230689374,4.447873080664328
2026-01-16 07:10:00,4.0291,-8.753333333333332,4.177378010660594,4.629760814640893,4.452816897577484,4.315097454119039
2026-01-16 08:10:00,4.936508333333333,-10.384166666666667,4.279403475509533,5.015137554065819,4.952692771252502,4.6160481233810176
2026-01-16 09:10:00,3.854799999999999,-10.924166666666666,4.348910049853896,5.206460685981741,4.9666473908622315,4.657778720358063
2026-01-16 10:10:00,5.419041666666667,-11.145000000000001,4.883304481420204,5.179961890072589,5.377471578799748,5.130388030109976
2026-01-16 11:10:00,6.727608333333333,-10.99,4.695606606157361,5.14499224563025,4.927089386863351,4.8113479965103565
2026-01-16 12:10:00,4.226008333333334,-10.4125,4.057624532514041,5.009198849744433,3.9502012824703314,4.003912907492186
2026-01-16 13:10:00,3.89425,-10.319166666666666,4.316101065916581,5.013966231221682,4.275693220231403,4.295897143073992
2026-01-16 14:10:00,5.2859333333333325,-10.601666666666667,4.75849194986322,5.065891276362604,5.076311586719062,4.917401768291141
2026-01-16 15:10:00,5.046908333333333,-11.43,4.861694064459644,5.162272987309659,4.906543366772341,4.884118715615992
2026-01-16 16:10:00,6.666258333333333,-12.232500000000002,5.545482730229227,5.222482232214809,5.585549301647187,5.565516015938207
2026-01-16 17:10:00,7.214316666666665,-12.786666666666667,6.7357087283269195,5.432651135811523,6.745280130318272,6.740494429322595
2026-01-16 18:10:00,5.451741666666667,-13.2875,5.540578923636936,5.431223212449756,5.067854259662859,5.304216591649897
2026-01-16 19:10:00,5.107458333333333,-13.475833333333332,4.970154621225861,5.5768791664229065,4.881435425209963,4.925795023217912
2026-01-16 20:10:00,7.041916666666666,-13.921666666666667,5.354777604047767,5.633642504349694,5.406219139088572,5.380498371568169
2026-01-16 21:10:00,6.2414250000000004,-14.288333333333334,5.501625455206221,5.664950405189903,6.225617480376916,5.863621467791568
2026-01-16 22:10:00,5.743341666666666,-14.410833333333334,5.719405047235081,5.605265600315811,6.170500354780496,5.9449527010077885
2026-01-17 00:10:00,6.968658333333333,-13.273333333333335,5.942694200174189,5.346555783878177,5.993213222789287,5.967953711481738
2026-01-17 01:10:00,7.409916666666665,-12.758333333333333,6.248077478230562,5.2380333426726935,6.05624177397283,6.152159626101696
2026-01-17 02:10:00,6.471516666666666,-12.217500000000001,6.152260532754798,5.127144678244768,6.286119294064975,6.2191899134098865
2026-01-17 03:10:00,6.611608333333334,-11.855833333333335,5.480562943398304,5.04977944899524,5.193954231018914,5.337258587208609
2026-01-17 04:10:00,5.283200000000001,-11.624166666666667,5.617505180471185,5.016038192715506,5.400884943214658,5.509195061842922
2026-01-17 05:10:00,6.095274999999999,-11.467500000000001,5.818754680174672,5.000144955177306,5.874712206625753,5.846733443400213
2026-01-17 06:10:00,5.665341666666666,-11.693333333333333,5.927494105837952,5.038312999219532,5.692221318984392,5.809857712411172
2026-01-17 07:10:00,6.266425,-11.435833333333333,5.609924107457888,4.975187836077101,5.931950533847817,5.770937320652853
2026-01-17 08:10:00,5.481116666666666,-10.87,5.187060137627323,4.888126086291591,5.073954242676364,5.130507190151843
2026-01-17 09:10:00,3.994591666666667,-9.924999999999999,5.035667281190616,4.713017268043778,5.200076699591209,5.1178719903909125
2026-01-17 10:10:00,4.994733333333333,-9.531666666666668,5.117586456533023,4.613623666752225,5.030945343938172,5.074265900235598
2026-01-17 11:10:00,4.417274999999999,-9.193333333333333,4.416990980958452,4.539381534288346,4.255296559727982,4.336143770343217
2026-01-17 12:10:00,5.462858333333332,-8.7675,4.727729027032417,4.432489381618052,4.718066778391651,4.722897902712035
2026-01-17 13:10:00,4.524408333333334,-8.4625,4.894731947533156,4.37855214535329,4.733599214125565,4.814165580829361
2026-01-17 14:10:00,2.9767083333333333,-8.281666666666666,4.275370875533689,4.32809938485374,3.918551487973102,4.096961181753395
2026-01-17 15:10:00,3.0094749999999997,-8.265,3.3900021282033164,4.303754704122364,3.0996715851983363,3.244836856700826
2026-01-17 16:10:00,4.675983333333334,-8.28,3.388550733043313,4.306871075764905,2.8982711186502295,3.143410925846771
2026-01-17 17:10:00,3.920316666666666,-8.230833333333333,4.740477334194248,4.296656302047685,4.345989568975968,4.543233451585108
2026-01-17 18:10:00,4.1522499999999996,-8.101666666666667,4.88431710434687,4.2698208795702435,4.910439532626271,4.89737831848657
2026-01-17 19:10:00,4.896208333333334,-8.005,4.171256194154925,4.249737595651641,3.8683242288976043,4.0197902115262645
2026-01-17 20:10:00,3.0291,-7.848333333333334,4.332405456527155,4.217188825162874,3.5899524530428146,3.9611789547849847
2026-01-17 21:10:00,3.9354,-8.463333333333333,4.169370972609688,4.34496006250708,4.351723124968822,4.260547048789254
2026-01-17 22:10:00,4.923791666666666,-10.685,4.211177882884925,4.806529329119076,3.645439961031079,3.928308921958002
2026-01-17 23:10:00,5.4138416666666656,-12.199166666666668,5.550009732551114,5.12110973325786,5.931973744514423,5.7409917385327685
2026-01-18 00:10:00,5.435366666666666,-13.435000000000002,5.584257192734207,5.377864130251705,5.641042791310591,5.6126499920224
2026-01-18 01:10:00,6.485083333333333,-13.888333333333335,5.720479259950522,5.47204780655963,5.776472131656636,5.748475695803579
2026-01-18 02:10:00,5.970358333333333,-13.823333333333336,5.48451716167909,5.458543529441949,5.152441038255164,5.318479099967127
2026-01-18 03:10:00,4.7556416666666665,-13.527499999999998,5.466008553696329,5.397081755380711,5.172881469394174,5.319445011545252
2026-01-18 04:10:00,6.001441666666667,-13.1625,5.304373866857283,5.3212500454121985,5.318242509470208,5.311308188163745
2026-01-18 05:10:00,5.3961500000000004,-12.801666666666668,5.6795918513507,5.246283994233281,5.563856819234102,5.621724335292401
2026-01-18 06:10:00,5.0894,-12.318333333333333,5.515502884053334,5.145867574640274,5.8961240939912205,5.705813489022278
2026-01-18 07:10:00,5.522174999999999,-11.478333333333333,5.721315569940963,4.971350762657943,5.7537898061914134,5.737552688066188
2026-01-18 08:10:00,5.621841666666667,-9.995833333333334,5.450205660609589,4.663349365320081,5.600329043914714,5.525267352262151
2026-01-18 09:10:00,3.951075,-8.268333333333333,4.543052948638359,4.304447231154039,3.902783019894932,4.222917984266646
2026-01-18 10:10:00,4.566533333333333,-6.194166666666667,4.359892060307284,3.873522285693702,4.033260259140124,4.196576159723704
2026-01-18 11:10:00,3.4105,-4.118333333333333,3.3193013558008904,3.450435252478695,2.7583406702295115,3.038821013015201
2026-01-18 12:10:00,1.0778999999999999,-2.1941666666666664,3.5308663654082384,3.054288067321896,2.9165263769604377,3.223696371184338
2026-01-18 13:10:00,1.869875,-2.4299999999999997,2.3705185294722018,3.0953871558399446,2.3873955262184277,2.3789570278453147
2026-01-18 14:10:00,2.800875,-2.3508333333333336,2.8169991497891638,3.0815335138091577,3.2657892906527426,3.041394220220953
2026-01-18 15:10:00,2.7132666666666667,-3.2641666666666667,3.642922609098619,3.2647910248505743,3.957429014783391,3.800175811941005
2026-01-18 16:10:00,0.0,-4.3025,2.3967740345986592,3.4805131952176214,2.256052376488997,2.326413205543828
2026-01-18 17:10:00,3.025975,-5.028333333333333,1.9980363323376107,3.631310956365051,2.7779641600276137,2.388000246182612
2026-01-18 18:10:00,1.5024666666666664,-5.519166666666667,3.014395155213159,3.7332855617793292,2.8204330060428706,2.917414080628015
2026-01-18 19:10:00,3.0004083333333327,-5.894166666666667,3.0865729991937685,3.8111948528428696,3.7813735157854116,3.43397325748959
2026-01-18 20:10:00,4.353616666666667,-6.1475,3.3140418942598173,3.863826907250239,2.8945191186901673,3.1042805064749923
2026-01-18 21:10:00,3.617008333333333,-6.045833333333333,4.261551745029002,3.842704832784124,4.348350132917941,4.304950938973471
2026-01-18 22:10:00,3.5353750000000006,-6.091666666666666,3.3878103494258256,3.8522270794696674,3.141551657345854,3.2646810033858396
2026-01-18 23:10:00,2.605433333333333,-6.174166666666667,3.664424242821676,3.869367123503647,3.4932189943660927,3.578821618593884
2026-01-19 00:10:00,4.1254,-6.239999999999999,3.8812690966105787,3.8830445323792455,4.65247082520872,4.266869960909649
2026-01-19 01:10:00,3.5858750000000006,-6.255,3.672092611432193,3.8861609040217875,3.6243083602824044,3.6482004858572985
2026-01-19 02:10:00,3.870566666666667,-6.2700000000000005,4.064586324027067,3.889277275664329,3.9250381745823923,3.9948122493047293
2026-01-19 03:10:00,3.8956833333333334,-6.289166666666667,3.68693608236151,3.8932593060964655,3.6844084031850315,3.6856722427732707
2026-01-19 04:10:00,3.2252833333333335,-6.473333333333334,3.517677001493566,3.9315214245965597,3.272649351299966,3.395163176396766
2026-01-19 05:10:00,2.3502083333333332,-6.7175,4.007048703319087,3.9822490296668205,4.265267956721048,4.136158330020067
2026-01-19 06:10:00,5.483616666666666,-7.269166666666667,3.3324006378747284,4.096862253409184,3.184917816345809,3.258659227110269
2026-01-19 07:10:00,3.670075,-7.079166666666667,4.72227080142937,4.058780283934542,4.769344911568888,4.745807856499129
2026-01-19 08:10:00,4.274091666666667,-6.005,4.050391635495077,3.8624561976562926,4.220328083280985,4.135359859388031
2026-01-19 09:10:00,3.997425,-4.7775,4.189670247879967,3.6237284037347472,3.8824267322068593,4.036048490043413
2026-01-19 10:10:00,2.9921499999999996,-3.795833333333333,3.4718952267540026,3.440015951175802,3.3087209233240626,3.390308075039033
2026-01-19 11:10:00,2.58,-2.5050000000000003,3.4622913163349582,3.150999213536282,3.5560517972273704,3.5091715567811645
2026-01-19 12:10:00,2.5084333333333335,-2.023333333333334,2.9208220025231593,3.032106700085236,2.619603007365498,2.770212504944329
2026-01-19 13:10:00,4.764583333333333,-1.9816666666666665,3.8646648372891352,3.0260474232106365,3.750182774154804,3.8074238057219696
2026-01-19 14:10:00,2.667758333333333,-2.458333333333333,3.6108745683876897,3.10071843277576,2.766510214901529,3.1886923916446093
2026-01-19 15:10:00,4.51615,-2.9574999999999996,3.5805114943659735,3.20107853793639,4.008328464230837,3.7944199792984055
2026-01-19 16:10:00,1.6174333333333333,-3.8524999999999996,3.465381004773334,3.3925107786208346,2.969682939605514,3.217531972189424
2026-01-19 17:10:00,2.8818333333333332,-4.204166666666667,2.8294085395553874,3.4618635263562756,3.672731042511718,3.2510697910335526
2026-01-19 18:10:00,1.5529166666666667,-4.120833333333334,2.7226874074632774,3.4594513993489358,2.5398199043642458,2.6312536559137616
2026-01-19 19:10:00,4.551716666666667,-3.9666666666666663,3.2650813958632137,3.413713936634607,3.7824424063967546,3.5237619011299843
2026-01-19 20:10:00,3.1024749999999996,-3.9450000000000003,3.8493534639735207,3.4098299909756173,3.6799144978326956,3.764633980903108
2026-01-19 21:10:00,4.192216666666667,-4.416666666666667,3.715257775923684,3.5047857832108242,4.085046678820996,3.90015222737234
2026-01-19 22:10:00,4.039991666666666,-5.0825,4.7438898195436625,3.6880142511299443,4.846797129978702,4.795343474761182
2026-01-19 23:10:00,3.81,-6.430833333333333,4.059508080749745,3.937294445589167,4.501883622964708,4.280695851857226
2026-01-20 00:10:00,3.6982249999999994,-8.56,4.790356392882324,4.365684222069516,5.200955827417988,4.995656110150156
2026-01-20 01:10:00,5.273816666666666,-10.555833333333334,4.597003866257862,4.779693906641635,5.143037427067234,4.870020646662548
2026-01-20 02:10:00,2.9230916666666666,-9.980833333333333,4.008725088885554,4.667149067168938,4.008785376772636,4.008755232829095
2026-01-20 03:10:00,5.189033333333334,-10.448333333333332,4.478391055606443,4.758735928851816,5.06097980467118,4.769685430138812
2026-01-20 04:10:00,3.1065166666666664,-11.199166666666665,4.46241586236379,4.913351623755085,4.050644151537103,4.256530006950447
2026-01-20 05:10:00,4.8920416666666675,-12.551666666666668,4.892968129593982,5.196726629761353,5.308624072074932,5.100796100834457
2026-01-20 06:10:00,3.651816666666667,-13.375833333333333,4.806035477331451,5.365571775439457,4.68483037238104,4.745432924856246
2026-01-20 07:10:00,5.490291666666667,-13.190833333333332,4.442072443946683,5.3271365251814435,4.9677189017903425,4.704895672868513
2026-01-20 08:10:00,3.307291666666667,-9.93,4.219057357129801,4.687935093535353,4.162260944650326,4.190659150890063
2026-01-20 09:10:00,4.328616666666667,-8.329166666666667,4.032856317625181,4.4887505232230644,4.100051623364472,4.066453970494827
2026-01-20 10:10:00,2.979183333333333,-7.533333333333334,3.8527852194561634,4.407136458491105,4.038318492618726,3.9455518560374445
2026-01-20 11:10:00,3.221033333333333,-7.541666666666667,3.7119099559337423,4.46480520157402,3.7573327772881036,3.7346213666109227
2026-01-20 12:10:00,3.503508333333333,-8.245,3.811205513642335,4.614942568096695,3.6571980418322263,3.7342017777372805
2026-01-20 13:10:00,5.472208333333332,-9.2875,4.878840766395578,4.86649643988838,4.954751822046407,4.916796294220992
2026-01-20 14:10:00,4.5863,-9.638333333333334,4.859667664739871,4.903993139810977,4.8911917207332465,4.875429692736558
2026-01-20 15:10:00,5.045733333333333,-10.661666666666667,4.607948374375419,5.014713836090901,4.583692889388111,4.5958206318817645
2026-01-20 16:10:00,4.852741666666667,-12.102500000000001,4.8088482968611,5.279714080564981,5.385837108365721,5.09734270261341
2026-01-20 17:10:00,5.931299999999999,-12.656666666666666,5.145770671901171,5.374496299436162,5.324528137777925,5.235149404839548
2026-01-20 18:10:00,4.476324999999999,-13.403333333333334,5.672136610458273,5.47492395336896,6.043276826648425,5.857706718553349
2026-01-20 19:10:00,3.3237583333333327,-13.7875,4.640918400596592,5.523818161384595,4.860731786173134,4.750825093384863
2026-01-20 20:10:00,4.379991666666666,-13.908333333333333,4.236774159297631,5.539285226807719,3.86222775302846,4.049500956163046
2026-01-20 21:10:00,5.748766666666667,-13.59666666666667,5.043169909977713,5.467076483847533,5.06325165182919,5.053210780903452
2026-01-20 22:10:00,5.476108333333333,-13.2675,5.689298335997983,5.4505443666223385,5.973337577071847,5.831317956534916
2026-01-20 23:10:00,6.523799999999999,-13.336666666666668,5.791849606909153,5.424315988850783,6.045333696199218,5.918591651554186
2026-01-21 00:10:00,6.050800000000001,-13.685833333333333,5.806799494227451,5.444327889351703,5.685245115008444,5.746022304617947
2026-01-21 01:10:00,5.27095,-14.972499999999998,4.6111510697218865,5.697292223612219,4.032022610102055,4.321586839911971
2026-01-21 02:10:00,5.155166666666667,-17.296666666666667,5.531991262636854,6.2055033414873,5.946114753315826,5.73905300797634
2026-01-21 03:10:00,6.455424999999999,-18.924999999999997,5.955448540509666,6.524402640180806,6.557668759891828,6.256558650200747
2026-01-21 04:10:00,5.687791666666667,-17.74166666666667,5.549918820705512,6.292619600487094,5.580220773663529,5.56506979718452
2026-01-21 05:10:00,5.379816666666667,-18.209166666666665,5.6706922660103345,6.37956690494762,5.193439798348212,5.432066032179273
2026-01-21 06:10:00,5.9787083333333335,-20.064166666666665,6.2284038615751935,6.755127264497176,6.479356911745319,6.353880386660256
2026-01-21 07:10:00,6.135208333333333,-20.194166666666664,6.549808292012662,6.793038814136054,7.026645497085175,6.788226894548918
2026-01-21 08:10:00,4.520316666666666,-13.466666666666669,5.004452390197179,5.4624218609090835,5.281123361802237,5.1427878759997085
2026-01-21 09:10:00,5.632225000000001,-10.091666666666667,4.862956388385344,4.808285568442687,4.6888542775074615,4.775905332946403
2026-01-21 10:10:00,4.4313666666666665,-9.519166666666665,5.146009613943921,4.691695741319427,4.883389322861593,5.014699468402757
2026-01-21 11:10:00,3.5454666666666665,-7.478333333333334,4.202138221523289,4.272792846461572,4.709559125392424,4.455848673457856
2026-01-21 12:10:00,4.980358333333333,-5.721666666666667,4.053944028522876,3.9129458370319594,3.9149461519914723,3.984445090257174
2026-01-21 13:10:00,2.632141666666666,-6.314166666666666,3.555243463696074,4.031038752684811,3.1437654895430356,3.349504476619555
2026-01-21 14:10:00,4.038975,-6.4775,3.781606871129918,4.025314408672519,4.513565734316717,4.147586302723317
2026-01-21 15:10:00,4.298633333333334,-7.209166666666667,4.24954654856793,4.134542183054246,4.749895861849065,4.499721205208498
2026-01-21 16:10:00,4.987083333333333,-8.7675,4.694316990111967,4.427276313413086,4.920931253460634,4.807624121786301
2026-01-21 17:10:00,4.774858333333333,-10.046666666666667,4.244587429981107,4.692371689150136,3.908088350656067,4.076337890318587
2026-01-21 18:10:00,4.065050000000001,-10.048333333333334,4.581259817344689,4.674943990253504,4.366556228899148,4.473908023121918
2026-01-21 19:10:00,4.476866666666666,-9.953333333333333,4.50591963045099,4.660455778684866,4.834294181644842,4.670106906047916
2026-01-21 20:10:00,5.838983333333332,-8.4625,4.712549616168644,4.39109545003145,4.536893563885747,4.624721590027196
2026-01-21 21:10:00,3.21375,-8.105,4.695455975325511,4.355093058215692,4.14526348808886,4.420359731707185
2026-01-21 22:10:00,5.639024999999998,-8.596666666666666,4.5654862744101585,4.417368711305486,4.789575066757837,4.677530670583998
2026-01-21 23:10:00,5.483841666666667,-8.480833333333333,4.628343184559047,4.366562800751456,4.367966489934733,4.49815483724689
2026-01-22 00:10:00,4.0436749999999995,-8.343333333333334,4.920778960653762,4.352579236797162,4.33051190836863,4.6256454345111955
2026-01-22 01:10:00,4.911549999999999,-8.165833333333333,5.030526473050558,4.292774011461053,5.07917709544773,5.054851784249144
2026-01-22 02:10:00,4.150183333333333,-8.189166666666667,5.188714708861712,4.301517667214809,5.070985634763887,5.1298501718128
2026-01-22 03:10:00,4.638283333333333,-8.115,4.695195068892484,4.273876622387198,4.788399858743498,4.74179746381799
2026-01-22 04:10:00,4.292791666666666,-8.18,4.742227899297803,4.286742650868673,4.329751821934359,4.5359898606160804
2026-01-22 05:10:00,5.768191666666667,-8.648333333333333,4.6212734850538775,4.383395312765093,4.552436464896514,4.586854974975196
2026-01-22 06:10:00,3.8779499999999993,-8.661666666666667,4.082404276726613,4.386165420891797,3.1942220544054574,3.638313165566035
2026-01-22 07:10:00,3.9474333333333336,-8.1675,4.51235945703091,4.283498288445843,4.4937433922464995,4.503051424638705
2026-01-22 08:10:00,4.437883333333334,-7.0025,4.414797564221491,4.044724847438111,4.660126755532989,4.53746215987724
2026-01-22 09:10:00,3.6345249999999996,-5.420833333333333,3.8844560025977186,3.718782962354984,3.1751453113615873,3.5298006569796527
2026-01-22 10:10:00,5.113125,-3.7175,4.079384440412155,3.3661115384721976,3.54384849503189,3.8116164677220223
2026-01-22 11:10:00,2.129016666666667,-1.3483333333333334,3.3453072287330707,2.9138626748824534,2.9701395155989103,3.1577233721659903
2026-01-22 12:10:00,3.463458333333333,0.48500000000000004,2.816476071971336,2.534585675927389,2.5274469092105263,2.671961490590931
2026-01-22 13:10:00,2.4534499999999997,-0.08666666666666667,3.049010116301859,2.631340556486342,2.4033845618770813,2.7261973390894703
2026-01-22 14:10:00,3.6839749999999998,-0.5983333333333334,3.449588014367202,2.710942531267763,3.280598171726546,3.365093093046874
2026-01-22 15:10:00,3.037616666666666,-1.5141666666666669,3.2871699136062777,2.930843914437367,2.9323120372824603,3.1097409754443692
2026-01-22 16:10:00,3.1468416666666665,-2.5700000000000003,3.6171666321282556,3.1285811601329807,3.4414585790563184,3.529312605592287
2026-01-22 17:10:00,3.709566666666666,-3.5133333333333336,3.5577636525932372,3.3402916253571715,3.76065696217225,3.6592103073827436
2026-01-22 18:10:00,3.249716666666667,-3.861666666666667,3.347854231026655,3.484069630114112,2.759435042178619,3.053644636602637
2026-01-22 19:10:00,1.8156666666666665,-3.8983333333333334,3.4307602529721244,3.4829733766480278,3.324865445538548,3.377812849255336
2026-01-22 20:10:00,2.958433333333333,-5.411666666666666,3.7535446602651605,3.722863816766286,3.848260519080091,3.800902589672626
2026-01-22 21:10:00,4.021583333333333,-6.0325,3.1300477189021456,3.8582414984705373,3.3442242988569046,3.237136008879525
2026-01-22 22:10:00,4.252858333333333,-7.524166666666666,3.475157342607327,4.154181001856311,3.345902381491227,3.4105298620492768
2026-01-22 23:10:00,3.915141666666667,-8.547500000000001,4.623011051213678,4.362446370056897,4.5786068002652565,4.600808925739467
2026-01-23 00:10:00,3.7020916666666666,-9.985833333333334,4.038314225340613,4.661271784225053,4.472527438476346,4.255420831908479
2026-01-23 01:10:00,4.411566666666666,-11.099166666666667,4.741049429287083,4.892575812804808,5.324875653020914,5.032962541153998
2026-01-23 02:10:00,5.1570583333333335,-12.165833333333333,4.615595192600254,5.1141844629411,4.795538725493222,4.705566959046738
2026-01-23 03:10:00,4.136658333333333,-13.94,4.817766354288668,5.482781975550605,4.89839750455689,4.858081929422779
2026-01-23 04:10:00,4.224083333333334,-9.054166666666665,4.8483978221276995,4.5468097023862235,4.590598052665677,4.719497937396689
2026-01-23 05:10:00,5.204716666666667,-10.199166666666667,5.017040954297878,4.705593514252312,5.069479015800124,5.043259985049001
2026-01-23 06:10:00,4.116883333333333,-12.959166666666668,4.832115223360647,5.279005896479968,4.884717489710039,4.8584163565353435
2026-01-23 07:10:00,5.451866666666667,-13.450000000000001,5.210900729390197,5.380980501894246,5.551661160250908,5.381280944820553
2026-01-23 08:10:00,3.4063166666666667,-9.773333333333332,4.485667142207612,4.643519282470107,4.289113045634618,4.387390093921115
2026-01-23 09:10:00,3.5891666666666664,-7.328333333333333,4.000083236864343,4.1974213411881225,3.8536487563567223,3.926865996610533
2026-01-23 10:10:00,3.4894583333333333,-4.903333333333333,3.532175104921077,3.7751806624453015,3.834996257035333,3.683585680978205
2026-01-23 11:10:00,4.062291666666666,-5.513333333333333,3.626574284114453,3.923458674122413,3.4672466620747286,3.5469104730945906
2026-01-23 12:10:00,3.898541666666666,-6.0925,4.453380225953714,4.0606473320606,4.640880273433984,4.547130249693849
2026-01-23 13:10:00,3.5067999999999997,-6.573333333333333,4.29660108761726,4.181597271666477,4.031549545796338,4.164075316706799
2026-01-23 14:10:00,6.148583333333335,-7.5,4.977148337909373,4.350455968255366,5.227807527679051,5.102477932794212
2026-01-23 15:10:00,3.6305083333333332,-9.1575,4.929482645298712,4.701987779266585,5.179813283359688,5.054647964329201
2026-01-23 16:10:00,6.235458333333333,-10.76,4.971954798906296,4.971964554382496,5.139180622918421,5.055567710912358
2026-01-23 17:10:00,5.371183333333333,-11.514166666666666,5.228358236293576,5.078283586112288,5.417515407075383,5.322936821684479
2026-01-23 18:10:00,4.789875,-12.514166666666666,5.163225407264113,5.258845066116348,5.280422714379233,5.221824060821673
2026-01-23 19:10:00,5.005875,-12.509166666666667,5.008559313492184,5.217218784019258,5.162562811746901,5.085561062619543
2026-01-23 20:10:00,4.976241666666666,-13.244166666666667,5.333100944883894,5.416300909381115,5.608868035684343,5.470984490284119
2026-01-23 21:10:00,4.402525,-14.292499999999999,5.316961557067467,5.765591482518451,5.29616730678323,5.306564431925349
2026-01-23 22:10:00,6.610974999999998,-15.34666666666667,5.876791200355591,5.989926363689414,5.940437411027924,5.908614305691757
2026-01-24 00:10:00,6.8727583333333335,-17.19083333333333,6.265123513445616,6.231537157186756,7.038386154099844,6.6517548337727295
2026-01-24 01:10:00,6.548233333333333,-17.584166666666672,6.269354388265851,6.4039614039163375,6.885974754544721,6.577664571405286
2026-01-24 02:10:00,6.564533333333332,-18.7275,6.6063689755558475,6.6948802059795876,7.248359152391831,6.927364063973839
2026-01-24 03:10:00,7.949883333333333,-19.695000000000004,7.05831628813815,6.880497078170695,7.608537299920022,7.333426794029086
2026-01-24 04:10:00,6.1219666666666654,-20.509166666666665,7.143461154108513,7.1757568390763815,7.51534427143985,7.329402712774181
2026-01-24 05:10:00,7.08325,-21.699166666666667,7.61610240495955,7.257431354406315,7.747502898652143,7.681802651805846
2026-01-24 06:10:00,7.758125,-22.602500000000003,8.565748495073963,7.404652555098784,7.798374737347979,8.182061616210971
2026-01-24 07:10:00,6.210375,-22.754166666666666,8.771038364475208,7.435086399399361,7.8002215740471,8.285629969261155
2026-01-24 08:10:00,7.385833333333333,-21.86,9.13985670510948,7.249263931340706,7.567035137271825,8.353445921190652
2026-01-24 09:10:00,7.351983333333333,-21.15416666666667,9.526495560565571,7.092118576637486,7.670622313436436,8.598558937001004
2026-01-24 10:10:00,11.026133333333334,-19.27416666666667,9.826174148748773,6.824076406830369,7.360919651383251,8.593546900066013
2026-01-24 11:10:00,7.419100000000001,-17.78583333333333,8.795616980480855,6.462539971390204,6.9750932639673895,7.885355122224122
2026-01-24 12:10:00,4.49725,-16.68083333333333,4.711378739433784,6.30175003445014,5.6484459158704565,5.17991232765212
2026-01-24 13:10:00,4.774016666666666,-16.860833333333332,4.3613030415531435,6.2963841751129275,4.24631343470448,4.303808238128812
2026-01-24 14:10:00,6.328991666666666,-17.175000000000004,5.542260597340427,6.365917921545269,5.825995612756237,5.684128105048332
2026-01-24 15:10:00,5.374683333333333,-17.791666666666668,6.85818298928838,6.380446273795941,6.997597887267877,6.927890438278128
2026-01-24 16:10:00,5.7344,-18.916666666666668,6.456349952783928,6.58282995109409,6.868032338379508,6.662191145581717
2026-01-24 17:10:00,5.665475,-19.874166666666664,6.9787976122335955,6.762615278635728,7.053436467549265,7.01611703989143
2026-01-24 18:10:00,5.902375,-20.6675,6.127169453302501,7.015181509557107,5.895241490761632,6.011205472032066
2026-01-24 19:10:00,5.296824999999999,-21.30916666666667,7.4981329896082505,7.244137827326343,7.013654181826184,7.255893585717217
2026-01-24 20:10:00,6.969691666666665,-21.930000000000003,8.139195360514165,7.345683795362535,7.1500005859535625,7.644597973233864
2026-01-24 21:10:00,7.971216666666667,-22.414999999999996,7.4688347979328285,7.370478606042522,6.76583456627355,7.1173346821031895
2026-01-24 22:10:00,6.265350000000001,-22.555000000000003,7.8738450577410575,7.402574781771392,7.1568115040311024,7.51532828088608
2026-01-24 23:10:00,7.491833333333333,-22.745,7.677538333407398,7.399346674227458,7.511907495329866,7.5947229143686315
2026-01-25 00:10:00,7.4089,-22.9375,8.289468261013202,7.439380480159656,7.7396379145449,8.014553087779051
2026-01-25 01:10:00,6.989741666666667,-22.870833333333337,8.476800523996149,7.526986574497545,7.987454108329172,8.23212731616266
2026-01-25 02:10:00,7.547350000000001,-22.830000000000002,9.056134544038624,7.514427687588436,7.934365235808928,8.495249889923777
2026-01-25 03:10:00,7.341775,-22.869999999999994,8.72392149571106,7.466943348441755,7.791425621390875,8.257673558550968
2026-01-25 04:10:00,9.186441666666667,-22.860833333333332,8.626562318810786,7.401708205334647,7.595402575160028,8.110982446985407
2026-01-25 05:10:00,8.303749999999999,-22.679999999999996,8.394898998479162,7.399628245436354,7.5128179584719454,7.953858478475554
2026-01-25 06:10:00,9.933583333333335,-22.412499999999998,8.059565278489146,7.454943121962073,7.112630039197949,7.586097658843547
2026-01-25 07:10:00,5.736275,-22.19416666666667,7.530515969982738,7.323661378649883,6.4794730957256315,7.004994532854185
2026-01-25 08:10:00,7.1085499999999975,-20.70333333333333,7.020297228259644,6.973931242296081,6.661346832510541,6.840822030385093
2026-01-25 09:10:00,6.354391666666666,-19.088333333333335,6.72782941938367,6.629278506703889,6.606231942451068,6.667030680917369
2026-01-25 10:10:00,4.622708333333333,-17.322499999999998,5.273645092420382,6.269547426343712,5.130554081946642,5.202099587183512
2026-01-25 11:10:00,5.9882333333333335,-15.8375,5.593255461142444,5.919710627340948,5.575903704417851,5.584579582780147
2026-01-25 12:10:00,7.202233333333333,-15.235833333333334,7.878510898822893,5.764104297735578,6.276704868895292,7.077607883859093
2026-01-25 13:10:00,8.894033333333335,-15.269166666666665,7.9201380513885,5.748483757925762,6.852436611583762,7.386287331486131
2026-01-25 14:10:00,5.224383333333333,-15.208333333333334,7.754386409606088,5.721876249102718,6.934468258474037,7.344427334040063
2026-01-25 15:10:00,16.321700000000003,-15.249999999999995,8.303276049524568,5.703395280567659,6.638056033493106,7.470666041508837
2026-01-25 16:10:00,11.335991666666667,-15.524166666666668,12.337031853734512,5.750696369343343,7.134633075015742,9.735832464375127
2026-01-25 17:10:00,6.267449999999999,-15.646666666666667,8.389006014017685,5.773596278806118,6.564647638696013,7.476826826356849
2026-01-25 18:10:00,6.430158333333334,-15.729999999999999,6.3006394826026,5.792114179009965,5.668245220006367,5.984442351304484
2026-01-25 19:10:00,7.915441666666666,-15.729999999999999,6.815637150191918,5.804916232451079,6.1511309884154075,6.483384069303662
2026-01-25 20:10:00,7.459191666666668,-15.9075,7.053476066730825,5.906238873456512,6.817217169138337,6.935346617934581
2026-01-25 21:10:00,6.048449999999999,-16.46333333333334,5.980118717225235,6.032047675866138,6.303595308378353,6.141857012801793
2026-01-25 22:10:00,6.062316666666667,-16.5825,6.676943062229365,6.0931453925080055,7.1339429518443875,6.905443007036876
2026-01-25 23:10:00,8.355824999999998,-16.463333333333335,6.740915196921744,6.064659756739606,7.129725285348535,6.935320241135139
2026-01-26 00:10:00,5.945183333333334,-16.72333333333333,6.80306653970732,6.114260361143087,6.612019075457634,6.7075428075824775
2026-01-26 01:10:00,4.659833333333334,-17.042500000000004,6.56493061597966,6.205076029311181,6.981502809172203,6.773216712575931
2026-01-26 02:10:00,7.352466666666666,-17.231666666666666,6.093033267643985,6.194013585100776,6.514746219379888,6.303889743511936
2026-01-26 03:10:00,8.555958333333333,-17.185000000000002,6.718529677219597,6.197727160767049,6.82420158256276,6.771365629891179
2026-01-26 04:10:00,4.725933333333333,-17.013333333333332,6.058313419827316,6.150512790555391,6.02275973642736,6.0405365781273375
2026-01-26 05:10:00,4.7586,-16.830000000000002,5.642476993831443,6.142016994196691,6.0406207617469505,5.841548877789197
2026-01-26 06:10:00,6.525516666666666,-16.68916666666667,6.462557782109217,6.053174344346727,6.704979460447595,6.583768621278406
2026-01-26 07:10:00,6.658341666666666,-16.46833333333333,6.920182058468934,5.999434169770942,6.747697294594261,6.833939676531598
2026-01-26 08:10:00,7.733599999999998,-16.065,7.207790357222411,5.926390205038472,6.997868508939263,7.102829433080837
2026-01-26 09:10:00,6.5402000000000005,-15.407499999999999,5.77235193703271,5.795402147205426,5.91486265111305,5.84360729407288
2026-01-26 10:10:00,6.007991666666667,-14.523333333333335,5.266800889136748,5.6693128563205875,5.745113103296624,5.505956996216685
2026-01-26 11:10:00,3.5824666666666665,-13.646666666666667,5.424252550011702,5.454038213880258,5.971197204161746,5.697724877086724
2026-01-26 12:10:00,5.828591666666667,-13.000833333333333,5.97440510722557,5.291456332677299,6.219851829484022,6.097128468354796
2026-01-26 13:10:00,7.037141666666666,-12.616666666666667,5.935672264499794,5.214365152023004,6.120251635779544,6.0279619501396695
2026-01-26 14:10:00,5.709375,-12.36,5.903511408675164,5.131893603504191,6.4409183580041205,6.172214883339642
2026-01-26 15:10:00,4.8201583333333335,-12.430833333333334,4.906511450408768,5.133718402441575,5.180068068504187,5.043289759456478
2026-01-26 16:10:00,4.708441666666666,-12.695,5.061284151732661,5.203139984179057,5.1447098551703485,5.102997003451504
2026-01-26 17:10:00,6.196633333333334,-12.765,5.943035414218433,5.216341175244644,5.757577375563388,5.850306394890911
2026-01-26 18:10:00,5.258416666666666,-12.550833333333335,6.199422558480479,5.170138571544119,5.863525057794803,6.0314738081376404
2026-01-26 19:10:00,5.8265916666666655,-12.279166666666667,6.030614431367306,5.12426756990832,5.5739478022613715,5.8022811168143384
2026-01-26 20:10:00,5.582216666666667,-12.393333333333333,6.246972861212359,5.112019001038549,5.793928988310654,6.020450924761507
2026-01-26 21:10:00,7.735966666666667,-12.565000000000003,6.62464372884682,5.141989768089823,6.3206566516748754,6.472650190260848
2026-01-26 22:10:00,6.635983333333334,-12.518333333333333,6.062900857988718,5.132450101658445,6.4164363989123725,6.239668628450545
2026-01-26 23:10:00,5.938816666666665,-12.370833333333332,5.306240407412328,5.102967912675232,5.188033032317858,5.247136719865093
2026-01-27 00:10:00,4.881083333333333,-12.39,5.035844118872238,5.106216018972155,5.168015088431615,5.101929603651927
2026-01-27 01:10:00,4.951508333333333,-12.555833333333334,5.151116099861143,5.140115905040803,5.393842088932014,5.272479094396578
2026-01-27 02:10:00,5.852308333333333,-12.505833333333333,5.261402055761745,5.153682422259538,4.842630798938904,5.052016427350324
2026-01-27 03:10:00,3.946075,-12.718333333333334,5.14516484442775,5.194392597656724,4.629831303046514,4.887498073737133
2026-01-27 04:10:00,5.580358333333332,-13.217500000000001,5.522465275016475,5.275374746942842,5.778055902087523,5.650260588551999
2026-01-27 05:10:00,6.273441666666668,-13.583333333333334,5.920418092617558,5.350158917717395,5.960547928215252,5.940483010416405
2026-01-27 06:10:00,5.728233333333334,-14.157499999999999,5.453197879261131,5.494373790195436,5.42010067690321,5.43664927808217
2026-01-27 07:10:00,5.599783333333333,-14.505000000000003,5.4689474468858625,5.577445989566752,5.823449483228136,5.646198465056999
2026-01-27 08:10:00,5.368458333333333,-13.125833333333333,5.510415321203487,5.349047138241161,5.991729080725626,5.751072200964556
2026-01-27 09:10:00,6.446874999999999,-12.264166666666668,5.032391817990712,5.24256260957345,5.494660906809114,5.263526362399913
2026-01-27 10:10:00,2.8953,-10.454166666666667,4.728539208742327,4.856188768550522,4.623305121157606,4.6759221649499665
2026-01-27 11:10:00,3.6378500000000003,-9.268333333333333,4.1739461155991835,4.605386968185862,3.83721142432101,4.005578769960096
2026-01-27 12:10:00,3.65225,-8.836666666666666,2.832430571970388,4.501320044749467,3.2501276370987204,3.041279104534554
2026-01-27 13:10:00,3.6517999999999993,-8.9125,4.2246535789815445,4.5087690920886985,3.78942170510586,4.007037642043702
2026-01-27 14:10:00,4.671241666666667,-9.726666666666667,4.6996755587990275,4.653358469656087,4.892326838112388,4.796001198455707
2026-01-27 15:10:00,5.7292499999999995,-10.674999999999999,4.704079437782594,4.825878917697841,4.7117588431319986,4.707919140457296
2026-01-27 16:10:00,4.920858333333333,-12.264166666666668,5.390784719289981,5.089291325781761,5.557465414390387,5.474125066840184
2026-01-27 17:10:00,5.227666666666667,-14.958333333333334,5.163516301902736,5.631238375070499,4.527202305264331,4.845359303583534
2026-01-27 18:10:00,5.742208333333334,-14.996666666666664,5.629009770871418,5.63907452963913,5.1512472378745455,5.390128504372981
2026-01-27 19:10:00,4.349683333333333,-14.703333333333331,5.0915993532581805,5.59439934456708,4.225464894963809,4.6585321241109945
2026-01-27 20:10:00,4.017075,-14.509166666666667,4.853934452061556,5.553457563355628,4.9742265982541545,4.914080525157855
2026-01-27 21:10:00,4.967625000000001,-14.5875,5.640827898206861,5.579792080218918,5.774208546295588,5.707518222251224
2026-01-27 22:10:00,6.7773916666666665,-14.721666666666666,6.283450475906258,5.616636725751168,6.106156117886253,6.194803296896255
2026-01-27 23:10:00,6.890383333333332,-15.023333333333332,6.312555612132244,5.707189348783389,6.427614165335145,6.370084888733695
2026-01-28 00:10:00,5.23205,-15.522499999999999,5.550942622731953,5.778686386236214,5.518244595293454,5.5345936090127035
2026-01-28 01:10:00,5.572125,-15.964166666666669,5.656774955415138,5.8418311602520125,5.559148004560822,5.60796147998798
2026-01-28 02:10:00,6.583841666666667,-17.519166666666667,6.188088446821181,6.154727570492371,6.420586905564939,6.30433767619306
2026-01-28 03:10:00,4.6369,-18.501666666666665,5.8702542690561925,6.357166815631347,5.41835758381458,5.644305926435386
2026-01-28 04:10:00,7.021541666666667,-18.398333333333333,6.137028340788553,6.34482087544333,6.334572660497634,6.235800500643093
2026-01-28 05:10:00,6.059558333333334,-17.5975,6.103453705090985,6.194521311684292,6.125737173756897,6.11459543942394
2026-01-28 06:10:00,6.736775,-18.245,6.307245802786997,6.313749484516381,5.707837978555565,6.0075418906712805
2026-01-28 07:10:00,6.2225166666666665,-18.666666666666668,6.087573778938132,6.392891263491572,5.8469119295173435,5.967242854227738
2026-01-28 08:10:00,6.353058333333334,-15.4775,5.939902663986911,5.881914708442119,5.79804177574031,5.86897221986361
2026-01-28 09:10:00,7.002066666666665,-13.874166666666666,5.875726943894841,5.531232131828854,5.773366147351974,5.824546545623408
2026-01-28 10:10:00,3.2393083333333337,-11.504166666666668,4.574618584159817,5.047307728945548,4.486089077323951,4.530353830741884
2026-01-28 11:10:00,4.193458333333332,-10.420833333333333,4.098857391319759,4.904965678019567,4.488075629253868,4.293466510286813
2026-01-28 12:10:00,4.573333333333333,-8.926666666666668,3.7782866275701035,4.544951590328994,4.028967770039827,3.9036271988049656
2026-01-28 13:10:00,4.540841666666666,-8.731666666666667,4.8130357554836705,4.503951070215552,5.040356352851411,4.926696054167541
2026-01-28 14:10:00,4.258824999999999,-9.856666666666667,5.028832437592239,4.753566504504409,5.184659473186015,5.106745955389127
2026-01-28 15:10:00,5.245575,-10.800833333333332,5.212708207646489,4.950549109859124,5.085103857146921,5.148906032396704
2026-01-28 16:10:00,4.772449999999999,-12.156666666666666,4.838842999233766,5.143846915323882,4.651966878599688,4.745404938916726
2026-01-28 17:10:00,5.927983333333332,-13.506666666666666,4.665829491890646,5.355167722305028,4.60678735415457,4.636308423022609
2026-01-28 18:10:00,4.510941666666666,-15.342500000000001,4.764750986320988,5.722032568020667,4.426523187198104,4.595637086759545
2026-01-28 19:10:00,5.516008333333333,-16.523333333333333,5.311022044596484,5.9721302932117055,4.590175230618012,4.950598637607248
2026-01-28 20:10:00,6.2265999999999995,-17.455833333333334,5.956739201566004,6.152942338095589,6.041015161579546,5.998877181572775
2026-01-28 21:10:00,7.008758333333333,-17.893333333333334,6.322379496278621,6.242302645281984,6.269930714785487,6.296155105532054
2026-01-28 22:10:00,5.498916666666666,-17.8575,6.202945071249492,6.268413044443827,6.462597511203956,6.332771291226724
2026-01-28 23:10:00,6.770108333333335,-16.944166666666664,6.004363060452069,6.105955283447648,6.0728423082431835,6.038602684347627
2026-01-29 00:10:00,5.648416666666667,-15.842500000000001,5.666492315780483,5.947370910192401,5.4254025615668455,5.5459474386736645
2026-01-29 01:10:00,5.779791666666665,-16.004166666666666,5.90455135120719,5.939435401102649,6.343785104332526,6.124168227769858
2026-01-29 02:10:00,5.796174999999999,-16.620833333333337,6.2692380032255155,6.011312880859838,6.062359785867015,6.165798894546265
2026-01-29 03:10:00,6.509108333333332,-16.81,5.956424518525414,6.13941208625981,6.2962360909384225,6.126330304731918
2026-01-29 04:10:00,6.9758249999999995,-17.5425,6.0687652785295,6.174982891491411,5.6494315017706835,5.859098390150091
2026-01-29 05:10:00,4.624291666666666,-17.888333333333332,6.019291445240068,6.260736341731252,5.959342388141704,5.9893169166908855
2026-01-29 06:10:00,6.189441666666665,-16.796666666666667,5.885290246609654,6.043982826883844,6.3507351039059,6.118012675257777
2026-01-29 07:10:00,7.048400000000001,-15.814166666666667,6.178411512278081,5.838711255995348,6.267471083409856,6.222941297843969
2026-01-29 08:10:00,6.601025,-13.564166666666665,5.289817094541443,5.5114602615139505,5.060131230886691,5.174974162714067
2026-01-29 09:10:00,5.410641666666668,-11.638333333333334,5.489185916284924,5.150513651401262,5.5396938424301165,5.5144398793575204
2026-01-29 10:10:00,4.814191666666667,-9.846666666666666,4.603065488719786,4.782301077474909,4.436095536113977,4.519580512416882
2026-01-29 11:10:00,3.663066666666667,-8.374166666666666,3.6719859007881226,4.45313201035345,3.5050019023528245,3.5884939015704735
2026-01-29 12:10:00,4.009283333333333,-7.594166666666666,3.686486595466734,4.323441430005402,4.04420589464323,3.8653462450549823
2026-01-29 13:10:00,3.5916333333333332,-8.111666666666666,3.745353607707058,4.463720702330365,3.2955610301816964,3.520457318944377
2026-01-29 14:10:00,3.5734083333333335,-9.240833333333333,3.798627839380197,4.680348352597264,3.4856203270205834,3.6421240832003905
2026-01-29 15:10:00,5.205133333333333,-10.420833333333333,4.678764239601602,4.883809542140952,5.172729268319417,4.925746753960509
2026-01-29 16:10:00,5.773008333333333,-11.685,5.48094061124244,5.079796343367297,5.39549851562468,5.4382195634335595
2026-01-29 17:10:00,6.600216666666667,-12.115833333333335,5.432447848898188,5.208356941375458,4.90356154949305,5.168004699195619
2026-01-29 18:10:00,7.0844499999999995,-12.819999999999999,5.450810307166099,5.4407361608329765,5.508763463772534,5.479786885469316
2026-01-29 19:10:00,4.329274999999999,-13.394166666666665,5.537747775297534,5.464132224104302,5.269698946056532,5.4037233606770325
2026-01-29 20:10:00,6.874008333333333,-13.698333333333332,5.8548372585091,5.500050794102211,5.45644945428417,5.655643356396635
2026-01-29 21:10:00,6.786483333333333,-14.092500000000001,6.3455456707665405,5.568908812980664,6.019784182905187,6.182664926835864
2026-01-29 22:10:00,7.046408333333334,-14.593333333333334,6.200998060367364,5.619333960513622,6.528049723398458,6.364523891882911
2026-01-29 23:10:00,6.756308333333333,-14.685,5.572577306159766,5.734189449803568,6.046615155609247,5.809596230884507
2026-01-30 00:10:00,5.6754999999999995,-14.80083333333333,5.777495120161489,5.844463267646218,6.095545585067015,5.936520352614252
2026-01-30 01:10:00,7.108158333333331,-15.156666666666666,6.238935343711236,5.894181305998161,6.283585354480423,6.26126034909583
2026-01-30 02:10:00,5.507124999999999,-15.490000000000004,6.168253171982293,5.965846759837298,6.690683429026392,6.429468300504343
2026-01-30 03:10:00,7.368825,-15.777499999999998,6.1730462393375545,6.041357379244452,6.909145715065827,6.541095977201691
2026-01-30 04:10:00,6.237275,-16.078333333333333,6.331663920362805,6.125001213906992,6.794749061171799,6.563206490767302
2026-01-30 05:10:00,6.734716666666667,-16.6525,6.070012526105668,6.243514798120771,6.803592226694797,6.436802376400232
2026-01-30 06:10:00,8.200716666666667,-16.7225,6.861715181578963,6.236963659881709,7.454415997928011,7.1580655897534875
2026-01-30 07:10:00,6.672725,-16.477499999999996,6.579013308196439,6.2269496713447126,7.013881431161773,6.796447369679106
2026-01-30 08:10:00,6.689441666666666,-16.040833333333335,6.056988681250202,6.146185824886904,6.341450306668165,6.199219493959183
2026-01-30 09:10:00,7.432816666666666,-14.837500000000004,5.797965156027469,5.913279352259114,6.1290755183940755,5.963520337210772
2026-01-30 10:10:00,6.718416666666666,-14.222500000000002,5.416302185711268,5.732137638435367,5.594531050154987,5.505416617933127
2026-01-30 11:10:00,4.307108333333334,-12.935833333333335,5.213045979144068,5.474906118500468,5.830075724887612,5.52156085201584
2026-01-30 12:10:00,4.964691666666667,-11.670833333333334,4.451992112602845,5.197959904126375,4.689228299084739,4.570610205843792
2026-01-30 13:10:00,5.732666666666667,-11.894166666666669,5.486523707291104,5.236495017595165,5.253501296215647,5.370012501753376
2026-01-30 14:10:00,5.956583333333334,-12.130833333333333,5.871453493802775,5.319659875285797,5.932342836316021,5.901898165059398
2026-01-30 15:10:00,6.2280500000000005,-13.208333333333334,5.776708875219889,5.51199589517186,6.208724154680391,5.99271651495014
2026-01-30 16:10:00,6.104741666666666,-14.245,5.552367924847057,5.739443768259548,5.7081263657051675,5.630247145276112
2026-01-30 17:10:00,5.022491666666666,-15.018333333333336,5.4505495472492145,5.924409139904179,5.542697759964341,5.496623653606777
2026-01-30 18:10:00,5.263083333333333,-15.930833333333338,5.735937355635142,6.085018938216695,5.416182319942504,5.576059837788822
2026-01-30 19:10:00,5.91865,-16.278333333333332,5.997922150263028,6.204044677314352,5.724709977036641,5.861316063649834
2026-01-30 20:10:00,5.7415666666666665,-16.28,6.336922578332311,6.1947210749491095,6.420025868782412,6.378474223557362
2026-01-30 21:10:00,7.606858333333334,-16.38416666666667,6.909472422575529,6.17138357734221,7.06443862165937,6.98695552211745
2026-01-30 22:10:00,8.700633333333334,-16.7175,6.9435576239677745,6.264416394189198,7.0342547209898845,6.9889061724788295
2026-01-31 00:10:00,7.855883333333335,-16.944166666666668,6.722920835410428,6.483639497879747,6.776232021748438,6.749576428579433
2026-01-31 01:10:00,6.9482333333333335,-16.805,7.49979435430878,6.5026154648454035,7.657857420812406,7.578825887560593
2026-01-31 02:10:00,8.469566666666667,-16.74,7.509444346094968,6.521955321770458,7.515085847418683,7.512265096756826
2026-01-31 03:10:00,6.570891666666665,-16.820000000000004,6.806793651440869,6.498334068134514,6.825611405266833,6.816202528353851
2026-01-31 04:10:00,7.623958333333333,-16.73666666666667,7.1688272368990305,6.4812395002383045,7.4371778552138945,7.3030025460564625
2026-01-31 05:10:00,7.291549999999999,-16.675833333333333,7.2700672329790805,6.43462978989903,7.471156970398892,7.370612101688986
2026-01-31 06:10:00,7.437508333333333,-16.706666666666663,6.9406801245350875,6.402329962069395,7.473545406553787,7.207112765544437
2026-01-31 07:10:00,6.641575,-15.920833333333333,7.005555681799728,6.264285346231578,7.782609952914665,7.394082817357196
2026-01-31 08:10:00,7.043383333333332,-13.973333333333334,6.682534730606444,5.865642769632507,7.379090655700851,7.030812693153647
2026-01-31 09:10:00,6.359866666666667,-12.87,6.07505299251009,5.689185443266367,7.031837757561267,6.553445375035679
2026-01-31 10:10:00,6.9366166666666675,-10.920833333333334,5.265416536693345,5.206019112923251,5.952904809903748,5.609160673298547
2026-01-31 11:10:00,4.251025,-9.574166666666667,3.7423630647638317,4.890171185901039,4.2847667064780826,4.013564885620957
2026-01-31 12:10:00,3.3228166666666663,-8.611666666666666,3.1578885264090917,4.666816938159088,3.656098044609652,3.4069932855093716
2026-01-31 13:10:00,2.9221083333333335,-8.490833333333333,3.61162792796154,4.618792358506758,3.2955684555201343,3.453598191740837
2026-01-31 14:10:00,4.878191666666666,-9.675833333333333,5.107705255273265,4.85713574649009,4.581095440685862,4.844400347979564
2026-01-31 15:10:00,4.560708333333333,-10.87,5.118896008278216,4.953581850775546,5.234342522116748,5.176619265197482
2026-01-31 16:10:00,6.818583333333333,-12.194999999999999,6.3744748362632,5.294550497991233,5.924852508619561,6.149663672441381
2026-01-31 17:10:00,6.692041666666667,-13.338333333333333,6.16252388685874,5.555072556350593,6.487827004079681,6.325175445469211
2026-01-31 18:10:00,5.888374999999999,-14.041666666666666,5.5513664090646175,5.621050539120223,6.000184422777156,5.7757754159208865
2026-01-31 19:10:00,4.348858333333333,-14.90333333333333,4.9089129420332736,5.702485052150409,4.625580226081857,4.767246584057565
2026-01-31 20:10:00,4.648041666666666,-15.157499999999999,5.2813932289854595,5.797245014133807,5.472827611273492,5.377110420129476
2026-01-31 21:10:00,5.242166666666667,-15.625833333333334,5.699348234295284,5.911432369996489,6.103133131700219,5.901240682997752
2026-01-31 22:10:00,6.666541666666666,-16.903333333333336,6.246545021088376,6.080840421290809,6.175439147392709,6.210992084240543
2026-01-31 23:10:00,7.297483333333333,-17.036666666666665,6.724765217788381,6.11128970965065,6.894924004997384,6.809844611392883
2026-02-01 00:10:00,5.497199999999999,-18.135,6.165651866960895,6.33262088500291,6.0138319033221155,6.089741885141505
2026-02-01 01:10:00,6.743591666666667,-19.37833333333333,6.549013520366817,6.588145100885074,6.342944155110235,6.445978837738526
2026-02-01 02:10:00,7.0410666666666675,-19.379166666666666,6.987091295732847,6.589744727308275,7.165677869223985,7.076384582478416
2026-02-01 03:10:00,6.346350000000001,-19.883333333333333,6.692743916480562,6.691930405727295,6.361056620591559,6.52690026853606
2026-02-01 04:10:00,6.664691666666667,-19.10166666666667,6.563355788348798,6.551972246488215,6.551900372271198,6.557628080309998
2026-02-01 05:10:00,7.416158333333331,-19.75916666666667,7.037902976754922,6.682302829998942,6.514709681326864,6.776306329040893
2026-02-01 06:10:00,6.190383333333334,-19.897499999999997,6.246163364219575,6.694841874675014,5.7633428804625115,6.004753122341043
2026-02-01 07:10:00,6.0324583333333335,-19.24083333333333,6.757855394772761,6.559886725804272,6.739379634085151,6.748617514428956
2026-02-01 08:10:00,6.475391666666668,-15.13,6.3509460025077,5.71504694232792,6.182434748247752,6.266690375377726
2026-02-01 09:10:00,4.937708333333333,-11.473333333333334,6.040650729017868,5.08442144838012,6.32004939229098,6.180350060654424
2026-02-01 10:10:00,5.644791666666666,-8.647499999999999,5.196984888308638,4.513799275337557,4.808268681533764,5.002626784921201
2026-02-01 11:10:00,3.6482916666666667,-7.685833333333334,3.9382735204466908,4.286546602910444,3.4867821309980798,3.7125278257223853
2026-02-01 12:10:00,4.121733333333333,-6.764166666666667,4.418992258065565,4.128024507698602,4.30272332976521,4.360857793915388
2026-02-01 13:10:00,3.647491666666666,-5.995833333333334,3.976280215666042,4.002187994995258,3.4601942002408834,3.7182372079534627
2026-02-01 14:10:00,4.526541666666667,-6.394166666666667,4.413343035269514,4.034404653046762,4.315446642356334,4.364394838812924
2026-02-01 15:10:00,5.644983333333332,-7.175,5.040377460048094,4.192655960170011,4.908941459234452,4.974659459641273
2026-02-01 16:10:00,6.312841666666666,-8.676666666666668,5.529454359389307,4.441204933168132,5.042994659778635,5.28622450958397
2026-02-01 17:10:00,4.068633333333333,-9.625,5.085076947186675,4.629258244931512,5.0353224853791385,5.060199716282907
2026-02-01 18:10:00,5.234958333333332,-9.952499999999999,4.9518966946992276,4.768283021660138,4.630657904134258,4.791277299416743
2026-02-01 19:10:00,4.412958333333333,-10.375,4.807388435689144,4.818578229247529,4.785169017298243,4.796278726493693
2026-02-01 20:10:00,5.195991666666667,-10.555833333333334,5.231829455433251,4.900763882849776,4.859412935357689,5.04562119539547
2026-02-01 21:10:00,5.317024999999999,-11.505,5.420209908988729,5.018953078240401,5.583841257065302,5.502025583027015
2026-02-01 22:10:00,5.269816666666666,-12.448333333333332,5.782547348669639,5.267280690137105,6.040407935186839,5.911477641928239
2026-02-01 23:10:00,6.53195,-13.963333333333333,6.136696221244826,5.512143300612528,6.07529455184927,6.105995386547048
2026-02-02 00:10:00,5.774566666666665,-15.005833333333337,6.173030719247112,5.6949371514437335,6.283010408323386,6.228020563785249
2026-02-02 01:10:00,5.595916666666667,-16.171666666666667,5.997235590926459,5.9291255414249076,5.957394472836084,5.977315031881272
2026-02-02 02:10:00,5.527716666666666,-16.393333333333334,6.321304822725151,5.974681467312747,6.260898298649586,6.291101560687368
2026-02-02 03:10:00,6.276133333333334,-16.920833333333334,6.163831920633735,6.083090869895461,5.897792725715254,6.030812323174494
2026-02-02 04:10:00,4.811733333333333,-17.06416666666667,6.220698772311327,6.112548085131207,6.340261104355988,6.280479938333658
2026-02-02 05:10:00,7.379883333333332,-17.099999999999998,6.647259531199454,6.1199123889401426,6.866647235532475,6.756953383365964
2026-02-02 06:10:00,5.422466666666666,-17.958333333333332,6.47867085592078,6.30082039068101,6.357992994111431,6.418331925016105
2026-02-02 07:10:00,7.052033333333334,-15.93083333333334,6.289746773825289,5.879630569313685,6.416935496407222,6.353341135116255
2026-02-02 08:10:00,5.122216666666667,-10.320833333333335,5.009085594467766,4.833896070800606,5.191717873791201,5.100401734129484
2026-02-02 09:10:00,4.4770416666666675,-7.939166666666666,5.1654047523943385,4.408889172065023,4.881197305962515,5.023301029178427
2026-02-02 10:10:00,3.2193666666666667,-5.245,4.332002099713094,3.840759467228704,4.006710804300862,4.169356452006978
2026-02-02 11:10:00,2.4699,-3.1475000000000004,3.843511944532316,3.4191180084968122,3.3872352106342722,3.615373577583294
2026-02-02 12:10:00,2.419283333333333,-1.9208333333333334,3.4570734298731245,3.1869267223991646,3.4117707377330335,3.434422083803079
2026-02-02 13:10:00,2.069875,-1.0591666666666668,3.460654568878062,2.966769725087469,3.0204478970408615,3.2405512329594615
2026-02-02 14:10:00,3.0371666666666663,-1.8150000000000004,3.554372762409903,3.1124504734632947,3.5772788113460687,3.565825786877986
2026-02-02 15:10:00,4.350266666666666,-3.000833333333334,3.7821783027600473,3.29341817705928,4.0919996229954965,3.937088962877772
2026-02-02 16:10:00,4.554825000000001,-4.350833333333333,4.373955069342182,3.499761598872288,3.865008474248964,4.119481771795574
2026-02-02 17:10:00,3.544883333333333,-5.75,5.071344056198367,3.7943502122177537,4.342917651776457,4.707130853987412
2026-02-02 18:10:00,4.830575,-6.116666666666666,4.520753963548764,3.9471115504978393,3.986943012204116,4.25384848787644
2026-02-02 19:10:00,3.032466666666667,-6.36,4.276911618487237,4.028639664739318,3.6171246563048207,3.9470181373960287
2026-02-02 20:10:00,4.850675000000001,-8.375,4.048804473836566,4.330185273901639,4.203821005068422,4.126312739452494
2026-02-02 21:10:00,4.647516666666666,-9.574166666666667,4.5148493386878155,4.573237326184224,4.248263733693405,4.38155653619061
2026-02-02 22:10:00,4.368183333333333,-10.2875,4.735681075192006,4.763056705917624,4.798293261377662,4.7669871682848335
2026-02-02 23:10:00,4.49095,-10.749166666666667,5.312834123424706,4.8458047368571515,5.372420345100279,5.342627234262492
2026-02-03 00:10:00,5.320308333333332,-11.500833333333333,5.150233697688769,4.971490386189115,5.372019146735374,5.2611264222120715
2026-02-03 01:10:00,5.137416666666667,-12.435000000000002,5.19066209619015,5.161182790744192,4.655990283208436,4.923326189699293
2026-02-03 02:10:00,4.165633333333333,-13.036666666666667,5.32117813467183,5.284834589582612,5.230353258411256,5.2757656965415425
2026-02-03 03:10:00,6.308391666666666,-14.082500000000001,5.684819992260096,5.4997695030759886,5.62646683120544,5.655643411732768
2026-02-03 04:10:00,5.014999999999999,-14.472499999999998,4.986340707893739,5.5799205305779,5.004147401812034,4.995244054852886
2026-02-03 05:10:00,4.211491666666666,-15.252500000000003,5.444944687350865,5.7402225855817255,5.299594317803362,5.372269502577113
2026-02-03 06:10:00,6.3051,-15.864166666666668,5.77520284723584,5.865929538971477,5.851905254906992,5.813554051071415
2026-02-03 07:10:00,4.943466666666667,-14.529166666666669,5.326111581268386,5.591566406368777,5.958362222865476,5.642236902066931
2026-02-03 08:10:00,5.403733333333334,-8.074166666666667,4.949186957761185,4.316120278603194,4.7599301969035865,4.854558577332385
2026-02-03 09:10:00,4.836333333333333,-7.0225,4.412385458809932,4.132613779473424,4.485840982250466,4.449113220530199
2026-02-03 10:10:00,2.485875,-3.9716666666666662,4.016371016209854,3.530214625165858,3.788804612372641,3.9025878142912473
2026-02-03 11:10:00,2.7512999999999996,-2.7258333333333336,3.100994813308614,3.3433156534423754,3.045345669921394,3.0731702416150037
2026-02-03 12:10:00,3.2677333333333336,-1.3841666666666665,2.6952941032314413,3.0354067753569476,2.3646698716177035,2.5299819874245726
2026-02-03 13:10:00,1.9024999999999999,-0.365,3.041494158021764,2.8092814506228674,2.330687389101693,2.6860907735617285
2026-02-03 14:10:00,2.649716666666667,-0.38000000000000006,3.4068095640033804,2.7555176615860697,3.2899549214160695,3.348382242709725
2026-02-03 15:10:00,4.186116666666666,-1.9716666666666665,3.869214992367993,3.0116164877578906,3.523564099213007,3.6963895457905
2026-02-03 16:10:00,3.787075,-4.444166666666666,4.442489705266457,3.518943041351378,3.9249827138016826,4.18373620953407
2026-02-03 17:10:00,2.9297416666666667,-6.4624999999999995,3.6182979354671003,3.9337417349617017,3.2205444143778417,3.419421174922471
2026-02-03 18:10:00,3.3553333333333333,-8.528333333333334,3.479494251325925,4.358302412690849,3.7095406111852096,3.594517431255567
2026-02-03 19:10:00,3.848583333333333,-10.769166666666665,4.318818045689205,4.818828295068289,4.708391323733069,4.513604684711137
2026-02-03 20:10:00,2.4886000000000004,-12.1625,4.045440104560497,5.10517982922042,4.438327940675562,4.241884022618029
2026-02-03 21:10:00,5.031766666666666,-13.176666666666668,4.634250532086269,5.313606753301247,5.107943040956385,4.871096786521327
2026-02-03 22:10:00,4.732633333333333,-13.838333333333336,5.132820692101772,5.4495894794476545,5.024808924666339,5.078814808384056
2026-02-03 23:10:00,4.899958333333333,-14.745,5.465599415471738,5.635923492101672,5.470498875031314,5.468049145251526
2026-02-04 00:10:00,4.777316666666667,-15.819999999999999,5.372445878867459,5.856852606369763,5.053905350204541,5.213175614536
2026-02-04 01:10:00,5.92,-16.3,5.750255145383545,5.955500024833656,5.8518188409690035,5.801036993176274
2026-02-04 02:10:00,4.273816666666667,-15.904166666666667,5.605455306996348,5.874150157176801,5.448307977603827,5.526881642300088
2026-02-04 03:10:00,5.566966666666666,-15.167499999999999,5.808205707032272,5.722753771895411,5.741215933609134,5.774710820320703
2026-02-04 04:10:00,5.152466666666665,-14.509166666666667,5.9696522808411405,5.587456097266115,5.983113916944031,5.976383098892586
2026-02-04 05:10:00,5.53825,-13.500833333333333,5.485775709867884,5.38022801334023,5.228699637947596,5.35723767390774
2026-02-04 06:10:00,4.524566666666666,-13.079166666666666,5.6498783972746445,5.293568996425769,5.612062867062309,5.630970632168477
2026-02-04 07:10:00,6.743549999999999,-12.134166666666667,5.543993688312949,5.099356891324982,5.851009052011279,5.697501370162114
2026-02-04 08:10:00,3.1017166666666665,-8.397499999999999,4.077471971803627,4.332449356195255,3.6303165960605384,3.8538942839320827
2026-02-04 09:10:00,4.1872,-5.423333333333333,4.291061625171886,3.7400868817464388,4.269355125154448,4.280208375163166
2026-02-04 10:10:00,4.9078,-3.2933333333333334,4.425711837326397,3.29992240703729,3.666321387544673,4.046016612435535
2026-02-04 11:10:00,10.017033333333334,-1.9783333333333335,4.272567342060081,3.0897775099387936,3.950088102295277,4.111327722177679
2026-02-04 12:10:00,2.5349999999999997,-1.2116666666666667,4.12548335247972,2.9922525405475553,2.574355304441447,3.3499193284605835
2026-02-04 13:10:00,3.9345749999999993,-0.48500000000000004,3.1575520865812536,2.8153690469538133,2.5589033955607063,2.85822774107098
2026-02-04 14:10:00,2.8322583333333333,-1.3708333333333336,3.366312813193118,3.0020612337668102,2.8907279870448406,3.1285204001189792
2026-02-04 15:10:00,4.032299999999999,-2.328333333333333,3.433694532494138,3.1929627036115726,3.5363342301007576,3.485014381297448
2026-02-04 16:10:00,3.8780416666666664,-3.5316666666666667,4.03003564914726,3.448403286140034,4.123323922219104,4.076679785683182
2026-02-04 17:10:00,4.4027916666666655,-4.6675,4.378030871917318,3.714196163541626,4.185569049014382,4.28179996046585
2026-02-04 18:10:00,4.653783333333333,-5.81,4.076404772071242,3.9451160764596325,4.321390626681206,4.198897699376223
2026-02-04 19:10:00,2.7803666666666667,-6.219166666666666,4.133854998333602,4.029604680059994,4.219382947937743,4.176618973135673
2026-02-04 20:10:00,6.280816666666666,-7.426666666666667,4.682795565090401,4.1403714552876725,4.571814926523762,4.627305245807081
2026-02-04 21:10:00,5.677383333333332,-7.715833333333332,4.542024487561364,4.333689288658295,4.6746709258033405,4.608347706682352
2026-02-04 22:10:00,4.38175,-8.375,4.463033496338957,4.375367241741665,4.410978465452025,4.437005980895491
2026-02-04 23:10:00,5.0763083333333325,-8.8375,4.359815952090512,4.4724427496786445,4.303435017283147,4.33162548468683
2026-02-05 00:10:00,4.089875,-8.56,4.496530194621289,4.533345514265067,4.227112950543646,4.361821572582468
2026-02-05 01:10:00,4.514125,-8.795833333333334,4.6425418129830645,4.495939793261707,4.819245760827239,4.730893786905152
2026-02-05 02:10:00,5.015325,-9.450000000000001,4.6045574901810395,4.572360435235435,4.514332590358733,4.559445040269886
2026-02-05 03:10:00,4.341975,-10.44,4.766809318893239,4.7536371588711415,4.974160954287528,4.870485136590384
2026-02-05 04:10:00,4.8755,-11.045833333333333,4.693446263651921,4.875687570988449,5.007651606979062,4.850548935315492
2026-02-05 05:10:00,4.527116666666666,-10.319166666666666,4.934263231121333,4.72634634025839,4.34332000509409,4.638791618107712
2026-02-05 06:10:00,5.209433333333333,-8.134166666666667,4.733732457993089,4.30967622446916,4.359420766458176,4.546576612225632
2026-02-05 07:10:00,6.0376416666666675,-7.504166666666666,4.18224803947894,4.156545935960224,3.561209871651737,3.871728955565338
2026-02-05 08:10:00,8.053908333333332,-6.8475,4.625702884014422,4.094071404944252,4.54565546410737,4.585679174060896
2026-02-05 09:10:00,4.2131,-5.995,4.736947936928937,3.9957207042328795,4.576606146052305,4.656777041490621
2026-02-05 10:10:00,2.3606833333333337,-4.0225,3.657119714467318,3.652799165712048,3.6988781193396143,3.677998916903466
2026-02-05 11:10:00,3.533275,-3.7550000000000003,2.7722858265797967,3.6534629191647463,2.797088280192068,2.784687053385932
2026-02-05 12:10:00,3.8230500000000003,-3.2275000000000005,3.2028375803074374,3.432571871879244,3.44137887852847,3.3221082294179536
2026-02-05 13:10:00,3.808958333333333,-4.0233333333333325,3.7078358032421543,3.708997723265882,3.7225250513501114,3.715180427296133
2026-02-05 14:10:00,2.9879083333333334,-4.240833333333334,3.8777185014817928,3.723866253636069,3.7580759086255626,3.8178972050536775
2026-02-05 15:10:00,3.1927250000000003,-5.773333333333333,4.0637372869504675,4.000678823355833,4.513297662024826,4.288517474487646
2026-02-05 16:10:00,5.292741666666666,-7.495833333333334,4.390113535966478,4.207746950015202,4.296525279396664,4.343319407681571
2026-02-05 17:10:00,5.429491666666666,-9.648333333333333,4.869555468696528,4.675639093074788,4.973396545754331,4.921476007225429
2026-02-05 18:10:00,4.475791666666666,-10.5425,4.517453893496186,4.871890805575405,4.611689730345126,4.564571811920656
2026-02-05 19:10:00,4.010758333333333,-11.478333333333333,5.269300357096562,5.040818249738401,5.345560729427435,5.307430543261999
2026-02-05 20:10:00,5.235766666666667,-12.63,5.563823989231411,5.219237699439689,5.5913425364696545,5.577583262850533
2026-02-05 21:10:00,5.972641666666666,-13.209166666666668,4.524659684165974,5.415497919649594,4.899486554227673,4.712073119196823
2026-02-05 22:10:00,3.8394333333333335,-15.597499999999997,4.618443347035158,5.814033054589469,4.161508342497265,4.389975844766211
2026-02-05 23:10:00,6.4378166666666665,-16.505,5.836703811593199,5.997630693135943,5.496080768986997,5.666392290290098
2026-02-06 00:10:00,6.14325,-17.14916666666667,5.6085468332619515,6.130016898817521,5.7041100224809265,5.656328427871439
2026-02-06 01:10:00,4.712083333333333,-18.400000000000002,5.674054688117283,6.387082480613184,5.334054530768261,5.504054609442772
2026-02-06 02:10:00,6.532916666666666,-20.14833333333333,6.062796361513188,6.7463920013375684,6.045220859390775,6.054008610451982
2026-02-06 03:10:00,4.88765,-21.38083333333334,6.158322457443448,6.999689799789126,5.376250693770339,5.767286575606893
2026-02-06 04:10:00,6.132366666666666,-22.37,6.628042099454388,7.202978837491624,6.252153277522196,6.440097688488292
2026-02-06 05:10:00,7.1023249999999996,-23.725833333333327,7.104116838712842,7.481623542076262,6.692928220576646,6.898522529644744
2026-02-06 06:10:00,7.189925000000001,-24.277500000000003,6.531314580117122,7.594999568158029,6.400315585100077,6.4658150826086
2026-02-06 07:10:00,6.827608333333333,-22.596666666666668,6.558330152782364,7.24956234065513,5.510988943818533,6.034659548300448
2026-02-06 08:10:00,6.005391666666666,-18.254166666666666,6.497206762699154,6.357111476739606,6.467143308467302,6.482175035583228
2026-02-06 09:10:00,6.780891666666666,-14.37,6.183640330149553,5.64409207758546,6.2203087207127625,6.201974525431158
2026-02-06 10:10:00,4.5957333333333334,-10.44,5.522980438552215,4.8368018951441725,5.19800684829518,5.360493643423698
2026-02-06 11:10:00,4.972391666666666,-8.958333333333334,4.8406929642624705,4.5918726080498224,5.0910199538627445,4.965856459062607
2026-02-06 12:10:00,3.8430333333333326,-7.55,3.4914781278801734,4.29517588299886,3.1854149140462567,3.338446520963215
2026-02-06 13:10:00,4.237716666666667,-6.724166666666666,4.351715232354345,4.124622417849934,4.344397932098305,4.3480565822263255
2026-02-06 14:10:00,4.038291666666667,-6.795833333333333,4.286923191325971,4.096655863001719,4.316322079311262,4.301622635318616
2026-02-06 15:10:00,5.697716666666666,-7.096666666666667,5.572570117579596,4.085343577788899,5.086733779011549,5.329651948295572
2026-02-06 16:10:00,4.749258333333333,-8.8925,4.5830811602344275,4.4331442909351555,4.248088543881465,4.415584852057947
2026-02-06 17:10:00,6.39655,-11.1725,5.3189878337859815,4.901719528638642,5.382832668354689,5.350910251070335
2026-02-06 18:10:00,5.280924999999999,-13.230000000000002,5.0448211033506,5.324567577575014,5.045856038767153,5.045338571058876
2026-02-06 19:10:00,3.8703333333333334,-15.467500000000001,5.422253038117739,5.784408408435343,5.657166098358698,5.5397095682382185
2026-02-06 20:10:00,5.47705,-17.673333333333332,5.861943653294759,6.237741249883125,5.605140754086204,5.733542203690481
2026-02-06 21:10:00,6.931591666666667,-18.361666666666668,6.479201255287248,6.379204388166415,6.101753026523643,6.290477140905446
2026-02-06 22:10:00,6.221141666666666,-19.254166666666666,6.1939349792066345,6.562626931872714,6.177494836694878,6.185714907950756
2026-02-07 00:10:00,6.316633333333332,-20.463333333333335,6.178221432047211,6.7727060896518925,6.151569430448262,6.164895431247737
2026-02-07 01:10:00,7.340699999999999,-19.570833333333333,6.115427890636052,6.589781295784647,5.842020224291342,5.9787240574636975
2026-02-07 02:10:00,4.893466666666667,-18.5925,6.36039279215973,6.390153239333872,5.7186825550776605,6.039537673618695
2026-02-07 03:10:00,5.976566666666667,-17.583333333333332,6.114500543092131,6.184233668327152,6.41014324704706,6.262321895069595
2026-02-07 04:10:00,7.15055,-17.221666666666668,5.992506035780373,6.110435902995264,5.824235318917335,5.908370677348854
2026-02-07 05:10:00,5.514608333333333,-17.124166666666667,6.064668533038725,6.090541113723765,5.665593944660984,5.865131238849855
2026-02-07 06:10:00,6.712816666666667,-16.429999999999996,6.270587656694959,5.948897015748043,6.190299247241745,6.230443451968352
2026-02-07 07:10:00,5.588741666666667,-15.8375,5.788500651591014,5.827997911713545,5.740391503365498,5.764446077478256
2026-02-07 08:10:00,5.295841666666666,-11.934166666666664,5.410186317831234,5.031526177117776,5.391040328928608,5.400613323379921
2026-02-07 09:10:00,4.553575,-7.801666666666667,5.152718407567546,4.2691188479302005,5.340147572674322,5.246432990120934
2026-02-07 10:10:00,5.4959999999999996,-5.377499999999999,4.4093338448942,3.801868286136735,4.3018977911340395,4.35561581801412
2026-02-07 11:10:00,3.9089916666666666,-3.8183333333333334,3.818492475396072,3.506198620172733,3.3372057376674946,3.577849106531783
2026-02-07 12:10:00,2.4209916666666667,-2.886666666666667,3.0426512784631274,3.261528218196877,2.472177378799842,2.7574143286314845
2026-02-07 13:10:00,2.8527750000000003,-3.4433333333333334,3.751629859304707,3.4088702377222733,3.710444531679721,3.731037195492214
2026-02-07 14:10:00,4.776591666666667,-3.6675,3.9676578267179563,3.3775925643258713,3.7189875434097677,3.843322685063862
2026-02-07 15:10:00,3.274558333333333,-4.659166666666667,3.7588788017625103,3.57258444812678,3.08813041392631,3.4235046078444102
2026-02-07 16:10:00,5.5191333333333334,-5.575,4.581982566423855,3.740497534463723,4.527954867293742,4.554968716858799
2026-02-07 17:10:00,4.7134,-6.1575,4.858438014152651,3.854361847094507,4.728083188210184,4.793260601181418
2026-02-07 18:10:00,5.041333333333333,-6.343333333333334,4.371801626596876,3.896006493035276,4.043201684141815,4.207501655369345
2026-02-07 19:10:00,4.605933333333333,-6.551666666666667,4.842784097483583,3.9348099084311303,4.459713594327798,4.651248845905691
2026-02-07 20:10:00,4.732525,-6.612500000000001,4.179425281054337,3.9669895128959225,4.186919645533882,4.18317246329411
2026-02-07 21:10:00,4.672008333333333,-6.704166666666667,4.563129518347565,3.979211271636319,4.2129746388276175,4.388052078587592
2026-02-07 22:10:00,5.370024999999999,-7.300833333333333,5.003751076561769,4.153999677626692,4.932976693274107,4.968363884917938
2026-02-07 23:10:00,5.0168333333333335,-9.034166666666668,4.70841511196908,4.528842190545858,4.913064335470528,4.810739723719804
2026-02-08 00:10:00,4.410266666666666,-10.250833333333334,4.979474759506593,4.801130953366473,5.216289204280632,5.097881981893613
2026-02-08 01:10:00,6.562366666666668,-11.467500000000001,5.103617581275967,5.054822873772943,5.7141576053925975,5.408887593334282
2026-02-08 02:10:00,3.9907166666666662,-12.292499999999999,5.015579985032667,5.208159252847152,4.637731455729528,4.826655720381098
2026-02-08 03:10:00,6.29325,-12.735833333333332,5.395696865479578,5.312790763142203,5.840347502614856,5.618022184047216
2026-02-08 04:10:00,5.695808333333334,-13.379999999999997,5.663944051104041,5.410055543969203,5.868679699367781,5.76631187523591
2026-02-08 05:10:00,6.428033333333333,-13.94,5.499999848574467,5.594720547270859,5.668375800792746,5.584187824683607
2026-02-08 06:10:00,6.281024999999999,-14.235,5.820188508368583,5.668139749444472,6.156504204992701,5.988346356680642
2026-02-08 07:10:00,6.152174999999999,-13.225833333333334,5.687276251963095,5.470917814704497,6.362414270115622,6.024845261039358
2026-02-08 08:10:00,6.8280666666666665,-11.125,5.31222750453429,5.048306548048974,5.993652502692152,5.652940003613221
2026-02-08 09:10:00,4.829816666666667,-10.916666666666666,4.941283525915424,5.033226163592562,5.4617969650047975,5.2015402454601105
2026-02-08 10:10:00,5.577858333333333,-8.744166666666667,4.760925947756583,4.532187343912363,5.283888491434163,5.022407219595372
2026-02-08 11:10:00,3.2813749999999997,-7.146666666666667,3.6257847259461395,4.204003116012974,3.2970859531508254,3.4614353395484825
2026-02-08 12:10:00,3.284275,-5.7225,3.3688994864548434,3.902678362217367,3.4383760252959057,3.4036377558753745
2026-02-08 13:10:00,1.9743166666666663,-5.5058333333333325,2.950971085924834,3.8875351426363958,2.8057988679213723,2.878384976923103
2026-02-08 14:10:00,3.5473166666666662,-6.815,3.826188521033058,4.115068744228411,4.379188925179736,4.102688723106397
2026-02-08 15:10:00,3.934241666666667,-7.616666666666667,4.240331075862908,4.2562550637329375,4.761313609327972,4.50082234259544
2026-02-08 16:10:00,5.028675,-9.135,5.223091840172352,4.613101342690949,5.808149632009477,5.515620736090915
2026-02-08 17:10:00,7.0060916666666655,-10.648333333333333,5.563155480861445,4.957404637169743,5.866962295024516,5.7150588879429804
2026-02-08 18:10:00,3.8911083333333334,-12.217500000000001,5.230317618357393,5.30842572019355,5.476245021506194,5.353281319931794
2026-02-08 19:10:00,5.592416666666667,-13.648333333333333,4.979724513596807,5.580968219518494,5.352064753124932,5.165894633360869
2026-02-08 20:10:00,5.554199999999999,-14.574166666666665,5.19107224607393,5.767255389549818,4.928117419630852,5.059594832852391
2026-02-08 21:10:00,6.441683333333333,-14.862499999999999,6.1226895550652936,5.859145438615648,6.753296055267811,6.4379928051665525
2026-02-08 22:10:00,4.488758333333333,-15.023333333333332,6.442659849171639,5.824043924069879,7.2114237366805645,6.827041792926101
2026-02-08 23:10:00,7.3570166666666665,-15.263333333333335,5.570489804269208,5.868968270244741,6.37865005536787,5.974569929818539
2026-02-09 00:10:00,5.740375,-15.574166666666665,6.777857067384231,5.97333834172218,7.077299713557047,6.927578390470639
2026-02-09 01:10:00,7.830858333333332,-15.834166666666667,7.4825725610461635,6.03333161881457,7.481467388520366,7.482019974783265
2026-02-09 02:10:00,7.062083333333333,-16.0,7.906894614452563,6.0377057439792985,7.701783113826913,7.804338864139738
2026-02-09 03:10:00,8.5881,-15.752500000000003,7.306414755309795,5.9767281166586095,7.624414220526373,7.465414487918084
2026-02-09 04:10:00,7.335516666666665,-15.644166666666669,7.003091843672568,5.920213869478601,6.573926997162575,6.788509420417571
2026-02-09 05:10:00,8.451291666666666,-15.652499999999998,7.333433823267963,5.891447264187491,7.490587898355665,7.412010860811813
2026-02-09 06:10:00,7.430658333333334,-15.75,7.749109429858985,5.951409421163996,7.554507245723071,7.651808337791028
2026-02-09 07:10:00,7.982616666666666,-14.414999999999997,6.767895845650008,5.741895424667891,7.533460897256668,7.150678371453338
2026-02-09 08:10:00,7.4561416666666664,-12.412500000000001,5.965893865271131,5.374257098709193,6.020890912596029,5.99339238893358
2026-02-09 09:10:00,6.686191666666667,-11.074166666666665,5.637091931183838,5.096885626544998,5.92687290788068,5.781982419532259
2026-02-09 10:10:00,3.8258916666666667,-8.030833333333332,4.299099174428354,4.439040820120045,4.203780031749748,4.251439603089051
2026-02-09 11:10:00,3.974491666666666,-5.573333333333334,3.8289359200878352,3.9109617599041164,4.148594524914037,3.988765222500936
2026-02-09 12:10:00,4.757225,-3.9291666666666667,3.49334231809358,3.5788096788737045,3.7864913083029896,3.639916813198285
2026-02-09 13:10:00,3.0265583333333335,-3.01,3.759101134789712,3.3680067242046916,3.6435481509041248,3.7013246428469184
2026-02-09 14:10:00,3.1963666666666666,-3.9341666666666666,3.7801216324229756,3.5587202061719307,3.636117751164578,3.708119691793777
2026-02-09 15:10:00,4.726391666666666,-4.420833333333333,4.358170345851198,3.6281459447514166,4.561222734121734,4.459696539986465
2026-02-09 16:10:00,5.788649999999999,-5.2875000000000005,4.664673198738619,3.7951865166449625,4.78316910101488,4.72392114987675
2026-02-09 17:10:00,5.906391666666666,-6.805,4.831221305149159,4.10650184727029,4.955275664004108,4.893248484576633
2026-02-09 18:10:00,4.083816666666666,-7.8374999999999995,4.528514510804654,4.3007159075372225,4.092346012393252,4.3104302615989525
2026-02-09 19:10:00,6.150416666666667,-8.62,4.583732355488265,4.49310179405942,5.089189014506509,4.8364606849973875
2026-02-09 20:10:00,6.521133333333333,-9.209166666666667,4.978129001610834,4.598527710959982,4.999800517031134,4.988964759320984
2026-02-09 21:10:00,4.021575,-10.147499999999999,4.8081837480384,4.778173705927353,4.665798642309483,4.736991195173941
2026-02-09 22:10:00,6.234383333333333,-11.009166666666665,4.5176725302304614,4.979943947269636,4.937056205005684,4.7273643676180725
2026-02-09 23:10:00,5.374608333333334,-11.586666666666666,4.672112119212513,5.053495473723063,5.108583376788103,4.890347748000308
2026-02-10 00:10:00,5.263475000000001,-12.0,5.251067272544334,5.116616784553268,5.577354361298918,5.414210816921626
2026-02-10 01:10:00,5.963508333333333,-12.153333333333336,5.037068976288035,5.174175942285486,5.373328832811397,5.205198904549716
2026-02-10 02:10:00,5.19395,-12.44,5.22092556913878,5.224858286241271,5.140950908836405,5.180938238987593
2026-02-10 03:10:00,6.107549999999999,-13.148333333333332,5.501653459492607,5.320661031403467,5.923270205070917,5.712461832281762
2026-02-10 04:10:00,5.153999999999999,-13.5875,5.833519597494491,5.378628838448351,6.41340869960943,6.12346414855196
2026-02-10 05:10:00,6.985283333333332,-13.759166666666665,5.53541906796561,5.433128474072045,5.631569169868624,5.583494118917117
2026-02-10 06:10:00,7.384391666666668,-14.509166666666667,5.551915934532257,5.556952663006104,5.812580272035398,5.682248103283827
2026-02-10 07:10:00,5.470291666666666,-11.975833333333334,5.264922381893859,5.114627732068405,6.166407951805341,5.7156651668496
2026-02-10 08:10:00,5.067025,-9.156666666666666,4.536932386570995,4.55883140336231,4.316325525115646,4.42662895584332
2026-02-10 09:10:00,4.6526,-7.25,4.085926441652814,4.153496787534253,4.555877625106987,4.3209020333799
2026-02-10 10:10:00,1.556158333333333,-3.9858333333333333,2.933161380264188,3.4957092782819865,2.1979429834003983,2.565552181832293
2026-02-10 11:10:00,2.760491666666666,-1.5241666666666667,2.3183558494134044,2.957784103693247,2.082032173045052,2.200194011229228
2026-02-10 12:10:00,2.053983333333333,0.19833333333333333,2.0539569221777847,2.597335088885086,1.6324320417527445,1.8431944819652646
2026-02-10 13:10:00,1.6712833333333335,1.7924999999999998,2.688905320447893,2.26568149027312,2.703556774957265,2.696231047702579
2026-02-10 14:10:00,2.656133333333333,0.6016666666666666,3.3817042039041088,2.4913657068926622,3.175590257822083,3.278647230863096
2026-02-10 15:10:00,3.558116666666667,-1.5741666666666667,3.6189654663813773,2.918967326303253,3.4859359068317586,3.552450686606568
2026-02-10 16:10:00,3.8117583333333336,-3.940833333333334,3.7243212014874447,3.400493538722685,4.183848773106912,3.954084987297178
2026-02-10 17:10:00,4.735925,-5.413333333333334,4.211254831800817,3.700955869002515,4.171700125434849,4.191477478617832
2026-02-10 18:10:00,2.918625,-6.125,3.7106943527449125,3.8461708265910683,3.41938861118503,3.565041481964971
2026-02-10 19:10:00,4.471191666666667,-7.333333333333333,3.803471579371213,4.09273018081051,4.324047730330657,4.0637596548509345
2026-02-10 20:10:00,4.649849999999999,-7.915833333333333,4.41125365404961,4.2115887936376755,4.564279896671602,4.4877667753606065
2026-02-10 21:10:00,4.491783333333333,-7.473333333333333,4.517568660863469,4.121297057713177,4.2736566833034555,4.3956126720834625
2026-02-10 22:10:00,4.819341666666666,-6.916666666666667,4.622692655766014,4.007709713838289,3.68602196027572,4.154357308020867
2026-02-10 23:10:00,4.0992,-6.0008333333333335,4.688846755831201,3.841136957344873,4.542657536481434,4.615752146156318
2026-02-11 00:10:00,4.002841666666667,-5.711666666666666,4.132419417628893,3.763510999078795,4.070170661895224,4.101295039762059
2026-02-11 01:10:00,5.088966666666666,-5.715833333333332,4.517142214232601,3.7660016005416517,4.820945483078481,4.669043848655541
2026-02-11 02:10:00,3.886183333333333,-5.559166666666666,4.463158320967508,3.73689185784344,3.580834716450764,4.021996518709136
2026-02-11 03:10:00,4.305225,-5.360833333333333,4.431971004224107,3.6938961810486997,4.6000004865323945,4.51598574537825
2026-02-11 04:10:00,2.8387249999999997,-5.1475,3.9611504132048845,3.6472191110477223,3.256699649086166,3.6089250311455254
2026-02-11 05:10:00,5.4397166666666665,-5.206666666666666,4.315774309696283,3.6587857173842933,4.192211667459494,4.253992988577888
2026-02-11 06:10:00,3.393499999999999,-5.148333333333333,4.377673107850134,3.646882852008182,3.2357628638604945,3.806717985855314
2026-02-11 07:10:00,4.39445,-4.709166666666667,3.9953830331653757,3.557271279819461,3.8713376025112405,3.933360317838308
2026-02-11 08:10:00,3.464166666666666,-3.6341666666666668,4.131971158683921,3.33791847503113,4.2832085549289065,4.207589856806414
2026-02-11 09:10:00,3.790083333333333,-2.796666666666667,3.8075031716282064,3.1670273364169654,3.706728241711044,3.7571157066696252
2026-02-11 10:10:00,4.120566666666667,-2.328333333333333,3.731799272598745,3.071464331540189,3.5356799353966464,3.6337396039976957
2026-02-11 11:10:00,2.7932666666666663,-1.6875,3.6128659282108857,2.9407028533369126,3.247963254721629,3.430414591466257
2026-02-11 12:10:00,3.419583333333333,-1.5691666666666668,3.212045442562816,2.916557040716802,2.867334865735247,3.0396901541490315
2026-02-11 13:10:00,2.6949666666666663,-0.685,3.6857391758187683,2.7397512176267504,3.282379286158974,3.484059230988871
2026-02-11 14:10:00,4.0402249999999995,-0.24083333333333332,3.585597016451679,2.6459108004072465,3.4283539120134208,3.50697546423255
2026-02-11 15:10:00,2.838883333333333,-1.2258333333333333,3.4574022244018052,2.8465001759316917,2.9987359636249193,3.228069094013362
2026-02-11 16:10:00,2.4920833333333334,-2.3741666666666665,3.5919165825717747,3.0808165829071332,3.5716692233598066,3.5817929029657907
2026-02-11 17:10:00,2.6146416666666665,-2.8200000000000003,3.3428998453791228,3.17178848256741,3.700907518397043,3.521903681888083
2026-02-11 18:10:00,2.6131916666666664,-3.0833333333333335,3.2696170743743123,3.225521417693854,2.8767449080663825,3.0731809912203474
2026-02-11 19:10:00,4.02085,-3.6758333333333333,3.2956574697088707,3.3464205217283522,3.000170443311877,3.147913956510374
2026-02-11 20:10:00,3.559808333333333,-3.615,4.273673401016751,3.334007533550408,3.80202544068774,4.037849420852245
2026-02-11 21:10:00,4.379191666666666,-3.519166666666667,4.396906134406117,3.3144528261467974,4.0873063705893244,4.24210625249772
2026-02-11 22:10:00,4.300241666666666,-4.254166666666667,4.230270188077585,3.4644289298857958,3.5112509995815753,3.87076059382958
2026-02-11 23:10:00,5.213866666666666,-4.088333333333334,4.428682926059271,3.4305907840308514,4.313088834464819,4.370885880262045
2026-02-12 00:10:00,3.4760833333333334,-3.75,3.7197801907141974,3.361554164849408,2.5441855021366897,3.1319828464254433
2026-02-12 01:10:00,3.852383333333333,-3.7449999999999997,3.877845074293813,3.360533919245741,3.996062856988898,3.9369539656413552
2026-02-12 02:10:00,3.958766666666666,-3.735,4.287138508220051,3.3584934280384076,4.181796629414611,4.234467568817331
2026-02-12 03:10:00,3.842624999999999,-3.7750000000000004,4.019778816717905,3.366655392867741,3.855248637859894,3.9375137272888994
2026-02-12 04:10:00,4.085991666666666,-3.856666666666666,4.165421973744867,3.383319404394296,4.144047116778574,4.154734545261721
2026-02-12 05:10:00,3.7427083333333333,-3.89,3.8302490096166126,3.390121041752074,3.5063339984146276,3.6682915040156203
2026-02-12 06:10:00,5.392691666666667,-3.894166666666667,4.240530915633261,3.3909712464217963,4.269627595175791,4.255079255404526
2026-02-12 07:10:00,3.388433333333333,-3.560833333333333,3.655271691401814,3.3229548728440195,2.6294818709862353,3.1423767811940246
2026-02-12 08:10:00,3.4083916666666663,-1.9900000000000002,3.255677015613411,3.0371634691657707,3.459296549401404,3.3574867825074075
2026-02-12 09:10:00,3.419625,-1.1849999999999998,3.4450381038140767,2.866581452503171,3.040214989879276,3.2426265468466764
2026-02-12 10:10:00,1.4337333333333333,-0.4025,3.088913195552821,2.7187883834738615,2.4700371045539073,2.779475150053364
2026-02-12 11:10:00,3.152833333333333,-0.2908333333333334,2.85224049700599,2.6896669031991913,2.9173785706329523,2.884809533819471
2026-02-12 12:10:00,2.9487083333333333,0.39916666666666667,2.8193042763578773,2.573531729722574,2.527249129760653,2.6732767030592655
2026-02-12 13:10:00,2.233033333333333,-0.6391666666666667,3.0124081837279006,2.8166441593529554,2.6458581791056206,2.8291331814167604
2026-02-12 14:10:00,2.2988833333333334,-1.1341666666666668,3.145520439864705,2.9053693262722198,3.2363618586422316,3.1909411492534683
2026-02-12 15:10:00,4.103141666666667,-1.8291666666666664,3.627734974483435,3.07246271959881,3.8334152502794105,3.730575112381423
2026-02-12 16:10:00,3.393816666666666,-3.0833333333333335,3.8882356764113637,3.3180583183163,4.173720972547946,4.030978324479655
2026-02-12 17:10:00,4.805408333333333,-3.9125,4.15923928280418,3.504694727507797,4.244392082334988,4.201815682569585
2026-02-12 18:10:00,2.289191666666667,-4.508333333333333,3.998811010259474,3.6223243892554517,3.7708475764765264,3.884829293368
2026-02-12 19:10:00,3.6601166666666667,-5.245,3.5839991607073753,3.792408199212847,4.297158768761687,3.940578964734531
2026-02-12 20:10:00,3.8564249999999998,-6.1625000000000005,3.8995821718306933,3.9920584635840575,4.2814142547712395,4.090498213300966
2026-02-12 21:10:00,4.087733333333333,-7.1308333333333325,4.4959646924658,4.200447439350251,5.001874029660818,4.748919361063309
2026-02-12 22:10:00,3.9080333333333335,-7.875,4.4045194105761185,4.320774329255939,4.955745143946087,4.680132277261103
2026-02-12 23:10:00,3.4459083333333327,-8.588333333333333,3.8578702269219325,4.445759594505095,3.7974563118823674,3.8276632694021497
2026-02-13 00:10:00,4.807041666666667,-9.2925,4.678436781099662,4.608320423546597,5.172987227415705,4.925712004257683
2026-02-13 01:10:00,5.531616666666667,-9.943333333333333,5.397803139975363,4.670694516747647,5.665820817437356,5.53181197870636
2026-02-13 02:10:00,4.836916666666666,-9.351666666666667,5.031501198318225,4.622875001977389,4.716163607616549,4.873832402967388
2026-02-13 03:10:00,5.4183916666666665,-10.352500000000001,5.026748433722322,4.739570968444064,5.0227497909484,5.0247491123353605
2026-02-13 04:10:00,5.3233500000000005,-10.906666666666666,4.947148374124306,4.839239615548695,4.768235445084428,4.857691909604367
2026-02-13 05:10:00,4.803108333333332,-11.838333333333333,5.10516833076171,5.022948627735594,5.452878046579083,5.279023188670397
2026-02-13 06:10:00,4.9913333333333325,-12.885,5.182126286637703,5.225542882748385,5.5466353194652855,5.364380803051494
2026-02-13 07:10:00,5.628025,-10.674999999999999,4.769606530958377,4.839861206013844,4.7934444860572185,4.781525508507798
2026-02-13 08:10:00,5.348916666666666,-7.546666666666667,5.195707852413912,4.295136617118157,5.33294140628694,5.264324629350426
2026-02-13 09:10:00,5.548291666666665,-5.995,4.515120987168167,3.9863109828988996,4.011838903896413,4.26347994553229
2026-02-13 10:10:00,2.155866666666667,-4.021666666666667,3.9715609057764936,3.5837514806712467,3.724456988691502,3.848008947233998
2026-02-13 11:10:00,0.8782333333333332,-2.19,2.506719576379962,3.1921522286567794,2.999280972727753,2.7530002745538575
2026-02-13 12:10:00,2.490241666666667,-1.4016666666666666,3.04681455290946,3.0075515058080162,2.9011796905908036,2.9739971217501315
2026-02-13 13:10:00,0.8633083333333333,-0.2166666666666667,2.3540519498021335,2.76419380645517,2.2753747010039396,2.3147133254030363
2026-02-13 14:10:00,1.7560833333333332,-0.9108333333333333,2.4803138265772406,2.8949650725977922,2.3297131281849235,2.405013477381082
2026-02-13 15:10:00,2.283541666666667,-2.286666666666666,2.0908036471039013,3.1624890820862355,2.663681891263724,2.3772427691838125
2026-02-13 16:10:00,3.2109916666666667,-3.333333333333334,3.3587147382701024,3.386209814462823,3.3350937870788404,3.3469042626744714
2026-02-13 17:10:00,3.9592249999999996,-4.573333333333333,4.0517481110533,3.6241425649357923,4.047745766373176,4.049746938713238
2026-02-13 18:10:00,3.5432,-5.7825,3.943923105174726,3.872279649586553,3.902189808813818,3.923056456994272
2026-02-13 19:10:00,3.5524916666666666,-6.918333333333334,3.577487191797796,4.061024196306653,3.494221172639299,3.5358541822185474
2026-02-13 20:10:00,3.1354249999999992,-7.908333333333334,4.266643614017913,4.2525928733364315,4.797453139145498,4.532048376581706
2026-02-13 21:10:00,5.654425000000001,-8.189166666666667,4.575365619360668,4.360733822506382,5.095141615229754,4.835253617295211
2026-02-13 22:10:00,7.068083333333333,-8.036666666666667,4.406765581540101,4.344469242374672,4.318092469495617,4.362429025517859
2026-02-14 00:10:00,6.328891666666666,-7.903333333333333,5.112950467704802,4.356253287710964,5.347736661272964,5.230343564488883
2026-02-14 01:10:00,4.150016666666667,-7.781666666666667,4.850450467137058,4.325463048928565,4.252884767085365,4.551667617111212
2026-02-14 02:10:00,5.836574999999999,-8.624166666666666,4.848450545592849,4.418167206608953,5.159203251886083,5.003826898739466
2026-02-14 03:10:00,5.798858333333334,-9.8425,4.772383448942572,4.665966117926707,4.637331820903711,4.704857634923141
2026-02-14 04:10:00,5.0464,-10.513333333333334,5.117138979458023,4.746442449217752,5.133166872247426,5.125152925852724
2026-02-14 05:10:00,4.672883333333334,-12.676666666666668,5.259437622484674,5.195634318182647,5.523755959095358,5.391596790790016
2026-02-14 06:10:00,6.269675,-14.564166666666665,5.207660629108899,5.583177421052539,5.3893994127074984,5.298530020908199
2026-02-14 07:10:00,4.5353916666666665,-10.929166666666667,4.984944557950282,4.834510807537924,4.241608299888571,4.613276428919427
2026-02-14 08:10:00,5.6489,-5.240833333333334,4.789383982838855,3.7165023471628453,4.903135847917345,4.8462599153781
2026-02-14 09:10:00,3.408208333333333,-3.8466666666666662,4.1421490538901224,3.469808823477523,3.663084897068543,3.902616975479333
2026-02-14 10:10:00,3.290058333333333,-1.241666666666667,3.371066778491568,2.9006688780755763,2.9669480238671984,3.169007401179383
2026-02-14 11:10:00,1.9425833333333333,-0.2866666666666667,2.5483324943945034,2.704054667565624,2.1939959902061514,2.3711642423003276
2026-02-14 12:10:00,3.1104083333333334,-0.023333333333333307,2.814728177997702,2.633068425884526,3.064977339655331,2.9398527588265164
2026-02-14 13:10:00,2.9581166666666667,-0.08416666666666668,3.3121866197402365,2.6810349652166043,2.727111941375725,3.0196492805579807
2026-02-14 14:10:00,2.940941666666667,-0.7083333333333334,3.6716194120189014,2.780203106788475,3.4088289783359667,3.540224195177434
2026-02-14 15:10:00,3.2429499999999996,-1.5550000000000004,3.4453009445541363,2.9426295882480717,3.3706998561164787,3.4080004003353075
2026-02-14 16:10:00,3.54685,-2.8624999999999994,3.958586669364322,3.169095719689196,4.08737132559343,4.022978997478876
2026-02-14 17:10:00,3.1203833333333333,-3.2225,3.9995097395785058,3.268881473691585,4.076347751748584,4.037928745663545
2026-02-14 18:10:00,3.7694666666666663,-3.0283333333333338,4.02367949945004,3.247611623269862,4.135608495567471,4.0796439975087555
2026-02-14 19:10:00,4.77515,-3.5283333333333338,3.7184007757004287,3.3269406725720105,3.6533655227393873,3.685883149219908
2026-02-14 20:10:00,2.3582083333333332,-4.101666666666667,3.397636803443588,3.468566022432833,2.7821882498585713,3.0899125266510796
2026-02-14 21:10:00,3.59705,-5.338333333333334,2.6407371404502666,3.778559305887233,2.8486572994653674,2.744697219957817
2026-02-14 22:10:00,4.429058333333334,-5.829166666666667,4.097768891708333,3.84730462443397,4.027846410162995,4.062807650935664
2026-02-14 23:10:00,4.738133333333334,-6.550833333333333,4.635708605951399,3.9788586437227753,4.777750805777159,4.706729705864279
2026-02-15 00:10:00,4.7189,-7.1725,4.71540601974714,4.11349438219239,4.809807150047946,4.762606584897543
2026-02-15 01:10:00,4.985925,-8.2325,4.422519636942131,4.400163127208787,4.463214746344193,4.442867191643162
2026-02-15 02:10:00,5.294216666666666,-9.773333333333333,4.459204397302764,4.6767682752391675,4.940178091336858,4.69969124431981
2026-02-15 03:10:00,4.354283333333333,-11.134166666666667,4.084579421793974,4.928873828284598,4.494320656842448,4.289450039318211
2026-02-15 04:10:00,4.454908333333333,-12.291666666666666,4.916025635812429,5.113075487101853,5.232290843416355,5.074158239614392
2026-02-15 05:10:00,4.80315,-12.834166666666668,4.909242160821494,5.2249208983776505,4.897639428283499,4.9034407945524965
2026-02-15 06:10:00,5.96435,-13.245833333333335,5.095636031408068,5.309792838731328,5.457660293763786,5.276648162585927
2026-02-15 07:10:00,4.855591666666665,-11.481666666666667,5.202498631928406,5.046415221233355,5.448111018560806,5.325304825244606
2026-02-15 08:10:00,3.8735166666666667,-8.574166666666667,4.541168924509295,4.467016765389312,4.806623729040501,4.673896326774898
2026-02-15 09:10:00,5.555183333333333,-7.023333333333333,4.811331587006883,4.163607596057053,5.333243377813671,5.072287482410277
2026-02-15 10:10:00,2.621766666666667,-4.676666666666667,3.767861262796879,3.6891968376458877,3.0753445416558836,3.421602902226381
2026-02-15 11:10:00,2.4191916666666664,-2.9858333333333325,2.6583740009177292,3.3131602692558215,2.8296384949696,2.7440062479436644
2026-02-15 12:10:00,0.9313333333333333,-0.45,1.661459231227164,2.791834410321322,2.1586562976632857,1.910057764445225
2026-02-15 13:10:00,1.6431749999999998,0.4208333333333334,2.093468187608609,2.572184719001592,1.9893873653818528,2.041427776495231
2026-02-15 14:10:00,0.8707250000000001,0.4083333333333332,2.084591420201536,2.516467597335566,2.2117420685817337,2.148166744391635
2026-02-15 15:10:00,3.7911916666666667,-1.7966666666666669,2.91752715438569,2.963591035948299,2.9893022496789916,2.953414702032341
2026-02-15 16:10:00,3.6035166666666663,-3.5283333333333338,3.7684221882938016,3.3079896953260053,4.082126414900287,3.925274301597044
2026-02-15 17:10:00,4.561374999999999,-5.235833333333333,4.006733484005124,3.6634281309860963,4.258809517426912,4.132771500716018
2026-02-15 18:10:00,4.726599999999999,-6.6575,4.1180939893428645,3.951498181977949,3.9806327592974373,4.049363374320151
2026-02-15 19:10:00,3.528083333333333,-8.370833333333334,4.000123674578565,4.3047303871746285,3.9074986993163887,3.953811186947477
2026-02-15 20:10:00,3.814216666666666,-9.852500000000001,3.855527661050925,4.610200650228955,3.692807880552798,3.7741677708018617
2026-02-15 21:10:00,4.490591666666666,-10.9675,4.074217376506986,4.840076472482435,4.3897123069053,4.231964841706143
2026-02-15 22:10:00,4.837375,-12.09666666666667,5.000842783082897,5.0728729890395865,5.185644901655492,5.093243842369194
2026-02-15 23:10:00,5.064691666666666,-13.615000000000002,4.93758023286674,5.385902696173997,4.976452057501243,4.957016145183991
2026-02-16 00:10:00,6.229541666666666,-14.795833333333334,5.474459661121486,5.629351156662175,5.882258585425655,5.67835912327357
2026-02-16 01:10:00,4.132216666666666,-15.348333333333334,4.683530225392117,5.743258234505268,4.17695541133758,4.430242818364849
2026-02-16 02:10:00,4.8140583333333336,-16.45,5.378449957678159,5.970385168002354,5.263087480387721,5.32076871903294
2026-02-16 03:10:00,6.177225,-17.115,5.4352964700830855,6.107485994727524,5.645820905382154,5.54055868773262
2026-02-16 04:10:00,4.771858333333332,-17.629166666666666,5.5738574794966125,6.213490017395983,5.017539615129275,5.295698547312943
2026-02-16 05:10:00,5.532750000000001,-17.263333333333335,5.612302416483844,6.138067382142412,5.899848033351545,5.756075224917694
2026-02-16 06:10:00,4.955708333333334,-16.7225,6.094668146608105,6.026565581961164,6.238379199716026,6.166523673162065
2026-02-16 07:10:00,6.412066666666668,-14.06916666666667,5.707085546253792,5.4795367194386815,5.92641585088787,5.81675069857083
2026-02-16 08:10:00,4.485216666666666,-8.456666666666665,4.857947410779119,4.322426358543916,4.096330430267114,4.477138920523117
2026-02-16 09:10:00,4.061441666666667,-4.9675,4.422537159376827,3.6362130927737826,4.102887713389755,4.262712436383291
2026-02-16 10:10:00,1.3382916666666667,-1.2691666666666668,3.2759527516989486,2.89510219121884,2.4000585594705104,2.8380056555847295
2026-02-16 11:10:00,2.3721916666666667,1.1666666666666665,2.460547431827463,2.4075122315567827,2.3638434103427657,2.4121954210851144
2026-02-16 12:10:00,1.1329416666666665,3.0041666666666664,1.8585805662414256,2.0357448113166168,1.6304913655383564,1.7445359658898911
2026-02-16 13:10:00,1.8876333333333335,3.7716666666666665,2.01766282902461,1.8699430347501793,2.0016020995891934,2.0096324643069017
2026-02-16 14:10:00,2.125658333333333,3.2083333333333335,2.9130413449447086,1.9786241877628934,3.1227036238660744,3.0178724844053915
2026-02-16 15:10:00,3.0984000000000003,2.0508333333333333,3.191999093277153,2.189397762825386,3.1737750736337618,3.1828870834554577
2026-02-16 16:10:00,3.736508333333333,-0.48583333333333334,3.618961555500704,2.682132696148308,3.6338845174054004,3.626423036453052
2026-02-16 17:10:00,3.3362916666666673,-3.2925,3.432494174346833,3.2577473820829153,3.131623950484759,3.2820590624157964
2026-02-16 18:10:00,3.3715999999999995,-4.889166666666667,3.9516761276970955,3.5869268106611436,3.9968502375040513,3.9742631826005734
2026-02-16 19:10:00,3.708833333333333,-6.560833333333334,4.286343506976234,3.9315687384940903,4.311550829196304,4.2989471680862685
2026-02-16 20:10:00,4.528908333333333,-7.570833333333333,4.000859465506648,4.139797061790965,4.239041432764273,4.119950449135461
2026-02-16 21:10:00,2.9629833333333333,-8.829166666666667,3.6552680894244665,4.399223438175685,3.8203370260547085,3.7378025577395873
2026-02-16 22:10:00,4.922999999999999,-9.850833333333332,4.318624623651473,4.609857039134406,4.5554160526143015,4.437020338132887
2026-02-16 23:10:00,4.769433333333334,-10.601666666666667,4.967732119874287,4.764653837228865,5.023126090941928,4.995429105408108
2026-02-17 00:10:00,3.6829416666666663,-10.4675,4.534196416781703,4.736993144117646,4.157312935504682,4.345754676143192
2026-02-17 01:10:00,4.254583333333334,-10.602500000000001,4.876193503858164,4.76482564277614,5.326950313734569,5.101571908796366
2026-02-17 02:10:00,4.546166666666666,-10.063333333333333,5.494141219660984,4.653667453689441,5.663490704196358,5.578815961928671
2026-02-17 03:10:00,5.907524999999999,-9.721666666666666,5.478858684734721,4.583227179306835,5.582056283217672,5.530457483976196
2026-02-17 04:10:00,4.682358333333333,-9.64,4.717455193020711,4.56639023567392,4.630004010760212,4.673729601890461
2026-02-17 05:10:00,3.628058333333333,-10.926666666666668,4.8839027822644505,4.831658000665978,4.825988155918041,4.854945469091246
2026-02-17 06:10:00,5.156624999999999,-11.991666666666667,4.7588337107940735,5.054522237075021,4.838655508373954,4.798744609584014
2026-02-17 07:10:00,4.865041666666666,-9.246666666666668,5.276410166967365,4.48680528834304,5.532585243158683,5.404497705063024
2026-02-17 08:10:00,3.8354833333333334,-4.084166666666667,4.006394016768371,3.4402658532432877,3.3264186126918127,3.666406314730092
2026-02-17 09:10:00,3.775058333333333,-0.7866666666666666,3.391138047192132,2.8121097304041736,3.435571864153246,3.413354955672689
2026-02-17 10:10:00,1.3350416666666667,1.25,2.2362091364288132,2.4117238920776405,1.5033854289469535,1.8697972826878835
2026-02-17 11:10:00,2.208241666666667,2.9675,1.6906889785338615,2.0474894352982287,1.7496951496212725,1.720192064077567
2026-02-17 12:10:00,1.5570583333333334,2.5641666666666665,1.8468021541788666,2.1336669883223105,1.7573309669245307,1.8020665605516988
2026-02-17 13:10:00,3.3152333333333335,1.8200000000000003,2.63897046328144,2.261910329221186,2.8313744723127416,2.735172467797091
2026-02-17 14:10:00,3.3912166666666663,1.7358333333333331,3.7872679821651056,2.247861767162776,3.6049503602012964,3.696109171183201
2026-02-17 15:10:00,3.5274333333333328,1.6066666666666671,3.413891437604362,2.275839485037675,3.1876128715468064,3.3007521545755845
2026-02-17 16:10:00,3.5682333333333336,1.1300000000000001,3.6066353612544435,2.347790687499736,3.9779404338401236,3.7922878975472836
2026-02-17 17:10:00,3.8901416666666675,0.42999999999999994,3.151698277496498,2.4917575813714885,2.893484277824206,3.022591277660352
2026-02-17 18:10:00,2.90945,0.1575,3.1035271170016276,2.552483630215217,2.5935082389642043,2.848517677982916
2026-02-17 19:10:00,2.692508333333333,0.21666666666666667,2.982091242683626,2.558149735535223,2.5421592862849725,2.7621252644842995
2026-02-17 20:10:00,2.5758083333333333,0.6858333333333332,3.215788846164417,2.506593402855644,3.259587582809848,3.2376882144871324
2026-02-17 21:10:00,3.3541166666666666,0.07833333333333332,3.496035864048012,2.6170448982968524,3.6616986673426077,3.57886726569531
2026-02-17 22:10:00,4.232725,0.12083333333333336,3.8747687146966507,2.595952376772299,3.686809245359778,3.7807889800282144
2026-02-17 23:10:00,4.218641666666667,-0.036666666666666674,4.009825096803609,2.6222286103337185,4.263928346539761,4.136876721671685
2026-02-18 00:10:00,2.8635333333333333,-0.9900000000000001,3.586248721698596,2.7872881177175977,3.5876108538148848,3.5869297877567403
2026-02-18 01:10:00,4.284833333333333,-3.0875,3.7507938963847938,3.215483217453351,4.0632022596527,3.9069980780187468
2026-02-18 02:10:00,3.4199166666666665,-2.9525,4.153077336529424,3.1876507187948584,4.403877732258056,4.27847753439374
2026-02-18 03:10:00,4.08295,-2.5041666666666664,3.7183449381624962,3.1279903543558065,4.195475084313458,3.956910011237977
2026-02-18 04:10:00,3.5602166666666664,-1.4016666666666666,3.7208171264494365,3.0419155948078838,3.5471046954552174,3.633960910952327
2026-02-18 05:10:00,4.340224999999999,-2.1658333333333335,3.7010346400260934,3.173240224845321,3.818664334998746,3.7598494875124198
2026-02-18 06:10:00,3.7146083333333326,-2.4766666666666666,3.758669547242566,3.2509565097575353,3.681652893568867,3.720161220405717
2026-02-18 07:10:00,4.235025000000001,-1.8991666666666667,3.748538863954999,3.1134369857090705,3.903032264015041,3.8257855639850202
2026-02-18 08:10:00,2.453958333333333,-0.07833333333333344,2.9851385919090987,2.742681582657777,3.172137721455211,3.078638156682155
2026-02-18 09:10:00,4.392233333333333,0.7308333333333333,2.5672011390343523,2.562519635983849,3.0560697527122915,2.811635445873322
2026-02-18 10:10:00,1.0196,1.9308333333333332,2.1742748072290357,2.317449291049185,2.0123997483544507,2.0933372777917434
2026-02-18 11:10:00,0.0,2.1675,0.7050528578140713,2.262617555484017,1.0967286036174064,0.9008907307157389
2026-02-18 12:10:00,1.328825,3.388333333333333,0.3176977633111406,1.9898790502472399,1.668556898394021,0.9931273308525809
2026-02-18 13:10:00,1.1105333333333334,3.5033333333333334,1.474643070570415,1.951158445129772,2.17407140501067,1.8243572377905424
2026-02-18 14:10:00,2.2629916666666667,1.8808333333333334,2.1864427261201405,2.2756680342744846,2.093681482520922,2.1400621043205312
2026-02-18 15:10:00,2.9158416666666667,0.7391666666666666,2.7483629536254437,2.5097828312284785,3.0937174614097804,2.921040207517612
2026-02-18 16:10:00,3.3009583333333334,-0.9899999999999999,3.3057576357447016,2.8268500106921417,3.38190893035765,3.343833283051176
2026-02-18 17:10:00,3.6543916666666663,-2.4208333333333334,3.5780532599854515,3.139038155826718,3.748091891283233,3.6630725756343425
2026-02-18 18:10:00,3.485908333333333,-2.894166666666667,4.044648988663369,3.24434127380166,3.380266585826813,3.712457787245091
2026-02-18 19:10:00,3.558225,-3.3850000000000002,3.8468095180200734,3.3528110822588384,4.108987215937861,3.9778983669789674
2026-02-18 20:10:00,5.818633333333333,-3.9683333333333333,4.00005981044655,3.4881045895552507,3.894870766303834,3.9474652883751924
2026-02-18 21:10:00,3.3752749999999994,-4.639166666666667,4.275840711597623,3.6128986701593355,3.2988351185750258,3.7873379150863244
2026-02-18 22:10:00,5.187591666666666,-5.453333333333333,3.6548333013223067,3.728774424118211,3.8463431412990734,3.7505882213106903
2026-02-18 23:10:00,3.7020833333333334,-5.949166666666667,3.7357941296751767,3.8128723310389647,3.393464299618755,3.564629214646966
2026-02-19 00:10:00,3.8143083333333334,-6.565,4.034745360837524,3.9548428585662068,4.4593505287717115,4.247047944804618
2026-02-19 01:10:00,4.988949999999999,-5.788333333333334,4.179928253894585,3.7960040245988216,4.502606145694041,4.341267199794313
2026-02-19 02:10:00,3.586333333333333,-7.199999999999999,4.439033862059738,4.071067097714952,4.457556692551846,4.448295277305792
2026-02-19 03:10:00,4.2778833333333335,-8.083333333333334,3.976142534769979,4.269883934605937,4.111218357390074,4.043680446080026
2026-02-19 04:10:00,5.8576999999999995,-8.934166666666666,4.741496409241986,4.440851169144471,5.004742429994079,4.873119419618032
2026-02-19 05:10:00,4.109291666666667,-11.209166666666667,5.246143977179249,4.889900081192084,4.9868787947859685,5.116511385982609
2026-02-19 06:10:00,5.8652,-12.815,5.040653038566298,5.220969370790334,5.444159598459415,5.242406318512857
2026-02-19 07:10:00,4.160191666666667,-8.495833333333334,4.660552847950002,4.3341414802296345,4.069985336919449,4.365269092434725
2026-02-19 08:10:00,4.568575,-4.2825,3.7046275879344672,3.531006322045298,4.037778375348243,3.871202981641355
2026-02-19 09:10:00,3.9715,-2.9266666666666663,3.5747779609768195,3.269370287238557,3.090089168498451,3.3324335647376353
2026-02-19 10:10:00,1.1893833333333332,-0.5408333333333334,2.867955981760194,2.779082816909288,2.532143177345649,2.700049579552921
2026-02-19 11:10:00,1.1324333333333332,0.75,1.277788922333412,2.5430250229857503,1.8700300240644818,1.573909473198947
2026-02-19 12:10:00,1.853375,2.0083333333333333,2.368823331517767,2.263358991134076,2.4159888334820323,2.3924060824998996
2026-02-19 13:10:00,2.35565,2.8008333333333333,2.5909332902160713,2.0815535859007372,2.565255131933701,2.578094211074886
2026-02-19 14:10:00,2.221375,2.3558333333333334,2.6032822195547536,2.1791703224848886,1.938013482237608,2.270647850896181
2026-02-19 15:10:00,2.9995333333333334,1.1583333333333332,3.203363293436087,2.4243110294418537,3.4279824807458783,3.3156728870909826
2026-02-19 16:10:00,2.1479166666666667,-0.6241666666666666,3.4338764040463126,2.750479869158647,3.713680298971744,3.573778351509028
2026-02-19 17:10:00,1.054425,-2.991666666666667,1.829191158647233,3.195725579516767,2.0194078867305425,1.9242995226888877
2026-02-19 18:10:00,3.4331750000000003,-4.163333333333333,2.563212189969129,3.4372841789849238,2.518216591884366,2.5407143909267473
2026-02-19 19:10:00,2.3044833333333337,-5.758333333333333,3.287607280639914,3.7661199964686025,3.1356049104749317,3.211606095557423
2026-02-19 20:10:00,4.399,-7.490833333333334,3.9622832405063666,4.123303729252599,3.8371611923906057,3.8997222164484864
2026-02-19 21:10:00,3.7301750000000005,-8.943333333333333,4.134768704055982,4.4227607981523125,4.541267446999892,4.338018075527937
2026-02-19 22:10:00,3.6958333333333333,-10.44,3.567841280301869,4.731323561057582,3.2926318623243156,3.4302365713130922
2026-02-19 23:10:00,3.7984999999999998,-11.759166666666667,4.3371940320905615,5.003291742393353,4.627953880495931,4.482573956293246
2026-02-20 00:10:00,4.618658333333333,-12.655833333333334,4.271783405697366,5.188154511260875,4.321525005496787,4.2966542055970764
2026-02-20 01:10:00,4.008783333333334,-13.455,4.20172776788398,5.352916031097264,3.987838699202082,4.094783233543032
2026-02-20 02:10:00,3.3808166666666666,-14.420833333333334,4.9703571757899265,5.5520386603885825,5.122501233992122,5.046429204891025
2026-02-20 03:10:00,4.480975,-15.180833333333332,4.859269994746103,5.708725319503063,5.0535657521204564,4.9564178734332796
2026-02-20 04:10:00,5.500808333333333,-16.055833333333336,5.195007408404833,5.889121144141445,5.002734030004576,5.0988707192047045
2026-02-20 05:10:00,4.1214916666666666,-16.838333333333335,5.2593057510879655,6.050446553032341,4.9657643296754115,5.1125350403816885
2026-02-20 06:10:00,4.365975000000001,-16.731666666666666,5.549412237478847,6.028455442981185,5.911315500149596,5.730363868814221
2026-02-20 07:10:00,4.901008333333333,-12.486666666666666,5.40718725111985,5.153277985164122,5.705320107925852,5.55625367952285
2026-02-20 08:10:00,5.86025,-6.088333333333334,4.518472021134424,3.889465629939446,4.537846707930491,4.528159364532458
2026-02-20 09:10:00,2.899316666666667,-3.5825,3.5348312929583763,3.5066844735369087,2.7447537032923996,3.139792498125388
2026-02-20 10:10:00,2.441125,-1.43,3.012516665598642,3.0361252490265715,2.3071281392392766,2.6598224024189596
2026-02-20 11:10:00,1.4330833333333333,-0.18999999999999997,1.979021009447551,2.773945228949863,1.781722402277093,1.8803717058623222
2026-02-20 12:10:00,1.4623583333333332,0.8458333333333332,1.6711630011804837,2.5347208347670764,2.0886286733161397,1.8798958372483117
2026-02-20 13:10:00,3.8984749999999995,1.2916666666666667,2.567849803886287,2.394823257351336,2.197425428698142,2.3826376162922145
2026-02-20 14:10:00,1.9332166666666666,1.0358333333333332,1.9771371726006561,2.4728674248716427,1.0705565137408433,1.5238468431707497
2026-02-20 15:10:00,2.209533333333334,0.02416666666666668,2.1151229027555822,2.6716058351099186,2.2286290749493967,2.1718759888524897
2026-02-20 16:10:00,3.7489833333333333,-1.4908333333333335,3.2994887439700897,2.9717488174124136,3.2543699550428338,3.276929349506462
2026-02-20 17:10:00,4.07095,-2.670833333333334,3.3614556946435283,3.281222032512467,2.9828801836069587,3.1721679391252433
2026-02-20 18:10:00,3.1342749999999997,-3.5833333333333326,3.974684148078048,3.4990053178260156,3.730519891834446,3.852602019956247
2026-02-20 19:10:00,3.7984166666666663,-4.480833333333333,3.40745932665815,3.6638228780173283,3.4055644884523875,3.406511907555269
2026-02-20 20:10:00,2.248091666666667,-5.357500000000001,3.3648094650902167,3.8528078104102312,3.2488711155229812,3.306840290306599
2026-02-20 21:10:00,5.224983333333332,-6.041666666666667,3.78497616662976,3.9531012278994377,4.525773383949847,4.155374775289804
2026-02-20 22:10:00,5.673283333333333,-7.0375000000000005,5.141945688003704,4.151087605889096,5.40969350514172,5.275819596572712
2026-02-21 00:10:00,4.469391666666667,-9.056666666666667,4.4106758428348956,4.57030847538321,4.800164126078957,4.605419984456926
2026-02-21 01:10:00,5.81315,-9.865833333333333,4.327778141262619,4.764867839342856,4.841267799630203,4.584522970446411
2026-02-21 02:10:00,3.5155416666666666,-10.604999999999999,4.881574390014602,4.8738235741163916,4.714095776775456,4.797835083395029
2026-02-21 03:10:00,5.508308333333333,-11.19,4.881647434947893,4.9472589880267615,5.535460823840652,5.2085541293942725
2026-02-21 04:10:00,5.618566666666667,-11.578333333333333,4.962607493864638,5.0128649351695,5.283606810620637,5.123107152242637
2026-02-21 05:10:00,3.6036666666666672,-12.971666666666666,4.703614182345392,5.296666005914729,4.491583034852893,4.597598608599142
2026-02-21 06:10:00,5.9035666666666655,-13.7725,5.144062438416516,5.423377780497672,5.451481715921351,5.297772077168934
2026-02-21 07:10:00,4.7532749999999995,-10.625,5.374390827020076,4.8323055000393,5.633994591844748,5.504192709432412
2026-02-21 08:10:00,5.77805,-8.370833333333334,4.425128599642908,4.441158253275713,5.186684769835247,4.805906684739077
2026-02-21 09:10:00,3.453708333333333,-7.075,3.8114612097305574,4.141383479808185,4.145008662371836,3.978234936051197
2026-02-21 10:10:00,2.83605,-4.1258333333333335,3.030922968029765,3.499517519515256,3.0186857156919866,3.024804341860876
2026-02-21 11:10:00,0.0,-3.689166666666667,2.0132705719010167,3.4884751474651043,1.927423268709931,1.9703469203054738
2026-02-21 12:10:00,1.9207416666666668,-2.608333333333334,0.5888014270773493,3.2596066753135093,0.9582328101873916,0.7735171186323704
2026-02-21 13:10:00,2.404816666666667,-0.9058333333333333,1.4181182748230685,2.8349590338583086,1.5412331340685606,1.4796757044458144
2026-02-21 14:10:00,1.076125,-0.49499999999999994,2.348972652785331,2.722894902575046,2.4850881710494535,2.417030411917392
2026-02-21 15:10:00,2.240158333333333,-1.63,3.0328750353960023,2.9226250260898605,2.864911911252853,2.9488934733244276
2026-02-21 16:10:00,2.8714999999999997,-2.9250000000000003,3.812003048473304,3.1694928530741953,4.058902851667852,3.9354529500705775
2026-02-21 17:10:00,2.891641666666666,-4.546666666666667,4.093269833513852,3.5039976321520983,4.463718742536706,4.2784942880252785
2026-02-21 18:10:00,3.1608499999999995,-6.009999999999999,4.47857710472451,3.8058426434885817,4.783711847408945,4.631144476066728
2026-02-21 19:10:00,4.316841666666666,-7.584166666666667,4.0626956251690665,4.130549492244059,4.474607459311734,4.2686515422404
2026-02-21 20:10:00,3.470366666666666,-8.6075,4.111269617541566,4.341634727962283,4.341770216132112,4.226519916836839
2026-02-21 21:10:00,2.999533333333333,-9.615,3.7299967880367904,4.581134374211792,3.6675091900379075,3.6987529890373487
2026-02-21 22:10:00,4.633158333333332,-10.365,4.030228158162615,4.7094974674909125,4.385433954352585,4.2078310562576
2026-02-21 23:10:00,3.3532583333333337,-11.399166666666668,4.50523808605654,4.917478001297831,4.280514997877298,4.392876541966919
2026-02-22 00:10:00,5.909275,-11.935,5.514750836607248,5.028005531075371,5.384729381531027,5.449740109069138
2026-02-22 01:10:00,5.918991666666666,-12.547500000000001,5.619183088175626,5.162772234648853,5.644932228568828,5.6320576583722275
2026-02-22 02:10:00,4.96185,-13.221666666666666,4.817432645070196,5.293409117353008,4.68139217222639,4.749412408648293
2026-02-22 03:10:00,4.640583333333333,-14.5375,5.316444398360592,5.564828976635643,5.583977270221861,5.4502108342912265
2026-02-22 04:10:00,5.4911166666666675,-15.39,5.6356405778623415,5.7406760418960205,5.90157486898265,5.768607723422496
2026-02-22 05:10:00,5.623383333333332,-15.94,5.868467922627269,5.854125761418844,5.837372450079809,5.852920186353539
2026-02-22 06:10:00,5.138233333333333,-15.443333333333333,5.686928743687113,5.751677226819446,5.905787476644828,5.79635811016597
2026-02-22 07:10:00,6.0282083333333345,-11.550833333333332,5.304343108007075,4.948762620923821,5.567668015491413,5.436005561749244
2026-02-22 08:10:00,3.7298500000000003,-5.1775,4.691645246780509,3.649387935552523,4.158052197057688,4.424848721919099
2026-02-22 09:10:00,5.5483,-2.254166666666667,4.226909829165936,3.142160162812441,4.28694965061811,4.256929739892023
2026-02-22 10:10:00,0.9204083333333334,0.365,2.995886114178918,2.5694167534714514,2.1637395206870997,2.579812817433009
2026-02-22 11:10:00,1.8377833333333333,1.4658333333333335,0.9406187513271452,2.350895589468148,1.3098477298191382,1.1252332405731418
2026-02-22 12:10:00,0.9407166666666666,2.9825,0.879228435050345,2.0366823100579228,1.2909428007670953,1.08508561790872
2026-02-22 13:10:00,0.9513333333333333,3.3674999999999997,0.818745422555968,1.9734027095032467,1.0451162223526762,0.9319308224543221
2026-02-22 14:10:00,0.9226249999999999,2.815,1.7356965421933044,2.0878721239927525,2.1365819613580195,1.936139251775662
2026-02-22 15:10:00,1.8183833333333328,1.7258333333333333,2.6655317093525417,2.2909525127323676,3.1451593498821406,2.905345529617341
2026-02-22 16:10:00,2.9546250000000005,0.03750000000000007,3.179383539391784,2.585444629273605,3.3273653799161416,3.253374459653963
2026-02-22 17:10:00,4.878333333333333,-3.045833333333333,3.7268551959716,3.194417412666331,3.7712533970568995,3.7490542965142497
2026-02-22 18:10:00,3.1245583333333338,-4.389166666666667,4.117123413700884,3.4715097579251077,3.7913596779566916,3.9542415458287876
2026-02-22 19:10:00,4.198625,-5.694166666666667,3.9314328506180956,3.740695001520172,4.105506530851312,4.018469690734704
2026-02-22 20:10:00,4.663041666666667,-6.773333333333333,3.581896764783795,3.963297102705108,3.8503057775575042,3.7161012711706496
2026-02-22 21:10:00,3.2762416666666665,-7.555833333333333,4.185926480224022,4.12470511275349,4.1207754481927985,4.1533509642084105
2026-02-22 22:10:00,4.4319083333333325,-8.463333333333333,4.111991008691382,4.31189714996615,4.499359379327983,4.305675194009682
2026-02-22 23:10:00,4.582725,-9.5325,4.4645695419377605,4.532436528977943,4.780717820927873,4.622643681432817
2026-02-23 00:10:00,2.9816749999999996,-9.93,4.460138958763895,4.614429735360347,4.566884807846302,4.513511883305098
2026-02-23 01:10:00,4.803850000000001,-10.133333333333333,4.580558958100975,4.660652997647689,5.107053483709837,4.843806220905407
2026-02-23 02:10:00,4.0005749999999995,-10.1525,4.636887453734228,4.662098086831529,4.329905623925209,4.483396538829719
2026-02-23 03:10:00,4.278091666666667,-9.11,5.005931149159922,4.481889236590511,5.334651287854669,5.170291218507296
2026-02-23 04:10:00,5.099975,-8.435,4.774993993511914,4.511505262249014,4.860498696800408,4.817746345156161
2026-02-23 05:10:00,3.9041416666666664,-8.694166666666666,4.678218481495105,4.504152573563267,4.818032604287922,4.748125542891513
2026-02-23 06:10:00,4.361549999999999,-8.291666666666666,4.6868355333278195,4.4121197031930945,5.034067173369049,4.860451353348434
2026-02-23 07:10:00,4.233258333333333,-7.458333333333333,4.165135121313864,4.245625695739565,4.0579147900079935,4.111524955660929
2026-02-23 08:10:00,4.561033333333333,-6.7075,4.644037487848943,4.160123816110114,5.458771770029423,5.051404628939183
2026-02-23 09:10:00,3.9620249999999997,-6.084166666666667,4.32870858524385,3.9969037997229044,4.449137518190992,4.388923051717421
2026-02-23 10:10:00,5.2141,-5.514166666666667,4.0137990492506646,3.8649219165245037,4.245254987868369,4.129527018559517
2026-02-23 11:10:00,2.528766666666667,-5.538333333333333,3.578689064879975,3.854095545298566,3.326406373124304,3.4525477190021396
2026-02-23 12:10:00,4.327641666666667,-5.2491666666666665,4.341114192929197,3.769355738764687,4.87456738666159,4.607840789795393
2026-02-23 13:10:00,4.127199999999999,-5.015,5.069307914124,3.7049416129431507,5.108452319328916,5.0888801167264575
2026-02-23 14:10:00,4.8709,-4.744166666666666,4.645080355434151,3.670445101618352,4.6400552490777605,4.6425678022559556
2026-02-23 15:10:00,4.74405,-4.5975,4.441511253570884,3.639786974790185,4.118605060927844,4.280058157249364
2026-02-23 16:10:00,5.646191666666667,-4.9941666666666675,5.1875043073706415,3.7288395278701985,5.053945255601714,5.120724781486178
2026-02-23 17:10:00,4.207883333333332,-5.38,4.5239091597700005,3.7608348356536547,4.033696887211825,4.278803023490912
2026-02-23 18:10:00,3.563875,-5.605833333333333,3.923527094096996,3.8053819600573298,3.6825938518927837,3.80306047299489
2026-02-23 19:10:00,1.9623000000000002,-5.730833333333333,3.5157746004604307,3.823099239376911,3.295770469453253,3.4057725349568417
2026-02-23 20:10:00,4.6324250000000005,-5.639166666666667,3.028211777101641,3.814527993449951,3.3520070147505896,3.1901093959261155
2026-02-23 21:10:00,2.768825,-5.555833333333333,4.0521201015668025,3.807430144381479,3.684933640040165,3.8685268708034837
2026-02-23 22:10:00,4.255566666666666,-5.698333333333333,4.503512898860555,3.8501773350882296,4.860119305048186,4.68181610195437
2026-02-23 23:10:00,4.769491666666666,-5.7316666666666665,4.599564969877383,3.839333351977851,4.925400082227383,4.762482526052382
2026-02-24 00:10:00,5.274575,-5.801666666666667,4.755632844538418,3.86324954611535,5.075250188470923,4.9154415165046705
2026-02-24 01:10:00,5.0115083333333335,-5.6258333333333335,4.2493245536575595,3.817180701655088,3.918253529166072,4.083789041411816
2026-02-24 02:10:00,3.2485166666666663,-5.5325,4.448840157092789,3.7858958860975145,4.267294687333348,4.358067422213068
2026-02-24 03:10:00,5.192383333333333,-5.685,4.2482584623938155,3.8103437848112693,4.7706755343713345,4.509466998382575
2026-02-24 04:10:00,4.5633333333333335,-5.926666666666667,4.505786810789581,3.917677734825702,4.684900441358201,4.595343626073891
2026-02-24 05:10:00,4.762416666666667,-6.32,4.394301661563279,3.9913868431078456,4.7299851232980314,4.562143392430656
2026-02-24 06:10:00,4.077716666666666,-6.394166666666667,4.196552465622649,4.013374664883048,4.36564297278857,4.28109771920561
2026-02-24 07:10:00,4.965366666666666,-5.865000000000001,3.8443260578406493,3.9202986463702105,4.362908956146365,4.103617506993507
2026-02-24 08:10:00,4.175291666666667,-3.4683333333333333,3.060667711566736,3.430165895202171,3.0054923507390723,3.0330800311529043
2026-02-24 09:10:00,2.6397749999999998,-2.579166666666667,2.822813502432542,3.272949273057635,3.228589476832037,3.025701489632289
2026-02-24 10:10:00,3.6017666666666663,-2.3000000000000003,2.4588171803748846,3.2303478703765425,2.462709778376985,2.4607634793759345
2026-02-24 11:10:00,2.186625,-2.5216666666666665,2.9679082855522374,3.272801920388355,2.626145324351668,2.797026804951953
2026-02-24 12:10:00,4.1453500000000005,-1.1725,2.403007951643902,2.986574591202007,2.7269619747312297,2.564984963187566
2026-02-24 13:10:00,2.444933333333333,-1.4991666666666668,3.0463969507990196,3.074421793026031,2.767157923806474,2.906777437302747
2026-02-24 14:10:00,2.5811333333333333,-2.033333333333333,2.6501034467167117,3.166574268175175,2.811794405034596,2.730948925875654
2026-02-24 15:10:00,4.4162583333333325,-3.1075,3.055662583281292,3.366770878463659,3.113080523407567,3.08437155334443
2026-02-24 16:10:00,3.419083333333333,-4.260833333333334,3.406445056907402,3.5666250696578556,3.0803501035259724,3.243397580216687
2026-02-24 17:10:00,4.210333333333333,-5.6575,4.076351592057292,3.869138268036776,4.6018295091429975,4.339090550600145
2026-02-24 18:10:00,4.070566666666667,-7.148333333333333,3.660564013856568,4.227852761649059,3.7135603087136078,3.6870621612850876
2026-02-24 19:10:00,2.3103499999999997,-8.393333333333333,3.896815107171905,4.498131391439085,4.128594400055965,4.012704753613935
2026-02-24 20:10:00,5.878549999999999,-9.490833333333333,4.314480431569793,4.745405115484549,4.803555819015478,4.559018125292635
2026-02-24 21:10:00,5.970433333333333,-10.430833333333334,5.206699521824173,4.909774662885012,5.394900584569951,5.300800053197062
2026-02-24 22:10:00,6.056508333333333,-11.375,5.065648631611838,5.033270992787912,5.146784690181927,5.106216660896882
2026-02-24 23:10:00,5.103291666666666,-11.725833333333332,5.157940466646738,5.1309094055646804,5.4112550059518085,5.284597736299274
2026-02-25 00:10:00,5.8069749999999996,-12.849166666666667,5.5956257940817835,5.222087039239951,5.830067842773474,5.712846818427629
2026-02-25 01:10:00,6.675566666666666,-14.16666666666667,5.070779926352802,5.491253124018966,4.495304007074739,4.783041966713771
2026-02-25 02:10:00,4.010716666666667,-14.906666666666666,5.208632748019216,5.647865433342527,4.591672854931203,4.90015280147521
2026-02-25 03:10:00,4.681274999999999,-15.055000000000001,4.993580666815602,5.717394276038015,5.276028505520302,5.134804586167952
2026-02-25 04:10:00,6.4791,-16.213333333333335,5.5578534021920065,5.9105068341514,6.143224811727709,5.850539106959857
2026-02-25 05:10:00,4.789516666666667,-16.828333333333333,5.798882927479163,6.041466863188123,5.626885998663653,5.712884463071408
2026-02-25 06:10:00,6.508716666666667,-15.675833333333332,5.779877913279848,5.799635517345003,6.393665273267065,6.086771593273457
2026-02-25 07:10:00,5.201491666666667,-13.389166666666668,5.753222306402781,5.32795971375314,5.819447729171456,5.786335017787119
2026-02-25 08:10:00,7.16495,-11.38,5.439963269775486,4.930521516093235,5.6198082311417386,5.529885750458613
2026-02-25 09:10:00,6.1786166666666675,-10.231666666666667,5.130995364976438,4.765034584063882,5.441388470553401,5.286191917764919
2026-02-25 10:10:00,3.817866666666666,-9.5925,3.970490425919562,4.720278139680223,3.695134135410855,3.8328122806652085
2026-02-25 11:10:00,4.573716666666666,-8.7075,4.563984634444877,4.508918200456444,4.904135381712512,4.7340600080786945
2026-02-25 12:10:00,4.801525,-6.8425,4.352696739168514,4.114872925500121,4.634499776510983,4.493598257839748
2026-02-25 13:10:00,3.8683916666666662,-5.269166666666667,4.5782743913786925,3.7898981548993653,4.4558980939353185,4.5170862426570055
2026-02-25 14:10:00,3.6267333333333327,-4.865833333333334,3.840966824785696,3.6419815305689993,3.548457301170472,3.694712062978084
2026-02-25 15:10:00,4.211158333333333,-4.88,4.223530984059758,3.5806345366631738,4.403984533538451,4.313757758799104
2026-02-25 16:10:00,3.504341666666667,-5.1625000000000005,4.269204109223984,3.6310269393147756,3.7994016268338453,4.034302868028915
2026-02-25 17:10:00,5.568091666666667,-5.411666666666666,4.134780483449025,3.6824231001289034,4.340732427886046,4.237756455667535
2026-02-25 18:10:00,3.085008333333333,-5.420833333333333,4.179222935775776,3.684313928787617,3.4210740879831025,3.8001485118794394
2026-02-25 19:10:00,2.9318666666666666,-5.39,3.651240961258188,3.677953868753762,3.4203663048828976,3.535803633070543
2026-02-25 20:10:00,3.8138916666666662,-5.39,3.6836956680595905,3.677953868753762,4.009423841857508,3.846559754958549
2026-02-25 21:10:00,2.4603916666666668,-5.524166666666666,3.7219606626139994,3.705628724576754,3.5009075487869374,3.6114341057004684
2026-02-25 22:10:00,4.019916666666667,-6.885833333333334,3.850816625919611,3.986502727152958,3.9783478423197542,3.9145822341196825
2026-02-25 23:10:00,3.7977999999999996,-7.801666666666667,4.5048234909285565,4.179381351458378,4.647733801364593,4.576278646146575
2026-02-26 00:10:00,5.52055,-8.088333333333333,4.9913426480707015,4.234545068473315,5.115602257763859,5.05347245291728
2026-02-26 01:10:00,4.586516666666666,-7.736666666666667,5.133651798550019,4.1620060053844785,5.056936092163263,5.095293945356641
2026-02-26 02:10:00,4.532775,-8.020000000000001,4.667380468629537,4.220449800290176,4.7623900318571595,4.7148852502433485
2026-02-26 03:10:00,5.492333333333333,-6.881666666666667,4.886118061939534,3.9863390064687,4.819502936180023,4.852810499059778
2026-02-26 04:10:00,3.9075999999999995,-6.921666666666667,4.948645703456181,3.9938941482733847,4.873128956028619,4.9108873297424
2026-02-26 05:10:00,4.2753,-6.550833333333333,4.248194464571294,3.921193850594796,4.540079251472019,4.394136858021657
2026-02-26 06:10:00,5.115075,-6.134166666666666,4.4670889820553095,3.8314547771384317,4.429149152502724,4.448119067279016
2026-02-26 07:10:00,4.154083333333333,-5.041666666666667,4.2363164161872255,3.609674526663791,3.9897213624741648,4.113018889330695
2026-02-26 08:10:00,2.7996666666666665,-1.0183333333333333,3.363485690452399,2.8072752623246977,3.5463774920088857,3.4549315912306424
2026-02-26 09:10:00,3.6030583333333337,0.5966666666666667,2.513042949226757,2.5405529754044918,2.7371054345900014,2.6250741919083795
2026-02-26 10:10:00,1.5553,2.355,2.032801751668757,2.2316557483003248,2.8243212686316697,2.4285615101502134
2026-02-26 11:10:00,1.1765416666666666,2.879166666666667,0.6249274626550568,2.1509190322162777,1.7408952901821155,1.1829113764185861
2026-02-26 12:10:00,1.8692999999999997,2.2775,1.1209763409536202,2.2813792682669454,2.0405759029515464,1.5807761219525833
2026-02-26 13:10:00,0.9868999999999999,1.9991666666666663,1.2597723034976684,2.2995319477652876,1.4541574752967505,1.3569648893972095
2026-02-26 14:10:00,0.977125,1.4083333333333332,1.5341955020117881,2.4281250604008155,2.088600133228439,1.8113978176201135
2026-02-26 15:10:00,2.348225,-0.09333333333333334,2.0618274183829315,2.7308163118640043,2.709807087997205,2.3858172531900683
2026-02-26 16:10:00,1.928783333333333,-1.055,2.918341832335984,2.900665047220811,3.556145207151823,3.2372435197439033
2026-02-26 17:10:00,4.5134,-2.7224999999999997,3.373719680478037,3.185561535998531,3.7431076352735784,3.558413657875808
2026-02-26 18:10:00,2.5157333333333334,-3.8425,3.1516616494267096,3.373930685514604,2.816366835901638,2.984014242664174
2026-02-26 19:10:00,3.8204166666666666,-5.013333333333333,3.9428716842036065,3.6511596400809454,4.285583011279823,4.114227347741715
2026-02-26 20:10:00,3.8714666666666666,-6.528333333333333,4.073595510687523,3.92584983626802,3.8207631710804426,3.9471793408839826
2026-02-26 21:10:00,4.945341666666667,-8.487499999999999,4.0313267805266335,4.316882061884576,3.989167458275448,4.010247119401041
2026-02-26 22:10:00,4.5028749999999995,-8.778333333333334,4.149909456895646,4.444268916855708,4.2334387729231295,4.191674114909388
2026-02-26 23:10:00,3.337008333333333,-8.08,4.105968149890505,4.299990537229068,4.274114250466383,4.1900412001784435
2026-02-27 00:10:00,4.586941666666666,-9.230833333333333,4.49005766492534,4.603834493487144,5.123455571054473,4.806756617989906
2026-02-27 01:10:00,5.473491666666667,-10.194166666666666,4.845768852193153,4.766296900026532,5.49439519663123,5.170082024412192
2026-02-27 02:10:00,3.2791250000000005,-10.828333333333333,4.384355645566776,4.821643798382588,3.7840373449699665,4.084196495268372
2026-02-27 03:10:00,5.023499999999999,-11.068333333333333,4.532632362652393,4.997029504587876,4.865184038024997,4.698908200338694
2026-02-27 04:10:00,5.5509,-11.397499999999999,4.995790447852844,5.030118920853475,5.30327594316928,5.1495331955110615
2026-02-27 05:10:00,4.298916666666667,-12.134166666666667,4.8785086181837,5.126416831460434,4.717406905547527,4.7979577618656135
2026-02-27 06:10:00,5.606625,-12.411666666666667,5.147046329424875,5.169302227593044,5.767707570323906,5.457376949874391
2026-02-27 07:10:00,5.514658333333334,-8.254166666666666,4.853051172369197,4.3162280052472175,5.121298939570482,4.987175055969839
2026-02-27 08:10:00,3.870933333333333,-6.634166666666666,3.868440614587808,4.051601781360856,4.057935620036175,3.9631881173119914
2026-02-27 09:10:00,4.919949999999999,-5.5275,3.4403446104989666,3.8783391328357086,4.104321127639389,3.772332869069178
2026-02-27 10:10:00,2.3813833333333334,-3.7691666666666666,2.968629761005528,3.496555319655224,2.484132279060653,2.7263810200330907
2026-02-27 11:10:00,2.131866666666667,-1.8049999999999997,2.0548538826528344,3.0641079277120586,2.6107393252700493,2.332796603961442
2026-02-27 12:10:00,1.4566916666666665,-0.4716666666666667,2.2983319896600074,2.755389383299429,2.790771623974257,2.5445518068171324
2026-02-27 13:10:00,1.6997083333333334,0.14916666666666667,1.658629765755086,2.6123343231318805,1.9671546539853755,1.8128922098702307
2026-02-27 14:10:00,2.818183333333333,0.009166666666666675,2.9418628962005258,2.6336003281024074,2.895539557007829,2.9187012266041776
2026-02-27 15:10:00,2.048775,-1.1258333333333332,3.9536523007595745,2.8473742501585426,3.856184048112125,3.9049181744358497
2026-02-27 16:10:00,3.801166666666666,-1.7916666666666667,3.3566621180332628,2.9430657343687314,3.5910544822335817,3.473858300133422
2026-02-27 17:10:00,4.009483333333334,-3.500833333333333,3.2605493383967192,3.2910136004232124,2.9993348269119604,3.12994208265434
2026-02-27 18:10:00,2.6868916666666665,-4.685,2.115854631684317,3.5325319555472325,2.709400449193598,2.412627540438957
2026-02-27 19:10:00,3.5891249999999997,-5.199166666666667,2.130425171060356,3.638590253949631,2.7828910385765226,2.4566581048184393
2026-02-27 20:10:00,2.521258333333333,-6.513333333333333,2.4671114382916564,3.909666326203409,2.769871466606678,2.618491452449167
2026-02-27 21:10:00,2.5609749999999996,-6.415833333333334,2.590415182116842,3.8895547850152723,3.0094062154933288,2.7999106988050855
2026-02-27 22:10:00,4.618266666666667,-7.5275,3.4507632587025996,4.1188607332629195,3.531330816269574,3.4910470374860867
2026-02-28 00:10:00,4.29945,-10.968333333333334,3.9364401328745258,4.865394126811529,4.174745173879079,4.055592653376802
2026-02-28 01:10:00,5.306091666666667,-12.278333333333334,4.459101209090281,5.137557250260162,4.911626243113165,4.685363726101723
2026-02-28 02:10:00,5.438749999999999,-12.805,3.9865056662918326,5.246976521264957,4.354801656405995,4.170653661348913
2026-02-28 03:10:00,4.544016666666666,-12.0875,4.243343850561193,5.097910077696716,4.498703203426915,4.371023526994055
2026-02-28 04:10:00,5.867683333333334,-9.7575,3.7854937239076762,4.619714681727192,3.9817787298508716,3.8836362268792737
2026-02-28 05:10:00,3.616575,-7.403333333333333,3.71751319861379,4.125363483660915,3.229063973981719,3.4732885862977545
2026-02-28 06:10:00,4.790366666666666,-4.449166666666667,3.480756273499272,3.5296551369942235,3.5403707169968546,3.5105634952480633
2026-02-28 07:10:00,3.3334833333333327,-3.0124999999999997,3.338667106262601,3.2738708472308877,2.4973575235938417,2.9180123149282213
2026-02-28 08:10:00,3.7525333333333335,-1.5133333333333336,3.165376058788366,3.0008347489635407,2.450822561769241,2.8080993102788034
2026-02-28 09:10:00,3.9234916666666666,1.3949999999999998,2.3379394370787305,2.411763537853478,2.318112333980748,2.3280258855297395
2026-02-28 10:10:00,2.391883333333333,3.7875,1.9450970799943699,1.8904137621285506,1.2427332362231733,1.5939151581087716
2026-02-28 11:10:00,3.0108083333333338,6.203333333333333,1.339380462405478,1.4268632524612317,1.0592025135362926,1.1992914879708851
2026-02-28 12:10:00,1.6967249999999996,7.178333333333334,0.1265309845757372,1.2313739127861296,0.7382974160984777,0.4324142003371074
2026-02-28 13:10:00,1.0232666666666668,7.801666666666667,0.0,1.0942597555470375,0.3870619166827629,0.19353095834138145
2026-02-28 14:10:00,3.0233999999999996,4.749166666666667,0.6873840965671736,1.7409517233921097,1.335709760117844,1.0115469283425087
2026-02-28 15:10:00,2.337125,4.291666666666667,1.5640300555943627,1.7951472968732756,1.2149290117138631,1.389479533654113
2026-02-28 16:10:00,1.5218999999999998,4.800833333333333,0.869480905678135,1.676112547623089,0.9903436865570451,0.9299122961175901
2026-02-28 17:10:00,2.745833333333333,3.57,1.0399035954607885,1.8996279221516037,1.241253324129172,1.1405784597949804
2026-02-28 18:10:00,2.447183333333333,1.7625,1.6901223425504424,2.2844082228547773,1.0427065938338793,1.3664144681921608
2026-02-28 19:10:00,1.2620583333333333,1.2541666666666667,0.8714674232393844,2.3926761370193064,1.2240727159189468,1.0477700695791656
2026-02-28 20:10:00,2.1349249999999995,1.0933333333333335,1.6612112495345512,2.408245608052202,1.715090487981758,1.6881508687581546
2026-02-28 21:10:00,2.507525,0.3241666666666667,1.5487173633790836,2.542262578564116,0.9778125515896225,1.263264957484353
2026-02-28 22:10:00,4.188375,-0.385,2.5421271615271253,2.6670744740363177,2.5778262924481052,2.5599767269876152
